mse,rmse,mae,r2,r2_weighted,r2_mean
0.4681851264414591,0.6842405472065063,0.5404328584237952,0.9544959557741681,0.9544959557741681,0.9545003305832365
