{
  "total_loss": [
    7.576187725250538,
    0.8011549015839895,
    0.6095579640987592,
    0.46611336943430776,
    0.4743755979415698,
    0.39894816814324796,
    0.3987150765382327,
    0.3984292737948589,
    0.4024674674639335,
    0.3955379556386899,
    0.3937953695272788,
    0.3980503716529944,
    0.3853722600600658,
    0.38726417300028676,
    0.3844155470530192
  ],
  "main_loss": [
    6.888570220042498,
    0.7294203975261786,
    0.5557835071514814,
    0.43478269913257694,
    0.4384008798843775,
    0.39281001152136386,
    0.38913124111982494,
    0.3904526241314717,
    0.3908530687674498,
    0.38619772937053287,
    0.38547888971292055,
    0.38952669424888414,
    0.3810917460001432,
    0.3832572580148012,
    0.38220449288686115
  ],
  "shap_loss": [
    0.34534064623025745,
    0.3495313899639325,
    0.352372570679738,
    0.35100957904106533,
    0.3491174158377525,
    0.3476405671009651,
    0.3491917229615725,
    0.3455259417876219,
    0.3495009014239678,
    0.349056356992477,
    0.3476229600417308,
    0.34976099393306637,
    0.3490507793732179,
    0.3502224446871342,
    0.35138379916166645
  ],
  "shap_loss_normalized": [
    0.14422248915219918,
    0.2413065662750831,
    0.15405043539328453,
    0.1855832128188549,
    0.1461004641575691,
    0.17558277818637016,
    0.10913545523698513,
    0.06910518938914323,
    0.06990018200415832,
    0.069811272697571,
    0.06952459346025418,
    0.06995220004748075,
    0.06981015759400833,
    0.09440037703666931,
    0.12247651261396897
  ],
  "tikhonov_loss": [
    0.0,
    0.0,
    0.0,
    0.0,
    0.0,
    0.0,
    0.0,
    0.0,
    0.0,
    0.0,
    0.0,
    0.0,
    0.0,
    0.0,
    0.0
  ],
  "nonnegativity_loss": [
    0.0,
    0.0,
    0.0,
    0.0,
    0.0,
    0.0,
    0.0,
    0.0,
    0.0,
    0.0,
    0.0,
    0.0,
    0.0,
    0.0,
    0.0
  ],
  "tikhonov_lambda": [
    0.0,
    0.0,
    0.0,
    0.0,
    0.0,
    0.0,
    0.0,
    0.0,
    0.0,
    0.0,
    0.0,
    0.0,
    0.0,
    0.0,
    0.0
  ],
  "nonnegativity_lambda": [
    0.0,
    0.0,
    0.0,
    0.0,
    0.0,
    0.0,
    0.0,
    0.0,
    0.0,
    0.0,
    0.0,
    0.0,
    0.0,
    0.0,
    0.0
  ],
  "shap_scale_factor": [
    0.41790485156304213,
    0.6899317338290043,
    0.4382039968621875,
    0.528245911189904,
    0.4179048515630423,
    0.5053076872107832,
    0.31242983207703373,
    0.20000000000000004,
    0.20000000000000004,
    0.20000000000000004,
    0.20000000000000004,
    0.20000000000000004,
    0.20000000000000004,
    0.26952961568346184,
    0.34847989312709476
  ],
  "shap_contribution": [
    0.0,
    0.0,
    0.0,
    0.00010465548779719915,
    0.0013073628353408705,
    0.001235587656712876,
    0.0005469244116773972,
    0.0005540069750844477,
    0.00040598747989115043,
    0.0006517276290254906,
    0.00035757013336898614,
    0.00041763530073997873,
    0.0008785890113825026,
    0.0008974670404896665,
    0.0002860919138094267
  ],
  "tikhonov_contribution": [
    0.0,
    0.0,
    0.0,
    0.0,
    0.0,
    0.0,
    0.0,
    0.0,
    0.0,
    0.0,
    0.0,
    0.0,
    0.0,
    0.0,
    0.0
  ],
  "nonnegativity_contribution": [
    0.0,
    0.0,
    0.0,
    0.0,
    0.0,
    0.0,
    0.0,
    0.0,
    0.0,
    0.0,
    0.0,
    0.0,
    0.0,
    0.0,
    0.0
  ],
  "regularization_share": [
    0.08857861483479545,
    0.088579404604869,
    0.08624872532403148,
    0.06293976912800983,
    0.07347480693733156,
    0.014221980098833945,
    0.020765629765775884,
    0.01937721121570158,
    0.02432695266026908,
    0.020162612523079913,
    0.01869530370052194,
    0.017683954423182754,
    0.010517196974149086,
    0.00926140706165268,
    0.0055386544036417126
  ],
  "accuracy_guard_loss": [
    6.51066454862937,
    0.34874884440348697,
    0.17213367880919042,
    0.04818995870076693,
    0.045000491998134516,
    0.003445849968836858,
    0.003380292501205053,
    0.005316392733500554,
    0.006568785661306136,
    0.006031523912380903,
    0.002602525246449006,
    0.004726049991754385,
    0.001957667943758842,
    0.000632490867223495,
    0.0004908755803719545
  ],
  "accuracy_guard_contribution": [
    0.6876166505882373,
    0.07173349985327476,
    0.05377344285639433,
    0.031225006884107225,
    0.034666343042865776,
    0.004901554244451034,
    0.009035900282936219,
    0.007421630267531444,
    0.011207398313742418,
    0.008687485678073687,
    0.007957893447616162,
    0.008105028946048174,
    0.0034009133680508686,
    0.003108436385026345,
    0.0019239490995040308
  ],
  "distill_loss": [
    0.0,
    0.0,
    0.0,
    0.0,
    0.0,
    0.0,
    0.0,
    0.0,
    0.0,
    0.0,
    0.0,
    0.0,
    0.0,
    0.0,
    0.0
  ],
  "distill_contribution": [
    0.0,
    0.0,
    0.0,
    0.0,
    0.0,
    0.0,
    0.0,
    0.0,
    0.0,
    0.0,
    0.0,
    0.0,
    0.0,
    0.0,
    0.0
  ],
  "gate_entropy": [
    0.18911188535201243,
    0.18905659440236214,
    0.1890457746310112,
    0.18904553315578362,
    0.18904536809676734,
    0.18904477739945436,
    0.1890437369927382,
    0.1890436731852018,
    0.18904280280455565,
    0.18904280968201467,
    0.18904322806077126,
    0.1890429159005483,
    0.1890431577578569,
    0.18904338624232855,
    0.18904315240872213
  ],
  "gate_min": [
    0.9899860177284632,
    0.9899949355003161,
    0.9899976360492218,
    0.9899988006322812,
    0.9899990023710789,
    0.989999479208237,
    0.9899989320681646,
    0.9899989718045944,
    0.9899987761790936,
    0.9899987364426638,
    0.9899988098022265,
    0.9899988770484924,
    0.9899988770484924,
    0.9899988770484924,
    0.9899988770484924
  ],
  "gate_max": [
    0.9900066608037704,
    0.9900012459510412,
    0.9900014461615146,
    0.9900012841591468,
    0.9900010380989466,
    0.9900005627901126,
    0.9900012230261778,
    0.9900011129868336,
    0.9900014094817333,
    0.99000145533146,
    0.9900014828412961,
    0.9900016754101484,
    0.990001666240203,
    0.9900016326170701,
    0.9900017029199845
  ],
  "gate_anchor_loss": [
    0.00010006636614726188,
    0.00010000977281612367,
    9.999884283528305e-05,
    9.999864358598224e-05,
    9.999849191025042e-05,
    9.999787737167656e-05,
    9.999673168819684e-05,
    9.999666545832626e-05,
    9.99957408520202e-05,
    9.999571995696244e-05,
    9.999617610353594e-05,
    9.999585894640918e-05,
    9.999610520958996e-05,
    9.999634251774599e-05,
    9.999610520958996e-05
  ],
  "gate_anchor_contribution": [
    1.0006636312727305e-06,
    1.0000977069396938e-06,
    9.999884043328423e-07,
    9.999864162707056e-07,
    9.999848975311556e-07,
    9.9997874678173e-07,
    9.9996728481645e-07,
    9.99966628930848e-07,
    9.999573765712855e-07,
    9.99957192923317e-07,
    9.999617229065432e-07,
    9.99958539675087e-07,
    9.999610087199985e-07,
    9.99963407803779e-07,
    9.999610087199985e-07
  ],
  "q_err_entropy": [
    0.9049088389445574,
    0.8485128879547119,
    0.8313459677573962,
    0.8423013289769491,
    0.8736651646785247,
    0.8670448523301345,
    0.8785012089289151,
    0.8639646355922406,
    0.8617417231584207,
    0.8659634574865683,
    0.8767608190194155,
    0.8591355910668006,
    0.8598809456213926,
    0.8484301735193301,
    0.8343253487195724
  ],
  "q_err_gini": [
    0.8956267604461083,
    0.902033758469117,
    0.9034132667076893,
    0.9022697302011343,
    0.8994199557182117,
    0.9001258856210953,
    0.8986934866660681,
    0.8992615189307775,
    0.9003020173464066,
    0.9000030037684318,
    0.8986763526231815,
    0.9009389785619882,
    0.9004879425733517,
    0.9016347496937482,
    0.9032197869741
  ],