{
  "total_loss": [
    5.821483284999163,
    0.6295223984962854,
    0.5220988736702845,
    0.4407785542500325,
    0.4250365763138502,
    0.40106691611118805,
    0.3920364525073614,
    0.3849743054463313,
    0.38149694869151485,
    0.3820579395844386,
    0.3748337087722925,
    0.37989478500989765,
    0.37550507753323287,
    0.37292487651873857,
    0.38366900346218014
  ],
  "main_loss": [
    5.293122247243539,
    0.5730658777249165,
    0.4785766968360314,
    0.40630473769628084,
    0.39708659931635243,
    0.3830981812415979,
    0.3774779610908948,
    0.37466230300756603,
    0.37316798514280564,
    0.37301063537597656,
    0.37065119315416384,
    0.3712302679434801,
    0.36984062615113383,
    0.3680931008779086,
    0.37390421407345015
  ],
  "shap_loss": [
    0.3428346889141278,
    0.33574196237784165,
    0.33971118239256054,
    0.34034503117585796,
    0.340773548071201,
    0.33490744615212464,
    0.3381693783478859,
    0.34140106118642366,
    0.3368253004856599,
    0.3356106265997275,
    0.333307079015634,
    0.33685436615577113,
    0.3343971799581479,
    0.33295037425481355,
    0.3346169208868956
  ],
  "shap_loss_normalized": [
    0.14395120778144935,
    0.14036101484910035,
    0.17620895898494965,
    0.14239818583696318,
    0.09219795274428833,
    0.11697163127171688,
    0.14021562154476458,
    0.06936485492266141,
    0.06736506216036968,
    0.06712212681006162,
    0.06666141729324292,
    0.06737087456843792,
    0.0668794375199538,
    0.06659007626466262,
    0.06692338582032765
  ],
  "tikhonov_loss": [
    0.0,
    0.0,
    0.0,
    0.0,
    0.0,
    0.0,
    0.0,
    0.0,
    0.0,
    0.0,
    0.0,
    0.0,
    0.0,
    0.0,
    0.0
  ],
  "nonnegativity_loss": [
    0.0,
    0.0,
    0.0,
    0.0,
    0.0,
    0.0,
    0.0,
    0.0,
    0.0,
    0.0,
    0.0,
    0.0,
    0.0,
    0.0,
    0.0
  ],
  "tikhonov_lambda": [
    0.0,
    0.0,
    0.0,
    0.0,
    0.0,
    0.0,
    0.0,
    0.0,
    0.0,
    0.0,
    0.0,
    0.0,
    0.0,
    0.0,
    0.0
  ],
  "nonnegativity_lambda": [
    0.0,
    0.0,
    0.0,
    0.0,
    0.0,
    0.0,
    0.0,
    0.0,
    0.0,
    0.0,
    0.0,
    0.0,
    0.0,
    0.0,
    0.0
  ],
  "shap_scale_factor": [
    0.41790485156304213,
    0.41790485156304213,
    0.5183958173061968,
    0.41881687991409494,
    0.26984794814465146,
    0.34847989312709476,
    0.41481398786668844,
    0.2031955209438683,
    0.20000000000000004,
    0.20000000000000004,
    0.20000000000000004,
    0.20000000000000004,
    0.20000000000000004,
    0.20000000000000004,
    0.20000000000000004
  ],
  "shap_contribution": [
    0.0,
    0.0,
    0.0,
    9.436889908661564e-05,
    0.0005784935029880264,
    0.00016400188234491416,
    0.0009332297542221987,
    0.0005138292087791249,
    0.0003035487204145354,
    0.00015971528213972656,
    0.000202010733818707,
    0.0007202896082069343,
    0.00048527031919011514,
    0.0004183409779589289,
    0.00034098863938990503
  ],
  "tikhonov_contribution": [
    0.0,
    0.0,
    0.0,
    0.0,
    0.0,
    0.0,
    0.0,
    0.0,
    0.0,
    0.0,
    0.0,
    0.0,
    0.0,
    0.0,
    0.0
  ],
  "nonnegativity_contribution": [
    0.0,
    0.0,
    0.0,
    0.0,
    0.0,
    0.0,
    0.0,
    0.0,
    0.0,
    0.0,
    0.0,
    0.0,
    0.0,
    0.0,
    0.0
  ],
  "regularization_share": [
    0.0885784810204001,
    0.08857963101490689,
    0.08077532752971443,
    0.0749894825039168,
    0.06203629509966958,
    0.04359560678950462,
    0.03523465944810798,
    0.022949906620258087,
    0.01891698270990924,
    0.02151843092627342,
    0.010531852377813507,
    0.0189841329823583,
    0.01428336553494063,
    0.013510578916957106,
    0.02417954471828984
  ],
  "accuracy_guard_loss": [
    4.924596459437639,
    0.20372853294397011,
    0.10796713790832421,
    0.036373455555011064,
    0.025400591584352348,
    0.009465890052991036,
    0.003847352969340789,
    0.003121791741786859,
    0.0026557392034775172,
    0.0030462856476123515,
    0.0010810188758067596,
    0.0023346955959613505,
    0.0015476735738607554,
    0.0011974370632416164,
    0.005355348571752891
  ],
  "accuracy_guard_contribution": [
    0.528360013778393,
    0.056455511026657544,
    0.04352116369857238,
    0.03437843149862228,
    0.02737047437291879,
    0.017803722753738746,
    0.013624250315702878,
    0.009797157289890142,
    0.008024403204520544,
    0.00888657827789967,
    0.003979491881835155,
    0.007943215373999033,
    0.005178169323465763,
    0.004412423150661664,
    0.009422791357605886
  ],
  "distill_loss": [
    0.0,
    0.0,
    0.0,
    0.0,
    0.0,
    0.0,
    0.0,
    0.0,
    0.0,
    0.0,
    0.0,
    0.0,
    0.0,
    0.0,
    0.0
  ],
  "distill_contribution": [
    0.0,
    0.0,
    0.0,
    0.0,
    0.0,
    0.0,
    0.0,
    0.0,
    0.0,
    0.0,
    0.0,
    0.0,
    0.0,
    0.0,
    0.0
  ],
  "gate_entropy": [
    0.18911872536708146,
    0.18905162123533395,
    0.18904286928665945,
    0.18904442282823417,
    0.18904431813802475,
    0.18904363765166357,
    0.18904505937527388,
    0.18904571731885275,
    0.18904549112686744,
    0.18904515795218638,
    0.18904517934872553,
    0.1890448339474507,
    0.1890448477023687,
    0.1890448400607476,
    0.1890454284655742
  ],
  "gate_min": [
    0.9899838016583369,
    0.9899977827683474,
    0.9899987945189843,
    0.9899992010532281,
    0.9899989993144305,
    0.9899992560729002,
    0.989999668720441,
    0.9899999101956686,
    0.989999763476543,
    0.989999607587472,
    0.9899996228707142,
    0.9899995923042297,
    0.9899995311712607,
    0.9899995923042297,
    0.9899995158880185
  ],
  "gate_max": [
    0.9900064942164298,
    0.990002072774447,
    0.9900014339349209,
    0.9900008516433911,
    0.990001013645759,
    0.9900007614722619,
    0.9900003778628814,
    0.9900001700107868,
    0.990000307559967,
    0.9900004084293659,
    0.9900004145426627,
    0.9900004863739014,
    0.9900004863739014,
    0.9900004863739014,
    0.9900004833172529
  ],
  "gate_anchor_loss": [
    0.00010007350777950473,
    0.00010000476210664671,
    9.99958486854433e-05,
    9.999751394692187e-05,
    9.999741842665781e-05,
    9.999672124066796e-05,
    9.999816785029207e-05,
    9.999883201462813e-05,
    9.999859321396798e-05,
    9.999824247549837e-05,
    9.99982652361863e-05,
    9.999790255768367e-05,
    9.999791393802765e-05,
    9.999790423675082e-05,
    9.99985189618877e-05
  ],
  "gate_anchor_contribution": [
    1.0007350615873852e-06,
    1.0000475943646354e-06,
    9.999584667989088e-07,
    9.999751262932057e-07,
    9.999741643276559e-07,
    9.999671944499894e-07,
    9.999816647438984e-07,
    9.999883110513344e-07,
    9.999859265427892e-07,
    9.999824109959613e-07,
    9.999826529448724e-07,
    9.999789916456882e-07,
    9.999791257378558e-07,
    9.999790178811124e-07,
    9.999851919509149e-07
  ],
  "q_err_entropy": [
    1.0682110557189355,
    1.092945315898993,
    1.0773979257314632,
    1.064177685823196,
    1.0816034781627166,
    1.1086506308653417,
    1.0830665077918615,
    1.0659705660282037,
    1.0909746503218627,
    1.1067292644427373,
    1.11274865651742,
    1.0884957726185138,
    1.1011943098826287,
    1.1183193708077455,
    1.1112286280363033
  ],
  "q_err_gini": [
    0.874569507745596,
    0.8729050480402433,
    0.8742442176892207,
    0.8753699186520699,
    0.875687721448067,
    0.8694239488014808,
    0.8736526049100436,
    0.8755876987408369,
    0.872322481412154,
    0.8708423712314703,
    0.8689523782485571,
    0.8722534897999886,
    0.8715880100543683,
    0.8686478596467239,
    0.8699737542714828
  ],