{
  "total_loss": [
    0.5410577632553343,
    0.030002632153610875,
    0.02404007981258311,
    0.002539577286581464,
    0.0007637091451978709,
    0.0006675830844642405,
    0.0001242582999826222,
    0.0001657987124547487,
    0.00012950488925460895,
    0.00039839327069200536,
    0.00023398162022658653,
    8.918042640613879e-05,
    8.563186831419703e-05
  ],
  "main_loss": [
    0.49187069850449916,
    0.02727512561113648,
    0.02185462459578145,
    0.002308719739841893,
    0.0006942947234002921,
    0.000606893712236862,
    0.00011296209098483294,
    0.0001507261032185982,
    0.00011773171798625169,
    0.0003621757017445556,
    0.0002127105629646004,
    8.107311491098049e-05,
    7.78471529819009e-05
  ],
  "shap_loss": [
    0.7938089695359979,
    0.89384896840368,
    0.8968757007803235,
    0.9087741609130587,
    0.9095199571124145,
    0.9099321753851005,
    0.9103164917656353,
    0.9100045061537197,
    0.9105253006730761,
    0.9098892733454704,
    0.9104034639894962,
    0.9103041365742683,
    0.9102228502077716
  ],
  "shap_loss_normalized": [
    0.004087446759554604,
    0.00024914738745402635,
    8.039489854841772e-05,
    3.3224064440316526e-05,
    4.2852394024350815e-06,
    2.8245220364502595e-06,
    1.0906291438215833e-06,
    9.008959668424918e-07,
    6.167158628857448e-07,
    2.3618302904537813e-06,
    1.373411588900808e-06,
    6.705065181173657e-07,
    5.697046395271497e-07
  ],
  "tikhonov_loss": [
    0.0,
    0.0,
    0.0,
    0.0,
    0.0,
    0.0,
    0.0,
    0.0,
    0.0,
    0.0,
    0.0,
    0.0,
    0.0
  ],
  "nonnegativity_loss": [
    0.0,
    0.0,
    0.0,
    0.0,
    0.0,
    0.0,
    0.0,
    0.0,
    0.0,
    0.0,
    0.0,
    0.0,
    0.0
  ],
  "tikhonov_lambda": [
    0.0,
    0.0,
    0.0,
    0.0,
    0.0,
    0.0,
    0.0,
    0.0,
    0.0,
    0.0,
    0.0,
    0.0,
    0.0
  ],
  "nonnegativity_lambda": [
    0.0,
    0.0,
    0.0,
    0.0,
    0.0,
    0.0,
    0.0,
    0.0,
    0.0,
    0.0,
    0.0,
    0.0,
    0.0
  ],
  "shap_scale_factor": [
    0.0073511058416362495,
    0.0002803591376577388,
    9.098779444615273e-05,
    3.6559302974741785e-05,
    4.715328763853557e-06,
    3.1037039960284066e-06,
    1.1978092531523334e-06,
    9.899886210956795e-07,
    6.769595450783245e-07,
    2.595851887986159e-06,
    1.5084083448349354e-06,
    7.367139236920697e-07,
    6.25895368210104e-07
  ],
  "shap_contribution": [
    0.0,
    0.0,
    0.0,
    0.0,
    0.0,
    0.0,
    0.0,
    0.0,
    0.0,
    0.0,
    0.0,
    0.0,
    0.0
  ],
  "tikhonov_contribution": [
    0.0,
    0.0,
    0.0,
    0.0,
    0.0,
    0.0,
    0.0,
    0.0,
    0.0,
    0.0,
    0.0,
    0.0,
    0.0
  ],
  "nonnegativity_contribution": [
    0.0,
    0.0,
    0.0,
    0.0,
    0.0,
    0.0,
    0.0,
    0.0,
    0.0,
    0.0,
    0.0,
    0.0,
    0.0
  ],
  "regularization_share": [
    0.09009738628288513,
    0.0900973099126305,
    0.09009713765224768,
    0.0900960449793921,
    0.09009333049107017,
    0.09090171901377479,
    0.09089864235175522,
    0.09089847925779228,
    0.09089351871760286,
    0.0909033471158006,
    0.09089796047042682,
    0.09089128695478361,
    0.0908923279527063
  ],
  "accuracy_guard_loss": [
    0.4918593637641087,
    0.027263786110000052,
    0.02184328618204745,
    0.0022973842471206546,
    0.0006829613665014936,
    0.0005955578882890222,
    0.00010162286590847154,
    0.00013939128745375586,
    0.00010639239319841311,
    0.0003508368502918659,
    0.00020136871295254162,
    6.973668575126015e-05,
    6.650797161812858e-05
  ],
  "accuracy_guard_contribution": [
    0.04918706222763701,
    0.0027275066528480757,
    0.0021854553219782247,
    0.00023085754840833163,
    6.9414428085882e-05,
    6.068937283844532e-05,
    1.1296209274900906e-05,
    1.507261050294671e-05,
    1.1773171994125928e-05,
    3.6217570784710264e-05,
    2.1271056837183062e-05,
    8.107311612905375e-06,
    7.78471545714865e-06
  ],
  "distill_loss": [
    0.0,
    0.0,
    0.0,
    0.0,
    0.0,
    0.0,
    0.0,
    0.0,
    0.0,
    0.0,
    0.0,
    0.0,
    0.0
  ],
  "distill_contribution": [
    0.0,
    0.0,
    0.0,
    0.0,
    0.0,
    0.0,
    0.0,
    0.0,
    0.0,
    0.0,
    0.0,
    0.0,
    0.0
  ],
  "gate_entropy": [
    NaN,
    NaN,
    NaN,
    NaN,
    NaN,
    NaN,
    NaN,
    NaN,
    NaN,
    NaN,
    NaN,
    NaN,
    NaN
  ],
  "gate_min": [
    NaN,
    NaN,
    NaN,
    NaN,
    NaN,
    NaN,
    NaN,
    NaN,
    NaN,
    NaN,
    NaN,
    NaN,
    NaN
  ],
  "gate_max": [
    NaN,
    NaN,
    NaN,
    NaN,
    NaN,
    NaN,
    NaN,
    NaN,
    NaN,
    NaN,
    NaN,
    NaN,
    NaN
  ],
  "gate_anchor_loss": [
    0.0,
    0.0,
    0.0,
    0.0,
    0.0,
    0.0,
    0.0,
    0.0,
    0.0,
    0.0,
    0.0,
    0.0,
    0.0
  ],
  "gate_anchor_contribution": [
    0.0,
    0.0,
    0.0,
    0.0,
    0.0,
    0.0,
    0.0,
    0.0,
    0.0,
    0.0,
    0.0,
    0.0,
    0.0
  ],
  "q_err_entropy": [
    NaN,
    NaN,
    NaN,
    NaN,
    NaN,
    NaN,
    NaN,
    NaN,
    NaN,
    NaN,
    NaN,
    NaN,
    NaN
  ],
  "q_err_gini": [
    NaN,
    NaN,
    NaN,
    NaN,
    NaN,
    NaN,
    NaN,
    NaN,
    NaN,
    NaN,
    NaN,
    NaN,
    NaN
  ],
  "q_err_corr": [
    NaN,
    NaN,
    NaN,
    NaN,
    NaN,
    NaN,
    NaN,
    NaN,
    NaN,
    NaN,
    NaN,
    NaN,
    NaN
  ],
  "p_q_corr": [
    NaN,
    NaN,
    NaN,
    NaN,
    NaN,
    NaN,
    NaN,
    NaN,
    NaN,
    NaN,
    NaN,
    NaN,
    NaN
  ],
  "ea_ratio": [
    0.0,
    0.0,
    0.0,
    0.0,
    0.0,
    0.0,
    0.0,
    0.0,
    0.0,
    0.0,
    0.0,
    0.0,
    0.0
  ],
  "main_grad_norm": [
    11439.06067530314,
    7587.660994052887,
    4733.075214544932,
    2238.3032890955606,
    1184.6003008683522,
    1373.6000162760417,
    500.00494384765625,
    695.1322631835938,
    326.50820541381836,
    878.3035583496094,
    486.59999593098956,
    499.0647900899251,
    449.432133992513
  ],
  "ea_grad_norm": [
    0.5536273703243447,
    0.15863862494006753,
    0.02884834771975875,
    0.016015213758995134,
    0.0015687691581357892,
    0.0008698124996347664,
    0.0005487211916867333,
    0.000332125935528893,
    0.00016725298701203428,
    0.0008875385004406174,
    0.0003732271046222498,
    0.0002826522686518729,
    0.00017194362105025598
  ],
  "ea_main_grad_ratio": [
    6.246699320476493e-05,
    0.012902835838457714,
    0.00017336095842583556,
    0.0006900396171723105,
    7.227984007227116e-05,
    6.70721643024027e-07,
    1.316594714948345e-06,
    5.104232217072506e-07,
    7.612714151652653e-07,
    1.110083051569088e-06,
    8.796080045853479e-07,
    6.49407229609979e-07,
    3.801233592928984e-07
  ],
  "ea_scale": [
    1237.583430938435,
    2363.1907059288615,
    1801.2517010357592,
    4859.698833410917,
    7555.354635007912,
    9834.844635931639,
    8556.057864531864,
    10000.0,
    8902.078120152448,
    8341.060869131905,
    9131.248127170951,
    9339.12261782195,
    10000.0
  ],
  "main_grad_params": [
    17.0,
    17.0,
    17.0,
    17.0,
    17.0,
    17.0,
    17.0,
    17.0,
    17.0,
    17.0,
    17.0,
    17.0,
    17.0
  ],
  "ea_grad_params": [
    17.0,
    17.0,
    17.0,
    17.0,
    17.0,
    17.0,
    17.0,
    17.0,
    17.0,
    17.0,
    17.0,
    17.0,
    17.0
  ],
  "grad_params_total": [
    17.0,
    17.0,
    17.0,
    17.0,
    17.0,
    17.0,
    17.0,
    17.0,
    17.0,
    17.0,
    17.0,
    17.0,
    17.0
  ],
  "epoch_accepted": [
    0.0,
    0.0,
    0.0,
    0.0,
    1.0,
    0.0,
    1.0,
    1.0,
    1.0,
    1.0,
    0.0,
    1.0,
    1.0
  ],
  "lr": [
    4e-05,
    2e-05,
    1e-05,
    5e-06,
    5e-06,
    2.5e-06,
    2.5e-06,
    2.5e-06,
    2.5e-06,
    2.5e-06,
    1.25e-06,
    1.25e-06,
    1.25e-06
  ],