{
  "timestamp": "20260502_210108_naval_sent_off_s42",
  "tag": "naval_sent_off_s42",
  "config_path": "/tmp/tmp72_nhafc.yaml",
  "config_sha256": "0d4993ec9fbc5593570f777c4ab176f888ddfe526fe791ba5dfff10cdf3f444b",
  "effective_config_sha256": "53625e884d4430624cb145f0ba0066b15bd6a577a4b6d0dc0276e8b39863d659",
  "run_meta": {
    "fast_mode": true,
    "inprocess_mode": true,
    "tag_prefix": "naval_sent_off"
  },
  "model_state": null,
  "model_state_path": null,
  "train_size": 9547,
  "shap_train_size": 7160,
  "test_size": 2387,
  "vanilla_train_count": 9547,
  "shap_train_count": 7160,
  "real_test_count": 2387,
  "normalize_sum": false,
  "metrics": {
    "mse": 1.1877421156415662e-05,
    "rmse": 0.003446363468413577,
    "mae": 0.0022995180154775628,
    "r2": 0.9126518673827981,
    "r2_weighted": 0.9126518673827981,
    "r2_mean": 0.8431287699929793
  },
  "vanilla_metrics": {
    "mse": 1.1877421156415662e-05,
    "rmse": 0.003446363468413577,
    "mae": 0.0022995180154775628,
    "r2": 0.9126518673827981,
    "r2_weighted": 0.9126518673827981,
    "r2_mean": 0.8431287699929793
  },
  "shap_metrics": {
    "mse": 1.1877432980881615e-05,
    "rmse": 0.0034463651839121193,
    "mae": 0.0022995208371469635,
    "r2": 0.912651780424105,
    "r2_weighted": 0.912651780424105,
    "r2_mean": 0.843128512594229
  },
  "band_metrics": {
    "all_outputs": {
      "mse": 1.1877421156415662e-05,
      "rmse": 0.003446363468413577,
      "mae": 0.0022995180154775628,
      "r2": 0.8431287699929794
    }
  },
  "metrics_source": "vanilla_fallback",
  "shap_config_enabled": true,
  "shap_applied": false,
  "shap_rejected": true,
  "effective_ea_config": {
    "autonomous_error_shap": false,
    "error_importance_mode": "permute",
    "error_importance_ema_beta": 0.9,
    "grad_importance_ema_beta": 0.9,
    "error_target_rho": 0.3,
    "ea_alignment_loss": "cosine_mse",
    "ea_alignment_alpha": 0.5,
    "ea_warmup_fraction": 0.25,
    "ea_bypass_legacy_normalization": true,
    "ea_use_grad_balance": true,
    "ea_target_grad_ratio": 0.01,
    "ea_scale_min": 0.1,
    "ea_scale_max": 10000.0,
    "debug_grad_norms": true,
    "grad_norm_interval": 20,
    "fast_mode": true,
    "inprocess_mode": true
  },
  "training_time_total": 35.25345730781555,
  "training_time_shap": 19.54733443260193,
  "saved_files": {
    "predictions": "predictions_20260502_210108_naval_sent_off_s42.npy",
    "targets_test": "targets_test_20260502_210108_naval_sent_off_s42.npy",
    "metrics_csv": "metrics_20260502_210108_naval_sent_off_s42.csv",
    "feature_importance": "feature_importance_20260502_210108_naval_sent_off_s42.csv",
    "shap": {
      "feature_importance_shap": "feature_importance_shap_20260502_210108_naval_sent_off_s42.csv",
      "history": "shap_history_20260502_210108_naval_sent_off_s42.json"
    }
  },
  "diagnostics": {
    "prediction_stats": {
      "mean": 0.9811019910445611,
      "std": 0.013682776725830653,
      "min": 0.9421862363815308,
      "max": 1.018336534500122,
      "zero_fraction": 0.0,
      "negative_fraction": 0.0,
      "negative_count": 0
    },
    "target_stats": {
      "mean": 0.981065982404692,
      "std": 0.013260436409205129,
      "min": 0.95,
      "max": 1.0
    },
    "coeff_stats": {
      "mean": -0.00460849290561345,
      "std": 0.4110361718727456,
      "min": -2.976794958114624,
      "max": 2.8795089721679688,
      "abs_mean": 0.14964161065786094,
      "finite_fraction": 1.0,
      "nonzero": 208,
      "total": 208
    },
    "nonfinite_parameters": {},
    "regularization": {
      "active_components": [
        "sparsity"
      ],
      "shap_contribution": {
        "mean": 0.0,
        "last": 0.0,
        "max": 0.0
      },
      "tikhonov_contribution": {
        "mean": 0.0,
        "last": 0.0,
        "max": 0.0
      },
      "nonnegativity_contribution": {
        "mean": 0.0,
        "last": 0.0,
        "max": 0.0
      },
      "regularization_share": {
        "mean": 0.09058911470406678,
        "last": 0.0908923279527063,
        "max": 0.0909033471158006
      },
      "shap_scale_factor": {
        "mean": 0.0005980894412629858,
        "last": 6.25895368210104e-07,
        "max": 0.0073511058416362495
      },
      "shap_loss_normalized": {
        "mean": 0.0003434543511882153,
        "last": 5.697046395271497e-07,
        "max": 0.004087446759554604
      },
      "nonnegativity_loss": {
        "mean": 0.0,
        "last": 0.0,
        "max": 0.0
      },
      "component_terms": {
        "consistency": {
          "mean": 0.0,
          "last": 0.0,
          "max": 0.0
        },
        "sparsity": {
          "mean": 0.8988019965261548,
          "last": 0.9102228502077716,
          "max": 0.9105253006730761
        },
        "faithfulness": {
          "mean": 0.0,
          "last": 0.0,
          "max": 0.0
        },
        "stability": {
          "mean": 0.0,
          "last": 0.0,
          "max": 0.0
        }
      },
      "component_weights": {
        "consistency": {
          "mean": 0.0,
          "last": 0.0,
          "max": 0.0
        },
        "sparsity": {
          "mean": 1.0,
          "last": 1.0,
          "max": 1.0
        },
        "faithfulness": {
          "mean": 0.0,
          "last": 0.0,
          "max": 0.0
        },
        "stability": {
          "mean": 0.0,
          "last": 0.0,
          "max": 0.0
        }
      },
      "weighted_component_signal": {
        "consistency": {
          "mean": 0.0,
          "last": 0.0,
          "max": 0.0
        },
        "sparsity": {
          "mean": 0.8988019965261548,
          "last": 0.9102228502077716,
          "max": 0.9105253006730761
        },
        "faithfulness": {
          "mean": 0.0,
          "last": 0.0,
          "max": 0.0
        },
        "stability": {
          "mean": 0.0,
          "last": 0.0,
          "max": 0.0
        }
      },
      "dominant_shap_component": "sparsity",
      "dominant_regularizer": "balanced"
    }
  },
  "dataset_settings": {
    "train_limit": null,
    "train_fraction": null,
    "mix_with_real": false,
    "mix_ratio": 0.0,
    "synthetic_test_size": 0.2,
    "test_size": 0.2,
    "real_data_split": {
      "train": 0.6,
      "validation": 0.2,
      "test": 0.2
    },
    "random_state": 42,
    "shap_uses_real_data_only": true,
    "test_uses_real_data_only": true
  },
  "band_metrics_denorm": {},
  "shap_files": {
    "feature_importance_shap": "feature_importance_shap_20260502_210108_naval_sent_off_s42.csv",
    "history": "shap_history_20260502_210108_naval_sent_off_s42.json"
  }
}