mse,rmse,mae,r2,r2_weighted,r2_mean
0.645630995745001,0.8035116649713313,0.5228858465512596,0.9408951413419382,0.9408951413419382,0.9408373110704178
