{
  "total_loss": [
    2.622180529893973,
    0.5670100213625492,
    0.4421834815771152,
    0.41062496564327144,
    0.4051976372034122,
    0.3885187873473534,
    0.3765557675789564,
    0.37368362263227123,
    0.37115078132886153,
    0.3721947696728584,
    0.37473063056285566,
    0.37749812159782803,
    0.37409112048454773,
    0.3724985749293596,
    0.3728806517827205
  ],
  "main_loss": [
    2.384427491671,
    0.516081439378934,
    0.4061300525298485,
    0.38178124183263534,
    0.3763184463366484,
    0.3670997080894617,
    0.3647121133712622,
    0.36324183375407487,
    0.3625169935134741,
    0.36297486760677433,
    0.36322297346897614,
    0.36349467436472577,
    0.3629957292324457,
    0.3627927383551231,
    0.3624845850162017
  ],
  "shap_loss": [
    0.09237913271555534,
    0.09611078370840122,
    0.09734630259947899,
    0.09589921224575776,
    0.0958786870424564,
    0.09497382434514853,
    0.09346694040756959,
    0.09535016482457137,
    0.09522077574943885,
    0.0955391369568996,
    0.09588113541786487,
    0.0932893795080674,
    0.09501823419943833,
    0.09442862830100915,
    0.094840285105583
  ],
  "shap_loss_normalized": [
    0.03792346163819998,
    0.0399318619702871,
    0.048633259076338545,
    0.02245191427377554,
    0.031889219219103836,
    0.027067457063075822,
    0.03902064755750008,
    0.019367609889461443,
    0.019044155398240455,
    0.019107827821221106,
    0.019176227446549978,
    0.01865787632190264,
    0.019003647116896432,
    0.018885726013626807,
    0.018968057317229416
  ],
  "tikhonov_loss": [
    0.0,
    0.0,
    0.0,
    0.0,
    0.0,
    0.0,
    0.0,
    0.0,
    0.0,
    0.0,
    0.0,
    0.0,
    0.0,
    0.0,
    0.0
  ],
  "nonnegativity_loss": [
    0.0,
    0.0,
    0.0,
    0.0,
    0.0,
    0.0,
    0.0,
    0.0,
    0.0,
    0.0,
    0.0,
    0.0,
    0.0,
    0.0,
    0.0
  ],
  "tikhonov_lambda": [
    0.0,
    0.0,
    0.0,
    0.0,
    0.0,
    0.0,
    0.0,
    0.0,
    0.0,
    0.0,
    0.0,
    0.0,
    0.0,
    0.0,
    0.0
  ],
  "nonnegativity_lambda": [
    0.0,
    0.0,
    0.0,
    0.0,
    0.0,
    0.0,
    0.0,
    0.0,
    0.0,
    0.0,
    0.0,
    0.0,
    0.0,
    0.0,
    0.0
  ],
  "shap_scale_factor": [
    0.41790485156304213,
    0.41790485156304213,
    0.49979364536818566,
    0.23385494855462988,
    0.33301830850652,
    0.2849912003040366,
    0.41481398786668844,
    0.2031955209438683,
    0.20000000000000004,
    0.20000000000000004,
    0.20000000000000004,
    0.20000000000000004,
    0.20000000000000004,
    0.20000000000000004,
    0.20000000000000004
  ],
  "shap_contribution": [
    0.0,
    0.0,
    0.0,
    0.0,
    0.0,
    0.0,
    4.488735239414009e-06,
    1.257886735682125e-05,
    2.2778128554935578e-05,
    3.629561816080987e-05,
    4.52421894199991e-05,
    5.7762599681154825e-05,
    5.981167533975214e-05,
    8.76307332453927e-05,
    4.906164376268115e-05
  ],
  "tikhonov_contribution": [
    0.0,
    0.0,
    0.0,
    0.0,
    0.0,
    0.0,
    0.0,
    0.0,
    0.0,
    0.0,
    0.0,
    0.0,
    0.0,
    0.0,
    0.0
  ],
  "nonnegativity_contribution": [
    0.0,
    0.0,
    0.0,
    0.0,
    0.0,
    0.0,
    0.0,
    0.0,
    0.0,
    0.0,
    0.0,
    0.0,
    0.0,
    0.0,
    0.0
  ],
  "regularization_share": [
    0.08857808951767361,
    0.08857809048207992,
    0.07943524930983009,
    0.06685737839093192,
    0.06931970278503188,
    0.05341078663668931,
    0.027965935880586528,
    0.025967515185552292,
    0.02098253153038446,
    0.022240069407559293,
    0.03018564287255252,
    0.03668591424734437,
    0.028749027457080117,
    0.024634586064928403,
    0.02603089981287929
  ],
  "accuracy_guard_loss": [
    2.0214704978160367,
    0.15316918186652353,
    0.043860726249523654,
    0.02132402092982561,
    0.014440909028053284,
    0.008264961150976328,
    0.004358251889546712,
    0.002530961846693968,
    0.0023712538755857027,
    0.0037070466921879696,
    0.004678153074704683,
    0.004645359057646532,
    0.0028382853055611635,
    0.0030549783737231525,
    0.0030951117857908592
  ],
  "accuracy_guard_contribution": [
    0.23775303316039917,
    0.05092858747603037,
    0.036053428665185586,
    0.02884372357183542,
    0.02887919143988536,
    0.021419078780290406,
    0.011839162462796921,
    0.010429210292223172,
    0.0086110090980163,
    0.00918360608510482,
    0.011462417455055775,
    0.013945686845825268,
    0.011035582002920982,
    0.009618206188464776,
    0.010347001254558563
  ],
  "distill_loss": [
    0.0,
    0.0,
    0.0,
    0.0,
    0.0,
    0.0,
    0.0,
    0.0,
    0.0,
    0.0,
    0.0,
    0.0,
    0.0,
    0.0,
    0.0
  ],
  "distill_contribution": [
    0.0,
    0.0,
    0.0,
    0.0,
    0.0,
    0.0,
    0.0,
    0.0,
    0.0,
    0.0,
    0.0,
    0.0,
    0.0,
    0.0,
    0.0
  ],
  "gate_entropy": [
    0.0019004127422634226,
    0.0019002201734110713,
    0.0019002201734110713,
    0.0019002201734110713,
    0.0019002201734110713,
    0.0019002201734110713,
    0.0019002201734110713,
    0.0019002201734110713,
    0.0019002201734110713,
    0.0019002201734110713,
    0.0019002201734110713,
    0.0019002201734110713,
    0.0019002201734110713,
    0.0019002201734110713,
    0.0019002201734110713
  ],
  "gate_min": [
    0.9998999100465041,
    0.9998999834060669,
    0.9998999834060669,
    0.9998999834060669,
    0.9998999834060669,
    0.9998999834060669,
    0.9998999834060669,
    0.9998999834060669,
    0.9998999834060669,
    0.9998999834060669,
    0.9998999834060669,
    0.9998999834060669,
    0.9998999834060669,
    0.9998999834060669,
    0.9998999834060669
  ],
  "gate_max": [
    0.9998999834060669,
    0.9998999834060669,
    0.9998999834060669,
    0.9998999834060669,
    0.9998999834060669,
    0.9998999834060669,
    0.9998999834060669,
    0.9998999834060669,
    0.9998999834060669,
    0.9998999834060669,
    0.9998999834060669,
    0.9998999834060669,
    0.9998999834060669,
    0.9998999834060669,
    0.9998999834060669
  ],
  "gate_anchor_loss": [
    1.0005251191649641e-08,
    1.000331906197971e-08,
    1.000331906197971e-08,
    1.000331906197971e-08,
    1.000331906197971e-08,
    1.000331906197971e-08,
    1.000331906197971e-08,
    1.000331906197971e-08,
    1.000331906197971e-08,
    1.000331906197971e-08,
    1.000331906197971e-08,
    1.000331906197971e-08,
    1.000331906197971e-08,
    1.000331906197971e-08,
    1.000331906197971e-08
  ],
  "gate_anchor_contribution": [
    5.002625792248895e-10,
    5.001659642012157e-10,
    5.001659642012157e-10,
    5.001659642012157e-10,
    5.001659642012157e-10,
    5.001659642012157e-10,
    5.001659642012157e-10,
    5.001659642012157e-10,
    5.001659642012157e-10,
    5.001659642012157e-10,
    5.001659642012157e-10,
    5.001659642012157e-10,
    5.001659642012157e-10,
    5.001659642012157e-10,
    5.001659642012157e-10
  ],
  "q_err_entropy": [
    1.125628459147918,
    1.084627695572682,
    1.1044873763353398,
    1.1236482430727055,
    1.1254790410017357,
    1.1108024563544836,
    1.1385174500636566,
    1.114815699748504,
    1.11139819255242,
    1.103829903480334,
    1.1161387119537745,
    1.1377034049767714,
    1.1153465142616859,
    1.1268948102608705,
    1.1391506439600236
  ],
  "q_err_gini": [
    0.865517509289277,
    0.8712694048881531,
    0.8691705343050834,
    0.8673428786106598,
    0.8661991495352525,
    0.8691610800914276,
    0.8646113841961591,
    0.8678525686264038,
    0.8672959605852762,
    0.8697542670445565,
    0.8665219621780591,
    0.863548605869978,
    0.8676834610792307,
    0.8659494993014213,
    0.8638355304033328
  ],