{
  "total_loss": [
    3.7411828621839867,
    0.6744204316383753,
    0.5485718831037864,
    0.43645396217321736,
    0.4412279694508284,
    0.39737520806300336,
    0.3885140380798242,
    0.39559712623938537,
    0.39958696105541325,
    0.3947464510416373,
    0.39109694193571043,
    0.39595567148465377,
    0.3909058716052618,
    0.39188174444895524,
    0.3912619474606636
  ],
  "main_loss": [
    3.40218201203224,
    0.6142009252156967,
    0.5011314168954507,
    0.4058111860201909,
    0.40914270740288955,
    0.3803277783668958,
    0.377926950271313,
    0.37949768320108074,
    0.3812278895041881,
    0.37769346512280977,
    0.3783376809114065,
    0.3810695211092631,
    0.3779944930321131,
    0.379310463483517,
    0.3803178576322702
  ],
  "shap_loss": [
    0.11878142066490956,
    0.11472628265619278,
    0.10894306921041928,
    0.11182890030053946,
    0.11693051304572667,
    0.11621199624660687,
    0.11224915717656796,
    0.11156655905338433,
    0.11260268684381093,
    0.11389797314619407,
    0.10791119417318931,
    0.1130153911236005,
    0.10830848988814232,
    0.10955428561339012,
    0.11077200927031346
  ],
  "shap_loss_normalized": [
    0.049993496101636156,
    0.07300310285809712,
    0.046750811191323474,
    0.02243501568833987,
    0.0484786698451409,
    0.050120532226104006,
    0.035200250979799494,
    0.022313312125893738,
    0.022520537750843245,
    0.02277959496355974,
    0.021582239331343234,
    0.02260307838710455,
    0.021661698292845335,
    0.029221535875247076,
    0.03839210277566543
  ],
  "tikhonov_loss": [
    0.0,
    0.0,
    0.0,
    0.0,
    0.0,
    0.0,
    0.0,
    0.0,
    0.0,
    0.0,
    0.0,
    0.0,
    0.0,
    0.0,
    0.0
  ],
  "nonnegativity_loss": [
    0.0,
    0.0,
    0.0,
    0.0,
    0.0,
    0.0,
    0.0,
    0.0,
    0.0,
    0.0,
    0.0,
    0.0,
    0.0,
    0.0,
    0.0
  ],
  "tikhonov_lambda": [
    0.0,
    0.0,
    0.0,
    0.0,
    0.0,
    0.0,
    0.0,
    0.0,
    0.0,
    0.0,
    0.0,
    0.0,
    0.0,
    0.0,
    0.0
  ],
  "nonnegativity_lambda": [
    0.0,
    0.0,
    0.0,
    0.0,
    0.0,
    0.0,
    0.0,
    0.0,
    0.0,
    0.0,
    0.0,
    0.0,
    0.0,
    0.0,
    0.0
  ],
  "shap_scale_factor": [
    0.41790485156304213,
    0.6375771844585396,
    0.4233915529574307,
    0.2006456647034155,
    0.4127114833251595,
    0.4355289392004737,
    0.31242983207703373,
    0.20000000000000004,
    0.20000000000000004,
    0.20000000000000004,
    0.20000000000000004,
    0.20000000000000004,
    0.20000000000000004,
    0.26952961568346184,
    0.34847989312709476
  ],
  "shap_contribution": [
    0.0,
    0.0,
    0.0,
    0.0,
    0.0,
    0.0,
    1.9758435463210426e-05,
    3.5386948300770317e-05,
    9.221973894641567e-05,
    0.00010297497143395818,
    5.359237767175401e-05,
    9.717317525661574e-05,
    0.00019991388007138783,
    0.00021249900293276788,
    7.249862746669888e-05
  ],
  "tikhonov_contribution": [
    0.0,
    0.0,
    0.0,
    0.0,
    0.0,
    0.0,
    0.0,
    0.0,
    0.0,
    0.0,
    0.0,
    0.0,
    0.0,
    0.0,
    0.0
  ],
  "nonnegativity_contribution": [
    0.0,
    0.0,
    0.0,
    0.0,
    0.0,
    0.0,
    0.0,
    0.0,
    0.0,
    0.0,
    0.0,
    0.0,
    0.0,
    0.0,
    0.0
  ],
  "regularization_share": [
    0.08857809043804335,
    0.0885780899938942,
    0.08391608473984252,
    0.0672164166140564,
    0.07119846963224284,
    0.040852408872377476,
    0.023652752071643232,
    0.03929767505639543,
    0.04142952719342361,
    0.0415783432536265,
    0.0317818841027311,
    0.033031959551952685,
    0.030868298166882652,
    0.031042085543670498,
    0.027245479648455088
  ],
  "accuracy_guard_loss": [
    3.024862737991871,
    0.23660580393595573,
    0.12484859541440621,
    0.030733918532347068,
    0.035533829377247736,
    0.006556099041914329,
    0.003635784754386315,
    0.004526152442663143,
    0.006880163000180171,
    0.006632352486634865,
    0.0035994285956407203,
    0.006720934922878559,
    0.0038841297993293176,
    0.0035831358952400014,
    0.005466257150356586
  ],
  "accuracy_guard_contribution": [
    0.3390008645753066,
    0.060219512344935,
    0.047440467068018057,
    0.030642776869428463,
    0.032085259134570755,
    0.017047430746830426,
    0.010567330970213963,
    0.01606405607591837,
    0.018266851894366436,
    0.016950011301117066,
    0.012705666084702198,
    0.0147889805241273,
    0.012711464690092282,
    0.012358782765192863,
    0.010871594819502953
  ],
  "distill_loss": [
    0.0,
    0.0,
    0.0,
    0.0,
    0.0,
    0.0,
    0.0,
    0.0,
    0.0,
    0.0,
    0.0,
    0.0,
    0.0,
    0.0,
    0.0
  ],
  "distill_contribution": [
    0.0,
    0.0,
    0.0,
    0.0,
    0.0,
    0.0,
    0.0,
    0.0,
    0.0,
    0.0,
    0.0,
    0.0,
    0.0,
    0.0,
    0.0
  ],
  "gate_entropy": [
    0.0019005288949045234,
    0.0019002201734110713,
    0.0019002201734110713,
    0.0019002201734110713,
    0.0019002201734110713,
    0.0019002201734110713,
    0.0019002201734110713,
    0.0019002201734110713,
    0.0019002201734110713,
    0.0019002201734110713,
    0.0019002201734110713,
    0.0019002201734110713,
    0.0019002201734110713,
    0.0019002201734110713,
    0.0019002201734110713
  ],
  "gate_min": [
    0.9998998917066134,
    0.9998999834060669,
    0.9998999834060669,
    0.9998999834060669,
    0.9998999834060669,
    0.9998999834060669,
    0.9998999834060669,
    0.9998999834060669,
    0.9998999834060669,
    0.9998999834060669,
    0.9998999834060669,
    0.9998999834060669,
    0.9998999834060669,
    0.9998999834060669,
    0.9998999834060669
  ],
  "gate_max": [
    0.9999000231424967,
    0.9998999834060669,
    0.9998999834060669,
    0.9998999834060669,
    0.9998999834060669,
    0.9998999834060669,
    0.9998999834060669,
    0.9998999834060669,
    0.9998999834060669,
    0.9998999834060669,
    0.9998999834060669,
    0.9998999834060669,
    0.9998999834060669,
    0.9998999834060669,
    0.9998999834060669
  ],
  "gate_anchor_loss": [
    1.0006442944898435e-08,
    1.000331906197971e-08,
    1.000331906197971e-08,
    1.000331906197971e-08,
    1.000331906197971e-08,
    1.000331906197971e-08,
    1.000331906197971e-08,
    1.000331906197971e-08,
    1.000331906197971e-08,
    1.000331906197971e-08,
    1.000331906197971e-08,
    1.000331906197971e-08,
    1.000331906197971e-08,
    1.000331906197971e-08,
    1.000331906197971e-08
  ],
  "gate_anchor_contribution": [
    5.003221654639662e-10,
    5.001659642012157e-10,
    5.001659642012157e-10,
    5.001659642012157e-10,
    5.001659642012157e-10,
    5.001659642012157e-10,
    5.001659642012157e-10,
    5.001659642012157e-10,
    5.001659642012157e-10,
    5.001659642012157e-10,
    5.001659642012157e-10,
    5.001659642012157e-10,
    5.001659642012157e-10,
    5.001659642012157e-10,
    5.001659642012157e-10
  ],
  "q_err_entropy": [
    0.8341341416041056,
    0.8424361111261905,
    0.9006964075259674,
    0.8390830227961907,
    0.8384110300968854,
    0.8073191413512597,
    0.8513998435093806,
    0.8680573992240124,
    0.8436520512287433,
    0.8689727439330175,
    0.8720668065242279,
    0.8497099295640603,
    0.8731535612008511,
    0.880969823935093,
    0.8672363467705555
  ],
  "q_err_gini": [
    0.9007134651526426,
    0.9001777798701556,
    0.8926740762514945,
    0.8994371386674734,
    0.8997752804022568,
    0.9037903027656751,
    0.8971570714926108,
    0.8970047984367762,
    0.8987176693402804,
    0.8958655198415121,
    0.8954679079544849,
    0.8988866744897305,
    0.8953720438174713,
    0.895435631275177,
    0.897952139377594
  ],