{
  "total_loss": [
    3.7948716619075875,
    0.5832577355397053,
    0.43368157973656285,
    0.4378774051482861,
    0.3889544602387991,
    0.37637497522892094,
    0.3719922518118834,
    0.37406748418624586,
    0.3819754448456642,
    0.372335040416473,
    0.3685323213919615,
    0.3753079164486665,
    0.36771667614961284,
    0.370645821476594,
    0.37216983850185686
  ],
  "main_loss": [
    3.4505849358363028,
    0.5323602847563915,
    0.40050073311879086,
    0.40566241588347995,
    0.3710655493614001,
    0.36336123102750534,
    0.36193499580407756,
    0.3613038319043624,
    0.36630897797071016,
    0.3605525799286671,
    0.3608774099594507,
    0.36236651967733335,
    0.3605362066091635,
    0.3611166049272586,
    0.3621942462065281
  ],
  "shap_loss": [
    0.12732063004603753,
    0.12337289941616547,
    0.12411770606652284,
    0.1227103366683691,
    0.1257022315492997,
    0.12300449896317261,
    0.12217164287964503,
    0.12464706026590787,
    0.12274204041713323,
    0.12413897938453235,
    0.12196381504719074,
    0.12305304465385583,
    0.12635852721257088,
    0.11949492073976077,
    0.12317774062737441
  ],
  "shap_loss_normalized": [
    0.05311784950586466,
    0.02468743948982312,
    0.07017820433546336,
    0.026379662064405587,
    0.050128449041109815,
    0.026836914320786793,
    0.024434329034426272,
    0.024929412473470736,
    0.04999405967119413,
    0.02620310226503091,
    0.024392763439279336,
    0.02461060929374817,
    0.025271705709970914,
    0.02389898442496092,
    0.02463554858397215
  ],
  "tikhonov_loss": [
    0.0,
    0.0,
    0.0,
    0.0,
    0.0,
    0.0,
    0.0,
    0.0,
    0.0,
    0.0,
    0.0,
    0.0,
    0.0,
    0.0,
    0.0
  ],
  "nonnegativity_loss": [
    0.0,
    0.0,
    0.0,
    0.0,
    0.0,
    0.0,
    0.0,
    0.0,
    0.0,
    0.0,
    0.0,
    0.0,
    0.0,
    0.0,
    0.0
  ],
  "tikhonov_lambda": [
    0.0,
    0.0,
    0.0,
    0.0,
    0.0,
    0.0,
    0.0,
    0.0,
    0.0,
    0.0,
    0.0,
    0.0,
    0.0,
    0.0,
    0.0
  ],
  "nonnegativity_lambda": [
    0.0,
    0.0,
    0.0,
    0.0,
    0.0,
    0.0,
    0.0,
    0.0,
    0.0,
    0.0,
    0.0,
    0.0,
    0.0,
    0.0,
    0.0
  ],
  "shap_scale_factor": [
    0.41790485156304213,
    0.20010465724751442,
    0.5635931127314375,
    0.21563983279076723,
    0.3999564030182811,
    0.21805310579227552,
    0.20000000000000004,
    0.20000000000000004,
    0.4065617802118937,
    0.21144772859866307,
    0.20000000000000004,
    0.20000000000000004,
    0.20000000000000004,
    0.20000000000000004,
    0.20000000000000004
  ],
  "shap_contribution": [
    0.0,
    0.0,
    0.0,
    0.0,
    0.0,
    0.0,
    1.864271633586703e-05,
    7.333606136410545e-05,
    0.00011562749792714245,
    0.00028031619764918176,
    0.00021806792303836212,
    7.419948442242085e-05,
    0.000554639134162034,
    0.00013990258836808303,
    0.00020494357420083805
  ],
  "tikhonov_contribution": [
    0.0,
    0.0,
    0.0,
    0.0,
    0.0,
    0.0,
    0.0,
    0.0,
    0.0,
    0.0,
    0.0,
    0.0,
    0.0,
    0.0,
    0.0
  ],
  "nonnegativity_contribution": [
    0.0,
    0.0,
    0.0,
    0.0,
    0.0,
    0.0,
    0.0,
    0.0,
    0.0,
    0.0,
    0.0,
    0.0,
    0.0,
    0.0,
    0.0
  ],
  "regularization_share": [
    0.08857808928095598,
    0.08492919586461907,
    0.07556072790672134,
    0.0699390637736105,
    0.0435657865367493,
    0.030704840221664326,
    0.02742708477905375,
    0.03279036130418041,
    0.03923475179171863,
    0.029540683428215937,
    0.019868207677539267,
    0.03220157176963899,
    0.018706487062568618,
    0.02395575104314947,
    0.024407539865804993
  ],
  "accuracy_guard_loss": [
    3.0891363001786747,
    0.17314991775231484,
    0.040275625311411344,
    0.04633865371728555,
    0.01420797178378472,
    0.005952955820621588,
    0.002801060676574707,
    0.0032497999759820793,
    0.00742859450670389,
    0.002813344582533225,
    0.0017453118776663756,
    0.0037052417412782325,
    0.001442575683960548,
    0.002529869476954142,
    0.003810777113987849
  ],
  "accuracy_guard_contribution": [
    0.3442867018091373,
    0.05089745723093168,
    0.03318084609241058,
    0.03221499036328915,
    0.017888911116199616,
    0.013013743819334568,
    0.010038613270108517,
    0.012690317602111744,
    0.015550841553471027,
    0.011502143473197252,
    0.007436845117272475,
    0.012867200785340408,
    0.006625833228612557,
    0.009389315325862322,
    0.009770649556930248
  ],
  "distill_loss": [
    0.0,
    0.0,
    0.0,
    0.0,
    0.0,
    0.0,
    0.0,
    0.0,
    0.0,
    0.0,
    0.0,
    0.0,
    0.0,
    0.0,
    0.0
  ],
  "distill_contribution": [
    0.0,
    0.0,
    0.0,
    0.0,
    0.0,
    0.0,
    0.0,
    0.0,
    0.0,
    0.0,
    0.0,
    0.0,
    0.0,
    0.0,
    0.0
  ],
  "gate_entropy": [
    0.0019005013850684732,
    0.0019002201734110713,
    0.0019002201734110713,
    0.0019002201734110713,
    0.0019002201734110713,
    0.0019002201734110713,
    0.0019002201734110713,
    0.0019002201734110713,
    0.0019002201734110713,
    0.0019002201734110713,
    0.0019002201734110713,
    0.0019002201734110713,
    0.0019002201734110713,
    0.0019002201734110713,
    0.0019002201734110713
  ],
  "gate_min": [
    0.9998999069898556,
    0.9998999834060669,
    0.9998999834060669,
    0.9998999834060669,
    0.9998999834060669,
    0.9998999834060669,
    0.9998999834060669,
    0.9998999834060669,
    0.9998999834060669,
    0.9998999834060669,
    0.9998999834060669,
    0.9998999834060669,
    0.9998999834060669,
    0.9998999834060669,
    0.9998999834060669
  ],
  "gate_max": [
    0.9999000353690906,
    0.9998999834060669,
    0.9998999834060669,
    0.9998999834060669,
    0.9998999834060669,
    0.9998999834060669,
    0.9998999834060669,
    0.9998999834060669,
    0.9998999834060669,
    0.9998999834060669,
    0.9998999834060669,
    0.9998999834060669,
    0.9998999834060669,
    0.9998999834060669,
    0.9998999834060669
  ],
  "gate_anchor_loss": [
    1.0006153216543167e-08,
    1.000331906197971e-08,
    1.000331906197971e-08,
    1.000331906197971e-08,
    1.000331906197971e-08,
    1.000331906197971e-08,
    1.000331906197971e-08,
    1.000331906197971e-08,
    1.000331906197971e-08,
    1.000331906197971e-08,
    1.000331906197971e-08,
    1.000331906197971e-08,
    1.000331906197971e-08,
    1.000331906197971e-08,
    1.000331906197971e-08
  ],
  "gate_anchor_contribution": [
    5.003076799002206e-10,
    5.001659642012157e-10,
    5.001659642012157e-10,
    5.001659642012157e-10,
    5.001659642012157e-10,
    5.001659642012157e-10,
    5.001659642012157e-10,
    5.001659642012157e-10,
    5.001659642012157e-10,
    5.001659642012157e-10,
    5.001659642012157e-10,
    5.001659642012157e-10,
    5.001659642012157e-10,
    5.001659642012157e-10,
    5.001659642012157e-10
  ],
  "q_err_entropy": [
    0.6503821267531469,
    0.7051414885582068,
    0.6837062797485254,
    0.6849731420859312,
    0.6778817023986425,
    0.670514206855725,
    0.651460166160877,
    0.675242352944154,
    0.7025321561556596,
    0.6445962351102096,
    0.6779376864433289,
    0.6481877534817426,
    0.6625184676586053,
    0.678137786877461,
    0.6652092207700778
  ],
  "q_err_gini": [
    0.9127636719972659,
    0.9067729757382319,
    0.9102596930968456,
    0.9101641988142942,
    0.9105131305181063,
    0.9105629584728143,
    0.9129813512166342,
    0.9107485596950238,
    0.907899239124396,
    0.9134679788198227,
    0.9097477381046002,
    0.9136638228709881,
    0.9116916503661718,
    0.9098299955710386,
    0.9115830461184183
  ],