{
  "total_loss": [
    2.9351769914993873,
    0.5309321177311432,
    0.44782249056375945,
    0.43657075671049267,
    0.40426680254630554,
    0.38991011182467145,
    0.36994118377184254,
    0.3655388508087549,
    0.36315334683809525,
    0.3669449480680319,
    0.37393684341357303,
    0.3668071872148758,
    0.36623196189220136,
    0.37054929977808243,
    0.3693174368295914
  ],
  "main_loss": [
    2.669298700797252,
    0.4850896092561575,
    0.4108001956572899,
    0.40265200076959073,
    0.37961980127371275,
    0.36855415503184,
    0.3582507964128103,
    0.3578764536441901,
    0.3562684777455452,
    0.3574754526981941,
    0.3605698148409526,
    0.3580649544795354,
    0.3572365313004225,
    0.35810020336738,
    0.35801591552220857
  ],
  "shap_loss": [
    0.05342832035743273,
    0.05035454330918116,
    0.05005398258948938,
    0.051066130972825564,
    0.050558158984551065,
    0.05234534398485453,
    0.04972686150517219,
    0.051887536946779646,
    0.051268682265893005,
    0.0503933819440695,
    0.05121177883866506,
    0.04902043451483433,
    0.05111265058318774,
    0.05230697817527331,
    0.05112088528963236
  ],
  "shap_loss_normalized": [
    0.022917996280086346,
    0.029696946653227013,
    0.02178353176285059,
    0.02315599062981514,
    0.020839999453761637,
    0.010902854828880383,
    0.009945372477746926,
    0.010377507656812668,
    0.010253736677651223,
    0.010078676546422334,
    0.010242355915789422,
    0.009804087094007393,
    0.010222530302902063,
    0.010461395845199242,
    0.010224177239414973
  ],
  "tikhonov_loss": [
    0.0,
    0.0,
    0.0,
    0.0,
    0.0,
    0.0,
    0.0,
    0.0,
    0.0,
    0.0,
    0.0,
    0.0,
    0.0,
    0.0,
    0.0
  ],
  "nonnegativity_loss": [
    0.0,
    0.0,
    0.0,
    0.0,
    0.0,
    0.0,
    0.0,
    0.0,
    0.0,
    0.0,
    0.0,
    0.0,
    0.0,
    0.0,
    0.0
  ],
  "tikhonov_lambda": [
    0.0,
    0.0,
    0.0,
    0.0,
    0.0,
    0.0,
    0.0,
    0.0,
    0.0,
    0.0,
    0.0,
    0.0,
    0.0,
    0.0,
    0.0
  ],
  "nonnegativity_lambda": [
    0.0,
    0.0,
    0.0,
    0.0,
    0.0,
    0.0,
    0.0,
    0.0,
    0.0,
    0.0,
    0.0,
    0.0,
    0.0,
    0.0,
    0.0
  ],
  "shap_scale_factor": [
    0.41790485156304213,
    0.588856737995063,
    0.43502034219842184,
    0.4512156663218758,
    0.4165630919795245,
    0.2080264935984807,
    0.20000000000000004,
    0.20000000000000004,
    0.20000000000000004,
    0.20000000000000004,
    0.20000000000000004,
    0.20000000000000004,
    0.20000000000000004,
    0.20000000000000004,
    0.20000000000000004
  ],
  "shap_contribution": [
    0.0,
    0.0,
    0.0,
    0.0,
    0.0,
    0.0,
    4.18805216913125e-06,
    1.426470057944803e-05,
    1.224417286348165e-05,
    2.0229126536063493e-05,
    6.979313436134432e-05,
    4.403472662372037e-05,
    5.2150425733252166e-05,
    5.45705422551598e-05,
    6.579011497729554e-05
  ],
  "tikhonov_contribution": [
    0.0,
    0.0,
    0.0,
    0.0,
    0.0,
    0.0,
    0.0,
    0.0,
    0.0,
    0.0,
    0.0,
    0.0,
    0.0,
    0.0,
    0.0
  ],
  "nonnegativity_contribution": [
    0.0,
    0.0,
    0.0,
    0.0,
    0.0,
    0.0,
    0.0,
    0.0,
    0.0,
    0.0,
    0.0,
    0.0,
    0.0,
    0.0,
    0.0
  ],
  "regularization_share": [
    0.08857808987867503,
    0.08389257444523797,
    0.08158508286280537,
    0.07520882735789643,
    0.05738151654885501,
    0.05287579275952023,
    0.028887923028485602,
    0.019124954847296847,
    0.01592978016165996,
    0.024905333211119523,
    0.03295043542566229,
    0.021288105342412017,
    0.024686258018780938,
    0.02985788299442719,
    0.031485210637537384
  ],
  "accuracy_guard_loss": [
    2.311178302153563,
    0.12734017234582168,
    0.05395918702467894,
    0.045444006339097634,
    0.025088528027901284,
    0.016379349124737274,
    0.00362261250997201,
    0.0020824686074868226,
    0.0022411468701484874,
    0.0024536618819603552,
    0.004817678760259579,
    0.002873697342016758,
    0.0028129605910716914,
    0.004257124203902025,
    0.002998951153877454
  ],
  "accuracy_guard_contribution": [
    0.26587830665401924,
    0.045842508236185096,
    0.03702229786759768,
    0.03391875689610457,
    0.024647000460670546,
    0.02135595727043274,
    0.011686200610338112,
    0.007648133983214696,
    0.006872625114061894,
    0.009449267330077978,
    0.013297234590236958,
    0.00869819435935754,
    0.008943281542414274,
    0.012394526639045814,
    0.011235733206073443
  ],
  "distill_loss": [
    0.0,
    0.0,
    0.0,
    0.0,
    0.0,
    0.0,
    0.0,
    0.0,
    0.0,
    0.0,
    0.0,
    0.0,
    0.0,
    0.0,
    0.0
  ],
  "distill_contribution": [
    0.0,
    0.0,
    0.0,
    0.0,
    0.0,
    0.0,
    0.0,
    0.0,
    0.0,
    0.0,
    0.0,
    0.0,
    0.0,
    0.0,
    0.0
  ],
  "gate_entropy": [
    0.0019002629664893716,
    0.0019002201734110713,
    0.0019002201734110713,
    0.0019002201734110713,
    0.0019002201734110713,
    0.0019002201734110713,
    0.0019002201734110713,
    0.0019002201734110713,
    0.0019002201734110713,
    0.0019002201734110713,
    0.0019002201734110713,
    0.0019002201734110713,
    0.0019002201734110713,
    0.0019002201734110713,
    0.0019002201734110713
  ],
  "gate_min": [
    0.9998999100465041,
    0.9998999834060669,
    0.9998999834060669,
    0.9998999834060669,
    0.9998999834060669,
    0.9998999834060669,
    0.9998999834060669,
    0.9998999834060669,
    0.9998999834060669,
    0.9998999834060669,
    0.9998999834060669,
    0.9998999834060669,
    0.9998999834060669,
    0.9998999834060669,
    0.9998999834060669
  ],
  "gate_max": [
    0.9999000598222781,
    0.9998999834060669,
    0.9998999834060669,
    0.9998999834060669,
    0.9998999834060669,
    0.9998999834060669,
    0.9998999834060669,
    0.9998999834060669,
    0.9998999834060669,
    0.9998999834060669,
    0.9998999834060669,
    0.9998999834060669,
    0.9998999834060669,
    0.9998999834060669,
    0.9998999834060669
  ],
  "gate_anchor_loss": [
    1.0003773444949706e-08,
    1.000331906197971e-08,
    1.000331906197971e-08,
    1.000331906197971e-08,
    1.000331906197971e-08,
    1.000331906197971e-08,
    1.000331906197971e-08,
    1.000331906197971e-08,
    1.000331906197971e-08,
    1.000331906197971e-08,
    1.000331906197971e-08,
    1.000331906197971e-08,
    1.000331906197971e-08,
    1.000331906197971e-08,
    1.000331906197971e-08
  ],
  "gate_anchor_contribution": [
    5.001886824956978e-10,
    5.001659642012157e-10,
    5.001659642012157e-10,
    5.001659642012157e-10,
    5.001659642012157e-10,
    5.001659642012157e-10,
    5.001659642012157e-10,
    5.001659642012157e-10,
    5.001659642012157e-10,
    5.001659642012157e-10,
    5.001659642012157e-10,
    5.001659642012157e-10,
    5.001659642012157e-10,
    5.001659642012157e-10,
    5.001659642012157e-10
  ],
  "q_err_entropy": [
    1.891109307607015,
    1.8818342502300556,
    1.8950584821211987,
    1.8720193642836351,
    1.8782869027211115,
    1.8341520871871557,
    1.900568473033416,
    1.8706646760304768,
    1.877405570103572,
    1.9025156589654775,
    1.914009956213144,
    1.9205506214728723,
    1.8706007462281447,
    1.8572462705465465,
    1.8912271750278962
  ],
  "q_err_gini": [
    0.7304980372771238,
    0.7344522842994103,
    0.7297782133787106,
    0.7359443352772639,
    0.734133746379461,
    0.7453671938333756,
    0.7289708088605832,
    0.7378031412760416,
    0.7374553221922654,
    0.7304791135665698,
    0.7282421451348525,
    0.7246679067611694,
    0.7369360220737946,
    0.7427296653772012,
    0.7336604304802723
  ],