{
  "total_loss": [
    3.014554800895544,
    0.6297087317857987,
    0.49673830622281784,
    0.4183087746302287,
    0.40650783479213715,
    0.3958609532087277,
    0.38015635846517026,
    0.3771136361054885,
    0.3770632090476843,
    0.3791589114146355,
    0.3771866139693138,
    0.3769842149355473,
    0.37596636169996017,
    0.3751653654453082,
    0.38520431480346584
  ],
  "main_loss": [
    2.7413702049316506,
    0.5732336754982288,
    0.4591472156536885,
    0.39252092058842,
    0.3833311605147826,
    0.3751604587603838,
    0.3693786557668295,
    0.3678155293067296,
    0.36848473510681057,
    0.3691118925045698,
    0.36770230760941136,
    0.3686248732682986,
    0.3679863592753044,
    0.36669354370007146,
    0.37189310024946165
  ],
  "shap_loss": [
    0.10848751931618421,
    0.10462576628495486,
    0.10903292626906665,
    0.10309929056809498,
    0.10413793359811489,
    0.09811215007152313,
    0.10292162192173493,
    0.10532590231070152,
    0.10228614356273259,
    0.10654554554285148,
    0.10593517525837971,
    0.10311486992316368,
    0.10085291702013749,
    0.10537194766295262,
    0.1091252951285778
  ],
  "shap_loss_normalized": [
    0.047292761265849456,
    0.05608516133939608,
    0.05055154711963274,
    0.043768917090999775,
    0.027785695802706938,
    0.034200770302842826,
    0.04270054619663801,
    0.021389171194571715,
    0.02045722898000326,
    0.021309109452443246,
    0.02118703551017321,
    0.020622974500442162,
    0.02017058379566058,
    0.021074389800047263,
    0.021825059484212827
  ],
  "tikhonov_loss": [
    0.0,
    0.0,
    0.0,
    0.0,
    0.0,
    0.0,
    0.0,
    0.0,
    0.0,
    0.0,
    0.0,
    0.0,
    0.0,
    0.0,
    0.0
  ],
  "nonnegativity_loss": [
    0.0,
    0.0,
    0.0,
    0.0,
    0.0,
    0.0,
    0.0,
    0.0,
    0.0,
    0.0,
    0.0,
    0.0,
    0.0,
    0.0,
    0.0
  ],
  "tikhonov_lambda": [
    0.0,
    0.0,
    0.0,
    0.0,
    0.0,
    0.0,
    0.0,
    0.0,
    0.0,
    0.0,
    0.0,
    0.0,
    0.0,
    0.0,
    0.0
  ],
  "nonnegativity_lambda": [
    0.0,
    0.0,
    0.0,
    0.0,
    0.0,
    0.0,
    0.0,
    0.0,
    0.0,
    0.0,
    0.0,
    0.0,
    0.0,
    0.0,
    0.0
  ],
  "shap_scale_factor": [
    0.41790485156304213,
    0.5360806690246621,
    0.46381703153509063,
    0.41881687991409494,
    0.26984794814465146,
    0.34847989312709476,
    0.41481398786668844,
    0.2031955209438683,
    0.20000000000000004,
    0.20000000000000004,
    0.20000000000000004,
    0.20000000000000004,
    0.20000000000000004,
    0.20000000000000004,
    0.20000000000000004
  ],
  "shap_contribution": [
    0.0,
    0.0,
    0.0,
    0.0,
    0.0,
    0.0,
    2.8665369229248685e-05,
    3.83751058763711e-05,
    2.77872677076793e-05,
    3.4993272912778106e-05,
    4.785238688316148e-05,
    0.00021183711158720634,
    0.00012733064571735807,
    0.00015011432995566,
    0.00011677633581432299
  ],
  "tikhonov_contribution": [
    0.0,
    0.0,
    0.0,
    0.0,
    0.0,
    0.0,
    0.0,
    0.0,
    0.0,
    0.0,
    0.0,
    0.0,
    0.0,
    0.0,
    0.0
  ],
  "nonnegativity_contribution": [
    0.0,
    0.0,
    0.0,
    0.0,
    0.0,
    0.0,
    0.0,
    0.0,
    0.0,
    0.0,
    0.0,
    0.0,
    0.0,
    0.0,
    0.0
  ],
  "regularization_share": [
    0.08857808923506343,
    0.08857809003905291,
    0.07025804435227957,
    0.05834043675462716,
    0.053429597374688706,
    0.051725954975688375,
    0.0264578505551442,
    0.020330561007691667,
    0.02347402203887696,
    0.024771226404855,
    0.024202787359147583,
    0.01976027962006631,
    0.019179289058106973,
    0.02207598150786535,
    0.03438795187695948
  ],
  "accuracy_guard_loss": [
    2.372660665940016,
    0.2040975361298292,
    0.09143664592351669,
    0.024686581049209986,
    0.014601620726096325,
    0.009014836870706998,
    0.0029581739352299618,
    0.0027379699242420685,
    0.001967353698534843,
    0.003859688074160845,
    0.003693961180173434,
    0.002825701083892431,
    0.0015825858482947717,
    0.0017640903974190736,
    0.00758914114573063
  ],
  "accuracy_guard_contribution": [
    0.2731845822089758,
    0.05647506120686348,
    0.03759109023480843,
    0.0257878561432545,
    0.02317667528031728,
    0.02070049387522233,
    0.010749039073020984,
    0.009259732965475474,
    0.008550687048297662,
    0.010012030219420409,
    0.009436455340339588,
    0.00814750312994688,
    0.007852672575375972,
    0.008321708975694118,
    0.013194435491011692
  ],
  "distill_loss": [
    0.0,
    0.0,
    0.0,
    0.0,
    0.0,
    0.0,
    0.0,
    0.0,
    0.0,
    0.0,
    0.0,
    0.0,
    0.0,
    0.0,
    0.0
  ],
  "distill_contribution": [
    0.0,
    0.0,
    0.0,
    0.0,
    0.0,
    0.0,
    0.0,
    0.0,
    0.0,
    0.0,
    0.0,
    0.0,
    0.0,
    0.0,
    0.0
  ],
  "gate_entropy": [
    0.0019005319515529734,
    0.0019002201734110713,
    0.0019002201734110713,
    0.0019002201734110713,
    0.0019002201734110713,
    0.0019002201734110713,
    0.0019002201734110713,
    0.0019002201734110713,
    0.0019002201734110713,
    0.0019002201734110713,
    0.0019002201734110713,
    0.0019002201734110713,
    0.0019002201734110713,
    0.0019002201734110713,
    0.0019002201734110713
  ],
  "gate_min": [
    0.9998998917066134,
    0.9998999834060669,
    0.9998999834060669,
    0.9998999834060669,
    0.9998999834060669,
    0.9998999834060669,
    0.9998999834060669,
    0.9998999834060669,
    0.9998999834060669,
    0.9998999834060669,
    0.9998999834060669,
    0.9998999834060669,
    0.9998999834060669,
    0.9998999834060669,
    0.9998999834060669
  ],
  "gate_max": [
    0.9999000506523328,
    0.9998999834060669,
    0.9998999834060669,
    0.9998999834060669,
    0.9998999834060669,
    0.9998999834060669,
    0.9998999834060669,
    0.9998999834060669,
    0.9998999834060669,
    0.9998999834060669,
    0.9998999834060669,
    0.9998999834060669,
    0.9998999834060669,
    0.9998999834060669,
    0.9998999834060669
  ],
  "gate_anchor_loss": [
    1.0006443263731713e-08,
    1.000331906197971e-08,
    1.000331906197971e-08,
    1.000331906197971e-08,
    1.000331906197971e-08,
    1.000331906197971e-08,
    1.000331906197971e-08,
    1.000331906197971e-08,
    1.000331906197971e-08,
    1.000331906197971e-08,
    1.000331906197971e-08,
    1.000331906197971e-08,
    1.000331906197971e-08,
    1.000331906197971e-08,
    1.000331906197971e-08
  ],
  "gate_anchor_contribution": [
    5.003221796975947e-10,
    5.001659642012157e-10,
    5.001659642012157e-10,
    5.001659642012157e-10,
    5.001659642012157e-10,
    5.001659642012157e-10,
    5.001659642012157e-10,
    5.001659642012157e-10,
    5.001659642012157e-10,
    5.001659642012157e-10,
    5.001659642012157e-10,
    5.001659642012157e-10,
    5.001659642012157e-10,
    5.001659642012157e-10,
    5.001659642012157e-10
  ],
  "q_err_entropy": [
    1.0294947135142791,
    0.9497912220465832,
    0.9413123581653986,
    0.9861055108217093,
    0.9836042538667337,
    0.994671567892417,
    0.9888156148103567,
    0.9629669403418516,
    1.0213602918844957,
    0.9417952772898551,
    0.9757377856817001,
    1.010549823443095,
    0.9973337115385593,
    0.9734654227892557,
    0.9229206305283767
  ],
  "q_err_gini": [
    0.8767510239894574,
    0.8869170806346796,
    0.8865610773746784,
    0.8829309237308991,
    0.8833027008252267,
    0.8804413248331119,
    0.8820843283946698,
    0.8862354220488132,
    0.8786225089660058,
    0.8878221527124063,
    0.883651730341789,
    0.8799556799424,
    0.8807087571193011,
    0.8838925499182481,
    0.8899246759903736
  ],