{
  "total_loss": [
    4.482164139931019,
    0.6068993654006567,
    0.4698639405079377,
    0.41217864935214704,
    0.41084531866587126,
    0.4043854941160251,
    0.39003380827414685,
    0.3836419796332335,
    0.38555212700978303,
    0.38679785567980546,
    0.37773085786746097,
    0.3845833024153343,
    0.38257379218553883,
    0.3839813692447467,
    0.3902075882905569
  ],
  "main_loss": [
    4.075339884330065,
    0.5525159331468436,
    0.4312243018394861,
    0.38868342148951995,
    0.3880490446702028,
    0.3821934094795814,
    0.3752284229565889,
    0.3752667896258525,
    0.3736454542630758,
    0.3738088508447011,
    0.37225400178860396,
    0.37274889189463395,
    0.37274661048864705,
    0.3731583838279431,
    0.3751207548074233
  ],
  "shap_loss": [
    0.13666822016239166,
    0.1312655779795769,
    0.12819972825356019,
    0.1308294230928788,
    0.1266469405247615,
    0.12784976588609892,
    0.12601361251794374,
    0.13409150219880617,
    0.1293535339526641,
    0.12937008436673728,
    0.1322054616533793,
    0.13483607272307077,
    0.13026837928172869,
    0.130109863785597,
    0.12863778533079687
  ],
  "shap_loss_normalized": [
    0.058138326526834413,
    0.026266253816011626,
    0.05218908639672475,
    0.05491956480993675,
    0.02786151677943193,
    0.025569953454228547,
    0.05194302624425827,
    0.026904994000991184,
    0.02587070722037401,
    0.052916012274531216,
    0.02775132039991709,
    0.026967214898039132,
    0.02605367638170719,
    0.02602197320606464,
    0.025727557448240426
  ],
  "tikhonov_loss": [
    0.0,
    0.0,
    0.0,
    0.0,
    0.0,
    0.0,
    0.0,
    0.0,
    0.0,
    0.0,
    0.0,
    0.0,
    0.0,
    0.0,
    0.0
  ],
  "nonnegativity_loss": [
    0.0,
    0.0,
    0.0,
    0.0,
    0.0,
    0.0,
    0.0,
    0.0,
    0.0,
    0.0,
    0.0,
    0.0,
    0.0,
    0.0,
    0.0
  ],
  "tikhonov_lambda": [
    0.0,
    0.0,
    0.0,
    0.0,
    0.0,
    0.0,
    0.0,
    0.0,
    0.0,
    0.0,
    0.0,
    0.0,
    0.0,
    0.0,
    0.0
  ],
  "nonnegativity_lambda": [
    0.0,
    0.0,
    0.0,
    0.0,
    0.0,
    0.0,
    0.0,
    0.0,
    0.0,
    0.0,
    0.0,
    0.0,
    0.0,
    0.0,
    0.0
  ],
  "shap_scale_factor": [
    0.41790485156304213,
    0.20010465724751442,
    0.39731460037647853,
    0.4179048515630423,
    0.22069490843407813,
    0.20000000000000004,
    0.4173638441071411,
    0.2006456647034155,
    0.20000000000000004,
    0.4083635820136955,
    0.20964592679686128,
    0.20000000000000004,
    0.20000000000000004,
    0.20000000000000004,
    0.20000000000000004
  ],
  "shap_contribution": [
    0.0,
    0.0,
    0.0,
    0.0,
    0.0,
    0.0,
    7.01574914646932e-05,
    0.00013674383883018239,
    7.491284104150672e-05,
    0.00032981430913190334,
    0.00030912064577046875,
    0.001226112477105254,
    0.0005606517034511154,
    0.0005049345379050535,
    0.0006235675275839197
  ],
  "tikhonov_contribution": [
    0.0,
    0.0,
    0.0,
    0.0,
    0.0,
    0.0,
    0.0,
    0.0,
    0.0,
    0.0,
    0.0,
    0.0,
    0.0,
    0.0,
    0.0
  ],
  "nonnegativity_contribution": [
    0.0,
    0.0,
    0.0,
    0.0,
    0.0,
    0.0,
    0.0,
    0.0,
    0.0,
    0.0,
    0.0,
    0.0,
    0.0,
    0.0,
    0.0
  ],
  "regularization_share": [
    0.08857808997019781,
    0.08857809025718572,
    0.07874152652583276,
    0.054744530881689374,
    0.054635308294056384,
    0.048881429213411584,
    0.03532748549092909,
    0.022238474625143428,
    0.028868300448552986,
    0.03205955390472459,
    0.014225996536633843,
    0.028981545641727714,
    0.022644685239718465,
    0.02547397744787115,
    0.036113560258989305
  ],
  "accuracy_guard_loss": [
    3.702181802346156,
    0.1795181066561968,
    0.06028742209458963,
    0.017661838959424924,
    0.017436434825261433,
    0.014111242997340666,
    0.004966197105554434,
    0.00363390109477899,
    0.0037889048839226747,
    0.0038514420008048033,
    0.0013517576914567214,
    0.003425493836402893,
    0.001999097756850414,
    0.002737736090635642,
    0.004650626809169085
  ],
  "accuracy_guard_contribution": [
    0.40682434128263056,
    0.05438343287469485,
    0.038639638907252215,
    0.023495225856701534,
    0.02279627284942529,
    0.022192082869318817,
    0.014735226734326435,
    0.00823844888080389,
    0.011831758782649651,
    0.012659189745019644,
    0.005167734880860035,
    0.010608299038349053,
    0.009266531333709374,
    0.010318050781885782,
    0.014463264351853957
  ],
  "distill_loss": [
    0.0,
    0.0,
    0.0,
    0.0,
    0.0,
    0.0,
    0.0,
    0.0,
    0.0,
    0.0,
    0.0,
    0.0,
    0.0,
    0.0,
    0.0
  ],
  "distill_contribution": [
    0.0,
    0.0,
    0.0,
    0.0,
    0.0,
    0.0,
    0.0,
    0.0,
    0.0,
    0.0,
    0.0,
    0.0,
    0.0,
    0.0,
    0.0
  ],
  "gate_entropy": [
    0.0019004463653963727,
    0.0019002201734110713,
    0.0019002201734110713,
    0.0019002201734110713,
    0.0019002201734110713,
    0.0019002201734110713,
    0.0019002201734110713,
    0.0019002201734110713,
    0.0019002201734110713,
    0.0019002201734110713,
    0.0019002201734110713,
    0.0019002201734110713,
    0.0019002201734110713,
    0.0019002201734110713,
    0.0019002201734110713
  ],
  "gate_min": [
    0.9998998947632618,
    0.9998999834060669,
    0.9998999834060669,
    0.9998999834060669,
    0.9998999834060669,
    0.9998999834060669,
    0.9998999834060669,
    0.9998999834060669,
    0.9998999834060669,
    0.9998999834060669,
    0.9998999834060669,
    0.9998999834060669,
    0.9998999834060669,
    0.9998999834060669,
    0.9998999834060669
  ],
  "gate_max": [
    0.9998999864627154,
    0.9998999834060669,
    0.9998999834060669,
    0.9998999834060669,
    0.9998999834060669,
    0.9998999834060669,
    0.9998999834060669,
    0.9998999834060669,
    0.9998999834060669,
    0.9998999834060669,
    0.9998999834060669,
    0.9998999834060669,
    0.9998999834060669,
    0.9998999834060669,
    0.9998999834060669
  ],
  "gate_anchor_loss": [
    1.0005605460970074e-08,
    1.000331906197971e-08,
    1.000331906197971e-08,
    1.000331906197971e-08,
    1.000331906197971e-08,
    1.000331906197971e-08,
    1.000331906197971e-08,
    1.000331906197971e-08,
    1.000331906197971e-08,
    1.000331906197971e-08,
    1.000331906197971e-08,
    1.000331906197971e-08,
    1.000331906197971e-08,
    1.000331906197971e-08,
    1.000331906197971e-08
  ],
  "gate_anchor_contribution": [
    5.002802915522208e-10,
    5.001659642012157e-10,
    5.001659642012157e-10,
    5.001659642012157e-10,
    5.001659642012157e-10,
    5.001659642012157e-10,
    5.001659642012157e-10,
    5.001659642012157e-10,
    5.001659642012157e-10,
    5.001659642012157e-10,
    5.001659642012157e-10,
    5.001659642012157e-10,
    5.001659642012157e-10,
    5.001659642012157e-10,
    5.001659642012157e-10
  ],
  "q_err_entropy": [
    0.44077661366034776,
    0.5450326206210332,
    0.477729143622594,
    0.514818016344156,
    0.5438307103438255,
    0.5323532061317028,
    0.5142279807955791,
    0.4509680383862593,
    0.5308425021477234,
    0.481622121655024,
    0.49957123742653775,
    0.4320262661920144,
    0.47519076806612504,
    0.5331538212605011,
    0.5166945384863095
  ],
  "q_err_gini": [
    0.9275862849675692,
    0.921126018732022,
    0.9259595748705741,
    0.922967655536456,
    0.9206507710310129,
    0.9230202253048236,
    0.923384013848427,
    0.9280707866717608,
    0.9228302439053854,
    0.9260185773556049,
    0.9250686993965735,
    0.9294979205498328,
    0.9251533227089124,
    0.9228268067042033,
    0.9232248159555289
  ],