{
  "total_loss": [
    2.708057891864043,
    0.6783433518348596,
    0.44362750038122517,
    0.4453081488609314,
    0.4337567732884334,
    0.4033506768636214,
    0.3944556934711261,
    0.3947032369100131,
    0.3926679633366756,
    0.38568804814265323,
    0.3917791029581657,
    0.3915037764952733,
    0.38823881630714124,
    0.3891719220540462,
    0.38864310811727476
  ],
  "main_loss": [
    2.4628864282216782,
    0.6180330339150552,
    0.4118745082463974,
    0.4125598661410503,
    0.4069731808625735,
    0.3846922367811203,
    0.38081927100817364,
    0.3799838652977577,
    0.37965587851328725,
    0.376399502540246,
    0.37834024009032124,
    0.37974245387774247,
    0.3778610951625384,
    0.37942814177427536,
    0.3783332999700155
  ],
  "shap_loss": [
    0.1293784886216506,
    0.1311032447295311,
    0.12680093485575455,
    0.12370095058129384,
    0.12386828164259593,
    0.1254037863168961,
    0.12045268408763103,
    0.1259364392130803,
    0.1267703496492826,
    0.1273501727443475,
    0.12412739793459575,
    0.1266978491957371,
    0.12533105585055473,
    0.12748084522974798,
    0.12653714685867995
  ],
  "shap_loss_normalized": [
    0.056958548533610806,
    0.0695198284318814,
    0.06008268415163725,
    0.0467463135241698,
    0.024773656892088745,
    0.025080757645460274,
    0.02409053722826334,
    0.025187288196041033,
    0.025354070254625417,
    0.025470034959606636,
    0.0248254799307921,
    0.025339570183020372,
    0.02506621153308795,
    0.025496169494894836,
    0.025307429667848807
  ],
  "tikhonov_loss": [
    0.0,
    0.0,
    0.0,
    0.0,
    0.0,
    0.0,
    0.0,
    0.0,
    0.0,
    0.0,
    0.0,
    0.0,
    0.0,
    0.0,
    0.0
  ],
  "nonnegativity_loss": [
    0.0,
    0.0,
    0.0,
    0.0,
    0.0,
    0.0,
    0.0,
    0.0,
    0.0,
    0.0,
    0.0,
    0.0,
    0.0,
    0.0,
    0.0
  ],
  "tikhonov_lambda": [
    0.0,
    0.0,
    0.0,
    0.0,
    0.0,
    0.0,
    0.0,
    0.0,
    0.0,
    0.0,
    0.0,
    0.0,
    0.0,
    0.0,
    0.0
  ],
  "nonnegativity_lambda": [
    0.0,
    0.0,
    0.0,
    0.0,
    0.0,
    0.0,
    0.0,
    0.0,
    0.0,
    0.0,
    0.0,
    0.0,
    0.0,
    0.0,
    0.0
  ],
  "shap_scale_factor": [
    0.4382039968621875,
    0.5301808108980833,
    0.4686513649598794,
    0.37931487011591797,
    0.20000000000000004,
    0.20000000000000004,
    0.20000000000000004,
    0.20000000000000004,
    0.20000000000000004,
    0.20000000000000004,
    0.20000000000000004,
    0.20000000000000004,
    0.20000000000000004,
    0.20000000000000004,
    0.20000000000000004
  ],
  "shap_contribution": [
    0.0,
    0.0,
    0.0,
    0.0,
    0.0,
    0.0,
    6.545184113257654e-06,
    1.1349197976438192e-05,
    4.8533445899524035e-05,
    4.598796691332096e-05,
    4.6825632521993095e-05,
    5.8177223810418626e-05,
    6.706648081233606e-05,
    4.6340516909810664e-05,
    5.025846519110462e-05
  ],
  "tikhonov_contribution": [
    0.0,
    0.0,
    0.0,
    0.0,
    0.0,
    0.0,
    0.0,
    0.0,
    0.0,
    0.0,
    0.0,
    0.0,
    0.0,
    0.0,
    0.0
  ],
  "nonnegativity_contribution": [
    0.0,
    0.0,
    0.0,
    0.0,
    0.0,
    0.0,
    0.0,
    0.0,
    0.0,
    0.0,
    0.0,
    0.0,
    0.0,
    0.0,
    0.0
  ],
  "regularization_share": [
    0.08857808902920775,
    0.08785657309192955,
    0.06889023239412147,
    0.06728248381079456,
    0.05628837649139681,
    0.04312918644518415,
    0.03220624448908246,
    0.035943691592212335,
    0.029222558305411653,
    0.020692903365188937,
    0.030816728819702783,
    0.02767666933793815,
    0.02556324309477414,
    0.02345345904164109,
    0.02679809785501149
  ],
  "accuracy_guard_loss": [
    2.084677184239412,
    0.23987826170065465,
    0.035819243926268354,
    0.036549325936879866,
    0.031390164907162,
    0.00792085207425631,
    0.005627145369847615,
    0.004901648331911136,
    0.0035877678638849505,
    0.0028825440467932285,
    0.003253056452824519,
    0.004872332016626994,
    0.002681482296723586,
    0.003909546977434403,
    0.0028475778989302805
  ],
  "accuracy_guard_contribution": [
    0.24517146966014153,
    0.06031032068989216,
    0.03175299055874348,
    0.03274828486908705,
    0.026783590133373555,
    0.018658440082501143,
    0.013629877892060157,
    0.014708022228800334,
    0.012963552410021806,
    0.009242556607111907,
    0.013392038500079742,
    0.011703148245429382,
    0.010310654934400167,
    0.0096974416803091,
    0.010259552118487848
  ],
  "distill_loss": [
    0.0,
    0.0,
    0.0,
    0.0,
    0.0,
    0.0,
    0.0,
    0.0,
    0.0,
    0.0,
    0.0,
    0.0,
    0.0,
    0.0,
    0.0
  ],
  "distill_contribution": [
    0.0,
    0.0,
    0.0,
    0.0,
    0.0,
    0.0,
    0.0,
    0.0,
    0.0,
    0.0,
    0.0,
    0.0,
    0.0,
    0.0,
    0.0
  ],
  "gate_entropy": [
    0.0019003332694037221,
    0.0019002201734110713,
    0.0019002201734110713,
    0.0019002201734110713,
    0.0019002201734110713,
    0.0019002201734110713,
    0.0019002201734110713,
    0.0019002201734110713,
    0.0019002201734110713,
    0.0019002201734110713,
    0.0019002201734110713,
    0.0019002201734110713,
    0.0019002201734110713,
    0.0019002201734110713,
    0.0019002201734110713
  ],
  "gate_min": [
    0.9998999131031525,
    0.9998999834060669,
    0.9998999834060669,
    0.9998999834060669,
    0.9998999834060669,
    0.9998999834060669,
    0.9998999834060669,
    0.9998999834060669,
    0.9998999834060669,
    0.9998999834060669,
    0.9998999834060669,
    0.9998999834060669,
    0.9998999834060669,
    0.9998999834060669,
    0.9998999834060669
  ],
  "gate_max": [
    0.9999000781621689,
    0.9998999834060669,
    0.9998999834060669,
    0.9998999834060669,
    0.9998999834060669,
    0.9998999834060669,
    0.9998999834060669,
    0.9998999834060669,
    0.9998999834060669,
    0.9998999834060669,
    0.9998999834060669,
    0.9998999834060669,
    0.9998999834060669,
    0.9998999834060669,
    0.9998999834060669
  ],
  "gate_anchor_loss": [
    1.0004416622768403e-08,
    1.000331906197971e-08,
    1.000331906197971e-08,
    1.000331906197971e-08,
    1.000331906197971e-08,
    1.000331906197971e-08,
    1.000331906197971e-08,
    1.000331906197971e-08,
    1.000331906197971e-08,
    1.000331906197971e-08,
    1.000331906197971e-08,
    1.000331906197971e-08,
    1.000331906197971e-08,
    1.000331906197971e-08,
    1.000331906197971e-08
  ],
  "gate_anchor_contribution": [
    5.002208348391636e-10,
    5.001659642012157e-10,
    5.001659642012157e-10,
    5.001659642012157e-10,
    5.001659642012157e-10,
    5.001659642012157e-10,
    5.001659642012157e-10,
    5.001659642012157e-10,
    5.001659642012157e-10,
    5.001659642012157e-10,
    5.001659642012157e-10,
    5.001659642012157e-10,
    5.001659642012157e-10,
    5.001659642012157e-10,
    5.001659642012157e-10
  ],
  "q_err_entropy": [
    0.9446150079751626,
    0.8746655415265988,
    0.9316195524655856,
    0.9972229966750512,
    0.947149782608717,
    0.9600785970687866,
    1.023073286582262,
    0.9525599525525019,
    0.925093303888272,
    0.9536245511128352,
    0.9619379395093673,
    0.950704521093613,
    0.9559015539976267,
    0.9135573781453646,
    0.9195284079282712
  ],
  "q_err_gini": [
    0.885139422538953,
    0.8903043147845145,
    0.8867794229434087,
    0.8778011768292158,
    0.8842946627201178,
    0.8838141789803138,
    0.8746599707847986,
    0.8839470102236822,
    0.8866460139934833,
    0.8836756516725589,
    0.8833328057558109,
    0.8845657522861774,
    0.8834276841236994,
    0.888793700780624,
    0.8879560919908377
  ],