{
  "timestamp": "20260502_215913_sml_rankval10_ckpt_s47",
  "tag": "sml_rankval10_ckpt_s47",
  "config_path": "/tmp/tmpqg7t5a38.yaml",
  "config_sha256": "10d544895c5464af79e8cfc837bc2c8ac06eccbdf60a70c209b4df7fc2b3fec8",
  "effective_config_sha256": "4e93f8dbf7f8559580a0b5f7fb8c7f5e09c8c8d8ba10b48fdbf7472b0ddad300",
  "run_meta": {
    "fast_mode": true,
    "inprocess_mode": true,
    "tag_prefix": "sml_rankval10_ckpt"
  },
  "model_state": "anfis_model_state_20260502_215913_sml_rankval10_ckpt_s47.pt",
  "model_state_path": "/home/lebedeffson/Code/bonner-shap-reconstruction/results/sml2010_ea_rank_val/anfis_model_state_20260502_215913_sml_rankval10_ckpt_s47.pt",
  "train_size": 3309,
  "shap_train_size": 2481,
  "test_size": 828,
  "vanilla_train_count": 3309,
  "shap_train_count": 2481,
  "real_test_count": 828,
  "normalize_sum": false,
  "metrics": {
    "mse": 0.465669743399437,
    "rmse": 0.6823999878366331,
    "mae": 0.5121744933538396,
    "r2": 0.9585720456746056,
    "r2_weighted": 0.9585720456746056,
    "r2_mean": 0.9585723541883672
  },
  "vanilla_metrics": {
    "mse": 0.4657361609609214,
    "rmse": 0.6824486507869448,
    "mae": 0.5120300066878835,
    "r2": 0.9585661368867952,
    "r2_weighted": 0.9585661368867952,
    "r2_mean": 0.9585664389128281
  },
  "shap_metrics": {
    "mse": 0.465669743399437,
    "rmse": 0.6823999878366331,
    "mae": 0.5121744933538396,
    "r2": 0.9585720456746056,
    "r2_weighted": 0.9585720456746056,
    "r2_mean": 0.9585723541883672
  },
  "band_metrics": {
    "all_outputs": {
      "mse": 0.465669743399437,
      "rmse": 0.6823999878366331,
      "mae": 0.5121744933538396,
      "r2": 0.9585723541883673
    }
  },
  "metrics_source": "shap",
  "shap_config_enabled": true,
  "shap_applied": true,
  "shap_rejected": false,
  "effective_ea_config": {
    "autonomous_error_shap": true,
    "error_importance_mode": "permute",
    "error_importance_ema_beta": 0.9,
    "grad_importance_ema_beta": 0.9,
    "error_target_rho": 0.3,
    "ea_alignment_loss": "cosine_mse",
    "ea_alignment_alpha": 0.5,
    "ea_warmup_fraction": 0.4,
    "ea_bypass_legacy_normalization": true,
    "ea_use_grad_balance": true,
    "ea_target_grad_ratio": 0.01,
    "ea_scale_min": 0.1,
    "ea_scale_max": 10000.0,
    "debug_grad_norms": true,
    "grad_norm_interval": 20,
    "fast_mode": true,
    "inprocess_mode": true
  },
  "training_time_total": 27.224501371383667,
  "training_time_shap": 20.191777229309082,
  "saved_files": {
    "predictions": "predictions_20260502_215913_sml_rankval10_ckpt_s47.npy",
    "targets_test": "targets_test_20260502_215913_sml_rankval10_ckpt_s47.npy",
    "metrics_csv": "metrics_20260502_215913_sml_rankval10_ckpt_s47.csv",
    "feature_importance": "feature_importance_20260502_215913_sml_rankval10_ckpt_s47.csv",
    "shap": {
      "feature_importance_shap": "feature_importance_shap_20260502_215913_sml_rankval10_ckpt_s47.csv",
      "history": "shap_history_20260502_215913_sml_rankval10_ckpt_s47.json"
    }
  },
  "diagnostics": {
    "prediction_stats": {
      "mean": 20.357977029206097,
      "std": 3.3153529091439964,
      "min": 11.840825080871582,
      "max": 30.858409881591797,
      "zero_fraction": 0.0,
      "negative_fraction": 0.0,
      "negative_count": 0
    },
    "target_stats": {
      "mean": 20.364766545893723,
      "std": 3.3570617420169913,
      "min": 11.0893,
      "max": 28.924
    },
    "coeff_stats": {
      "mean": 0.5167124201392733,
      "std": 2.60671672415696,
      "min": -6.848499298095703,
      "max": 22.37783432006836,
      "abs_mean": 1.2033059812730467,
      "finite_fraction": 1.0,
      "nonzero": 480,
      "total": 480
    },
    "nonfinite_parameters": {},
    "regularization": {
      "active_components": [
        "sparsity"
      ],
      "shap_contribution": {
        "mean": 0.00014348181593803983,
        "last": 0.0005644185890933165,
        "max": 0.0005644185890933165
      },
      "tikhonov_contribution": {
        "mean": 0.0,
        "last": 0.0,
        "max": 0.0
      },
      "nonnegativity_contribution": {
        "mean": 0.0,
        "last": 0.0,
        "max": 0.0
      },
      "regularization_share": {
        "mean": 0.047432095637271535,
        "last": 0.03685490446157622,
        "max": 0.0885780897338686
      },
      "shap_scale_factor": {
        "mean": 0.2935093897264248,
        "last": 0.20000000000000004,
        "max": 0.4975304167369634
      },
      "shap_loss_normalized": {
        "mean": 0.032481038197875026,
        "last": 0.020990649190468665,
        "max": 0.05563891416367812
      },
      "nonnegativity_loss": {
        "mean": 0.0,
        "last": 0.0,
        "max": 0.0
      },
      "component_terms": {
        "consistency": {
          "mean": 0.10204946151655962,
          "last": 0.09720963965623806,
          "max": 0.11105500352688324
        },
        "sparsity": {
          "mean": 0.9472736722383743,
          "last": 0.9472736716270447,
          "max": 0.9472736746836932
        },
        "faithfulness": {
          "mean": 0.39320858716964724,
          "last": 0.38551875413992465,
          "max": 0.42560615524267537
        },
        "stability": {
          "mean": 0.0,
          "last": 0.0,
          "max": 0.0
        }
      },
      "component_weights": {
        "consistency": {
          "mean": 1.0,
          "last": 1.0,
          "max": 1.0
        },
        "sparsity": {
          "mean": 0.0,
          "last": 0.0,
          "max": 0.0
        },
        "faithfulness": {
          "mean": 0.0,
          "last": 0.0,
          "max": 0.0
        },
        "stability": {
          "mean": 0.0,
          "last": 0.0,
          "max": 0.0
        }
      },
      "weighted_component_signal": {
        "consistency": {
          "mean": 0.10204946151655962,
          "last": 0.09720963965623806,
          "max": 0.11105500352688324
        },
        "sparsity": {
          "mean": 0.0,
          "last": 0.0,
          "max": 0.0
        },
        "faithfulness": {
          "mean": 0.0,
          "last": 0.0,
          "max": 0.0
        },
        "stability": {
          "mean": 0.0,
          "last": 0.0,
          "max": 0.0
        }
      },
      "dominant_shap_component": "consistency",
      "dominant_regularizer": "shap"
    }
  },
  "dataset_settings": {
    "train_limit": null,
    "train_fraction": null,
    "mix_with_real": false,
    "mix_ratio": 0.0,
    "synthetic_test_size": 0.2,
    "test_size": 0.2,
    "real_data_split": {
      "train": 0.6,
      "validation": 0.2,
      "test": 0.2
    },
    "random_state": 47,
    "shap_uses_real_data_only": true,
    "test_uses_real_data_only": true
  },
  "band_metrics_denorm": {},
  "shap_files": {
    "feature_importance_shap": "feature_importance_shap_20260502_215913_sml_rankval10_ckpt_s47.csv",
    "history": "shap_history_20260502_215913_sml_rankval10_ckpt_s47.json"
  }
}