{
  "total_loss": [
    19.217613716920216,
    3.4824446179927926,
    4.028739308699583,
    2.61781022640375,
    1.8464396351423018,
    2.321055300724812,
    2.353437853165162,
    3.3502654907030935,
    3.267565843386528,
    4.381635835537543,
    2.3547441959381104,
    2.611543228993049,
    2.809093264433054,
    2.998241684375665,
    2.2930463613607945
  ],
  "main_loss": [
    19.212389834416218,
    3.4782007871529994,
    4.022359577509073,
    2.6113085548082986,
    1.8414121025647872,
    2.316966075163621,
    2.347994087598263,
    3.343433149349995,
    3.261440918995784,
    4.375907902534191,
    2.350899358590444,
    2.6057830315369825,
    2.8007808098426232,
    2.9933257622596545,
    2.289028835602296
  ],
  "shap_loss": [
    0.07485254739339535,
    0.07568081277303207,
    0.07570045613325559,
    0.07612679115472695,
    0.07610643521333352,
    0.07538875612692955,
    0.0757778884890752,
    0.07851992757656635,
    0.07590622091904664,
    0.07569475911366634,
    0.07635073764966084,
    0.07607719149345006,
    0.07585574285342143,
    0.07563817615692432,
    0.07630629321703544
  ],
  "shap_loss_normalized": [
    0.030700665444899827,
    0.015144192661421422,
    0.015140091379483541,
    0.015225358426761933,
    0.015221287233707232,
    0.015077751392546372,
    0.015155577888855567,
    0.0157039857063538,
    0.015181244374849858,
    0.015138952013773795,
    0.015270147759180803,
    0.015215438480178515,
    0.015171148766500827,
    0.015127635393769313,
    0.015261258762807418
  ],
  "tikhonov_loss": [
    0.0,
    0.0,
    0.0,
    0.0,
    0.0,
    0.0,
    0.0,
    0.0,
    0.0,
    0.0,
    0.0,
    0.0,
    0.0,
    0.0,
    0.0
  ],
  "nonnegativity_loss": [
    0.0,
    0.0,
    0.0,
    0.0,
    0.0,
    0.0,
    0.0,
    0.0,
    0.0,
    0.0,
    0.0,
    0.0,
    0.0,
    0.0,
    0.0
  ],
  "tikhonov_lambda": [
    0.0,
    0.0,
    0.0,
    0.0,
    0.0,
    0.0,
    0.0,
    0.0,
    0.0,
    0.0,
    0.0,
    0.0,
    0.0,
    0.0,
    0.0
  ],
  "nonnegativity_lambda": [
    0.0,
    0.0,
    0.0,
    0.0,
    0.0,
    0.0,
    0.0,
    0.0,
    0.0,
    0.0,
    0.0,
    0.0,
    0.0,
    0.0,
    0.0
  ],
  "shap_scale_factor": [
    0.41790485156304213,
    0.20010465724751442,
    0.20000000000000004,
    0.20000000000000004,
    0.20000000000000004,
    0.20000000000000004,
    0.20000000000000004,
    0.20000000000000004,
    0.20000000000000004,
    0.20000000000000004,
    0.20000000000000004,
    0.20000000000000004,
    0.20000000000000004,
    0.20000000000000004,
    0.20000000000000004
  ],
  "shap_contribution": [
    0.005223300440821988,
    0.004243308332008429,
    0.006379218742203636,
    0.006501204623745229,
    0.005027042916760995,
    0.004088748210611252,
    0.005443290192395067,
    0.006831871339669213,
    0.0061244718037927765,
    0.00572732917797298,
    0.0038443667432054495,
    0.005759718824918263,
    0.00831195245234248,
    0.004915441756542676,
    0.0040170226234178515
  ],
  "tikhonov_contribution": [
    0.0,
    0.0,
    0.0,
    0.0,
    0.0,
    0.0,
    0.0,
    0.0,
    0.0,
    0.0,
    0.0,
    0.0,
    0.0,
    0.0,
    0.0
  ],
  "nonnegativity_contribution": [
    0.0,
    0.0,
    0.0,
    0.0,
    0.0,
    0.0,
    0.0,
    0.0,
    0.0,
    0.0,
    0.0,
    0.0,
    0.0,
    0.0,
    0.0
  ],
  "regularization_share": [
    0.001213611602584656,
    0.0016254768415273609,
    0.0023993236323659527,
    0.0027870287754244677,
    0.0029834909665096255,
    0.002164932520335775,
    0.0028310985249301638,
    0.0031476296362524356,
    0.002401472855245067,
    0.0020250573838670833,
    0.0019783227287366078,
    0.003305133796524159,
    0.0035144911278158883,
    0.0019995638456461236,
    0.0021850162964856946
  ],
  "accuracy_guard_loss": [
    0.0,
    0.0,
    0.0,
    0.0,
    0.0,
    0.0,
    0.0,
    0.0,
    0.0,
    0.0,
    0.0,
    0.0,
    0.0,
    0.0,
    0.0
  ],
  "accuracy_guard_contribution": [
    0.0,
    0.0,
    0.0,
    0.0,
    0.0,
    0.0,
    0.0,
    0.0,
    0.0,
    0.0,
    0.0,
    0.0,
    0.0,
    0.0,
    0.0
  ],
  "distill_loss": [
    0.0,
    0.0,
    0.0,
    0.0,
    0.0,
    0.0,
    0.0,
    0.0,
    0.0,
    0.0,
    0.0,
    0.0,
    0.0,
    0.0,
    0.0
  ],
  "distill_contribution": [
    0.0,
    0.0,
    0.0,
    0.0,
    0.0,
    0.0,
    0.0,
    0.0,
    0.0,
    0.0,
    0.0,
    0.0,
    0.0,
    0.0,
    0.0
  ],
  "gate_entropy": [
    0.1891596412811524,
    0.18925485053123572,
    0.1893222083648046,
    0.1894732973514459,
    0.18956535366865304,
    0.18965728122454423,
    0.18982829535618806,
    0.1900520668579982,
    0.19027519340698534,
    0.19051940013200808,
    0.19080918836287963,
    0.1909611232769795,
    0.1911597030285077,
    0.19135335966562614,
    0.19154650202164283
  ],
  "gate_min": [
    0.9899766643842062,
    0.9899554451306661,
    0.9899367170456128,
    0.9898998645635751,
    0.989866880270151,
    0.9898299192770933,
    0.989772468041151,
    0.9897150825231503,
    0.9896557865998684,
    0.9895909260480832,
    0.9895100364318261,
    0.9894659396929618,
    0.9894106663190402,
    0.9893390857256376,
    0.989285395695613
  ],
  "gate_max": [
    0.9900124730207981,
    0.9900142260086842,
    0.9900139509103237,
    0.9900245804053086,
    0.9900189210207034,
    0.990019284761869,
    0.9900176418133271,
    0.990028807750115,
    0.9900233180094988,
    0.9900328685075809,
    0.9900407317357186,
    0.9900430670151343,
    0.9900498802845294,
    0.9900498512463692,
    0.9900622826356155
  ],
  "gate_anchor_loss": [
    0.00010011516636810623,
    0.00010021998232099204,
    0.00010029053597603567,
    0.00010045144769649666,
    0.00010055156561951988,
    0.00010065076434656452,
    0.00010083153793880812,
    0.00010107452096865297,
    0.0001013167288291674,
    0.00010158398669236936,
    0.00010190451669190318,
    0.00010207482950929075,
    0.0001022951559533771,
    0.00010251193508828201,
    0.0001027301399377533
  ],
  "gate_anchor_contribution": [
    5.005758181981107e-07,
    5.010998984872482e-07,
    5.014526702022218e-07,
    5.022572304952542e-07,
    5.027578169621195e-07,
    5.032538093147219e-07,
    5.041576765180276e-07,
    5.05372599654481e-07,
    5.065836355755985e-07,
    5.079199266989375e-07,
    5.095225773379169e-07,
    5.103741369356823e-07,
    5.114757711383461e-07,
    5.12559664364231e-07,
    5.136506877953742e-07
  ],
  "q_err_entropy": [
    0.9050806623238784,
    0.8493716655633389,
    0.8337386861825601,
    0.8472016148078136,
    0.876551152803959,
    0.8677990314288017,
    0.8749279639659784,
    0.8561953978660779,
    0.8537033307246673,
    0.8614095021516849,
    0.8721878436895517,
    0.8540170024602841,
    0.8523236360305395,
    0.8396482345385429,
    0.8274872409991729
  ],
  "q_err_gini": [
    0.895594774148403,
    0.9019686335172409,
    0.903186498544155,
    0.9017855937664325,
    0.8990988930066427,
    0.9000404339570266,
    0.8990732156313382,
    0.9000593867057409,
    0.9010667831469805,
    0.9004518939898565,
    0.8991279816016172,
    0.9014553045615171,
    0.9012591166374011,
    0.9025000593601129,
    0.9038743422581599
  ],
  "q_err_corr": [
    0.9734049800195193,
    0.9821069225286826,
    0.981992930938036,
    0.9741870929033328,
    0.9864612481532953,
    0.9802093032078866,
    0.9788060264709668,
    0.944750978396489,
    0.9797471028107864,
    0.9819252108916258,
    0.9777055153479943,
    0.9822372228671343,
    0.9824216533929874,
    0.9789547492296268,
    0.9864038519370251
  ],