{
  "timestamp": "20260502_220834_sml_rankval_sentinel_s42",
  "tag": "sml_rankval_sentinel_s42",
  "config_path": "/tmp/tmp49c1ngu4.yaml",
  "config_sha256": "45b8903a8884fb3a55745d466c94bf3686e8d6b65d742b3875bd14214943c1a0",
  "effective_config_sha256": "4381a4a6f663747aa44b2ff5f558b8e6ae9986d503363c29524d1ea9959ff341",
  "run_meta": {
    "fast_mode": true,
    "inprocess_mode": true,
    "tag_prefix": "sml_rankval_sentinel"
  },
  "model_state": "anfis_model_state_20260502_220834_sml_rankval_sentinel_s42.pt",
  "model_state_path": "/home/lebedeffson/Code/bonner-shap-reconstruction/results/sml2010_ea_rank_val_sentinel/anfis_model_state_20260502_220834_sml_rankval_sentinel_s42.pt",
  "train_size": 3309,
  "shap_train_size": 2481,
  "test_size": 828,
  "vanilla_train_count": 3309,
  "shap_train_count": 2481,
  "real_test_count": 828,
  "normalize_sum": false,
  "metrics": {
    "mse": 0.5098531177900486,
    "rmse": 0.7140399973321163,
    "mae": 0.5412055440303783,
    "r2": 0.9532332813069075,
    "r2_weighted": 0.9532332813069075,
    "r2_mean": 0.953226259701594
  },
  "vanilla_metrics": {
    "mse": 0.5098531177900486,
    "rmse": 0.7140399973321163,
    "mae": 0.5412055440303783,
    "r2": 0.9532332813069075,
    "r2_weighted": 0.9532332813069075,
    "r2_mean": 0.953226259701594
  },
  "shap_metrics": {
    "mse": 2.2295872022974157,
    "rmse": 1.4931802310161408,
    "mae": 1.011458124826956,
    "r2": 0.7954891833484878,
    "r2_weighted": 0.7954891833484878,
    "r2_mean": 0.7957370107738955
  },
  "band_metrics": {
    "all_outputs": {
      "mse": 0.5098531177900486,
      "rmse": 0.7140399973321163,
      "mae": 0.5412055440303783,
      "r2": 0.953226259701594
    }
  },
  "metrics_source": "vanilla_fallback",
  "shap_config_enabled": true,
  "shap_applied": false,
  "shap_rejected": true,
  "effective_ea_config": {
    "autonomous_error_shap": true,
    "error_importance_mode": "permute",
    "error_importance_ema_beta": 0.9,
    "grad_importance_ema_beta": 0.9,
    "error_target_rho": 0.8,
    "ea_alignment_loss": "cosine_mse",
    "ea_alignment_alpha": 0.0,
    "ea_warmup_fraction": 0.0,
    "ea_bypass_legacy_normalization": true,
    "ea_use_grad_balance": true,
    "ea_target_grad_ratio": 0.03,
    "ea_scale_min": 0.1,
    "ea_scale_max": 1000000.0,
    "debug_grad_norms": true,
    "grad_norm_interval": 10,
    "fast_mode": true,
    "inprocess_mode": true
  },
  "training_time_total": 26.981939792633057,
  "training_time_shap": 20.751452207565308,
  "saved_files": {
    "predictions": "predictions_20260502_220834_sml_rankval_sentinel_s42.npy",
    "targets_test": "targets_test_20260502_220834_sml_rankval_sentinel_s42.npy",
    "metrics_csv": "metrics_20260502_220834_sml_rankval_sentinel_s42.csv",
    "feature_importance": "feature_importance_20260502_220834_sml_rankval_sentinel_s42.csv",
    "shap": {
      "feature_importance_shap": "feature_importance_shap_20260502_220834_sml_rankval_sentinel_s42.csv",
      "history": "shap_history_20260502_220834_sml_rankval_sentinel_s42.json"
    }
  },
  "diagnostics": {
    "prediction_stats": {
      "mean": 20.10276126516038,
      "std": 3.2395895300746176,
      "min": 10.714324951171875,
      "max": 29.255056381225586,
      "zero_fraction": 0.0,
      "negative_fraction": 0.0,
      "negative_count": 0
    },
    "target_stats": {
      "mean": 20.091670591787437,
      "std": 3.306111225086599,
      "min": 11.144,
      "max": 28.8173
    },
    "coeff_stats": {
      "mean": 0.45083801888649383,
      "std": 2.784747670428471,
      "min": -11.781550407409668,
      "max": 18.83663558959961,
      "abs_mean": 1.166327044712235,
      "finite_fraction": 1.0,
      "nonzero": 480,
      "total": 480
    },
    "nonfinite_parameters": {},
    "regularization": {
      "active_components": [],
      "shap_contribution": {
        "mean": 0.005495885878693887,
        "last": 0.0040170226234178515,
        "max": 0.00831195245234248
      },
      "tikhonov_contribution": {
        "mean": 0.0,
        "last": 0.0,
        "max": 0.0
      },
      "nonnegativity_contribution": {
        "mean": 0.0,
        "last": 0.0,
        "max": 0.0
      },
      "regularization_share": {
        "mean": 0.002437443368950071,
        "last": 0.0021850162964856946,
        "max": 0.0035144911278158883
      },
      "shap_scale_factor": {
        "mean": 0.2145339672540372,
        "last": 0.20000000000000004,
        "max": 0.41790485156304213
      },
      "shap_loss_normalized": {
        "mean": 0.016248982379006016,
        "last": 0.015261258762807418,
        "max": 0.030700665444899827
      },
      "nonnegativity_loss": {
        "mean": 0.0,
        "last": 0.0,
        "max": 0.0
      },
      "component_terms": {
        "consistency": {
          "mean": 0.020758641915570978,
          "last": 0.02126782626295701,
          "max": 0.0213647346274975
        },
        "sparsity": {
          "mean": 0.9378385006871998,
          "last": 0.9377730504060403,
          "max": 0.9378891327442267
        },
        "faithfulness": {
          "mean": 0.37323219638604394,
          "last": 0.38250131408373517,
          "max": 0.38250131408373517
        },
        "stability": {
          "mean": 6.562211922957347,
          "last": 7.2899649020953055,
          "max": 8.90345427317497
        }
      },
      "component_weights": {
        "consistency": {
          "mean": 0.0,
          "last": 0.0,
          "max": 0.0
        },
        "sparsity": {
          "mean": 0.0,
          "last": 0.0,
          "max": 0.0
        },
        "faithfulness": {
          "mean": 0.050000000000000024,
          "last": 0.05000000000000001,
          "max": 0.05000000000000001
        },
        "stability": {
          "mean": 0.0,
          "last": 0.0,
          "max": 0.0
        }
      },
      "weighted_component_signal": {
        "consistency": {
          "mean": 0.0,
          "last": 0.0,
          "max": 0.0
        },
        "sparsity": {
          "mean": 0.0,
          "last": 0.0,
          "max": 0.0
        },
        "faithfulness": {
          "mean": 0.018661609819302195,
          "last": 0.01912506570418676,
          "max": 0.01912506570418676
        },
        "stability": {
          "mean": 0.0,
          "last": 0.0,
          "max": 0.0
        }
      },
      "dominant_shap_component": "faithfulness",
      "dominant_regularizer": "shap"
    }
  },
  "dataset_settings": {
    "train_limit": null,
    "train_fraction": null,
    "mix_with_real": false,
    "mix_ratio": 0.0,
    "synthetic_test_size": 0.2,
    "test_size": 0.2,
    "real_data_split": {
      "train": 0.6,
      "validation": 0.2,
      "test": 0.2
    },
    "random_state": 42,
    "shap_uses_real_data_only": true,
    "test_uses_real_data_only": true
  },
  "band_metrics_denorm": {},
  "shap_files": {
    "feature_importance_shap": "feature_importance_shap_20260502_220834_sml_rankval_sentinel_s42.csv",
    "history": "shap_history_20260502_220834_sml_rankval_sentinel_s42.json"
  }
}