{
  "total_loss": [
    3.014554800895544,
    0.6297087317857987,
    0.49673830622281784,
    0.4183087746302287,
    0.406509593129158,
    0.3958659615272131,
    0.3801397276230348,
    0.3770893999399283,
    0.37704233328501385,
    0.3791310775738496,
    0.3771458936807437,
    0.37678319406815064,
    0.37584603405915773,
    0.37502294664199537,
    0.38509476834382766
  ],
  "main_loss": [
    2.7413702049316506,
    0.5732336754982288,
    0.4591472156536885,
    0.39252092058842,
    0.3833312193552653,
    0.3751605382332435,
    0.3693787638957684,
    0.36781550752810943,
    0.36848468696459746,
    0.3691119964306171,
    0.3677023790585689,
    0.3686249554157257,
    0.36798628247701204,
    0.3666935043457227,
    0.37189303644192523
  ],
  "shap_loss": [
    0.31394721529422664,
    0.3321477411649166,
    0.3432885935673347,
    0.3311390937902989,
    0.3221199604181143,
    0.3342638810475667,
    0.34564371750904965,
    0.35434312927417266,
    0.3411004879535773,
    0.34809471093691313,
    0.34375355411798525,
    0.3444388806819916,
    0.3417314283358745,
    0.34873515902421415,
    0.35342215192623627
  ],
  "shap_loss_normalized": [
    0.13181308265297842,
    0.17996806765978152,
    0.15764304059438217,
    0.14035995123096,
    0.08819408189409818,
    0.11574993129724111,
    0.1448609638863649,
    0.07198065165907909,
    0.06822009833577351,
    0.06961894369660279,
    0.0687507125429618,
    0.06888777686235233,
    0.06834628690893833,
    0.06974703293198194,
    0.0706844320281958
  ],
  "tikhonov_loss": [
    0.0,
    0.0,
    0.0,
    0.0,
    0.0,
    0.0,
    0.0,
    0.0,
    0.0,
    0.0,
    0.0,
    0.0,
    0.0,
    0.0,
    0.0
  ],
  "nonnegativity_loss": [
    0.0,
    0.0,
    0.0,
    0.0,
    0.0,
    0.0,
    0.0,
    0.0,
    0.0,
    0.0,
    0.0,
    0.0,
    0.0,
    0.0,
    0.0
  ],
  "tikhonov_lambda": [
    0.0,
    0.0,
    0.0,
    0.0,
    0.0,
    0.0,
    0.0,
    0.0,
    0.0,
    0.0,
    0.0,
    0.0,
    0.0,
    0.0,
    0.0
  ],
  "nonnegativity_lambda": [
    0.0,
    0.0,
    0.0,
    0.0,
    0.0,
    0.0,
    0.0,
    0.0,
    0.0,
    0.0,
    0.0,
    0.0,
    0.0,
    0.0,
    0.0
  ],
  "shap_scale_factor": [
    0.41790485156304213,
    0.5360806690246621,
    0.46381703153509063,
    0.41881687991409494,
    0.26984794814465146,
    0.34847989312709476,
    0.41481398786668844,
    0.2031955209438683,
    0.20000000000000004,
    0.20000000000000004,
    0.20000000000000004,
    0.20000000000000004,
    0.20000000000000004,
    0.20000000000000004,
    0.20000000000000004
  ],
  "shap_contribution": [
    0.0,
    0.0,
    0.0,
    0.0,
    1.6855222949557058e-06,
    5.015830410206362e-06,
    1.1721040745891141e-05,
    1.4013985340473786e-05,
    6.822009650838878e-06,
    6.961894168619974e-06,
    6.875071075904625e-06,
    1.0448324491545254e-05,
    7.370836183093697e-06,
    8.027381647060303e-06,
    7.3778215221700985e-06
  ],
  "tikhonov_contribution": [
    0.0,
    0.0,
    0.0,
    0.0,
    0.0,
    0.0,
    0.0,
    0.0,
    0.0,
    0.0,
    0.0,
    0.0,
    0.0,
    0.0,
    0.0
  ],
  "nonnegativity_contribution": [
    0.0,
    0.0,
    0.0,
    0.0,
    0.0,
    0.0,
    0.0,
    0.0,
    0.0,
    0.0,
    0.0,
    0.0,
    0.0,
    0.0,
    0.0
  ],
  "regularization_share": [
    0.08857808923506343,
    0.08857809003905291,
    0.07025804435227957,
    0.05834043675462716,
    0.05343400347926483,
    0.05173862347079368,
    0.02641165134398893,
    0.0202714977374936,
    0.02341828233198931,
    0.024696114180621034,
    0.024094149629350407,
    0.01921132159334827,
    0.018866482403515936,
    0.021695547320765656,
    0.034106080620759247
  ],
  "accuracy_guard_loss": [
    2.372660665940016,
    0.2040975361298292,
    0.09143664592351669,
    0.024686581049209986,
    0.014601691793172788,
    0.00901488883373065,
    0.0029583175977071128,
    0.0027380165381309315,
    0.0019673819725330058,
    0.003859779009452233,
    0.003694058228761722,
    0.002825767565996219,
    0.0015825002621381711,
    0.0017640162736941606,
    0.007589099498895498
  ],
  "accuracy_guard_contribution": [
    0.2731845822089758,
    0.05647506120686348,
    0.03759109023480843,
    0.0257878561432545,
    0.023176689894917685,
    0.020700409196508236,
    0.010749244393828588,
    0.00925987978012134,
    0.008550824692998176,
    0.01001211771598229,
    0.009436641031732926,
    0.008147790550421447,
    0.007852383148975862,
    0.008321416970246878,
    0.013194358644959254
  ],
  "distill_loss": [
    0.0,
    0.0,
    0.0,
    0.0,
    0.0,
    0.0,
    0.0,
    0.0,
    0.0,
    0.0,
    0.0,
    0.0,
    0.0,
    0.0,
    0.0
  ],
  "distill_contribution": [
    0.0,
    0.0,
    0.0,
    0.0,
    0.0,
    0.0,
    0.0,
    0.0,
    0.0,
    0.0,
    0.0,
    0.0,
    0.0,
    0.0,
    0.0
  ],
  "gate_entropy": [
    0.0019005319515529734,
    0.0019002201734110713,
    0.0019002201734110713,
    0.0019002201734110713,
    0.0019002201734110713,
    0.0019002201734110713,
    0.0019002201734110713,
    0.0019002201734110713,
    0.0019002201734110713,
    0.0019002201734110713,
    0.0019002201734110713,
    0.0019002201734110713,
    0.0019002201734110713,
    0.0019002201734110713,
    0.0019002201734110713
  ],
  "gate_min": [
    0.9998998917066134,
    0.9998999834060669,
    0.9998999834060669,
    0.9998999834060669,
    0.9998999834060669,
    0.9998999834060669,
    0.9998999834060669,
    0.9998999834060669,
    0.9998999834060669,
    0.9998999834060669,
    0.9998999834060669,
    0.9998999834060669,
    0.9998999834060669,
    0.9998999834060669,
    0.9998999834060669
  ],
  "gate_max": [
    0.9999000506523328,
    0.9998999834060669,
    0.9998999834060669,
    0.9998999834060669,
    0.9998999834060669,
    0.9998999834060669,
    0.9998999834060669,
    0.9998999834060669,
    0.9998999834060669,
    0.9998999834060669,
    0.9998999834060669,
    0.9998999834060669,
    0.9998999834060669,
    0.9998999834060669,
    0.9998999834060669
  ],
  "gate_anchor_loss": [
    1.0006443263731713e-08,
    1.000331906197971e-08,
    1.000331906197971e-08,
    1.000331906197971e-08,
    1.000331906197971e-08,
    1.000331906197971e-08,
    1.000331906197971e-08,
    1.000331906197971e-08,
    1.000331906197971e-08,
    1.000331906197971e-08,
    1.000331906197971e-08,
    1.000331906197971e-08,
    1.000331906197971e-08,
    1.000331906197971e-08,
    1.000331906197971e-08
  ],
  "gate_anchor_contribution": [
    5.003221796975947e-10,
    5.001659642012157e-10,
    5.001659642012157e-10,
    5.001659642012157e-10,
    5.001659642012157e-10,
    5.001659642012157e-10,
    5.001659642012157e-10,
    5.001659642012157e-10,
    5.001659642012157e-10,
    5.001659642012157e-10,
    5.001659642012157e-10,
    5.001659642012157e-10,
    5.001659642012157e-10,
    5.001659642012157e-10,
    5.001659642012157e-10
  ],
  "q_err_entropy": [
    1.0294947135142791,
    0.9497912220465832,
    0.9413123581653986,
    0.9861055108217093,
    0.9836042492817609,
    0.9946715587224716,
    0.9888156086970599,
    0.9629669449268243,
    1.0213602842428746,
    0.9417952727048825,
    0.9757377933233212,
    1.0105498219147706,
    0.9973337283501258,
    0.97346542431758,
    0.9229206351133493
  ],
  "q_err_gini": [
    0.8767510239894574,
    0.8869170806346796,
    0.8865610773746784,
    0.8829309237308991,
    0.8833027008252267,
    0.8804413278897604,
    0.8820843207530487,
    0.8862354174638406,
    0.8786225089660058,
    0.8878221557690547,
    0.8836517227001679,
    0.8799556799424,
    0.8807087617042737,
    0.8838925529748966,
    0.8899246744620495
  ],