{
  "total_loss": [
    3.7411828621839867,
    0.6744204316383753,
    0.5485718831037864,
    0.43645396217321736,
    0.4412302535313826,
    0.39738095914706206,
    0.38850192993115157,
    0.39556753635406494,
    0.3995018169665948,
    0.3946495254834493,
    0.3910492486678637,
    0.3958643124653743,
    0.39071149359910917,
    0.3916922987271578,
    0.3911998004485399
  ],
  "main_loss": [
    3.40218201203224,
    0.6142009252156967,
    0.5011314168954507,
    0.4058111860201909,
    0.40914265773235226,
    0.38032774741833025,
    0.3779270075834714,
    0.37949759532243776,
    0.3812279395568065,
    0.37769340742857027,
    0.3783376576044621,
    0.38106949359942704,
    0.37799440515347016,
    0.3793104737997055,
    0.38031769562990236
  ],
  "shap_loss": [
    0.29980347477472746,
    0.2989656325334158,
    0.2942680277121373,
    0.30034114535038287,
    0.30546537805826235,
    0.30273816295159167,
    0.29803035045281434,
    0.3001903975621248,
    0.30089732393240315,
    0.30548328161239624,
    0.29133034898684573,
    0.3003720862743182,
    0.2941401035357744,
    0.2966353877996787,
    0.2981149347928854
  ],
  "shap_loss_normalized": [
    0.12629987337650397,
    0.19064179158363587,
    0.12702565821699607,
    0.06025520215431849,
    0.1264505250713764,
    0.1311870624239628,
    0.09362568142704475,
    0.060038080104650594,
    0.060179465474226534,
    0.06109665764065889,
    0.05826607050421911,
    0.06007441792350549,
    0.058828021662357524,
    0.07963210086409862,
    0.10354782411685357
  ],
  "tikhonov_loss": [
    0.0,
    0.0,
    0.0,
    0.0,
    0.0,
    0.0,
    0.0,
    0.0,
    0.0,
    0.0,
    0.0,
    0.0,
    0.0,
    0.0,
    0.0
  ],
  "nonnegativity_loss": [
    0.0,
    0.0,
    0.0,
    0.0,
    0.0,
    0.0,
    0.0,
    0.0,
    0.0,
    0.0,
    0.0,
    0.0,
    0.0,
    0.0,
    0.0
  ],
  "tikhonov_lambda": [
    0.0,
    0.0,
    0.0,
    0.0,
    0.0,
    0.0,
    0.0,
    0.0,
    0.0,
    0.0,
    0.0,
    0.0,
    0.0,
    0.0,
    0.0
  ],
  "nonnegativity_lambda": [
    0.0,
    0.0,
    0.0,
    0.0,
    0.0,
    0.0,
    0.0,
    0.0,
    0.0,
    0.0,
    0.0,
    0.0,
    0.0,
    0.0,
    0.0
  ],
  "shap_scale_factor": [
    0.41790485156304213,
    0.6375771844585396,
    0.4233915529574307,
    0.2006456647034155,
    0.4127114833251595,
    0.4355289392004737,
    0.31242983207703373,
    0.20000000000000004,
    0.20000000000000004,
    0.20000000000000004,
    0.20000000000000004,
    0.20000000000000004,
    0.20000000000000004,
    0.26952961568346184,
    0.34847989312709476
  ],
  "shap_contribution": [
    0.0,
    0.0,
    0.0,
    0.0,
    2.3182597149757503e-06,
    5.6847727533656725e-06,
    7.89462046668632e-06,
    6.003807800133915e-06,
    7.0101491240702435e-06,
    6.109665590860785e-06,
    5.8266069362826574e-06,
    6.007441627913907e-06,
    5.882802013683175e-06,
    2.2967608261891517e-05,
    1.0354782121934337e-05
  ],
  "tikhonov_contribution": [
    0.0,
    0.0,
    0.0,
    0.0,
    0.0,
    0.0,
    0.0,
    0.0,
    0.0,
    0.0,
    0.0,
    0.0,
    0.0,
    0.0,
    0.0
  ],
  "nonnegativity_contribution": [
    0.0,
    0.0,
    0.0,
    0.0,
    0.0,
    0.0,
    0.0,
    0.0,
    0.0,
    0.0,
    0.0,
    0.0,
    0.0,
    0.0,
    0.0
  ],
  "regularization_share": [
    0.08857809043804335,
    0.0885780899938942,
    0.08391608473984252,
    0.0672164166140564,
    0.07120362368298541,
    0.04086760066323605,
    0.023620795226746545,
    0.03922376886650693,
    0.04121307451033402,
    0.041332751912828314,
    0.031660076266206136,
    0.032790858118415964,
    0.03036982191532549,
    0.03052850952366036,
    0.027084200139722868
  ],
  "accuracy_guard_loss": [
    3.024862737991871,
    0.23660580393595573,
    0.12484859541440621,
    0.030733918532347068,
    0.035533822499788724,
    0.006556093310698485,
    0.0036357465462806896,
    0.004526079847262456,
    0.006880214199041709,
    0.006632328033447266,
    0.0035993800713465763,
    0.006720901299745609,
    0.003884107638628055,
    0.00358317066461612,
    0.005466223527223636
  ],
  "accuracy_guard_contribution": [
    0.3390008645753066,
    0.060219512344935,
    0.047440467068018057,
    0.030642776869428463,
    0.032085273653650895,
    0.017047529371503074,
    0.01056702764561543,
    0.016063936580068026,
    0.018266868323851854,
    0.0169500088175902,
    0.012705764040732995,
    0.014788812503982812,
    0.012711204254092315,
    0.01235885746203936,
    0.010871748845928755
  ],
  "distill_loss": [
    0.0,
    0.0,
    0.0,
    0.0,
    0.0,
    0.0,
    0.0,
    0.0,
    0.0,
    0.0,
    0.0,
    0.0,
    0.0,
    0.0,
    0.0
  ],
  "distill_contribution": [
    0.0,
    0.0,
    0.0,
    0.0,
    0.0,
    0.0,
    0.0,
    0.0,
    0.0,
    0.0,
    0.0,
    0.0,
    0.0,
    0.0,
    0.0
  ],
  "gate_entropy": [
    0.0019005288949045234,
    0.0019002201734110713,
    0.0019002201734110713,
    0.0019002201734110713,
    0.0019002201734110713,
    0.0019002201734110713,
    0.0019002201734110713,
    0.0019002201734110713,
    0.0019002201734110713,
    0.0019002201734110713,
    0.0019002201734110713,
    0.0019002201734110713,
    0.0019002201734110713,
    0.0019002201734110713,
    0.0019002201734110713
  ],
  "gate_min": [
    0.9998998917066134,
    0.9998999834060669,
    0.9998999834060669,
    0.9998999834060669,
    0.9998999834060669,
    0.9998999834060669,
    0.9998999834060669,
    0.9998999834060669,
    0.9998999834060669,
    0.9998999834060669,
    0.9998999834060669,
    0.9998999834060669,
    0.9998999834060669,
    0.9998999834060669,
    0.9998999834060669
  ],
  "gate_max": [
    0.9999000231424967,
    0.9998999834060669,
    0.9998999834060669,
    0.9998999834060669,
    0.9998999834060669,
    0.9998999834060669,
    0.9998999834060669,
    0.9998999834060669,
    0.9998999834060669,
    0.9998999834060669,
    0.9998999834060669,
    0.9998999834060669,
    0.9998999834060669,
    0.9998999834060669,
    0.9998999834060669
  ],
  "gate_anchor_loss": [
    1.0006442944898435e-08,
    1.000331906197971e-08,
    1.000331906197971e-08,
    1.000331906197971e-08,
    1.000331906197971e-08,
    1.000331906197971e-08,
    1.000331906197971e-08,
    1.000331906197971e-08,
    1.000331906197971e-08,
    1.000331906197971e-08,
    1.000331906197971e-08,
    1.000331906197971e-08,
    1.000331906197971e-08,
    1.000331906197971e-08,
    1.000331906197971e-08
  ],
  "gate_anchor_contribution": [
    5.003221654639662e-10,
    5.001659642012157e-10,
    5.001659642012157e-10,
    5.001659642012157e-10,
    5.001659642012157e-10,
    5.001659642012157e-10,
    5.001659642012157e-10,
    5.001659642012157e-10,
    5.001659642012157e-10,
    5.001659642012157e-10,
    5.001659642012157e-10,
    5.001659642012157e-10,
    5.001659642012157e-10,
    5.001659642012157e-10,
    5.001659642012157e-10
  ],
  "q_err_entropy": [
    0.8341341416041056,
    0.8424361111261905,
    0.9006964075259674,
    0.8390830227961907,
    0.8384110346818582,
    0.807319142879584,
    0.8513998496226776,
    0.8680574007523365,
    0.8436520588703644,
    0.8689727416405311,
    0.8720668111092005,
    0.8497099249790876,
    0.8731535581442026,
    0.8809698269917414,
    0.8672363406572586
  ],
  "q_err_gini": [
    0.9007134651526426,
    0.9001777798701556,
    0.8926740762514945,
    0.8994371386674734,
    0.8997752712323115,
    0.9037903088789719,
    0.8971570699642866,
    0.897004790795155,
    0.8987176662836319,
    0.8958655244264847,
    0.8954679003128638,
    0.8988866760180547,
    0.8953720407608228,
    0.895435631275177,
    0.8979521317359729
  ],