{
  "timestamp": "20260502_222421_sml_ranknet_tb3_s42",
  "tag": "sml_ranknet_tb3_s42",
  "config_path": "/tmp/tmpd6_ol4ki.yaml",
  "config_sha256": "2682f6893328391d53faeec5511adf0b9d577817f301fc52c1536b4ff09d6e8b",
  "effective_config_sha256": "ea2955a363d41b0d4ddeb3a1c22d20b8dc92ed23fa6ccbffd0d1aa6471a71839",
  "run_meta": {
    "fast_mode": true,
    "inprocess_mode": true,
    "tag_prefix": "sml_ranknet_tb3"
  },
  "model_state": "anfis_model_state_20260502_222421_sml_ranknet_tb3_s42.pt",
  "model_state_path": "/home/lebedeffson/Code/bonner-shap-reconstruction/results/sml2010_ea_ranknet_tb_soft/anfis_model_state_20260502_222421_sml_ranknet_tb3_s42.pt",
  "train_size": 3309,
  "shap_train_size": 2481,
  "test_size": 828,
  "vanilla_train_count": 3309,
  "shap_train_count": 2481,
  "real_test_count": 828,
  "normalize_sum": false,
  "metrics": {
    "mse": 0.5098309247220609,
    "rmse": 0.7140244566694204,
    "mae": 0.5412536158962525,
    "r2": 0.9532353169852847,
    "r2_weighted": 0.9532353169852847,
    "r2_mean": 0.9532282968885364
  },
  "vanilla_metrics": {
    "mse": 0.5098531177900486,
    "rmse": 0.7140399973321163,
    "mae": 0.5412055440303783,
    "r2": 0.9532332813069075,
    "r2_weighted": 0.9532332813069075,
    "r2_mean": 0.953226259701594
  },
  "shap_metrics": {
    "mse": 0.5098309247220609,
    "rmse": 0.7140244566694204,
    "mae": 0.5412536158962525,
    "r2": 0.9532353169852847,
    "r2_weighted": 0.9532353169852847,
    "r2_mean": 0.9532282968885364
  },
  "band_metrics": {
    "all_outputs": {
      "mse": 0.5098309247220609,
      "rmse": 0.7140244566694204,
      "mae": 0.5412536158962525,
      "r2": 0.9532282968885365
    }
  },
  "metrics_source": "shap",
  "shap_config_enabled": true,
  "shap_applied": true,
  "shap_rejected": false,
  "effective_ea_config": {
    "autonomous_error_shap": true,
    "error_importance_mode": "permute",
    "error_importance_ema_beta": 0.9,
    "grad_importance_ema_beta": 0.9,
    "error_target_rho": 0.5,
    "ea_alignment_loss": "cosine_mse",
    "ea_alignment_alpha": 0.5,
    "ea_warmup_fraction": 0.3,
    "ea_bypass_legacy_normalization": true,
    "ea_use_grad_balance": true,
    "ea_target_grad_ratio": 0.005,
    "ea_scale_min": 0.1,
    "ea_scale_max": 20000.0,
    "debug_grad_norms": true,
    "grad_norm_interval": 20,
    "fast_mode": true,
    "inprocess_mode": true
  },
  "training_time_total": 28.41936707496643,
  "training_time_shap": 20.737481832504272,
  "saved_files": {
    "predictions": "predictions_20260502_222421_sml_ranknet_tb3_s42.npy",
    "targets_test": "targets_test_20260502_222421_sml_ranknet_tb3_s42.npy",
    "metrics_csv": "metrics_20260502_222421_sml_ranknet_tb3_s42.csv",
    "feature_importance": "feature_importance_20260502_222421_sml_ranknet_tb3_s42.csv",
    "shap": {
      "feature_importance_shap": "feature_importance_shap_20260502_222421_sml_ranknet_tb3_s42.csv",
      "history": "shap_history_20260502_222421_sml_ranknet_tb3_s42.json"
    }
  },
  "diagnostics": {
    "prediction_stats": {
      "mean": 20.101440476910504,
      "std": 3.2393690324259525,
      "min": 10.714122772216797,
      "max": 29.253103256225586,
      "zero_fraction": 0.0,
      "negative_fraction": 0.0,
      "negative_count": 0
    },
    "target_stats": {
      "mean": 20.091670591787437,
      "std": 3.306111225086599,
      "min": 11.144,
      "max": 28.8173
    },
    "coeff_stats": {
      "mean": 0.45083801888649383,
      "std": 2.784747670428471,
      "min": -11.781550407409668,
      "max": 18.83663558959961,
      "abs_mean": 1.166327044712235,
      "finite_fraction": 1.0,
      "nonzero": 480,
      "total": 480
    },
    "nonfinite_parameters": {},
    "regularization": {
      "active_components": [],
      "shap_contribution": {
        "mean": 5.737367760786552e-06,
        "last": 1.0354782121934337e-05,
        "max": 2.2967608261891517e-05
      },
      "tikhonov_contribution": {
        "mean": 0.0,
        "last": 0.0,
        "max": 0.0
      },
      "nonnegativity_contribution": {
        "mean": 0.0,
        "last": 0.0,
        "max": 0.0
      },
      "regularization_share": {
        "mean": 0.049212250840786974,
        "last": 0.027084200139722868,
        "max": 0.08857809043804335
      },
      "shap_scale_factor": {
        "mean": 0.31054660113971017,
        "last": 0.34847989312709476,
        "max": 0.6375771844585396
      },
      "shap_loss_normalized": {
        "mean": 0.0931432288362939,
        "last": 0.10354782411685357,
        "max": 0.19064179158363587
      },
      "nonnegativity_loss": {
        "mean": 0.0,
        "last": 0.0,
        "max": 0.0
      },
      "component_terms": {
        "consistency": {
          "mean": 0.24771093262566463,
          "last": 0.24577666475222662,
          "max": 0.2553192422940181
        },
        "sparsity": {
          "mean": 0.9472736722383743,
          "last": 0.9472736716270447,
          "max": 0.9472736746836932
        },
        "faithfulness": {
          "mean": 0.34401056888775944,
          "last": 0.33269007465778255,
          "max": 0.37166272065578365
        },
        "stability": {
          "mean": 15.513219364586039,
          "last": 16.370318143795696,
          "max": 16.462263694176308
        }
      },
      "component_weights": {
        "consistency": {
          "mean": 1.0,
          "last": 1.0,
          "max": 1.0
        },
        "sparsity": {
          "mean": 0.0,
          "last": 0.0,
          "max": 0.0
        },
        "faithfulness": {
          "mean": 0.0,
          "last": 0.0,
          "max": 0.0
        },
        "stability": {
          "mean": 0.0,
          "last": 0.0,
          "max": 0.0
        }
      },
      "weighted_component_signal": {
        "consistency": {
          "mean": 0.24771093262566463,
          "last": 0.24577666475222662,
          "max": 0.2553192422940181
        },
        "sparsity": {
          "mean": 0.0,
          "last": 0.0,
          "max": 0.0
        },
        "faithfulness": {
          "mean": 0.0,
          "last": 0.0,
          "max": 0.0
        },
        "stability": {
          "mean": 0.0,
          "last": 0.0,
          "max": 0.0
        }
      },
      "dominant_shap_component": "consistency",
      "dominant_regularizer": "shap"
    }
  },
  "dataset_settings": {
    "train_limit": null,
    "train_fraction": null,
    "mix_with_real": false,
    "mix_ratio": 0.0,
    "synthetic_test_size": 0.2,
    "test_size": 0.2,
    "real_data_split": {
      "train": 0.6,
      "validation": 0.2,
      "test": 0.2
    },
    "random_state": 42,
    "shap_uses_real_data_only": true,
    "test_uses_real_data_only": true
  },
  "band_metrics_denorm": {},
  "shap_files": {
    "feature_importance_shap": "feature_importance_shap_20260502_222421_sml_ranknet_tb3_s42.csv",
    "history": "shap_history_20260502_222421_sml_ranknet_tb3_s42.json"
  }
}