mse,rmse,mae,r2,r2_weighted,r2_mean
0.8940797439343967,0.9455579008894149,0.6721571633481748,0.9131022283457817,0.9131022283457817,0.9131425023287534
