mse,rmse,mae,r2,r2_weighted,r2_mean
0.8791366459703842,0.9376228697991449,0.6952705327775746,0.9145545841602297,0.9145545841602297,0.9146046781696043
