mse,rmse,mae,r2,r2_weighted,r2_mean
1.0207741251416385,1.0103336702009087,0.7121645011450355,0.9063686095191347,0.9063686095191347,0.9063187461092341
