mse,rmse,mae,r2,r2_weighted,r2_mean
0.5423130452082687,0.7364190690145582,0.5378857764230256,0.9504549459973808,0.9504549459973808,0.9504538962534828
