mse,rmse,mae,r2,r2_weighted,r2_mean
2.305956133118543,1.5185374980943154,0.7499128120984432,0.7893306787426563,0.7893306787426563,0.7892272161448807
