mse,rmse,mae,r2,r2_weighted,r2_mean
0.8571407031137186,0.9258189364631286,0.6755259662093744,0.9166924230192858,0.9166924230192858,0.9166678399882005
