mse,rmse,mae,r2,r2_weighted,r2_mean
26.960556989175185,5.19235563007535,0.7543111021567077,-1.4630833865639234,-1.4630833865639234,-1.466110525273185
