mse,rmse,mae,r2,r2_weighted,r2_mean
6.425760542361674,2.53490838934303,0.9580367819753819,0.41059155041285866,0.41059155041285866,0.4109304667380471
