mse,rmse,mae,r2,r2_weighted,r2_mean
5.779989062008424,2.4041607812308277,0.8509035660868103,0.4698254985989696,0.4698254985989696,0.4701207725520858
