mse,rmse,mae,r2,r2_weighted,r2_mean
0.7952484945310754,0.8917670629323979,0.6395385190447747,0.9273470738807096,0.9273470738807096,0.9273391996747463
