mse,rmse,mae,r2,r2_weighted,r2_mean
1.277180769377714,1.1301242274094092,0.8283922094195165,0.7955467934257419,0.7955467934257419,0.7962628624672503
