mse,rmse,mae,r2,r2_weighted,r2_mean
669.1606707297785,25.868140070940132,1.6131549947010724,-60.379341925270644,-60.379341925270644,-60.273350618081935
