mse,rmse,mae,r2,r2_weighted,r2_mean
2.354710650231207,1.5345066471772637,1.032147985425664,0.784012126746788,0.784012126746788,0.7843704645505726
