mse,rmse,mae,r2,r2_weighted,r2_mean
1.1163300636584519,1.0565652197845867,0.7864790613054657,0.8915011825056522,0.8915011825056522,0.8915096825224429
