mse,rmse,mae,r2,r2_weighted,r2_mean
0.4020557135847723,0.6340786335974209,0.49780689329340844,0.9613411054548107,0.9613411054548107,0.9613416782377802
