mse,rmse,mae,r2,r2_weighted,r2_mean
1.2971980996809491,1.1389460477480702,0.7992426422054639,0.8814895742068947,0.8814895742068947,0.8814366061036711
