mse,rmse,mae,r2,r2_weighted,r2_mean
6.4971849063807685,2.5489576117269523,1.0244577202506686,0.4040400887793745,0.4040400887793745,0.40424979828047153
