mse,rmse,mae,r2,r2_weighted,r2_mean
1.033227777391006,1.0164781244035732,0.7354581309958927,0.8995780945987888,0.8995780945987888,0.899603144726739
