mse,rmse,mae,r2,r2_weighted,r2_mean
27.06816491361719,5.2027074599305685,0.7999368092274313,-1.4729143144287336,-1.4729143144287336,-1.4759470013464424
