mse,rmse,mae,r2,r2_weighted,r2_mean
0.3887881749230741,0.6235288084147148,0.486099692299516,0.9626168201397822,0.9626168201397822,0.9626172521383063
