mse,rmse,mae,r2,r2_weighted,r2_mean
669.1274438671574,25.86749782772113,1.610827023678471,-60.37629416252678,-60.37629416252678,-60.27030769036601
