mse,rmse,mae,r2,r2_weighted,r2_mean
1.456804221315083,1.2069814502779581,0.9294559424191595,0.7667923746268853,0.7667923746268853,0.7668221332568692
