mse,rmse,mae,r2,r2_weighted,r2_mean
0.8895429926961145,0.9431558687174217,0.6724681451000452,0.9184058987711012,0.9184058987711012,0.9183933748452853
