mse,rmse,mae,r2,r2_weighted,r2_mean
6.170192296152196,2.4839871771311937,0.8820250129285063,0.43403376908393826,0.43403376908393826,0.43442229543832944
