mse,rmse,mae,r2,r2_weighted,r2_mean
0.9432063419278376,0.9711881084155827,0.6898580300842498,0.9138298265930869,0.9138298265930869,0.9138032716966774
