mse,rmse,mae,r2,r2_weighted,r2_mean
26.647497716837982,5.1621214356926926,0.7524350488708789,-1.4344826757917695,-1.4344826757917695,-1.437467680252006
