mse,rmse,mae,r2,r2_weighted,r2_mean
2.348702428952356,1.5325476922276697,1.0322572485536776,0.7845632360458973,0.7845632360458973,0.784916246913347
