mse,rmse,mae,r2,r2_weighted,r2_mean
2.011353949734517,1.4182221087454945,1.0028806263334364,0.6780191383719429,0.6780191383719429,0.6800398453474117
