mse,rmse,mae,r2,r2_weighted,r2_mean
26.79940963758949,5.176814622679616,0.7457692111959775,-1.4483611623665937,-1.4483611623665937,-1.4513711986999083
