mse,rmse,mae,r2,r2_weighted,r2_mean
1.4373678016061349,1.1989027490193418,0.8535571240779852,0.8681561938316835,0.8681561938316835,0.8681739307079519
