mse,rmse,mae,r2,r2_weighted,r2_mean
0.7951809952603441,0.8917292163321465,0.639521312018869,0.9273532405312136,0.9273532405312136,0.9273453727965848
