mse,rmse,mae,r2,r2_weighted,r2_mean
1.270494888318757,1.127162316757776,0.7947751301585761,0.8834627562923277,0.8834627562923277,0.8834564360761568
