mse,rmse,mae,r2,r2_weighted,r2_mean
1.0654753662198415,1.0322186620187805,0.7779193661556152,0.8964438734854504,0.8964438734854504,0.8963955154410543
