mse,rmse,mae,r2,r2_weighted,r2_mean
668.4970411101034,25.85530972759954,1.6918760659498862,-60.31846992379252,-60.31846992379252,-60.2125773596288
