mse,rmse,mae,r2,r2_weighted,r2_mean
0.4462282644681389,0.6680031919595436,0.5225365344393083,0.9566299962676978,0.9566299962676978,0.9566337138191275
