mse,rmse,mae,r2,r2_weighted,r2_mean
5.896542636488045,2.4282797689903948,0.8925041621415505,0.4591345210602041,0.4591345210602041,0.4594879740422124
