mse,rmse,mae,r2,r2_weighted,r2_mean
1.9392407756223666,1.3925662553797455,1.013102310132691,0.6895631343645076,0.6895631343645076,0.6908102755320541
