mse,rmse,mae,r2,r2_weighted,r2_mean
5.867056289812722,2.4222007121237334,0.8091793764390804,0.4618391817401833,0.4618391817401833,0.4621466676804197
