mse,rmse,mae,r2,r2_weighted,r2_mean
0.7489804771161539,0.8654365817991252,0.6150615672070046,0.9315740631476487,0.9315740631476487,0.9315585064864402
