mse,rmse,mae,r2,r2_weighted,r2_mean
0.7193149510192847,0.848124372376649,0.6536793782893009,0.9300880410442163,0.9300880410442163,0.9300779699096726
