mse,rmse,mae,r2,r2_weighted,r2_mean
2.3017679087310134,1.5171578390961875,0.7487554799407001,0.7897133097807416,0.7897133097807416,0.7896102819815154
