mse,rmse,mae,r2,r2_weighted,r2_mean
1.4258341475957232,1.1940829734971197,0.8062448990743515,0.869214128232372,0.869214128232372,0.8691243289112505
