mse,rmse,mae,r2,r2_weighted,r2_mean
1.6422841040109497,1.2815163299821621,0.9490642421879061,0.8403824378866955,0.8403824378866955,0.8403433984852381
