mse,rmse,mae,r2,r2_weighted,r2_mean
2.2836221728270973,1.5111658323384292,0.7436001385721033,0.7913710819350729,0.7913710819350729,0.7912698411052153
