mse,rmse,mae,r2,r2_weighted,r2_mean
0.4618522564156593,0.6795971280219328,0.5099661292486146,0.9580054302123451,0.9580054302123451,0.9580035969687907
