mse,rmse,mae,r2,r2_weighted,r2_mean
6.497868228787198,2.5490916477810672,1.0246690509915926,0.40397741043998053,0.40397741043998053,0.40418660405061546
