mse,rmse,mae,r2,r2_weighted,r2_mean
0.7562170182433008,0.8696073931627426,0.675156453590577,0.9265014399239515,0.9265014399239515,0.9264971381084584
