mse,rmse,mae,r2,r2_weighted,r2_mean
1.4640039057664023,1.2099602909874365,0.837977663419788,0.8662504005534554,0.8662504005534554,0.8662737007837551
