mse,rmse,mae,r2,r2_weighted,r2_mean
0.7219401023207646,0.8496705845919138,0.6094638538747597,0.9340444385909945,0.9340444385909945,0.9340314343185525
