mse,rmse,mae,r2,r2_weighted,r2_mean
0.5682816154962691,0.7538445565872776,0.5159844019876008,0.9505940044327843,0.9505940044327843,0.9505963797472765
