mse,rmse,mae,r2,r2_weighted,r2_mean
668.2018478241614,25.849600535098435,1.536847468114475,-60.291393064042055,-60.291393064042055,-60.185351959506
