mse,rmse,mae,r2,r2_weighted,r2_mean
0.6567398262827567,0.8103948582529116,0.5262351718690661,0.9368524440020476,0.9368524440020476,0.9368549074203756
