mse,rmse,mae,r2,r2_weighted,r2_mean
0.9790431785009015,0.9894661078080954,0.749907851883524,0.9101964167331085,0.9101964167331085,0.9101828898285158
