mse,rmse,mae,r2,r2_weighted,r2_mean
0.6584963966212816,0.8114779088929541,0.6285307382436186,0.9359991433684461,0.9359991433684461,0.935968061318603
