mse,rmse,mae,r2,r2_weighted,r2_mean
0.5098309247220609,0.7140244566694204,0.5412536158962525,0.9532353169852847,0.9532353169852847,0.9532282968885364
