mse,rmse,mae,r2,r2_weighted,r2_mean
1.242888721377756,1.1148491922129002,0.8421183584406757,0.8859949558581957,0.8859949558581957,0.88607663361207
