mse,rmse,mae,r2,r2_weighted,r2_mean
0.465669743399437,0.6823999878366331,0.5121744933538396,0.9585720456746056,0.9585720456746056,0.9585723541883672
