mse,rmse,mae,r2,r2_weighted,r2_mean
1.211455376152856,1.1006613358126358,0.8347808820411202,0.8888782066659727,0.8888782066659727,0.888946656053605
