mse,rmse,mae,r2,r2_weighted,r2_mean
6.355678054259165,2.5210470154797124,0.9733118926181878,0.4170199273160117,0.4170199273160117,0.4173522944835381
