mse,rmse,mae,r2,r2_weighted,r2_mean
668.0046231298325,25.84578540361721,1.5424170663207044,-60.27330245818486,-60.27330245818486,-60.1674275889644
