mse,rmse,mae,r2,r2_weighted,r2_mean
0.7952351550426828,0.891759583656202,0.6395344521075631,0.927348292559992,0.927348292559992,0.9273404209802898
