mse,rmse,mae,r2,r2_weighted,r2_mean
670.9942836480361,25.903557355082256,1.5672550076802572,-60.5475316578585,-60.5475316578585,-60.44112780096019
