mse,rmse,mae,r2,r2_weighted,r2_mean
1.5582048688252814,1.248280765222825,0.8527040982472155,0.8576443162206352,0.8576443162206352,0.8576638595141801
