mse,rmse,mae,r2,r2_weighted,r2_mean
0.8608950800069115,0.9278443188417502,0.6921995864720731,0.9163275260532354,0.9163275260532354,0.9163289702729022
