mse,rmse,mae,r2,r2_weighted,r2_mean
2.2140842533565843,1.4879799237075022,1.0175558009109582,0.6455657365989896,0.6455657365989896,0.6478404779009432
