mse,rmse,mae,r2,r2_weighted,r2_mean
0.7665968029259354,0.8755551398546726,0.6642299242664649,0.9254926035586377,0.9254926035586377,0.9254607643494741
