mse,rmse,mae,r2,r2_weighted,r2_mean
1.4000712333792193,1.1832460578337962,0.8253572124536483,0.8715772538460779,0.8715772538460779,0.8717151524720294
