mse,rmse,mae,r2,r2_weighted,r2_mean
1.323320081382216,1.1503565018646245,0.8559333944099536,0.8786173197191139,0.8786173197191139,0.878742301937244
