mse,rmse,mae,r2,r2_weighted,r2_mean
0.7952354824732791,0.8917597672429942,0.6395352756306745,0.9273482626463347,0.9273482626463347,0.9273403898958341
