mse,rmse,mae,r2,r2_weighted,r2_mean
1.208434948972255,1.099288382987947,0.835696245639451,0.8825492860483893,0.8825492860483893,0.8825249556410636
