mse,rmse,mae,r2,r2_weighted,r2_mean
1.3414160876620909,1.158195185476995,0.8563754289405932,0.8769574478744,0.8769574478744,0.8770976121559042
