mse,rmse,mae,r2,r2_weighted,r2_mean
1.816909435860312,1.3479278303604805,0.9458515868080984,0.8333424087980283,0.8333424087980283,0.8333472440593221
