mse,rmse,mae,r2,r2_weighted,r2_mean
1.1243345393673911,1.0603464242253053,0.7491013744142325,0.897282176849398,0.897282176849398,0.8973261702193029
