mse,rmse,mae,r2,r2_weighted,r2_mean
0.7364290936155268,0.8581544695540114,0.6611284760111196,0.928424676153696,0.928424676153696,0.9284646133019614
