mse,rmse,mae,r2,r2_weighted,r2_mean
1.3904558042698987,1.1791759004787619,0.8515998825036377,0.8724592374067909,0.8724592374067909,0.872443705161969
