mse,rmse,mae,r2,r2_weighted,r2_mean
0.46952730750422195,0.6852206268817526,0.5025983530311767,0.9571045616336461,0.9571045616336461,0.9571007353577061
