mse,rmse,mae,r2,r2_weighted,r2_mean
2.354355978267467,1.5343910773552702,1.032271005638326,0.7840446593397604,0.7840446593397604,0.784402290759211
