mse,rmse,mae,r2,r2_weighted,r2_mean
2.305097363251408,1.5182547096094936,0.749649699919696,0.7894091349033905,0.7894091349033905,0.789305732358833
