mse,rmse,mae,r2,r2_weighted,r2_mean
0.542385882118801,0.7364685207928449,0.5379487195581627,0.9504482917066577,0.9504482917066577,0.950447242722685
