mse,rmse,mae,r2,r2_weighted,r2_mean
0.7364277464139068,0.8581536846124398,0.6611285819749324,0.9284248070914782,0.9284248070914782,0.9284647427752396
