mse,rmse,mae,r2,r2_weighted,r2_mean
1.4304900482201406,1.1960309562131495,0.8709219263390062,0.8687870617162176,0.8687870617162176,0.8687776290554048
