mse,rmse,mae,r2,r2_weighted,r2_mean
0.7746329592284935,0.88013235324495,0.6337135474043762,0.9292304838758852,0.9292304838758852,0.9292235567758951
