mse,rmse,mae,r2,r2_weighted,r2_mean
2.35377498422018,1.534201741695068,1.032383267099501,0.7840979515218093,0.7840979515218093,0.7844547693068719
