mse,rmse,mae,r2,r2_weighted,r2_mean
0.584821913891264,0.7647364996462925,0.5568676639354169,0.9463567035716917,0.9463567035716917,0.9463580282513047
