mse,rmse,mae,r2,r2_weighted,r2_mean
0.8445537646779927,0.9189960634725226,0.6939601290283572,0.9179157779934183,0.9179157779934183,0.917874981361051
