mse,rmse,mae,r2,r2_weighted,r2_mean
1.4866431120584969,1.219279751352616,0.8388871760833668,0.8636363733146903,0.8636363733146903,0.8636768903392638
