mse,rmse,mae,r2,r2_weighted,r2_mean
2.2774630021203772,1.5091265692844908,1.00710585896773,0.791097734155763,0.791097734155763,0.791481418128711
