mse,rmse,mae,r2,r2_weighted,r2_mean
6.372670507236771,2.5244148841339,0.9496496445595926,0.41546127985347664,0.41546127985347664,0.4157805996571753
