mse,rmse,mae,r2,r2_weighted,r2_mean
2.538704613345382,1.5933312942842057,0.7832949744431865,0.7680670633386832,0.7680670633386832,0.7679519020828426
