mse,rmse,mae,r2,r2_weighted,r2_mean
0.6564527030981138,0.8102176887097157,0.5262488760482862,0.936880051780128,0.936880051780128,0.9368825157225354
