mse,rmse,mae,r2,r2_weighted,r2_mean
1.0224163387727792,1.011146052147156,0.7460253515031602,0.9006288844535796,0.9006288844535796,0.9007134425748913
