mse,rmse,mae,r2,r2_weighted,r2_mean
0.728761635650296,0.8536753690076199,0.5311395565364672,0.9366419867215785,0.9366419867215785,0.9366532958524105
