mse,rmse,mae,r2,r2_weighted,r2_mean
6.496077546064131,2.548740384202387,1.0242896141577458,0.4041416623632423,0.4041416623632423,0.40435077872757985
