mse,rmse,mae,r2,r2_weighted,r2_mean
0.7364318713212299,0.8581560879707315,0.6611296623451122,0.9284244061817638,0.9284244061817638,0.9284643438253279
