mse,rmse,mae,r2,r2_weighted,r2_mean
0.6567398049614428,0.8103948450980194,0.5262353192969798,0.9368524460521575,0.9368524460521575,0.9368549094636576
