mse,rmse,mae,r2,r2_weighted,r2_mean
6.495514163501527,2.54862986004275,1.0099711908727447,0.40419333911661054,0.40419333911661054,0.40455595199210137
