mse,rmse,mae,r2,r2_weighted,r2_mean
2.5411178794031057,1.5940884164321332,1.1529706487204137,0.7678465903144601,0.7678465903144601,0.7678236369800779
