mse,rmse,mae,r2,r2_weighted,r2_mean
1.684791082255276,1.297995023971693,0.9272519122478465,0.8454610791790643,0.8454610791790643,0.8453247985171733
