mse,rmse,mae,r2,r2_weighted,r2_mean
4.165120307117609,2.0408626379836563,1.0118636986747465,0.3332406633614833,0.3332406633614833,0.3394628042354578
