mse,rmse,mae,r2,r2_weighted,r2_mean
0.7117762937285649,0.8436683552964191,0.6523276174683504,0.9308207413701914,0.9308207413701914,0.9308617276796237
