mse,rmse,mae,r2,r2_weighted,r2_mean
0.4809203839506787,0.6934842348249012,0.5425731464081915,0.9532581853107372,0.9532581853107372,0.9532597892367403
