mse,rmse,mae,r2,r2_weighted,r2_mean
0.962401161687281,0.9810204695556973,0.7441195699452199,0.9117229201350723,0.9117229201350723,0.9117205997029941
