mse,rmse,mae,r2,r2_weighted,r2_mean
184.84830969632077,13.59589311874438,0.9537647601749577,-15.070579305101077,-15.070579305101077,-15.076600751871215
