mse,rmse,mae,r2,r2_weighted,r2_mean
0.8944479508138381,0.9457525843548291,0.7122001825341855,0.9130664414290683,0.9130664414290683,0.9130646400339784
