mse,rmse,mae,r2,r2_weighted,r2_mean
1.6424187643287915,1.2815688683519086,0.892637318609302,0.8499506381183688,0.8499506381183688,0.8499010135275261
