mse,rmse,mae,r2,r2_weighted,r2_mean
0.47156863164481755,0.6867085492731378,0.5422999667817268,0.9541671047241952,0.9541671047241952,0.9541716730422164
