mse,rmse,mae,r2,r2_weighted,r2_mean
0.5098527305677213,0.7140397261831595,0.541205475499434,0.9532333168252106,0.9532333168252106,0.9532262951654966
