mse,rmse,mae,r2,r2_weighted,r2_mean
1.2681648615139824,1.1261282615732466,0.825741665307151,0.7969900748445624,0.7969900748445624,0.7977404245982213
