mse,rmse,mae,r2,r2_weighted,r2_mean
669.1412810696619,25.86776528944203,1.6116409109990955,-60.37756339190766,-60.37756339190766,-60.27157471222319
