mse,rmse,mae,r2,r2_weighted,r2_mean
0.7952245415735528,0.8917536327784444,0.6395327578383367,0.9273492621935013,0.9273492621935013,0.9273413903340104
