mse,rmse,mae,r2,r2_weighted,r2_mean
0.471609036875669,0.6867379681331658,0.5423441755755513,0.9541631776421334,0.9541631776421334,0.9541677456831466
