mse,rmse,mae,r2,r2_weighted,r2_mean
1.210126582018506,1.1000575357764275,0.7853573270862224,0.8890000914585018,0.8890000914585018,0.8889772708930876
