mse,rmse,mae,r2,r2_weighted,r2_mean
1.8044702839426858,1.3433057298853026,0.9455885017708674,0.7111374172194909,0.7111374172194909,0.7125315433743558
