mse,rmse,mae,r2,r2_weighted,r2_mean
0.9624703089530937,0.9810557114420637,0.7441454602448834,0.9117165775422433,0.9117165775422433,0.9117142601562354
