mse,rmse,mae,r2,r2_weighted,r2_mean
2.335285501857106,1.5281640951995652,1.0292881216680376,0.7857939153009518,0.7857939153009518,0.7861418510335823
