mse,rmse,mae,r2,r2_weighted,r2_mean
0.729540090532081,0.8541311904690526,0.6586363832897608,0.9290942350167972,0.9290942350167972,0.9291224275748171
