mse,rmse,mae,r2,r2_weighted,r2_mean
0.44623709286624236,0.6680097999776967,0.5225720438344468,0.9566291382143447,0.9566291382143447,0.9566328535333333
