mse,rmse,mae,r2,r2_weighted,r2_mean
1.7758953464729033,1.3326272346282373,0.9285424264391836,0.8371044616597392,0.8371044616597392,0.8370351157944591
