mse,rmse,mae,r2,r2_weighted,r2_mean
0.7913945434537397,0.8896035878152356,0.6461139495978605,0.9276991661195692,0.9276991661195692,0.9276737453640994
