mse,rmse,mae,r2,r2_weighted,r2_mean
6.221952126835573,2.494384117740404,0.9110456502564286,0.4292860537974971,0.4292860537974971,0.4295087801666561
