mse,rmse,mae,r2,r2_weighted,r2_mean
1.0350917168200402,1.0173945728280844,0.7670748159150571,0.8993969338198087,0.8993969338198087,0.8993421064597262
