mse,rmse,mae,r2,r2_weighted,r2_mean
2.3549883538041083,1.5345971307819224,1.0322979651091762,0.78398665414611,0.78398665414611,0.7843448897245432
