mse,rmse,mae,r2,r2_weighted,r2_mean
0.45036837187400436,0.671094905266017,0.5212730932217292,0.9586141454429037,0.9586141454429037,0.9586058772978003
