mse,rmse,mae,r2,r2_weighted,r2_mean
0.9044767061658001,0.9510398026191124,0.7126752095743072,0.9120917224529782,0.9120917224529782,0.9120540865112412
