mse,rmse,mae,r2,r2_weighted,r2_mean
0.5682165303618886,0.7538013865481334,0.5159667014790039,0.9505996628876295,0.9505996628876295,0.9506020359380444
