mse,rmse,mae,r2,r2_weighted,r2_mean
672.9096805224145,25.940502703733685,1.3774764235648556,-60.72322309463531,-60.72322309463531,-60.61638805123208
