mse,rmse,mae,r2,r2_weighted,r2_mean
1.055597245066435,1.027422622422942,0.7896007705670047,0.9031744286919235,0.9031744286919235,0.9031899722000633
