mse,rmse,mae,r2,r2_weighted,r2_mean
2.084994467376252,1.4439509920271711,0.6820187366891022,0.8095174652462083,0.8095174652462083,0.8094021341513242
