mse,rmse,mae,r2,r2_weighted,r2_mean
1.017736419838803,1.0088292322483539,0.7484655784883357,0.9010837370879714,0.9010837370879714,0.9010646440646446
