mse,rmse,mae,r2,r2_weighted,r2_mean
13875.11203683443,117.79266546281406,3.958035435375266,-1266.6132009572982,-1266.6132009572982,-1265.0891644942546
