mse,rmse,mae,r2,r2_weighted,r2_mean
668.6806369756275,25.85885993186141,1.5799761055757453,-60.3353104135269,-60.3353104135269,-60.229381217966456
