mse,rmse,mae,r2,r2_weighted,r2_mean
1.601062504447439,1.2653309861247526,0.903175681759194,0.8531411554761056,0.8531411554761056,0.8531132618706596
