mse,rmse,mae,r2,r2_weighted,r2_mean
0.736310086308315,0.8580851276582732,0.6610972212934263,0.9284362427615712,0.9284362427615712,0.9284761421061094
