mse,rmse,mae,r2,r2_weighted,r2_mean
0.9624406105233285,0.9810405753705239,0.7441342574511169,0.9117193016564286,0.9117193016564286,0.9117169870191297
