mse,rmse,mae,r2,r2_weighted,r2_mean
1.9537150362282265,1.3977535677751736,0.9687208861254262,0.810113712733849,0.810113712733849,0.8098314118770826
