mse,rmse,mae,r2,r2_weighted,r2_mean
0.7364306627555759,0.8581553838062055,0.6611296323988172,0.9284245236451812,0.9284245236451812,0.9284644599501584
