mse,rmse,mae,r2,r2_weighted,r2_mean
0.4208067544268439,0.6486961957857036,0.4995574232838578,0.9634153629522023,0.9634153629522023,0.963417792691927
