mse,rmse,mae,r2,r2_weighted,r2_mean
7.103782337804629,2.665292167437677,1.156015865276172,0.34839941415073783,0.34839941415073783,0.34895976187094835
