mse,rmse,mae,r2,r2_weighted,r2_mean
2.319405350553359,1.5229594054187259,0.7730388552900672,0.7881019747496609,0.7881019747496609,0.7880787123145074
