mse,rmse,mae,r2,r2_weighted,r2_mean
0.7364322416748932,0.8581563037552619,0.6611298984601301,0.928424370186196,0.928424370186196,0.92846430759479
