mse,rmse,mae,r2,r2_weighted,r2_mean
0.7951958271914825,0.8917375326807112,0.6395249723775376,0.9273518855041941,0.9273518855041941,0.9273440168957849
