mse,rmse,mae,r2,r2_weighted,r2_mean
2.335523950348793,1.5282421111685127,1.0297962168242052,0.785772043406588,0.785772043406588,0.7861195916664664
