mse,rmse,mae,r2,r2_weighted,r2_mean
0.962461182445419,0.9810510600602902,0.7441405104678607,0.9117174146790621,0.9117174146790621,0.9117151001415803
