mse,rmse,mae,r2,r2_weighted,r2_mean
0.4056967792748477,0.6369433093100576,0.4871298563427399,0.9633956845891817,0.9633956845891817,0.9633952755954533
