mse,rmse,mae,r2,r2_weighted,r2_mean
0.9625459189906169,0.9810942457229157,0.7441728148308349,0.9117096421460834,0.9117096421460834,0.9117073378182149
