mse,rmse,mae,r2,r2_weighted,r2_mean
13893.868357215197,117.87225439947773,3.983702564323344,-1268.326755359809,-1268.326755359809,-1266.801348360726
