mse,rmse,mae,r2,r2_weighted,r2_mean
1.739186705846906,1.3187822814425836,0.5776090558093524,0.8411100377850389,0.8411100377850389,0.8410765330554817
