mse,rmse,mae,r2,r2_weighted,r2_mean
2.3037041350312744,1.517795814670496,0.7492789192927631,0.7895364185230903,0.7895364185230903,0.7894331773785632
