mse,rmse,mae,r2,r2_weighted,r2_mean
1.2419954347740525,1.114448489062663,0.8415885975409246,0.8860768933453859,0.8860768933453859,0.8861595982761081
