mse,rmse,mae,r2,r2_weighted,r2_mean
184.78357282718952,13.593512159379177,0.9537018441195639,-15.064951128186484,-15.064951128186484,-15.070970464310768
