mse,rmse,mae,r2,r2_weighted,r2_mean
1.2482830784657692,1.117265894255154,0.8516171714976435,0.8001727835057657,0.8001727835057657,0.8010424513609057
