mse,rmse,mae,r2,r2_weighted,r2_mean
1.3440553777470599,1.1593340233716338,0.8448490227769612,0.7848413956877439,0.7848413956877439,0.7855097144858885
