mse,rmse,mae,r2,r2_weighted,r2_mean
0.962430645317697,0.9810354964616198,0.7441299970147686,0.9117202157235436,0.9117202157235436,0.9117178965308468
