{
  "total_loss": [
    2.9351769914993873,
    0.5309321177311432,
    0.44782249056375945,
    0.43657075671049267,
    0.40426680254630554,
    0.38991011182467145,
    0.3699413060377806,
    0.36553964706567615,
    0.36315488280394137,
    0.3669434625368852,
    0.37396466235319775,
    0.3668177483173517,
    0.3662431415839073,
    0.3705468949599144,
    0.3693193342441168
  ],
  "main_loss": [
    2.669298700797252,
    0.4850896092561575,
    0.4108001956572899,
    0.40265200076959073,
    0.37961980127371275,
    0.36855415503184,
    0.35825079335616183,
    0.3578764536441901,
    0.35626848882589585,
    0.3574754909062997,
    0.3605697804536575,
    0.35806490519107914,
    0.35723650684723485,
    0.35810017127257127,
    0.3580159449424499
  ],
  "shap_loss": [
    0.04679271129843516,
    0.04401282297495084,
    0.04479557352188306,
    0.04322145678676092,
    0.04541966519676722,
    0.043526812814749204,
    0.04368453310468258,
    0.044253840564917296,
    0.04257165802977024,
    0.0444175963027355,
    0.04674230372676483,
    0.04485698646077743,
    0.044433686118095346,
    0.0436238359946471,
    0.042842258723118365
  ],
  "shap_loss_normalized": [
    0.020090871586058386,
    0.025875346090358037,
    0.01970209549061763,
    0.019504663104621265,
    0.018693393120207846,
    0.0090884903851801,
    0.008736906776156945,
    0.008850768304023987,
    0.008514331796994576,
    0.008883519504123773,
    0.009348460926841468,
    0.008971397490360035,
    0.008886737390779532,
    0.008724767416238021,
    0.008568451930888189
  ],
  "tikhonov_loss": [
    0.0,
    0.0,
    0.0,
    0.0,
    0.0,
    0.0,
    0.0,
    0.0,
    0.0,
    0.0,
    0.0,
    0.0,
    0.0,
    0.0,
    0.0
  ],
  "nonnegativity_loss": [
    0.0,
    0.0,
    0.0,
    0.0,
    0.0,
    0.0,
    0.0,
    0.0,
    0.0,
    0.0,
    0.0,
    0.0,
    0.0,
    0.0,
    0.0
  ],
  "tikhonov_lambda": [
    0.0,
    0.0,
    0.0,
    0.0,
    0.0,
    0.0,
    0.0,
    0.0,
    0.0,
    0.0,
    0.0,
    0.0,
    0.0,
    0.0,
    0.0
  ],
  "nonnegativity_lambda": [
    0.0,
    0.0,
    0.0,
    0.0,
    0.0,
    0.0,
    0.0,
    0.0,
    0.0,
    0.0,
    0.0,
    0.0,
    0.0,
    0.0,
    0.0
  ],
  "shap_scale_factor": [
    0.41790485156304213,
    0.588856737995063,
    0.43502034219842184,
    0.4512156663218758,
    0.4165630919795245,
    0.2080264935984807,
    0.20000000000000004,
    0.20000000000000004,
    0.20000000000000004,
    0.20000000000000004,
    0.20000000000000004,
    0.20000000000000004,
    0.20000000000000004,
    0.20000000000000004,
    0.20000000000000004
  ],
  "shap_contribution": [
    0.0,
    0.0,
    0.0,
    0.0,
    0.0,
    0.0,
    4.301744434670605e-06,
    1.5062286505641308e-05,
    1.3660696636063034e-05,
    1.8744625310482195e-05,
    9.780743876501966e-05,
    5.472651975698029e-05,
    6.331299020810268e-05,
    5.226072953052771e-05,
    6.763079018594745e-05
  ],
  "tikhonov_contribution": [
    0.0,
    0.0,
    0.0,
    0.0,
    0.0,
    0.0,
    0.0,
    0.0,
    0.0,
    0.0,
    0.0,
    0.0,
    0.0,
    0.0,
    0.0
  ],
  "nonnegativity_contribution": [
    0.0,
    0.0,
    0.0,
    0.0,
    0.0,
    0.0,
    0.0,
    0.0,
    0.0,
    0.0,
    0.0,
    0.0,
    0.0,
    0.0,
    0.0
  ],
  "regularization_share": [
    0.08857808987867503,
    0.08389257444523797,
    0.08158508286280537,
    0.07520882735789643,
    0.05738151654885501,
    0.05287579275952023,
    0.02888827374040308,
    0.019127244955401374,
    0.015934090239019556,
    0.02490126118038818,
    0.03302709388024924,
    0.02131776431078455,
    0.024717251225950785,
    0.029851297457224264,
    0.031490649598652484
  ],
  "accuracy_guard_loss": [
    2.311178302153563,
    0.12734017234582168,
    0.05395918702467894,
    0.045444006339097634,
    0.025088528027901284,
    0.016379349124737274,
    0.0036226102174856723,
    0.00208246784332471,
    0.002241183549929888,
    0.002453673344392043,
    0.004817645901288741,
    0.002873654548938458,
    0.002812964411882254,
    0.004257118090605125,
    0.0029989702579302667
  ],
  "accuracy_guard_contribution": [
    0.26587830665401924,
    0.045842508236185096,
    0.03702229786759768,
    0.03391875689610457,
    0.024647000460670546,
    0.02135595727043274,
    0.011686211690688744,
    0.007648130162404134,
    0.006872733577321737,
    0.009449227259327203,
    0.013297077745963365,
    0.008698115220818764,
    0.008943323237009538,
    0.012394462258387834,
    0.011235757515980648
  ],
  "distill_loss": [
    0.0,
    0.0,
    0.0,
    0.0,
    0.0,
    0.0,
    0.0,
    0.0,
    0.0,
    0.0,
    0.0,
    0.0,
    0.0,
    0.0,
    0.0
  ],
  "distill_contribution": [
    0.0,
    0.0,
    0.0,
    0.0,
    0.0,
    0.0,
    0.0,
    0.0,
    0.0,
    0.0,
    0.0,
    0.0,
    0.0,
    0.0,
    0.0
  ],
  "gate_entropy": [
    0.0019002629664893716,
    0.0019002201734110713,
    0.0019002201734110713,
    0.0019002201734110713,
    0.0019002201734110713,
    0.0019002201734110713,
    0.0019002201734110713,
    0.0019002201734110713,
    0.0019002201734110713,
    0.0019002201734110713,
    0.0019002201734110713,
    0.0019002201734110713,
    0.0019002201734110713,
    0.0019002201734110713,
    0.0019002201734110713
  ],
  "gate_min": [
    0.9998999100465041,
    0.9998999834060669,
    0.9998999834060669,
    0.9998999834060669,
    0.9998999834060669,
    0.9998999834060669,
    0.9998999834060669,
    0.9998999834060669,
    0.9998999834060669,
    0.9998999834060669,
    0.9998999834060669,
    0.9998999834060669,
    0.9998999834060669,
    0.9998999834060669,
    0.9998999834060669
  ],
  "gate_max": [
    0.9999000598222781,
    0.9998999834060669,
    0.9998999834060669,
    0.9998999834060669,
    0.9998999834060669,
    0.9998999834060669,
    0.9998999834060669,
    0.9998999834060669,
    0.9998999834060669,
    0.9998999834060669,
    0.9998999834060669,
    0.9998999834060669,
    0.9998999834060669,
    0.9998999834060669,
    0.9998999834060669
  ],
  "gate_anchor_loss": [
    1.0003773444949706e-08,
    1.000331906197971e-08,
    1.000331906197971e-08,
    1.000331906197971e-08,
    1.000331906197971e-08,
    1.000331906197971e-08,
    1.000331906197971e-08,
    1.000331906197971e-08,
    1.000331906197971e-08,
    1.000331906197971e-08,
    1.000331906197971e-08,
    1.000331906197971e-08,
    1.000331906197971e-08,
    1.000331906197971e-08,
    1.000331906197971e-08
  ],
  "gate_anchor_contribution": [
    5.001886824956978e-10,
    5.001659642012157e-10,
    5.001659642012157e-10,
    5.001659642012157e-10,
    5.001659642012157e-10,
    5.001659642012157e-10,
    5.001659642012157e-10,
    5.001659642012157e-10,
    5.001659642012157e-10,
    5.001659642012157e-10,
    5.001659642012157e-10,
    5.001659642012157e-10,
    5.001659642012157e-10,
    5.001659642012157e-10,
    5.001659642012157e-10
  ],
  "q_err_entropy": [
    1.8858933815589318,
    1.8670098231388972,
    1.8901814283468785,
    1.9028921708082542,
    1.85054616133372,
    1.8921922812095056,
    1.8430243608279107,
    1.8592119767115667,
    1.9119892395459688,
    1.880091700798426,
    1.8767502735822628,
    1.85187990237505,
    1.8907435918465638,
    1.8692290996893859,
    1.884673298933567
  ],
  "q_err_gini": [
    0.7318811080394647,
    0.737645427385966,
    0.7332086119896326,
    0.7295265885499808,
    0.7423898516557156,
    0.7330261713419205,
    0.7452739523007319,
    0.7390066767350222,
    0.7271566284008515,
    0.7362095300967877,
    0.7370424102514218,
    0.7418324060929127,
    0.7339817637052292,
    0.7397186236503797,
    0.7336886525154114
  ],