{
  "total_loss": [
    3.40218201203224,
    0.785959032865671,
    0.9336684254499582,
    1.0950604211061428,
    0.7590994299986423,
    0.8354895107257061,
    0.851463108490675
  ],
  "main_loss": [
    3.40218201203224,
    0.785959032865671,
    0.9336684254499582,
    1.0950604211061428,
    0.7590994299986423,
    0.8354895107257061,
    0.8514277369548113
  ],
  "shap_loss": [
    0.009421690438802425,
    0.009588813480849449,
    0.009809542053307477,
    0.009747801360507041,
    0.00948032120672556,
    0.009459490243058939,
    0.009463055930936184
  ],
  "shap_loss_normalized": [
    0.003980665924385763,
    0.002875101077967347,
    0.0049079037629641015,
    0.002351411860078,
    0.004319065417616795,
    0.004437725047748058,
    0.002353181507295141
  ],
  "tikhonov_loss": [
    0.0,
    0.0,
    0.0,
    0.0,
    0.0,
    0.0,
    0.0
  ],
  "nonnegativity_loss": [
    0.0,
    0.0,
    0.0,
    0.0,
    0.0,
    0.0,
    0.0
  ],
  "tikhonov_lambda": [
    0.0,
    0.0,
    0.0,
    0.0,
    0.0,
    0.0,
    0.0
  ],
  "nonnegativity_lambda": [
    0.0,
    0.0,
    0.0,
    0.0,
    0.0,
    0.0,
    0.0
  ],
  "shap_scale_factor": [
    0.41790485156304213,
    0.28282108611778944,
    0.49960213653310337,
    0.24225272361907157,
    0.4485527363712646,
    0.4682001128412489,
    0.24698645142972248
  ],
  "shap_contribution": [
    0.0,
    0.0,
    0.0,
    0.0,
    0.0,
    0.0,
    3.5371111269528345e-05
  ],
  "tikhonov_contribution": [
    0.0,
    0.0,
    0.0,
    0.0,
    0.0,
    0.0,
    0.0
  ],
  "nonnegativity_contribution": [
    0.0,
    0.0,
    0.0,
    0.0,
    0.0,
    0.0,
    0.0
  ],
  "regularization_share": [
    3.371777703717125e-10,
    6.923199637661376e-10,
    6.187394023453093e-10,
    5.345651801379282e-10,
    7.410683512027478e-10,
    6.778455727128755e-10,
    4.722514824935667e-05
  ],
  "accuracy_guard_loss": [
    0.0,
    0.0,
    0.0,
    0.0,
    0.0,
    0.0,
    0.0
  ],
  "accuracy_guard_contribution": [
    0.0,
    0.0,
    0.0,
    0.0,
    0.0,
    0.0,
    0.0
  ],
  "distill_loss": [
    0.0,
    0.0,
    0.0,
    0.0,
    0.0,
    0.0,
    0.0
  ],
  "distill_contribution": [
    0.0,
    0.0,
    0.0,
    0.0,
    0.0,
    0.0,
    0.0
  ],
  "gate_entropy": [
    0.0019005288949045234,
    0.0019010179586565266,
    0.0019014825542958884,
    0.0019020937824956118,
    0.0019030840470431708,
    0.0019038236126876795,
    0.0019046244515965765
  ],
  "gate_min": [
    0.9998998917066134,
    0.9998997786106207,
    0.9998996930244641,
    0.9998995310220963,
    0.9998992742636265,
    0.999899032788399,
    0.9998988218796558
  ],
  "gate_max": [
    0.9999000231424967,
    0.9999001026153564,
    0.9999000689922235,
    0.9999001026153564,
    0.9999001026153564,
    0.9999001026153564,
    0.9999001026153564
  ],
  "gate_anchor_loss": [
    1.0006442944898435e-08,
    1.0011533482576432e-08,
    1.0016562713169664e-08,
    1.0022826648409113e-08,
    1.003329763431082e-08,
    1.0041261087569463e-08,
    1.0049631850341857e-08
  ],
  "gate_anchor_contribution": [
    5.003221654639662e-10,
    5.005767040194414e-10,
    5.008281453373505e-10,
    5.011413449460488e-10,
    5.016648862703021e-10,
    5.020630691814468e-10,
    5.024816061813763e-10
  ],
  "q_err_entropy": [
    0.7853015347933158,
    0.8185924956431756,
    0.8579705571516966,
    0.8591615358988444,
    0.8212027511535547,
    0.8204488922388126,
    0.8661191364129385
  ],
  "q_err_gini": [
    0.9050703797584925,
    0.9019365448218125,
    0.8975076461449648,
    0.8972500455685151,
    0.9018174073635004,
    0.9019053700642709,
    0.8972289180144285
  ],
  "q_err_corr": [
    0.9445863021047491,
    0.9159139287777436,
    0.9392628501623105,
    0.9433882679694738,
    0.9184823578748947,
    0.8876317701278589,
    0.8927212403370783
  ],
  "p_q_corr": [
    0.9957686127760471,
    0.9951201952420748,
    0.9945036020034399,
    0.9945782774533981,
    0.9954248254115765,
    0.9952445121911856,
    0.9956019688875247
  ],
  "ea_ratio": [
    0.0,
    0.0,
    0.0,
    0.0,
    0.0,
    0.0,
    4.722766173542298e-05
  ],
  "main_grad_norm": [
    11542.542724609375,
    9635.5126953125,
    21317.28662109375,
    15987.30322265625,
    13291.735595703125,
    13787.67041015625,
    24642.64501953125
  ],
  "ea_grad_norm": [
    3.770941376686096,
    1.581961452960968,
    3.822503447532654,
    1.6071668863296509,
    1.0966815948486328,
    2.467571794986725,
    1.9452025294303894
  ],
  "ea_main_grad_ratio": [
    0.0011115043530307257,
    0.0001614529031695798,
    0.00021989751339008358,
    9.766544904612484e-05,
    0.00010541335009428185,
    0.00018596830722878045,
    0.00010936297531338469
  ],
  "ea_scale": [
    48.665989660546394,
    63.82997305205657,
    70.89821926960595,
    106.4857654167974,
    108.48670890092228,
    64.4345977388718,
    158.171705220605
  ],
  "main_grad_params": [
    26.0,
    26.0,
    26.0,
    26.0,
    26.0,
    26.0,
    26.0
  ],
  "ea_grad_params": [
    26.0,
    26.0,
    26.0,
    26.0,
    26.0,
    26.0,
    26.0
  ],
  "grad_params_total": [
    26.0,
    26.0,
    26.0,
    26.0,
    26.0,
    26.0,
    26.0
  ],
  "rank_loss_raw": [
    0.001505594300583769,
    0.0014316545178492863,
    0.001462489271011108,
    0.0014820711251396018,
    0.0014603834223145475,
    0.0014453083814050143,
    0.0014171373122968734
  ],
  "bottom_inv_loss_raw": [
    0.0,
    0.0,
    0.0,
    0.0,
    0.0,
    0.0,
    0.0
  ],
  "rank_pairs_count": [
    169.89743589743588,
    169.82051282051282,
    169.97435897435898,
    169.94871794871796,
    169.84615384615384,
    169.4102564102564,
    169.48717948717947
  ],
  "rank_violations_count": [
    42.05128205128205,
    41.256410256410255,
    41.61538461538461,
    42.05128205128205,
    41.84615384615385,
    41.53846153846154,
    40.87179487179487
  ],
  "rank_grad_norm": [
    0.7822866588830948,
    1.972213864326477,
    2.4302708506584167,
    0.8353045284748077,
    1.1071484684944153,
    0.7876023054122925,
    2.2345438599586487
  ],
  "rank_main_grad_ratio": [
    0.00010064512803722832,
    0.00019711661287497703,
    0.00011697512289925223,
    5.612187972827994e-05,
    0.00010122912123255411,
    5.703540417997087e-05,
    0.0001025576290953895
  ],
  "shap_clip_active": [
    0.0,
    0.0,
    0.0,
    0.0,
    0.0,
    0.0,
    0.0
  ],
  "epoch_accepted": [
    1.0,
    1.0,
    1.0,
    1.0,
    1.0,
    1.0,
    1.0
  ],
  "lr": [
    8e-05,
    8e-05,
    8e-05,
    8e-05,
    8e-05,
    8e-05,
    8e-05
  ],
  "adaptive_gamma": [
    0.00019999999999999996,
    0.0002761904761904763,
    0.00035238095238095254,
    0.0004285714285714286,
    0.0005047619047619046,
    0.0005809523809523808,
    0.000657142857142857
  ],
  "convergence_slowdown": [
    0.41790485156304213,
    0.28282108611778944,
    0.49960213653310337,
    0.24225272361907157,
    0.4485527363712646,
    0.4682001128412489,
    0.24698645142972248
  ],
  "shap_consistency": [
    0.009421690438802425,
    0.009588813480849449,
    0.009809542053307477,
    0.009747801360507041,
    0.00948032120672556,
    0.009459490243058939,
    0.009463055930936184
  ],
  "shap_sparsity": [
    0.9472736685703962,
    0.9472736716270447,
    0.9472736471738571,
    0.9472736013241303,
    0.9472734882281377,
    0.9472734393217624,
    0.9472734332084656
  ],
  "shap_faithfulness": [
    0.35613866799916977,
    0.3656323682039212,
    0.35511610752496964,
    0.3539372453322777,
    0.35665554648790604,
    0.3519146992610051,
    0.3442241709965926
  ],
  "shap_stability": [
    0.0,
    0.0,
    0.0,
    0.0,
    0.0,
    0.0,
    0.0
  ],
  "shap_weight_consistency": [
    1.0,
    1.0,
    1.0,
    1.0,
    1.0,
    1.0,
    1.0
  ],
  "shap_weight_sparsity": [
    0.0,
    0.0,
    0.0,
    0.0,
    0.0,
    0.0,
    0.0
  ],