{
  "total_loss": [
    2.9351769914993873,
    0.5309321177311432,
    0.44782249056375945,
    0.43657075671049267,
    0.40426680254630554,
    0.38991011182467145,
    0.3699424071953847,
    0.36554320806112045,
    0.3631574224967223,
    0.3669518110079643,
    0.37397685685218907,
    0.3668134181927412,
    0.36624066340617645,
    0.3705417873003544,
    0.36931087917242295
  ],
  "main_loss": [
    2.669298700797252,
    0.4850896092561575,
    0.4108001956572899,
    0.40265200076959073,
    0.37961980127371275,
    0.36855415503184,
    0.35825079144575656,
    0.3578763932753832,
    0.3562685002883275,
    0.3574755252935948,
    0.36056975141549724,
    0.3580648448222723,
    0.3572365313004225,
    0.3581002178864601,
    0.3580159544944763
  ],
  "shap_loss": [
    0.05316040407006557,
    0.051058694338187195,
    0.05272256067165962,
    0.050139699704371966,
    0.05080916856726011,
    0.0525138360949663,
    0.051547456437196486,
    0.053716737968035236,
    0.0524992144260651,
    0.05053990811873705,
    0.050713844215258576,
    0.051235673137200184,
    0.0514205219462896,
    0.05216541905433704,
    0.051194241700264126
  ],
  "shap_loss_normalized": [
    0.022234737873077393,
    0.030441731692124635,
    0.02295037000798262,
    0.022358109171573933,
    0.021406280927551098,
    0.010932417025264258,
    0.010309491449823746,
    0.010743347808527641,
    0.010499843073865542,
    0.01010798184105601,
    0.010142768972004071,
    0.0102471347946005,
    0.010284104623282567,
    0.010433084032952022,
    0.01023884851915332
  ],
  "tikhonov_loss": [
    0.0,
    0.0,
    0.0,
    0.0,
    0.0,
    0.0,
    0.0,
    0.0,
    0.0,
    0.0,
    0.0,
    0.0,
    0.0,
    0.0,
    0.0
  ],
  "nonnegativity_loss": [
    0.0,
    0.0,
    0.0,
    0.0,
    0.0,
    0.0,
    0.0,
    0.0,
    0.0,
    0.0,
    0.0,
    0.0,
    0.0,
    0.0,
    0.0
  ],
  "tikhonov_lambda": [
    0.0,
    0.0,
    0.0,
    0.0,
    0.0,
    0.0,
    0.0,
    0.0,
    0.0,
    0.0,
    0.0,
    0.0,
    0.0,
    0.0,
    0.0
  ],
  "nonnegativity_lambda": [
    0.0,
    0.0,
    0.0,
    0.0,
    0.0,
    0.0,
    0.0,
    0.0,
    0.0,
    0.0,
    0.0,
    0.0,
    0.0,
    0.0,
    0.0
  ],
  "shap_scale_factor": [
    0.41790485156304213,
    0.588856737995063,
    0.43502034219842184,
    0.4512156663218758,
    0.4165630919795245,
    0.2080264935984807,
    0.20000000000000004,
    0.20000000000000004,
    0.20000000000000004,
    0.20000000000000004,
    0.20000000000000004,
    0.20000000000000004,
    0.20000000000000004,
    0.20000000000000004,
    0.20000000000000004
  ],
  "shap_contribution": [
    0.0,
    0.0,
    0.0,
    0.0,
    0.0,
    0.0,
    5.4105811241009715e-06,
    1.8673306945297205e-05,
    1.6309222654597714e-05,
    2.695154925720253e-05,
    0.00011011257433542945,
    5.06775842297476e-05,
    6.080125156306447e-05,
    4.690469592251481e-05,
    5.904573322951388e-05
  ],
  "tikhonov_contribution": [
    0.0,
    0.0,
    0.0,
    0.0,
    0.0,
    0.0,
    0.0,
    0.0,
    0.0,
    0.0,
    0.0,
    0.0,
    0.0,
    0.0,
    0.0
  ],
  "nonnegativity_contribution": [
    0.0,
    0.0,
    0.0,
    0.0,
    0.0,
    0.0,
    0.0,
    0.0,
    0.0,
    0.0,
    0.0,
    0.0,
    0.0,
    0.0,
    0.0
  ],
  "regularization_share": [
    0.08857808987867503,
    0.08389257444523797,
    0.08158508286280537,
    0.07520882735789643,
    0.05738151654885501,
    0.05287579275952023,
    0.02889118536435376,
    0.019137419745381377,
    0.015941019422561802,
    0.0249242860962921,
    0.03306128273886507,
    0.021304304429247158,
    0.024708414844120466,
    0.029837861283674105,
    0.03146646488399767
  ],
  "accuracy_guard_loss": [
    2.311178302153563,
    0.12734017234582168,
    0.05395918702467894,
    0.045444006339097634,
    0.025088528027901284,
    0.016379349124737274,
    0.0036226086891614473,
    0.0020824533242445728,
    0.0022411797291193255,
    0.0024537344773610434,
    0.004817648957937191,
    0.0028735804252135446,
    0.0028129667043685913,
    0.004257124203902025,
    0.002999007319792723
  ],
  "accuracy_guard_contribution": [
    0.26587830665401924,
    0.045842508236185096,
    0.03702229786759768,
    0.03391875689610457,
    0.024647000460670546,
    0.02135595727043274,
    0.011686207774357919,
    0.007648140096511596,
    0.006872613412829546,
    0.009449334528583746,
    0.013296991873245973,
    0.008697898151018681,
    0.008943334556160828,
    0.01239466504790844,
    0.011235881071442213
  ],
  "distill_loss": [
    0.0,
    0.0,
    0.0,
    0.0,
    0.0,
    0.0,
    0.0,
    0.0,
    0.0,
    0.0,
    0.0,
    0.0,
    0.0,
    0.0,
    0.0
  ],
  "distill_contribution": [
    0.0,
    0.0,
    0.0,
    0.0,
    0.0,
    0.0,
    0.0,
    0.0,
    0.0,
    0.0,
    0.0,
    0.0,
    0.0,
    0.0,
    0.0
  ],
  "gate_entropy": [
    0.0019002629664893716,
    0.0019002201734110713,
    0.0019002201734110713,
    0.0019002201734110713,
    0.0019002201734110713,
    0.0019002201734110713,
    0.0019002201734110713,
    0.0019002201734110713,
    0.0019002201734110713,
    0.0019002201734110713,
    0.0019002201734110713,
    0.0019002201734110713,
    0.0019002201734110713,
    0.0019002201734110713,
    0.0019002201734110713
  ],
  "gate_min": [
    0.9998999100465041,
    0.9998999834060669,
    0.9998999834060669,
    0.9998999834060669,
    0.9998999834060669,
    0.9998999834060669,
    0.9998999834060669,
    0.9998999834060669,
    0.9998999834060669,
    0.9998999834060669,
    0.9998999834060669,
    0.9998999834060669,
    0.9998999834060669,
    0.9998999834060669,
    0.9998999834060669
  ],
  "gate_max": [
    0.9999000598222781,
    0.9998999834060669,
    0.9998999834060669,
    0.9998999834060669,
    0.9998999834060669,
    0.9998999834060669,
    0.9998999834060669,
    0.9998999834060669,
    0.9998999834060669,
    0.9998999834060669,
    0.9998999834060669,
    0.9998999834060669,
    0.9998999834060669,
    0.9998999834060669,
    0.9998999834060669
  ],
  "gate_anchor_loss": [
    1.0003773444949706e-08,
    1.000331906197971e-08,
    1.000331906197971e-08,
    1.000331906197971e-08,
    1.000331906197971e-08,
    1.000331906197971e-08,
    1.000331906197971e-08,
    1.000331906197971e-08,
    1.000331906197971e-08,
    1.000331906197971e-08,
    1.000331906197971e-08,
    1.000331906197971e-08,
    1.000331906197971e-08,
    1.000331906197971e-08,
    1.000331906197971e-08
  ],
  "gate_anchor_contribution": [
    5.001886824956978e-10,
    5.001659642012157e-10,
    5.001659642012157e-10,
    5.001659642012157e-10,
    5.001659642012157e-10,
    5.001659642012157e-10,
    5.001659642012157e-10,
    5.001659642012157e-10,
    5.001659642012157e-10,
    5.001659642012157e-10,
    5.001659642012157e-10,
    5.001659642012157e-10,
    5.001659642012157e-10,
    5.001659642012157e-10,
    5.001659642012157e-10
  ],
  "q_err_entropy": [
    1.8504149852654872,
    1.8793372955077734,
    1.8576919023807232,
    1.897666830282945,
    1.8858976853199494,
    1.8641336422700148,
    1.868353437154721,
    1.833255804502047,
    1.8603570430706708,
    1.8861833963638697,
    1.8758057386447222,
    1.878378519645104,
    1.8674671038603172,
    1.855929781229068,
    1.8748426804175744
  ],
  "q_err_gini": [
    0.7435537500259204,
    0.7368922508679904,
    0.7402204320980952,
    0.7312147326958485,
    0.7315929180536515,
    0.737835168838501,
    0.7381777962048849,
    0.7455975871819717,
    0.7402863502502441,
    0.7347054343957168,
    0.7364149384009533,
    0.7331867233300821,
    0.7373809172556951,
    0.7422867111670666,
    0.737275439959306
  ],