{
  "total_loss": [
    4.235693147549262,
    0.5445747291430448,
    0.4655925975396083,
    0.4348123551179201,
    0.39694838264049626,
    0.3888101126903143,
    0.38078496700678116,
    0.3833085264150913,
    0.38287158692494416,
    0.37561230017588687,
    0.38030243187378615,
    0.37683947002276397,
    0.3745143933173938,
    0.38212964244377917,
    0.37688055558082384
  ],
  "main_loss": [
    3.8513690340213285,
    0.49776247907907534,
    0.42992706558643246,
    0.4028558417772635,
    0.37820437168463683,
    0.3713593353063632,
    0.3697392031168326,
    0.3684325798963889,
    0.36945236646212065,
    0.36866457492877275,
    0.368407069108425,
    0.36844120346582854,
    0.36635960982396054,
    0.36925675242375106,
    0.368401254598911
  ],
  "shap_loss": [
    0.09196309076669888,
    0.09030075122912724,
    0.08949603732579793,
    0.09159566710392635,
    0.08846749097873004,
    0.08947985218121456,
    0.09383354622584122,
    0.09205234146270996,
    0.09387907366722058,
    0.09041269085346124,
    0.09553178457113412,
    0.09316764752834271,
    0.09036138844795716,
    0.09272947277014072,
    0.08887362690308155
  ],
  "shap_loss_normalized": [
    0.038120320066809654,
    0.034269697773150906,
    0.03975597673501724,
    0.04070130033561817,
    0.03088046605579364,
    0.017895970708475664,
    0.0187667096272493,
    0.018410468760591287,
    0.01877581509642112,
    0.018082538524117224,
    0.01910635719123559,
    0.018633529734917175,
    0.018072278071672488,
    0.01854589490745312,
    0.017774725834337566
  ],
  "tikhonov_loss": [
    0.0,
    0.0,
    0.0,
    0.0,
    0.0,
    0.0,
    0.0,
    0.0,
    0.0,
    0.0,
    0.0,
    0.0,
    0.0,
    0.0,
    0.0
  ],
  "nonnegativity_loss": [
    0.0,
    0.0,
    0.0,
    0.0,
    0.0,
    0.0,
    0.0,
    0.0,
    0.0,
    0.0,
    0.0,
    0.0,
    0.0,
    0.0,
    0.0
  ],
  "tikhonov_lambda": [
    0.0,
    0.0,
    0.0,
    0.0,
    0.0,
    0.0,
    0.0,
    0.0,
    0.0,
    0.0,
    0.0,
    0.0,
    0.0,
    0.0,
    0.0
  ],
  "nonnegativity_lambda": [
    0.0,
    0.0,
    0.0,
    0.0,
    0.0,
    0.0,
    0.0,
    0.0,
    0.0,
    0.0,
    0.0,
    0.0,
    0.0,
    0.0,
    0.0
  ],
  "shap_scale_factor": [
    0.41790485156304213,
    0.3758614424389993,
    0.4458285088036899,
    0.45117698751872654,
    0.34847989312709476,
    0.20000000000000004,
    0.20000000000000004,
    0.20000000000000004,
    0.20000000000000004,
    0.20000000000000004,
    0.20000000000000004,
    0.20000000000000004,
    0.20000000000000004,
    0.20000000000000004,
    0.20000000000000004
  ],
  "shap_contribution": [
    0.0,
    0.0,
    0.0,
    0.0,
    0.0,
    0.0,
    7.4419064777686845e-06,
    2.8142679440908327e-05,
    2.5634355015660196e-05,
    4.727739864252866e-05,
    4.362980437760528e-05,
    8.675391729458426e-05,
    7.248322473083719e-05,
    4.99036560097757e-05,
    5.091039090005394e-05
  ],
  "tikhonov_contribution": [
    0.0,
    0.0,
    0.0,
    0.0,
    0.0,
    0.0,
    0.0,
    0.0,
    0.0,
    0.0,
    0.0,
    0.0,
    0.0,
    0.0,
    0.0
  ],
  "nonnegativity_contribution": [
    0.0,
    0.0,
    0.0,
    0.0,
    0.0,
    0.0,
    0.0,
    0.0,
    0.0,
    0.0,
    0.0,
    0.0,
    0.0,
    0.0,
    0.0
  ],
  "regularization_share": [
    0.0885780892128826,
    0.08391608496051466,
    0.07441703225597883,
    0.07098146359868683,
    0.0459373245810945,
    0.04317820970258595,
    0.028216329880751265,
    0.03650299982189148,
    0.03210534828570298,
    0.01902369951559273,
    0.03122821749046963,
    0.020486231503478922,
    0.019105514957372744,
    0.030583237068253392,
    0.020445402700709818
  ],
  "accuracy_guard_loss": [
    3.4831527265218587,
    0.12888844998983237,
    0.06179708930162283,
    0.03569578169248043,
    0.011895245466476832,
    0.0075575449527838295,
    0.003234713887557005,
    0.005133571915137462,
    0.004163003884829008,
    0.0016299463235414945,
    0.0035778719645280102,
    0.0022679681961353007,
    0.002273493088208712,
    0.0038987298806508384,
    0.0024949067678207005
  ],
  "accuracy_guard_contribution": [
    0.3843241383632024,
    0.04681225078037152,
    0.03566553319493929,
    0.03195651673162595,
    0.018744010621538527,
    0.01745077690634972,
    0.011038323482259726,
    0.014847805962348595,
    0.013393585785077168,
    0.006900448017777541,
    0.011851731783304459,
    0.00831151170990406,
    0.008082300233535277,
    0.012822989183358656,
    0.008428390687092757
  ],
  "distill_loss": [
    0.0,
    0.0,
    0.0,
    0.0,
    0.0,
    0.0,
    0.0,
    0.0,
    0.0,
    0.0,
    0.0,
    0.0,
    0.0,
    0.0,
    0.0
  ],
  "distill_contribution": [
    0.0,
    0.0,
    0.0,
    0.0,
    0.0,
    0.0,
    0.0,
    0.0,
    0.0,
    0.0,
    0.0,
    0.0,
    0.0,
    0.0,
    0.0
  ],
  "gate_entropy": [
    0.001900308816216122,
    0.0019002201734110713,
    0.0019002201734110713,
    0.0019002201734110713,
    0.0019002201734110713,
    0.0019002201734110713,
    0.0019002201734110713,
    0.0019002201734110713,
    0.0019002201734110713,
    0.0019002201734110713,
    0.0019002201734110713,
    0.0019002201734110713,
    0.0019002201734110713,
    0.0019002201734110713,
    0.0019002201734110713
  ],
  "gate_min": [
    0.9998998886499649,
    0.9998999834060669,
    0.9998999834060669,
    0.9998999834060669,
    0.9998999834060669,
    0.9998999834060669,
    0.9998999834060669,
    0.9998999834060669,
    0.9998999834060669,
    0.9998999834060669,
    0.9998999834060669,
    0.9998999834060669,
    0.9998999834060669,
    0.9998999834060669,
    0.9998999834060669
  ],
  "gate_max": [
    0.9999000567656297,
    0.9998999834060669,
    0.9998999834060669,
    0.9998999834060669,
    0.9998999834060669,
    0.9998999834060669,
    0.9998999834060669,
    0.9998999834060669,
    0.9998999834060669,
    0.9998999834060669,
    0.9998999834060669,
    0.9998999834060669,
    0.9998999834060669,
    0.9998999834060669,
    0.9998999834060669
  ],
  "gate_anchor_loss": [
    1.0004223341479992e-08,
    1.000331906197971e-08,
    1.000331906197971e-08,
    1.000331906197971e-08,
    1.000331906197971e-08,
    1.000331906197971e-08,
    1.000331906197971e-08,
    1.000331906197971e-08,
    1.000331906197971e-08,
    1.000331906197971e-08,
    1.000331906197971e-08,
    1.000331906197971e-08,
    1.000331906197971e-08,
    1.000331906197971e-08,
    1.000331906197971e-08
  ],
  "gate_anchor_contribution": [
    5.002111801689378e-10,
    5.001659642012157e-10,
    5.001659642012157e-10,
    5.001659642012157e-10,
    5.001659642012157e-10,
    5.001659642012157e-10,
    5.001659642012157e-10,
    5.001659642012157e-10,
    5.001659642012157e-10,
    5.001659642012157e-10,
    5.001659642012157e-10,
    5.001659642012157e-10,
    5.001659642012157e-10,
    5.001659642012157e-10,
    5.001659642012157e-10
  ],
  "q_err_entropy": [
    1.2049696369048877,
    1.2389275034268696,
    1.222982094838069,
    1.206758697827657,
    1.238536345653045,
    1.2191766592172475,
    1.1958643794059753,
    1.2006605894137652,
    1.1851058587049828,
    1.2227008052361317,
    1.1598422481463506,
    1.2254176537195842,
    1.2007280068519788,
    1.2040298749239018,
    1.2126897390072162
  ],
  "q_err_gini": [
    0.8590863194221106,
    0.8542558841216259,
    0.8581283764961438,
    0.8593512039918166,
    0.854642221560845,
    0.8572236742728796,
    0.8607817460329105,
    0.8602190705446097,
    0.862060669140938,
    0.8558509212273818,
    0.8661013184449612,
    0.8565404399847373,
    0.8600383676015414,
    0.8603455164493659,
    0.8582644432018964
  ],