{
  "total_loss": [
    2.2412123794739065,
    0.899061442949833,
    0.8096853288320395,
    0.74681333395151,
    0.7999932040006686,
    0.75298039882611,
    0.6592188424024826,
    0.768516039236998,
    0.7384067468154125,
    0.8509377462741656
  ],
  "main_loss": [
    2.2410283784071603,
    0.89881410354223,
    0.8092610461589618,
    0.7462255488603543,
    0.7996638967440679,
    0.752635773175802,
    0.6588632380351042,
    0.7681010556526673,
    0.737701171483749,
    0.849924243413485
  ],
  "shap_loss": [
    0.4634361091332558,
    0.5018225365724319,
    0.5140984776692513,
    0.5243674577810825,
    0.5175417371285267,
    0.5229984330825317,
    0.5443329604772421,
    0.5238745525861398,
    0.5245703550485464,
    0.5106047842747126
  ],
  "shap_loss_normalized": [
    0.02209310868802743,
    0.006013765369947904,
    0.00370300408357229,
    0.0054583330698406846,
    0.005597579042212321,
    0.0038065037463242426,
    0.0061201949914296465,
    0.004892443700765188,
    0.004123669159479248,
    0.005023381039977838
  ],
  "tikhonov_loss": [
    0.0,
    0.0,
    0.0,
    0.0,
    0.0,
    0.0,
    0.0,
    0.0,
    0.0,
    0.0
  ],
  "nonnegativity_loss": [
    0.0,
    0.0,
    0.0,
    0.0,
    0.0,
    0.0,
    0.0,
    0.0,
    0.0,
    0.0
  ],
  "tikhonov_lambda": [
    0.0,
    0.0,
    0.0,
    0.0,
    0.0,
    0.0,
    0.0,
    0.0,
    0.0,
    0.0
  ],
  "nonnegativity_lambda": [
    0.0,
    0.0,
    0.0,
    0.0,
    0.0,
    0.0,
    0.0,
    0.0,
    0.0,
    0.0
  ],
  "shap_scale_factor": [
    0.05673345774224838,
    0.01205598394152394,
    0.007246550627938682,
    0.010427208744108556,
    0.010884846782630355,
    0.007343891239016105,
    0.011341271797293889,
    0.009412369822834717,
    0.00790709579113897,
    0.009997924523685635
  ],
  "shap_contribution": [
    0.00018396849396268433,
    0.00024733953782393096,
    0.00042428376521759975,
    0.0005877894044925387,
    0.00032930870283729373,
    0.00034462629245797126,
    0.00035560533601360826,
    0.0004149868432133912,
    0.000705576503279213,
    0.001013500969677877
  ],
  "tikhonov_contribution": [
    0.0,
    0.0,
    0.0,
    0.0,
    0.0,
    0.0,
    0.0,
    0.0,
    0.0,
    0.0
  ],
  "nonnegativity_contribution": [
    0.0,
    0.0,
    0.0,
    0.0,
    0.0,
    0.0,
    0.0,
    0.0,
    0.0,
    0.0
  ],
  "regularization_share": [
    0.00018092812229755775,
    0.0002937916467467583,
    0.000554311664814541,
    0.0008933331276724921,
    0.00046916725729637674,
    0.00048214758078416435,
    0.0006680784182240296,
    0.0006158644721545778,
    0.0010164548057840595,
    0.0012805935771580416
  ],
  "accuracy_guard_loss": [
    0.0,
    0.0,
    0.0,
    0.0,
    0.0,
    0.0,
    0.0,
    0.0,
    0.0,
    0.0
  ],
  "accuracy_guard_contribution": [
    0.0,
    0.0,
    0.0,
    0.0,
    0.0,
    0.0,
    0.0,
    0.0,
    0.0,
    0.0
  ],
  "distill_loss": [
    0.0,
    0.0,
    0.0,
    0.0,
    0.0,
    0.0,
    0.0,
    0.0,
    0.0,
    0.0
  ],
  "distill_contribution": [
    0.0,
    0.0,
    0.0,
    0.0,
    0.0,
    0.0,
    0.0,
    0.0,
    0.0,
    0.0
  ],
  "gate_entropy": [
    0.0019004371954510228,
    0.0019006144810611238,
    0.001900932372499926,
    0.0019011616121786528,
    0.001901286845214856,
    0.0019015649823137582,
    0.00190180951418976,
    0.0019019898564483111,
    0.0019022588415119129,
    0.001902860992301542
  ],
  "gate_min": [
    0.9998999131031525,
    0.9998998641967773,
    0.9998998061204568,
    0.9998996777412219,
    0.9998995677018777,
    0.99989936596308,
    0.9998992284138998,
    0.9998990297317505,
    0.9998988035397652,
    0.9998985865177252
  ],
  "gate_max": [
    0.9999000598222781,
    0.9999001026153564,
    0.9999001026153564,
    0.9999001026153564,
    0.9999001026153564,
    0.9999001026153564,
    0.9999001973714584,
    0.999900221824646,
    0.9999001637483255,
    0.9999001026153564
  ],
  "gate_anchor_loss": [
    1.0005542582492721e-08,
    1.0007445379500997e-08,
    1.0010667121462529e-08,
    1.001324538954589e-08,
    1.0014506397937613e-08,
    1.0017384483172137e-08,
    1.0020036902766641e-08,
    1.002205088149402e-08,
    1.0024683510651427e-08,
    1.0031119160385352e-08
  ],
  "gate_anchor_contribution": [
    5.002771331100521e-10,
    5.003722820699881e-10,
    5.005333697374098e-10,
    5.006622794408344e-10,
    5.007253230282789e-10,
    5.00869239246253e-10,
    5.010018696201731e-10,
    5.011025568849666e-10,
    5.012341823647131e-10,
    5.015559691214978e-10
  ],
  "q_err_entropy": [
    NaN,
    NaN,
    NaN,
    NaN,
    NaN,
    NaN,
    NaN,
    NaN,
    NaN,
    NaN
  ],
  "q_err_gini": [
    NaN,
    NaN,
    NaN,
    NaN,
    NaN,
    NaN,
    NaN,
    NaN,
    NaN,
    NaN
  ],
  "q_err_corr": [
    NaN,
    NaN,
    NaN,
    NaN,
    NaN,
    NaN,
    NaN,
    NaN,
    NaN,
    NaN
  ],
  "p_q_corr": [
    NaN,
    NaN,
    NaN,
    NaN,
    NaN,
    NaN,
    NaN,
    NaN,
    NaN,
    NaN
  ],
  "ea_ratio": [
    0.00018098658676115939,
    0.00029388632426092116,
    0.0005547465258039152,
    0.0008953238564292685,
    0.00046943343663886667,
    0.00048245483664616657,
    0.0006688688922739134,
    0.0006162968202261254,
    0.0010176617808890743,
    0.0012824485669485652
  ],
  "main_grad_norm": [
    9421.547241210938,
    13788.19775390625,
    20195.63134765625,
    10153.59375,
    12520.513916015625,
    8118.018310546875,
    8184.937744140625,
    8947.6640625,
    16893.5048828125,
    18441.9091796875
  ],
  "ea_grad_norm": [
    1.5689005255699158,
    0.9088387191295624,
    0.5713723599910736,
    0.3821936845779419,
    0.912979245185852,
    0.4719694256782532,
    0.7649069726467133,
    0.6470743119716644,
    0.6276412904262543,
    0.7273368239402771
  ],
  "ea_main_grad_ratio": [
    0.00023706264626826459,
    6.735893648803274e-05,
    4.01800652036977e-05,
    4.185843463763757e-05,
    7.274277170573858e-05,
    7.323572930384911e-05,
    9.425872163531142e-05,
    7.157114945953311e-05,
    4.300811107705866e-05,
    3.8685263653209406e-05
  ],
  "ea_scale": [
    55.056434905374424,
    184.59371454423132,
    352.71996242716597,
    260.04616580582126,
    137.45295338252245,
    181.0578237020223,
    116.40292092035517,
    142.44714066570387,
    255.90856714018904,
    276.8812802600976
  ],
  "main_grad_params": [
    26.0,
    26.0,
    26.0,
    26.0,
    26.0,
    26.0,
    26.0,
    26.0,
    26.0,
    26.0
  ],
  "ea_grad_params": [
    26.0,
    26.0,
    26.0,
    26.0,
    26.0,
    26.0,
    26.0,
    26.0,
    26.0,
    26.0
  ],
  "grad_params_total": [
    26.0,
    26.0,
    26.0,
    26.0,
    26.0,
    26.0,
    26.0,
    26.0,
    26.0,
    26.0
  ],
  "rank_loss_raw": [
    NaN,
    NaN,
    NaN,
    NaN,
    NaN,
    NaN,
    NaN,
    NaN,
    NaN,
    NaN
  ],
  "bottom_inv_loss_raw": [
    NaN,
    NaN,
    NaN,
    NaN,
    NaN,
    NaN,
    NaN,
    NaN,
    NaN,
    NaN
  ],
  "rank_pairs_count": [
    NaN,
    NaN,
    NaN,
    NaN,
    NaN,
    NaN,
    NaN,
    NaN,
    NaN,
    NaN
  ],
  "rank_violations_count": [
    NaN,
    NaN,
    NaN,
    NaN,
    NaN,
    NaN,
    NaN,
    NaN,
    NaN,
    NaN
  ],
  "rank_grad_norm": [
    NaN,
    NaN,
    NaN,
    NaN,
    NaN,
    NaN,
    NaN,
    NaN,
    NaN,
    NaN
  ],
  "rank_main_grad_ratio": [
    NaN,
    NaN,
    NaN,
    NaN,
    NaN,
    NaN,
    NaN,
    NaN,
    NaN,
    NaN
  ],
  "shap_clip_active": [
    0.0,
    0.0,
    0.0,
    0.0,
    0.0,
    0.0,
    0.0,
    0.0,
    0.0,
    0.0
  ],
  "epoch_accepted": [
    1.0,
    1.0,
    1.0,
    1.0,
    1.0,
    1.0,
    1.0,
    1.0,
    1.0,
    1.0
  ],
  "lr": [
    8e-05,
    8e-05,
    8e-05,
    8e-05,
    8e-05,
    8e-05,
    8e-05,
    8e-05,
    8e-05,
    8e-05
  ],