{
  "total_loss": [
    3.6681900941408596,
    0.7025252634134048,
    0.78817501052832,
    0.7625934978326162,
    0.6771031129054534
  ],
  "main_loss": [
    3.6681900941408596,
    0.7025252634134048,
    0.788041067429078,
    0.7608742522887695,
    0.6758062709600497
  ],
  "shap_loss": [
    0.4682318552946433,
    0.4527124028939467,
    0.4518224551127507,
    0.45406340559323627,
    0.45379627973605424
  ],
  "shap_loss_normalized": [
    0.2404170301862252,
    0.14624493206158662,
    0.1877934124607306,
    0.18483218340537486,
    0.09594360242287318
  ],
  "tikhonov_loss": [
    0.0,
    0.0,
    0.0,
    0.0,
    0.0
  ],
  "nonnegativity_loss": [
    0.0,
    0.0,
    0.0,
    0.0,
    0.0
  ],
  "tikhonov_lambda": [
    0.0,
    0.0,
    0.0,
    0.0,
    0.0
  ],
  "nonnegativity_lambda": [
    0.0,
    0.0,
    0.0,
    0.0,
    0.0
  ],
  "shap_scale_factor": [
    0.5094962287027754,
    0.3233272679744696,
    0.41790485156304213,
    0.40666643745940806,
    0.21144772859866307
  ],
  "shap_contribution": [
    0.0,
    0.0,
    0.00013393986181397803,
    0.0017192424185430775,
    0.0012968425841954274
  ],
  "tikhonov_contribution": [
    0.0,
    0.0,
    0.0,
    0.0,
    0.0
  ],
  "nonnegativity_contribution": [
    0.0,
    0.0,
    0.0,
    0.0,
    0.0
  ],
  "regularization_share": [
    4.2262337456335945e-10,
    7.773514574051487e-10,
    0.0002131873049484512,
    0.002861345201900075,
    0.002090547006333041
  ],
  "accuracy_guard_loss": [
    0.0,
    0.0,
    0.0,
    0.0,
    0.0
  ],
  "accuracy_guard_contribution": [
    0.0,
    0.0,
    0.0,
    0.0,
    0.0
  ],
  "distill_loss": [
    0.0,
    0.0,
    0.0,
    0.0,
    0.0
  ],
  "distill_contribution": [
    0.0,
    0.0,
    0.0,
    0.0,
    0.0
  ],
  "gate_entropy": [
    0.0019004310821541226,
    0.0019008345597495253,
    0.0019009996187658263,
    0.001901094374867777,
    0.0019012777737747782
  ],
  "gate_min": [
    0.9998998947632618,
    0.9998998641967773,
    0.9998997663840269,
    0.9998996869111673,
    0.9998996257781982
  ],
  "gate_max": [
    0.9999000751055204,
    0.9999001026153564,
    0.999900065935575,
    0.9999001026153564,
    0.9999001026153564
  ],
  "gate_anchor_loss": [
    1.0005413910490892e-08,
    1.000972849906335e-08,
    1.001153327761218e-08,
    1.001247101183294e-08,
    1.0014439807329941e-08
  ],
  "gate_anchor_contribution": [
    5.002707080501377e-10,
    5.004864400408138e-10,
    5.005766840923616e-10,
    5.006235554310806e-10,
    5.007219937825679e-10
  ],
  "q_err_entropy": [
    1.7994185258180668,
    1.8426278768441615,
    1.8018878209285247,
    1.796256409241603,
    1.8325214416552813
  ],
  "q_err_gini": [
    0.7454953591028849,
    0.7446534755902413,
    0.7506389235838865,
    0.7493831790410556,
    0.7452223300933838
  ],
  "q_err_corr": [
    0.7846052956424261,
    0.7410308573490534,
    0.7728477093653802,
    0.7741436331700056,
    0.782623868340101
  ],
  "p_q_corr": [
    -0.3155278441233513,
    -0.3660241212600317,
    -0.34706514538862765,
    -0.3504414902283595,
    -0.35529070252027267
  ],
  "ea_ratio": [
    0.0,
    0.0,
    0.00021325732259123097,
    0.002880986466502341,
    0.0020957484718961404
  ],
  "main_grad_norm": [
    11573.808715820312,
    11248.839111328125,
    7675.709716796875,
    9707.85693359375,
    12026.54931640625
  ],
  "ea_grad_norm": [
    11.30355453491211,
    23.09584903717041,
    37.20796775817871,
    10.68412709236145,
    8.090826034545898
  ],
  "ea_main_grad_ratio": [
    0.0016477978558384915,
    0.002685973547893541,
    0.007572508443075464,
    0.0010504766065547546,
    0.0008016336115197783
  ],
  "ea_scale": [
    8.28569736480815,
    4.835828634369215,
    3.447144660203478,
    11.804815522648997,
    14.319149649441716
  ],
  "main_grad_params": [
    26.0,
    26.0,
    26.0,
    26.0,
    26.0
  ],
  "ea_grad_params": [
    26.0,
    26.0,
    26.0,
    26.0,
    26.0
  ],
  "grad_params_total": [
    26.0,
    26.0,
    26.0,
    26.0,
    26.0
  ],
  "rank_loss_raw": [
    0.04350056909979918,
    0.045177217095326155,
    0.04366518643039923,
    0.044213962669555955,
    0.04428581836131903
  ],
  "bottom_inv_loss_raw": [
    0.0,
    0.0,
    0.0,
    0.0,
    0.0
  ],
  "rank_pairs_count": [
    168.33333333333334,
    170.6153846153846,
    170.56410256410257,
    170.43589743589743,
    170.64102564102564
  ],
  "rank_violations_count": [
    111.35897435897436,
    114.15384615384616,
    112.35897435897436,
    112.61538461538461,
    113.0
  ],
  "rank_grad_norm": [
    12.497650146484375,
    12.955365657806396,
    11.27708101272583,
    6.9227800369262695,
    7.6038267612457275
  ],
  "rank_main_grad_ratio": [
    0.0029279055842270814,
    0.0012929505585304144,
    0.0018272929494646548,
    0.0007003801799877195,
    0.0007327540005248399
  ],
  "shap_clip_active": [
    0.0,
    0.0,
    0.0,
    0.0,
    0.0
  ],
  "epoch_accepted": [
    1.0,
    1.0,
    1.0,
    1.0,
    1.0
  ],
  "lr": [
    8e-05,
    8e-05,
    8e-05,
    8e-05,
    8e-05
  ],
  "adaptive_gamma": [
    0.00019999999999999996,
    0.00039047619047619065,
    0.0005809523809523808,
    0.0007714285714285716,
    0.0009619047619047619
  ],
  "convergence_slowdown": [
    0.5094962287027754,
    0.3233272679744696,
    0.41790485156304213,
    0.40666643745940806,
    0.21144772859866307
  ],
  "shap_consistency": [
    0.4682318552946433,
    0.4527124028939467,
    0.4518224551127507,
    0.45406340559323627,
    0.45379627973605424
  ],
  "shap_sparsity": [
    0.9472736716270447,
    0.9472736716270447,
    0.9472736685703962,
    0.9472736655137478,
    0.9472736655137478
  ],
  "shap_faithfulness": [
    0.27523526052633923,
    0.2055974854872777,
    0.22058306978299067,
    0.2231665047315451,
    0.2162030304853733
  ],
  "shap_stability": [
    0.0,
    0.0,
    0.0,
    0.0,
    0.0
  ],
  "shap_weight_consistency": [
    1.0,
    1.0,
    1.0,
    1.0,
    1.0
  ],
  "shap_weight_sparsity": [
    0.0,
    0.0,
    0.0,
    0.0,
    0.0
  ],
  "shap_weight_faithfulness": [
    0.0,
    0.0,
    0.0,
    0.0,
    0.0
  ],
  "shap_weight_stability": [
    0.0,
    0.0,
    0.0,
    0.0,
    0.0
  ],
  "val_main_loss": [
    0.6134985685348511,
    0.4226323962211609,
    0.5555394887924194,
    0.7462952733039856,
    1.1068528890609741
  ]
}