{
  "total_loss": [
    2.622180529893973,
    0.5670100213625492,
    0.4421834815771152,
    0.41062496564327144,
    0.4051976372034122,
    0.3885187873473534,
    0.3765561641790928,
    0.37368495303850907,
    0.37115176022052765,
    0.372197667375589,
    0.37473626855092174,
    0.377504621560757,
    0.3740982688390292,
    0.37250522390390056,
    0.37288394341102016
  ],
  "main_loss": [
    2.384427491671,
    0.516081439378934,
    0.4061300525298485,
    0.38178124183263534,
    0.3763184463366484,
    0.3670997080894617,
    0.3647121133712622,
    0.3632418299332643,
    0.3625169961880415,
    0.3629748851825029,
    0.3632229765256246,
    0.3634946842988332,
    0.36299570554342026,
    0.36279274446841997,
    0.3624845781387427
  ],
  "shap_loss": [
    0.08413588886077587,
    0.08538335141463158,
    0.08386898193603907,
    0.08372252778365062,
    0.08354698618253072,
    0.08373514180764174,
    0.08341134836276372,
    0.08344057890085074,
    0.0844633053892698,
    0.08486777391189183,
    0.08397654233834682,
    0.08363489080698062,
    0.08305745934828734,
    0.08319919651899582,
    0.08407736626955178
  ],
  "shap_loss_normalized": [
    0.034988583089449465,
    0.03559102863073349,
    0.04187952617231088,
    0.019576281977769654,
    0.02783322434585828,
    0.0238467356046805,
    0.03477386399530447,
    0.01695681845721526,
    0.016892661412174884,
    0.01697355527908374,
    0.016795308902286567,
    0.01672697852914914,
    0.016611492165770285,
    0.016639839857816696,
    0.01681547349271102
  ],
  "tikhonov_loss": [
    0.0,
    0.0,
    0.0,
    0.0,
    0.0,
    0.0,
    0.0,
    0.0,
    0.0,
    0.0,
    0.0,
    0.0,
    0.0,
    0.0,
    0.0
  ],
  "nonnegativity_loss": [
    0.0,
    0.0,
    0.0,
    0.0,
    0.0,
    0.0,
    0.0,
    0.0,
    0.0,
    0.0,
    0.0,
    0.0,
    0.0,
    0.0,
    0.0
  ],
  "tikhonov_lambda": [
    0.0,
    0.0,
    0.0,
    0.0,
    0.0,
    0.0,
    0.0,
    0.0,
    0.0,
    0.0,
    0.0,
    0.0,
    0.0,
    0.0,
    0.0
  ],
  "nonnegativity_lambda": [
    0.0,
    0.0,
    0.0,
    0.0,
    0.0,
    0.0,
    0.0,
    0.0,
    0.0,
    0.0,
    0.0,
    0.0,
    0.0,
    0.0,
    0.0
  ],
  "shap_scale_factor": [
    0.41790485156304213,
    0.41790485156304213,
    0.49979364536818566,
    0.23385494855462988,
    0.33301830850652,
    0.2849912003040366,
    0.41481398786668844,
    0.2031955209438683,
    0.20000000000000004,
    0.20000000000000004,
    0.20000000000000004,
    0.20000000000000004,
    0.20000000000000004,
    0.20000000000000004,
    0.20000000000000004
  ],
  "shap_contribution": [
    0.0,
    0.0,
    0.0,
    0.0,
    0.0,
    0.0,
    4.885210535996101e-06,
    1.390457260314202e-05,
    2.3715952337601593e-05,
    3.912742338285077e-05,
    5.085524567104399e-05,
    6.422851611904871e-05,
    6.700983860168773e-05,
    9.426723763448163e-05,
    5.238798938733406e-05
  ],
  "tikhonov_contribution": [
    0.0,
    0.0,
    0.0,
    0.0,
    0.0,
    0.0,
    0.0,
    0.0,
    0.0,
    0.0,
    0.0,
    0.0,
    0.0,
    0.0,
    0.0
  ],
  "nonnegativity_contribution": [
    0.0,
    0.0,
    0.0,
    0.0,
    0.0,
    0.0,
    0.0,
    0.0,
    0.0,
    0.0,
    0.0,
    0.0,
    0.0,
    0.0,
    0.0
  ],
  "regularization_share": [
    0.08857808951767361,
    0.08857809048207992,
    0.07943524930983009,
    0.06685737839093192,
    0.06931970278503188,
    0.05341078663668931,
    0.027967086798928148,
    0.02597109482149918,
    0.020985215491462275,
    0.022247788929992234,
    0.030200433189897444,
    0.03670399052619105,
    0.0287682459981421,
    0.02465256605622006,
    0.02603979912554899
  ],
  "accuracy_guard_loss": [
    2.0214704978160367,
    0.15316918186652353,
    0.043860726249523654,
    0.02132402092982561,
    0.014440909028053284,
    0.008264961150976328,
    0.004358251889546712,
    0.002530961846693968,
    0.00237125616807204,
    0.003707066560402895,
    0.004678169886271159,
    0.0046453636426192066,
    0.0028382776639400385,
    0.0030549714962641397,
    0.0030951056724939593
  ],
  "accuracy_guard_contribution": [
    0.23775303316039917,
    0.05092858747603037,
    0.036053428665185586,
    0.02884372357183542,
    0.02887919143988536,
    0.021419078780290406,
    0.011839162462796921,
    0.010429217886084165,
    0.00861104673300034,
    0.009183652985554475,
    0.011462437848632153,
    0.013945709770688644,
    0.011035555066206517,
    0.009618212970403524,
    0.010346978186414791
  ],
  "distill_loss": [
    0.0,
    0.0,
    0.0,
    0.0,
    0.0,
    0.0,
    0.0,
    0.0,
    0.0,
    0.0,
    0.0,
    0.0,
    0.0,
    0.0,
    0.0
  ],
  "distill_contribution": [
    0.0,
    0.0,
    0.0,
    0.0,
    0.0,
    0.0,
    0.0,
    0.0,
    0.0,
    0.0,
    0.0,
    0.0,
    0.0,
    0.0,
    0.0
  ],
  "gate_entropy": [
    0.0019004127422634226,
    0.0019002201734110713,
    0.0019002201734110713,
    0.0019002201734110713,
    0.0019002201734110713,
    0.0019002201734110713,
    0.0019002201734110713,
    0.0019002201734110713,
    0.0019002201734110713,
    0.0019002201734110713,
    0.0019002201734110713,
    0.0019002201734110713,
    0.0019002201734110713,
    0.0019002201734110713,
    0.0019002201734110713
  ],
  "gate_min": [
    0.9998999100465041,
    0.9998999834060669,
    0.9998999834060669,
    0.9998999834060669,
    0.9998999834060669,
    0.9998999834060669,
    0.9998999834060669,
    0.9998999834060669,
    0.9998999834060669,
    0.9998999834060669,
    0.9998999834060669,
    0.9998999834060669,
    0.9998999834060669,
    0.9998999834060669,
    0.9998999834060669
  ],
  "gate_max": [
    0.9998999834060669,
    0.9998999834060669,
    0.9998999834060669,
    0.9998999834060669,
    0.9998999834060669,
    0.9998999834060669,
    0.9998999834060669,
    0.9998999834060669,
    0.9998999834060669,
    0.9998999834060669,
    0.9998999834060669,
    0.9998999834060669,
    0.9998999834060669,
    0.9998999834060669,
    0.9998999834060669
  ],
  "gate_anchor_loss": [
    1.0005251191649641e-08,
    1.000331906197971e-08,
    1.000331906197971e-08,
    1.000331906197971e-08,
    1.000331906197971e-08,
    1.000331906197971e-08,
    1.000331906197971e-08,
    1.000331906197971e-08,
    1.000331906197971e-08,
    1.000331906197971e-08,
    1.000331906197971e-08,
    1.000331906197971e-08,
    1.000331906197971e-08,
    1.000331906197971e-08,
    1.000331906197971e-08
  ],
  "gate_anchor_contribution": [
    5.002625792248895e-10,
    5.001659642012157e-10,
    5.001659642012157e-10,
    5.001659642012157e-10,
    5.001659642012157e-10,
    5.001659642012157e-10,
    5.001659642012157e-10,
    5.001659642012157e-10,
    5.001659642012157e-10,
    5.001659642012157e-10,
    5.001659642012157e-10,
    5.001659642012157e-10,
    5.001659642012157e-10,
    5.001659642012157e-10,
    5.001659642012157e-10
  ],
  "q_err_entropy": [
    1.1352381217174041,
    1.0991414082355988,
    1.1296267753992326,
    1.1233644714722266,
    1.1216706618284569,
    1.142982012186295,
    1.1167110785459862,
    1.1177132160235674,
    1.124882236505166,
    1.1096351054998546,
    1.1122517157823613,
    1.1179902186760535,
    1.1272565493216882,
    1.1231597020075872,
    1.120426240639809
  ],
  "q_err_gini": [
    0.864142948236221,
    0.8694644432801467,
    0.8647700746854147,
    0.8651833091026697,
    0.8656598329544067,
    0.8626470244847811,
    0.866763038512988,
    0.8656346797943115,
    0.8655475744834313,
    0.8681201109519372,
    0.8677764412684318,
    0.8665682749870496,
    0.8660186223494701,
    0.8658325473467509,
    0.8658989285811399
  ],