{
  "total_loss": [
    2.8354156819673686,
    0.9064216835376544,
    0.8380321768613962,
    0.7889187015019931,
    0.9230228249843304,
    0.9824413504355993
  ],
  "main_loss": [
    2.8302138463044777,
    0.9041425532255417,
    0.8357579906781515,
    0.7826899259518354,
    0.9206697260722135,
    0.9799108123167967
  ],
  "shap_loss": [
    0.24362178796376938,
    0.22776173055171967,
    0.22741898187460044,
    0.24687793124944735,
    0.22301885982354483,
    0.25305400788784027
  ],
  "shap_loss_normalized": [
    0.1040367681819659,
    0.04558249625066916,
    0.04548379702445788,
    0.12457556525866191,
    0.0470619383148658,
    0.05061080230352206
  ],
  "tikhonov_loss": [
    0.0,
    0.0,
    0.0,
    0.0,
    0.0,
    0.0
  ],
  "nonnegativity_loss": [
    0.0,
    0.0,
    0.0,
    0.0,
    0.0,
    0.0
  ],
  "tikhonov_lambda": [
    0.0,
    0.0,
    0.0,
    0.0,
    0.0,
    0.0
  ],
  "nonnegativity_lambda": [
    0.0,
    0.0,
    0.0,
    0.0,
    0.0,
    0.0
  ],
  "shap_scale_factor": [
    0.41790485156304213,
    0.20010465724751442,
    0.20000000000000004,
    0.5012440210479807,
    0.21144772859866307,
    0.20000000000000004
  ],
  "shap_contribution": [
    0.005201838456858427,
    0.0022791248435775437,
    0.0022741898876399947,
    0.0062287783560653525,
    0.0023530969420113624,
    0.0025305401695032534
  ],
  "tikhonov_contribution": [
    0.0,
    0.0,
    0.0,
    0.0,
    0.0,
    0.0
  ],
  "nonnegativity_contribution": [
    0.0,
    0.0,
    0.0,
    0.0,
    0.0,
    0.0
  ],
  "regularization_share": [
    0.003558469031210777,
    0.0029007234293605606,
    0.00290801911469603,
    0.009522625267046586,
    0.0029930127555861242,
    0.002880339845107464
  ],
  "accuracy_guard_loss": [
    0.0,
    0.0,
    0.0,
    0.0,
    0.0,
    0.0
  ],
  "accuracy_guard_contribution": [
    0.0,
    0.0,
    0.0,
    0.0,
    0.0,
    0.0
  ],
  "distill_loss": [
    0.0,
    0.0,
    0.0,
    0.0,
    0.0,
    0.0
  ],
  "distill_contribution": [
    0.0,
    0.0,
    0.0,
    0.0,
    0.0,
    0.0
  ],
  "gate_entropy": [
    0.0019003852324273724,
    0.0019008101065619253,
    0.001901244150641828,
    0.0019019074194754164,
    0.001902433046593498,
    0.0019032764726151258
  ],
  "gate_min": [
    0.9998998978199103,
    0.9998997847239176,
    0.9998996960811126,
    0.9998995585319324,
    0.9998993537364862,
    0.9998990908647195
  ],
  "gate_max": [
    0.9999000689922235,
    0.9999001026153564,
    0.9999000965020596,
    0.9999001026153564,
    0.9999001026153564,
    0.9999001026153564
  ],
  "gate_anchor_loss": [
    1.0004963512936882e-08,
    1.000940759336817e-08,
    1.0013985014431443e-08,
    1.0020985727830743e-08,
    1.0026356292222808e-08,
    1.0035485422722791e-08
  ],
  "gate_anchor_contribution": [
    5.002481861797292e-10,
    5.004703944713822e-10,
    5.006992697946344e-10,
    5.010492974937674e-10,
    5.013178234359901e-10,
    5.017742816690247e-10
  ],
  "q_err_entropy": [
    0.8916757855659876,
    0.8175187622889494,
    0.8635869948909833,
    0.9173657156718082,
    0.9242823276764307,
    0.7624723575054071
  ],
  "q_err_gini": [
    0.8873045092973953,
    0.8943543755091153,
    0.8892074120350373,
    0.8856940575135059,
    0.8842437756367219,
    0.9024954117261447
  ],
  "q_err_corr": [
    0.43139975163687366,
    0.4548403735941228,
    0.4287093260552352,
    0.4186529534845016,
    0.41176006900003326,
    0.48162114794533223
  ],
  "p_q_corr": [
    -0.030701879722376663,
    0.056547770637851685,
    0.05461621998498837,
    -0.03806162970618178,
    0.06636241988169973,
    -0.0768739981099199
  ],
  "ea_ratio": [
    0.003600599017376319,
    0.0029104164210506356,
    0.002917165467993189,
    0.0096763631549831,
    0.003003738895178032,
    0.002889810964309921
  ],
  "main_grad_norm": [
    9918.796752929688,
    11246.3232421875,
    17092.05517578125,
    11141.805419921875,
    17060.2080078125,
    10048.825927734375
  ],
  "ea_grad_norm": [
    20.562613010406494,
    7.050625562667847,
    10.588100910186768,
    11.258699178695679,
    3.8211541175842285,
    5.555480241775513
  ],
  "ea_main_grad_ratio": [
    0.0065152183387528675,
    0.0006302946458378613,
    0.0006189556258555081,
    0.0019414927860284979,
    0.00024626819389212426,
    0.0006249145956503986
  ],
  "ea_scale": [
    1.0,
    1.0,
    1.0,
    1.0,
    1.0,
    1.0
  ],
  "main_grad_params": [
    26.0,
    26.0,
    26.0,
    26.0,
    26.0,
    26.0
  ],
  "ea_grad_params": [
    26.0,
    26.0,
    26.0,
    26.0,
    26.0,
    26.0
  ],
  "grad_params_total": [
    26.0,
    26.0,
    26.0,
    26.0,
    26.0,
    26.0
  ],
  "rank_loss_raw": [
    0.042523480617465116,
    0.03852779843295232,
    0.03913041493162895,
    0.04297151187291512,
    0.03818349454265375,
    0.04438943210511635
  ],
  "bottom_inv_loss_raw": [
    0.0,
    0.0,
    0.0,
    0.0,
    0.0,
    0.0
  ],
  "rank_pairs_count": [
    170.6153846153846,
    170.43589743589743,
    170.74358974358975,
    170.71794871794873,
    170.6153846153846,
    170.71794871794873
  ],
  "rank_violations_count": [
    108.2051282051282,
    100.56410256410257,
    103.66666666666667,
    107.76923076923077,
    101.2051282051282,
    110.38461538461539
  ],
  "rank_grad_norm": [
    7.937180995941162,
    8.19253659248352,
    15.959606647491455,
    9.772948265075684,
    4.3505613803863525,
    7.289422035217285
  ],
  "rank_main_grad_ratio": [
    0.002059696516729476,
    0.0007300716078371672,
    0.0009398392744872054,
    0.0011818450245442732,
    0.00028153427748455005,
    0.0008399654689553882
  ],
  "shap_clip_active": [
    0.0,
    0.0,
    0.0,
    0.0,
    0.0,
    0.0
  ],
  "epoch_accepted": [
    1.0,
    1.0,
    1.0,
    1.0,
    1.0,
    1.0
  ],
  "lr": [
    8e-05,
    8e-05,
    8e-05,
    8e-05,
    8e-05,
    8e-05
  ],
  "adaptive_gamma": [
    0.05000000000000001,
    0.05000000000000001,
    0.05000000000000001,
    0.05000000000000001,
    0.05000000000000001,
    0.05000000000000001
  ],
  "convergence_slowdown": [
    0.41790485156304213,
    0.20010465724751442,
    0.20000000000000004,
    0.5012440210479807,
    0.21144772859866307,
    0.20000000000000004
  ],
  "shap_consistency": [
    0.24362178796376938,
    0.22776173055171967,
    0.22741898187460044,
    0.24687793124944735,
    0.22301885982354483,
    0.25305400788784027
  ],
  "shap_sparsity": [
    0.9472736716270447,
    0.9472736685703962,
    0.9472736502305056,
    0.9472736104940757,
    0.9472735524177551,
    0.9472734668315985
  ],
  "shap_faithfulness": [
    0.3051400895302112,
    0.31836321491461533,
    0.3418931800585527,
    0.31615034739176434,
    0.27225469511288863,
    0.3052986822067163
  ],
  "shap_stability": [
    0.0,
    0.0,
    0.0,
    0.0,
    0.0,
    0.0
  ],
  "shap_weight_consistency": [
    1.0,
    1.0,
    1.0,
    1.0,
    1.0,
    1.0
  ],
  "shap_weight_sparsity": [
    0.0,
    0.0,
    0.0,
    0.0,
    0.0,
    0.0
  ],
  "shap_weight_faithfulness": [
    0.0,
    0.0,
    0.0,
    0.0,
    0.0,
    0.0
  ],
  "shap_weight_stability": [
    0.0,
    0.0,
    0.0,
    0.0,
    0.0,
    0.0
  ],
  "val_main_loss": [
    1.3504422903060913,
    1.0569552183151245,
    0.9235472679138184,
    0.991300642490387,
    0.7362930178642273,
    1.1884406805038452
  ]
}