{
  "total_loss": [
    3.0502252326561856,
    0.7247458230226468,
    0.7254412074883779,
    0.8028318622173407,
    0.7907907657134228
  ],
  "main_loss": [
    3.0444154280882616,
    0.718898587501966,
    0.7225323877273462,
    0.7971802147535177,
    0.7877319814302982
  ],
  "shap_loss": [
    0.27945121893515956,
    0.2846380258217836,
    0.27990052638909757,
    0.28220201761294633,
    0.2835933634868035
  ],
  "shap_loss_normalized": [
    0.11619597874008693,
    0.1169446322780389,
    0.05817639588927611,
    0.1130330551129121,
    0.061175707154549085
  ],
  "tikhonov_loss": [
    0.0,
    0.0,
    0.0,
    0.0,
    0.0
  ],
  "nonnegativity_loss": [
    0.0,
    0.0,
    0.0,
    0.0,
    0.0
  ],
  "tikhonov_lambda": [
    0.0,
    0.0,
    0.0,
    0.0,
    0.0
  ],
  "nonnegativity_lambda": [
    0.0,
    0.0,
    0.0,
    0.0,
    0.0
  ],
  "shap_scale_factor": [
    0.41790485156304213,
    0.41008767245959044,
    0.2080264935984807,
    0.4023696760197895,
    0.21563983279076723
  ],
  "shap_contribution": [
    0.005809799021778581,
    0.005847231693900166,
    0.0029088198326719114,
    0.005651652842807846,
    0.003058785393547553
  ],
  "tikhonov_contribution": [
    0.0,
    0.0,
    0.0,
    0.0,
    0.0
  ],
  "nonnegativity_contribution": [
    0.0,
    0.0,
    0.0,
    0.0,
    0.0
  ],
  "regularization_share": [
    0.003787576318932733,
    0.009601361385825445,
    0.004287396112046751,
    0.00869388151894398,
    0.004410092345883909
  ],
  "accuracy_guard_loss": [
    0.0,
    0.0,
    0.0,
    0.0,
    0.0
  ],
  "accuracy_guard_contribution": [
    0.0,
    0.0,
    0.0,
    0.0,
    0.0
  ],
  "distill_loss": [
    0.0,
    0.0,
    0.0,
    0.0,
    0.0
  ],
  "distill_contribution": [
    0.0,
    0.0,
    0.0,
    0.0,
    0.0
  ],
  "gate_entropy": [
    NaN,
    NaN,
    NaN,
    NaN,
    NaN
  ],
  "gate_min": [
    NaN,
    NaN,
    NaN,
    NaN,
    NaN
  ],
  "gate_max": [
    NaN,
    NaN,
    NaN,
    NaN,
    NaN
  ],
  "gate_anchor_loss": [
    0.0,
    0.0,
    0.0,
    0.0,
    0.0
  ],
  "gate_anchor_contribution": [
    0.0,
    0.0,
    0.0,
    0.0,
    0.0
  ],
  "q_err_entropy": [
    1.6547832855811486,
    1.669087685071505,
    1.6831957438053229,
    1.6832012549424782,
    1.6872532123174422
  ],
  "q_err_gini": [
    0.7869281982764219,
    0.7835184014760531,
    0.7809672615466974,
    0.7803280002031571,
    0.7801965108284583
  ],
  "q_err_corr": [
    0.8882465754684649,
    0.8862844476333032,
    0.8774971442344861,
    0.8768065541218488,
    0.9019012710986993
  ],
  "p_q_corr": [
    -0.34035149216651917,
    -0.3552046272999201,
    -0.35852007529674434,
    -0.36127797151223207,
    -0.3602357797133617
  ],
  "ea_ratio": [
    0.0038282689787686253,
    0.009745381611327712,
    0.0043071257487799115,
    0.008831123994567838,
    0.004432994693231124
  ],
  "main_grad_norm": [
    6337.434387207031,
    7114.375,
    12454.35205078125,
    7889.87255859375,
    10847.703125
  ],
  "ea_grad_norm": [
    55.557536125183105,
    33.62371301651001,
    21.460681915283203,
    26.53730010986328,
    13.244254112243652
  ],
  "ea_main_grad_ratio": [
    0.024840924004725234,
    0.004837434426625129,
    0.0018081984607475738,
    0.0037387768452232448,
    0.001762151885940851
  ],
  "ea_scale": [
    1.0,
    1.0,
    1.0,
    1.0,
    1.0
  ],
  "main_grad_params": [
    25.0,
    25.0,
    25.0,
    25.0,
    25.0
  ],
  "ea_grad_params": [
    25.0,
    25.0,
    25.0,
    25.0,
    25.0
  ],
  "grad_params_total": [
    25.0,
    25.0,
    25.0,
    25.0,
    25.0
  ],
  "rank_loss_raw": [
    0.0496537885031639,
    0.05179406606998199,
    0.05129636852787091,
    0.051314874432789974,
    0.05183725078136493
  ],
  "bottom_inv_loss_raw": [
    0.0,
    0.0,
    0.0,
    0.0,
    0.0
  ],
  "rank_pairs_count": [
    168.46153846153845,
    168.82051282051282,
    169.05128205128204,
    169.48717948717947,
    169.28205128205127
  ],
  "rank_violations_count": [
    118.3076923076923,
    121.38461538461539,
    121.33333333333333,
    121.1025641025641,
    121.6923076923077
  ],
  "rank_grad_norm": [
    9.959726333618164,
    12.93534803390503,
    12.959507465362549,
    8.436161279678345,
    7.699903964996338
  ],
  "rank_main_grad_ratio": [
    0.0033684586568066095,
    0.0018369048564541289,
    0.001040618957782037,
    0.001066399615058437,
    0.0009474663999738963
  ],
  "shap_clip_active": [
    0.0,
    0.0,
    0.0,
    0.0,
    0.0
  ],
  "epoch_accepted": [
    1.0,
    1.0,
    1.0,
    1.0,
    1.0
  ],
  "lr": [
    8e-05,
    8e-05,
    8e-05,
    8e-05,
    8e-05
  ],
  "adaptive_gamma": [
    0.05000000000000001,
    0.05000000000000001,
    0.05000000000000001,
    0.05000000000000001,
    0.05000000000000001
  ],
  "convergence_slowdown": [
    0.41790485156304213,
    0.41008767245959044,
    0.2080264935984807,
    0.4023696760197895,
    0.21563983279076723
  ],
  "shap_consistency": [
    0.27945121893515956,
    0.2846380258217836,
    0.27990052638909757,
    0.28220201761294633,
    0.2835933634868035
  ],
  "shap_sparsity": [
    0.0,
    0.0,
    0.0,
    0.0,
    0.0
  ],
  "shap_faithfulness": [
    0.0,
    0.0,
    0.0,
    0.0,
    0.0
  ],
  "shap_stability": [
    0.0,
    0.0,
    0.0,
    0.0,
    0.0
  ],
  "shap_weight_consistency": [
    1.0,
    1.0,
    1.0,
    1.0,
    1.0
  ],
  "shap_weight_sparsity": [
    0.0,
    0.0,
    0.0,
    0.0,
    0.0
  ],
  "shap_weight_faithfulness": [
    0.0,
    0.0,
    0.0,
    0.0,
    0.0
  ],
  "shap_weight_stability": [
    0.0,
    0.0,
    0.0,
    0.0,
    0.0
  ],
  "val_main_loss": [
    0.6585912704467773,
    0.5303820371627808,
    0.6273697018623352,
    0.5728586912155151,
    0.8194668292999268
  ]
}