{
  "total_loss": [
    3.014554800895544,
    0.6297087317857987,
    0.49673830622281784,
    0.4183087746302287,
    0.40650783479213715,
    0.3958609532087277,
    0.380155147650303,
    0.37716697576718455,
    0.3770762834793482,
    0.37917028482143694,
    0.377210265932939,
    0.37717705697585374,
    0.37598474935079235,
    0.375246884731146,
    0.38528609581482715
  ],
  "main_loss": [
    2.7413702049316506,
    0.5732336754982288,
    0.4591472156536885,
    0.39252092058842,
    0.3833311605147826,
    0.3751604587603838,
    0.3693786630263695,
    0.3678154739049765,
    0.3684846988091102,
    0.3691118814242192,
    0.3677022839203859,
    0.36862484575846255,
    0.3679862721608235,
    0.3666936136209048,
    0.3718931598541064
  ],
  "shap_loss": [
    0.10429605459555602,
    0.10210186758866677,
    0.10648575234107482,
    0.09867052370921159,
    0.10133191847648376,
    0.10770804912616046,
    0.10305289790416375,
    0.10463864681048271,
    0.10617679987962429,
    0.10325748454301785,
    0.10055779971373387,
    0.09912558167408674,
    0.1024313496473508,
    0.09805132448673248,
    0.10459952705945724
  ],
  "shap_loss_normalized": [
    0.04313530538899776,
    0.05566024742065332,
    0.050189790005485214,
    0.04064718237481056,
    0.027060172616098173,
    0.03746914849258386,
    0.04260396303083652,
    0.021277135238051414,
    0.02123536021472552,
    0.02065149716173227,
    0.020111560272291686,
    0.019825116731226444,
    0.020486270149166767,
    0.01961026531763566,
    0.020919905736660346
  ],
  "tikhonov_loss": [
    0.0,
    0.0,
    0.0,
    0.0,
    0.0,
    0.0,
    0.0,
    0.0,
    0.0,
    0.0,
    0.0,
    0.0,
    0.0,
    0.0,
    0.0
  ],
  "nonnegativity_loss": [
    0.0,
    0.0,
    0.0,
    0.0,
    0.0,
    0.0,
    0.0,
    0.0,
    0.0,
    0.0,
    0.0,
    0.0,
    0.0,
    0.0,
    0.0
  ],
  "tikhonov_lambda": [
    0.0,
    0.0,
    0.0,
    0.0,
    0.0,
    0.0,
    0.0,
    0.0,
    0.0,
    0.0,
    0.0,
    0.0,
    0.0,
    0.0,
    0.0
  ],
  "nonnegativity_lambda": [
    0.0,
    0.0,
    0.0,
    0.0,
    0.0,
    0.0,
    0.0,
    0.0,
    0.0,
    0.0,
    0.0,
    0.0,
    0.0,
    0.0,
    0.0
  ],
  "shap_scale_factor": [
    0.41790485156304213,
    0.5360806690246621,
    0.46381703153509063,
    0.41881687991409494,
    0.26984794814465146,
    0.34847989312709476,
    0.41481398786668844,
    0.2031955209438683,
    0.20000000000000004,
    0.20000000000000004,
    0.20000000000000004,
    0.20000000000000004,
    0.20000000000000004,
    0.20000000000000004,
    0.20000000000000004
  ],
  "shap_contribution": [
    0.0,
    0.0,
    0.0,
    0.0,
    0.0,
    0.0,
    2.741176495664359e-05,
    9.193157156681619e-05,
    4.097200470800416e-05,
    4.6395560835103075e-05,
    7.14868704865997e-05,
    0.00040493265110760543,
    0.00014609031421012984,
    0.00023140977543498127,
    0.00019830509326987877
  ],
  "tikhonov_contribution": [
    0.0,
    0.0,
    0.0,
    0.0,
    0.0,
    0.0,
    0.0,
    0.0,
    0.0,
    0.0,
    0.0,
    0.0,
    0.0,
    0.0,
    0.0
  ],
  "nonnegativity_contribution": [
    0.0,
    0.0,
    0.0,
    0.0,
    0.0,
    0.0,
    0.0,
    0.0,
    0.0,
    0.0,
    0.0,
    0.0,
    0.0,
    0.0,
    0.0
  ],
  "regularization_share": [
    0.08857808923506343,
    0.08857809003905291,
    0.07025804435227957,
    0.05834043675462716,
    0.053429597374688706,
    0.051725954975688375,
    0.026455443648933707,
    0.020462798257318955,
    0.023509325279354943,
    0.02480171373479927,
    0.024265701218438126,
    0.02026931895681338,
    0.019228090715275956,
    0.022301411225158937,
    0.034593556912527086
  ],
  "accuracy_guard_loss": [
    2.372660665940016,
    0.2040975361298292,
    0.09143664592351669,
    0.024686581049209986,
    0.014601620726096325,
    0.009014836870706998,
    0.0029581846334995367,
    0.0027379393577575684,
    0.001967343000265268,
    0.003859679286296551,
    0.0036939703501187838,
    0.0028257052867840496,
    0.0015825101962456335,
    0.0017641538228744115,
    0.007589206863672306
  ],
  "accuracy_guard_contribution": [
    0.2731845822089758,
    0.05647506120686348,
    0.03759109023480843,
    0.0257878561432545,
    0.02317667528031728,
    0.02070049387522233,
    0.01074907379463697,
    0.009259568861661812,
    0.008550611157447863,
    0.010012006530394921,
    0.009436493787245873,
    0.008147278800606728,
    0.007852387924989065,
    0.008321861330515299,
    0.013194629349387609
  ],
  "distill_loss": [
    0.0,
    0.0,
    0.0,
    0.0,
    0.0,
    0.0,
    0.0,
    0.0,
    0.0,
    0.0,
    0.0,
    0.0,
    0.0,
    0.0,
    0.0
  ],
  "distill_contribution": [
    0.0,
    0.0,
    0.0,
    0.0,
    0.0,
    0.0,
    0.0,
    0.0,
    0.0,
    0.0,
    0.0,
    0.0,
    0.0,
    0.0,
    0.0
  ],
  "gate_entropy": [
    0.0019005319515529734,
    0.0019002201734110713,
    0.0019002201734110713,
    0.0019002201734110713,
    0.0019002201734110713,
    0.0019002201734110713,
    0.0019002201734110713,
    0.0019002201734110713,
    0.0019002201734110713,
    0.0019002201734110713,
    0.0019002201734110713,
    0.0019002201734110713,
    0.0019002201734110713,
    0.0019002201734110713,
    0.0019002201734110713
  ],
  "gate_min": [
    0.9998998917066134,
    0.9998999834060669,
    0.9998999834060669,
    0.9998999834060669,
    0.9998999834060669,
    0.9998999834060669,
    0.9998999834060669,
    0.9998999834060669,
    0.9998999834060669,
    0.9998999834060669,
    0.9998999834060669,
    0.9998999834060669,
    0.9998999834060669,
    0.9998999834060669,
    0.9998999834060669
  ],
  "gate_max": [
    0.9999000506523328,
    0.9998999834060669,
    0.9998999834060669,
    0.9998999834060669,
    0.9998999834060669,
    0.9998999834060669,
    0.9998999834060669,
    0.9998999834060669,
    0.9998999834060669,
    0.9998999834060669,
    0.9998999834060669,
    0.9998999834060669,
    0.9998999834060669,
    0.9998999834060669,
    0.9998999834060669
  ],
  "gate_anchor_loss": [
    1.0006443263731713e-08,
    1.000331906197971e-08,
    1.000331906197971e-08,
    1.000331906197971e-08,
    1.000331906197971e-08,
    1.000331906197971e-08,
    1.000331906197971e-08,
    1.000331906197971e-08,
    1.000331906197971e-08,
    1.000331906197971e-08,
    1.000331906197971e-08,
    1.000331906197971e-08,
    1.000331906197971e-08,
    1.000331906197971e-08,
    1.000331906197971e-08
  ],
  "gate_anchor_contribution": [
    5.003221796975947e-10,
    5.001659642012157e-10,
    5.001659642012157e-10,
    5.001659642012157e-10,
    5.001659642012157e-10,
    5.001659642012157e-10,
    5.001659642012157e-10,
    5.001659642012157e-10,
    5.001659642012157e-10,
    5.001659642012157e-10,
    5.001659642012157e-10,
    5.001659642012157e-10,
    5.001659642012157e-10,
    5.001659642012157e-10,
    5.001659642012157e-10
  ],
  "q_err_entropy": [
    0.9771927717404488,
    0.9868988196055094,
    0.9472016516404275,
    1.0139482036615028,
    0.9833409465276278,
    0.9312080572812985,
    0.9711594367638613,
    0.9589719741772382,
    0.9456914380574838,
    0.9706001694385822,
    0.9932776949344537,
    1.0250388154616723,
    0.9873085052539141,
    1.0293193276111896,
    0.9586838071162884
  ],
  "q_err_gini": [
    0.8841313750315936,
    0.8829336151098593,
    0.886069118976593,
    0.8787859785251129,
    0.8814323651484954,
    0.8896458821418958,
    0.8841548378650959,
    0.8857721946178339,
    0.8879176867313874,
    0.8840315601764581,
    0.8801749425056653,
    0.877905391729795,
    0.8830535564667139,
    0.8774128189453712,
    0.8863161282661633
  ],