{
  "total_loss": [
    2.6566851949080443,
    0.9500095645586649,
    0.7379928116615002,
    1.1237158194566383,
    0.9062372430776938,
    1.1872815581468434,
    0.9807503788899152,
    0.8503792530451065,
    0.9799936054608761,
    1.1490158224717164,
    0.7430058687161176,
    0.7868206745538956,
    0.6812325586111118,
    0.8336634269127479,
    1.3556266159583361,
    0.8500912861946301,
    1.1551172569012031,
    0.7076062430173923,
    0.7275199103049743,
    0.8113228120864966
  ],
  "main_loss": [
    2.6556105567858768,
    0.949792620463249,
    0.73783157651241,
    1.1235072895502434,
    0.9059884464129423,
    1.1870348759186573,
    0.9803881072081052,
    0.850062316044783,
    0.9797689540263934,
    1.14869602674093,
    0.7427875093924694,
    0.7866134062791482,
    0.6810352741143643,
    0.8332845973662841,
    1.355075859106504,
    0.849846383700004,
    1.1544519483278959,
    0.7073409274602548,
    0.7272815306981405,
    0.8110655676095914
  ],
  "shap_loss": [
    0.42363743292979705,
    0.49870717296233547,
    0.5249355771602728,
    0.4857505269539662,
    0.5119581940846566,
    0.472815929315029,
    0.49563895433377,
    0.5120228108687278,
    0.5072119931379954,
    0.47552196566875166,
    0.5302789776753156,
    0.5178446242442498,
    0.5373906409129118,
    0.5167470207581153,
    0.4780679505604964,
    0.5139441673572247,
    0.48011006605930817,
    0.5320344720131311,
    0.5277246985680017,
    0.5155251522858938
  ],
  "shap_loss_normalized": [
    0.02149259518736448,
    0.004338922044739892,
    0.0032246445771306753,
    0.004170548272295258,
    0.00497596975392065,
    0.0049335864575532,
    0.007245526075936281,
    0.006338624176211082,
    0.004493033835807672,
    0.006395802116737916,
    0.004367193195204704,
    0.004145434544159052,
    0.003945716471673968,
    0.007576643214680445,
    0.011015053134029493,
    0.004897998980222604,
    0.013306227261916949,
    0.0053064347101518744,
    0.004767566561125792,
    0.005144902421400333
  ],
  "tikhonov_loss": [
    0.0,
    0.0,
    0.0,
    0.0,
    0.0,
    0.0,
    0.0,
    0.0,
    0.0,
    0.0,
    0.0,
    0.0,
    0.0,
    0.0,
    0.0,
    0.0,
    0.0,
    0.0,
    0.0,
    0.0
  ],
  "nonnegativity_loss": [
    0.0,
    0.0,
    0.0,
    0.0,
    0.0,
    0.0,
    0.0,
    0.0,
    0.0,
    0.0,
    0.0,
    0.0,
    0.0,
    0.0,
    0.0,
    0.0,
    0.0,
    0.0,
    0.0,
    0.0
  ],
  "tikhonov_lambda": [
    0.0,
    0.0,
    0.0,
    0.0,
    0.0,
    0.0,
    0.0,
    0.0,
    0.0,
    0.0,
    0.0,
    0.0,
    0.0,
    0.0,
    0.0,
    0.0,
    0.0,
    0.0,
    0.0,
    0.0
  ],
  "nonnegativity_lambda": [
    0.0,
    0.0,
    0.0,
    0.0,
    0.0,
    0.0,
    0.0,
    0.0,
    0.0,
    0.0,
    0.0,
    0.0,
    0.0,
    0.0,
    0.0,
    0.0,
    0.0,
    0.0,
    0.0,
    0.0
  ],
  "shap_scale_factor": [
    0.05888498746532687,
    0.008838842732138311,
    0.006176076061769401,
    0.00885341224822099,
    0.010131823465903439,
    0.010628120472760337,
    0.014249972910873706,
    0.0123782204004577,
    0.009280737044135947,
    0.013662207317115586,
    0.008345144163291058,
    0.008046053924355324,
    0.0074015343535177,
    0.015162850806590593,
    0.024619546064332986,
    0.009653984730243387,
    0.028359711899274238,
    0.01005457040202755,
    0.00909851040422542,
    0.010071189385554267
  ],
  "shap_contribution": [
    0.001074629786531799,
    0.0002169461050727524,
    0.00016123223236391848,
    0.00020852741801765008,
    0.00024879849269592133,
    0.0002466793278775488,
    0.00036227631230408756,
    0.00031693121761632845,
    0.0002246516941783902,
    0.0003197901137471677,
    0.0002183596631929947,
    0.00020727172952133397,
    0.0001972858265687067,
    0.0003788321687935446,
    0.0005507526690892589,
    0.00024489995289164095,
    0.0006653113784686399,
    0.0002653217383433515,
    0.00023837833111592306,
    0.00025724512577140465
  ],
  "tikhonov_contribution": [
    0.0,
    0.0,
    0.0,
    0.0,
    0.0,
    0.0,
    0.0,
    0.0,
    0.0,
    0.0,
    0.0,
    0.0,
    0.0,
    0.0,
    0.0,
    0.0,
    0.0,
    0.0,
    0.0,
    0.0
  ],
  "nonnegativity_contribution": [
    0.0,
    0.0,
    0.0,
    0.0,
    0.0,
    0.0,
    0.0,
    0.0,
    0.0,
    0.0,
    0.0,
    0.0,
    0.0,
    0.0,
    0.0,
    0.0,
    0.0,
    0.0,
    0.0,
    0.0
  ],
  "regularization_share": [
    0.0005168463576257135,
    0.0002528071866115565,
    0.00023309503711749127,
    0.00023062577170752864,
    0.00032178505917274455,
    0.0002413661379227443,
    0.0005248486989905507,
    0.0004444916880538517,
    0.0002897760393829316,
    0.00031345814425331396,
    0.00033340833849002864,
    0.00028465694284806757,
    0.00031345209265862733,
    0.0005312911432267324,
    0.0005545001352001367,
    0.00032973057819179867,
    0.000780406897747251,
    0.00042229839981101024,
    0.0003551570262858885,
    0.0003467748827033329
  ],
  "accuracy_guard_loss": [
    0.0,
    0.0,
    0.0,
    0.0,
    0.0,
    0.0,
    0.0,
    0.0,
    0.0,
    0.0,
    0.0,
    0.0,
    0.0,
    0.0,
    0.0,
    0.0,
    0.0,
    0.0,
    0.0,
    0.0
  ],
  "accuracy_guard_contribution": [
    0.0,
    0.0,
    0.0,
    0.0,
    0.0,
    0.0,
    0.0,
    0.0,
    0.0,
    0.0,
    0.0,
    0.0,
    0.0,
    0.0,
    0.0,
    0.0,
    0.0,
    0.0,
    0.0,
    0.0
  ],
  "distill_loss": [
    0.0,
    0.0,
    0.0,
    0.0,
    0.0,
    0.0,
    0.0,
    0.0,
    0.0,
    0.0,
    0.0,
    0.0,
    0.0,
    0.0,
    0.0,
    0.0,
    0.0,
    0.0,
    0.0,
    0.0
  ],
  "distill_contribution": [
    0.0,
    0.0,
    0.0,
    0.0,
    0.0,
    0.0,
    0.0,
    0.0,
    0.0,
    0.0,
    0.0,
    0.0,
    0.0,
    0.0,
    0.0,
    0.0,
    0.0,
    0.0,
    0.0,
    0.0
  ],
  "gate_entropy": [
    NaN,
    NaN,
    NaN,
    NaN,
    NaN,
    NaN,
    NaN,
    NaN,
    NaN,
    NaN,
    NaN,
    NaN,
    NaN,
    NaN,
    NaN,
    NaN,
    NaN,
    NaN,
    NaN,
    NaN
  ],
  "gate_min": [
    NaN,
    NaN,
    NaN,
    NaN,
    NaN,
    NaN,
    NaN,
    NaN,
    NaN,
    NaN,
    NaN,
    NaN,
    NaN,
    NaN,
    NaN,
    NaN,
    NaN,
    NaN,
    NaN,
    NaN
  ],
  "gate_max": [
    NaN,
    NaN,
    NaN,
    NaN,
    NaN,
    NaN,
    NaN,
    NaN,
    NaN,
    NaN,
    NaN,
    NaN,
    NaN,
    NaN,
    NaN,
    NaN,
    NaN,
    NaN,
    NaN,
    NaN
  ],
  "gate_anchor_loss": [
    0.0,
    0.0,
    0.0,
    0.0,
    0.0,
    0.0,
    0.0,
    0.0,
    0.0,
    0.0,
    0.0,
    0.0,
    0.0,
    0.0,
    0.0,
    0.0,
    0.0,
    0.0,
    0.0,
    0.0
  ],
  "gate_anchor_contribution": [
    0.0,
    0.0,
    0.0,
    0.0,
    0.0,
    0.0,
    0.0,
    0.0,
    0.0,
    0.0,
    0.0,
    0.0,
    0.0,
    0.0,
    0.0,
    0.0,
    0.0,
    0.0,
    0.0,
    0.0
  ],
  "q_err_entropy": [
    NaN,
    NaN,
    NaN,
    NaN,
    NaN,
    NaN,
    NaN,
    NaN,
    NaN,
    NaN,
    NaN,
    NaN,
    NaN,
    NaN,
    NaN,
    NaN,
    NaN,
    NaN,
    NaN,
    NaN
  ],
  "q_err_gini": [
    NaN,
    NaN,
    NaN,
    NaN,
    NaN,
    NaN,
    NaN,
    NaN,
    NaN,
    NaN,
    NaN,
    NaN,
    NaN,
    NaN,
    NaN,
    NaN,
    NaN,
    NaN,
    NaN,
    NaN
  ],
  "q_err_corr": [
    NaN,
    NaN,
    NaN,
    NaN,
    NaN,
    NaN,
    NaN,
    NaN,
    NaN,
    NaN,
    NaN,
    NaN,
    NaN,
    NaN,
    NaN,
    NaN,
    NaN,
    NaN,
    NaN,
    NaN
  ],
  "p_q_corr": [
    NaN,
    NaN,
    NaN,
    NaN,
    NaN,
    NaN,
    NaN,
    NaN,
    NaN,
    NaN,
    NaN,
    NaN,
    NaN,
    NaN,
    NaN,
    NaN,
    NaN,
    NaN,
    NaN,
    NaN
  ],