{
  "total_loss": [
    2.708057891864043,
    0.6783433518348596,
    0.44362750038122517,
    0.4453081488609314,
    0.4337567732884334,
    0.4033506768636214,
    0.39447004596392315,
    0.39470284947982204,
    0.392724708486826,
    0.3857262436396036,
    0.39184803038071364,
    0.39158409107954073,
    0.3883412954134819,
    0.38924852166420376,
    0.38873861233393353
  ],
  "main_loss": [
    2.4628864282216782,
    0.6180330339150552,
    0.4118745082463974,
    0.4125598661410503,
    0.4069731808625735,
    0.3846922367811203,
    0.3808192205734742,
    0.37998381562722033,
    0.3796557799363748,
    0.376399522408461,
    0.3783402152550526,
    0.3797424343916086,
    0.37786104587408215,
    0.3794282254500267,
    0.3783331360572424
  ],
  "shap_loss": [
    0.057620246918537676,
    0.05423744557759701,
    0.04656116511577215,
    0.052537921242989026,
    0.05356345478540812,
    0.054065778182867244,
    0.048179251165726245,
    0.048823243914506376,
    0.05076186922498238,
    0.056718335510828555,
    0.05511413705654633,
    0.05185284771216221,
    0.054523758590221405,
    0.056595939092147045,
    0.05117285337585669
  ],
  "shap_loss_normalized": [
    0.02550987560206499,
    0.0293990808706253,
    0.022087251122754354,
    0.019676677285669707,
    0.010712691152898164,
    0.010813155904030189,
    0.009635850405081725,
    0.009764649033641968,
    0.010152374012156939,
    0.011343667259774147,
    0.011022827611901822,
    0.010370569661832772,
    0.01090475195684494,
    0.011319188066782096,
    0.010234570894867945
  ],
  "tikhonov_loss": [
    0.0,
    0.0,
    0.0,
    0.0,
    0.0,
    0.0,
    0.0,
    0.0,
    0.0,
    0.0,
    0.0,
    0.0,
    0.0,
    0.0,
    0.0
  ],
  "nonnegativity_loss": [
    0.0,
    0.0,
    0.0,
    0.0,
    0.0,
    0.0,
    0.0,
    0.0,
    0.0,
    0.0,
    0.0,
    0.0,
    0.0,
    0.0,
    0.0
  ],
  "tikhonov_lambda": [
    0.0,
    0.0,
    0.0,
    0.0,
    0.0,
    0.0,
    0.0,
    0.0,
    0.0,
    0.0,
    0.0,
    0.0,
    0.0,
    0.0,
    0.0
  ],
  "nonnegativity_lambda": [
    0.0,
    0.0,
    0.0,
    0.0,
    0.0,
    0.0,
    0.0,
    0.0,
    0.0,
    0.0,
    0.0,
    0.0,
    0.0,
    0.0,
    0.0
  ],
  "shap_scale_factor": [
    0.4382039968621875,
    0.5301808108980833,
    0.4686513649598794,
    0.37931487011591797,
    0.20000000000000004,
    0.20000000000000004,
    0.20000000000000004,
    0.20000000000000004,
    0.20000000000000004,
    0.20000000000000004,
    0.20000000000000004,
    0.20000000000000004,
    0.20000000000000004,
    0.20000000000000004,
    0.20000000000000004
  ],
  "shap_contribution": [
    0.0,
    0.0,
    0.0,
    0.0,
    0.0,
    0.0,
    2.1141229225553943e-05,
    1.1103171800641576e-05,
    0.00010570074216677592,
    8.43865507191274e-05,
    0.0001159598038775118,
    0.00013858933240184202,
    0.0001696178843326962,
    0.00012258484602147617,
    0.00014636407174223749
  ],
  "tikhonov_contribution": [
    0.0,
    0.0,
    0.0,
    0.0,
    0.0,
    0.0,
    0.0,
    0.0,
    0.0,
    0.0,
    0.0,
    0.0,
    0.0,
    0.0,
    0.0
  ],
  "nonnegativity_contribution": [
    0.0,
    0.0,
    0.0,
    0.0,
    0.0,
    0.0,
    0.0,
    0.0,
    0.0,
    0.0,
    0.0,
    0.0,
    0.0,
    0.0,
    0.0
  ],
  "regularization_share": [
    0.08857808902920775,
    0.08785657309192955,
    0.06889023239412147,
    0.06728248381079456,
    0.05628837649139681,
    0.04312918644518415,
    0.03224233846554324,
    0.03594287953032857,
    0.029368002355188452,
    0.02079704418889963,
    0.031001063180970706,
    0.027884211348834287,
    0.025827834359630188,
    0.023662810677630323,
    0.027050575589707825
  ],
  "accuracy_guard_loss": [
    2.084677184239412,
    0.23987826170065465,
    0.035819243926268354,
    0.036549325936879866,
    0.031390164907162,
    0.00792085207425631,
    0.00562709187849974,
    0.004901625407047761,
    0.003587707495078062,
    0.0028825585658733663,
    0.003252997612341856,
    0.004872346535707131,
    0.0026814494377527484,
    0.003909585567621084,
    0.002847491930692624
  ],
  "accuracy_guard_contribution": [
    0.24517146966014153,
    0.06031032068989216,
    0.03175299055874348,
    0.03274828486908705,
    0.026783590133373555,
    0.018658440082501143,
    0.013629685084407147,
    0.01470793000398538,
    0.012963228118725313,
    0.009242333471775055,
    0.013391856629496966,
    0.011703067387525853,
    0.010310632964739433,
    0.00969770942360927,
    0.010259112964073816
  ],
  "distill_loss": [
    0.0,
    0.0,
    0.0,
    0.0,
    0.0,
    0.0,
    0.0,
    0.0,
    0.0,
    0.0,
    0.0,
    0.0,
    0.0,
    0.0,
    0.0
  ],
  "distill_contribution": [
    0.0,
    0.0,
    0.0,
    0.0,
    0.0,
    0.0,
    0.0,
    0.0,
    0.0,
    0.0,
    0.0,
    0.0,
    0.0,
    0.0,
    0.0
  ],
  "gate_entropy": [
    0.0019003332694037221,
    0.0019002201734110713,
    0.0019002201734110713,
    0.0019002201734110713,
    0.0019002201734110713,
    0.0019002201734110713,
    0.0019002201734110713,
    0.0019002201734110713,
    0.0019002201734110713,
    0.0019002201734110713,
    0.0019002201734110713,
    0.0019002201734110713,
    0.0019002201734110713,
    0.0019002201734110713,
    0.0019002201734110713
  ],
  "gate_min": [
    0.9998999131031525,
    0.9998999834060669,
    0.9998999834060669,
    0.9998999834060669,
    0.9998999834060669,
    0.9998999834060669,
    0.9998999834060669,
    0.9998999834060669,
    0.9998999834060669,
    0.9998999834060669,
    0.9998999834060669,
    0.9998999834060669,
    0.9998999834060669,
    0.9998999834060669,
    0.9998999834060669
  ],
  "gate_max": [
    0.9999000781621689,
    0.9998999834060669,
    0.9998999834060669,
    0.9998999834060669,
    0.9998999834060669,
    0.9998999834060669,
    0.9998999834060669,
    0.9998999834060669,
    0.9998999834060669,
    0.9998999834060669,
    0.9998999834060669,
    0.9998999834060669,
    0.9998999834060669,
    0.9998999834060669,
    0.9998999834060669
  ],
  "gate_anchor_loss": [
    1.0004416622768403e-08,
    1.000331906197971e-08,
    1.000331906197971e-08,
    1.000331906197971e-08,
    1.000331906197971e-08,
    1.000331906197971e-08,
    1.000331906197971e-08,
    1.000331906197971e-08,
    1.000331906197971e-08,
    1.000331906197971e-08,
    1.000331906197971e-08,
    1.000331906197971e-08,
    1.000331906197971e-08,
    1.000331906197971e-08,
    1.000331906197971e-08
  ],
  "gate_anchor_contribution": [
    5.002208348391636e-10,
    5.001659642012157e-10,
    5.001659642012157e-10,
    5.001659642012157e-10,
    5.001659642012157e-10,
    5.001659642012157e-10,
    5.001659642012157e-10,
    5.001659642012157e-10,
    5.001659642012157e-10,
    5.001659642012157e-10,
    5.001659642012157e-10,
    5.001659642012157e-10,
    5.001659642012157e-10,
    5.001659642012157e-10,
    5.001659642012157e-10
  ],
  "q_err_entropy": [
    1.6850495567688575,
    1.656028762077674,
    1.7884796277070656,
    1.620978418069008,
    1.646805968040075,
    1.611381634687766,
    1.7350134635582948,
    1.6749607997062879,
    1.681598233870971,
    1.5685667961071699,
    1.6241612694202325,
    1.7551338596221728,
    1.5485047911986327,
    1.522047765744038,
    1.6431098687343109
  ],
  "q_err_gini": [
    0.7587772974601159,
    0.7699909852101252,
    0.7464973743145282,
    0.7763949174147385,
    0.77160116036733,
    0.7753946613042783,
    0.7524004914821723,
    0.7631613856706864,
    0.7606631440994067,
    0.7858281227258536,
    0.7730593803601388,
    0.7472301186659397,
    0.789307082310701,
    0.7917112906773885,
    0.7675119500893813
  ],