{
  "total_loss": [
    3.40218201203224,
    0.785959032865671,
    0.9336684254499582,
    1.0950604211061428,
    0.7590994299986423,
    0.8354895107257061,
    0.8514263889728448
  ],
  "main_loss": [
    3.40218201203224,
    0.785959032865671,
    0.9336684254499582,
    1.0950604211061428,
    0.7590994299986423,
    0.8354895107257061,
    0.8514263889728448
  ],
  "shap_loss": [
    0.0,
    0.0,
    0.0,
    0.0,
    0.0,
    0.0,
    0.0
  ],
  "shap_loss_normalized": [
    0.0,
    0.0,
    0.0,
    0.0,
    0.0,
    0.0,
    0.0
  ],
  "tikhonov_loss": [
    0.0,
    0.0,
    0.0,
    0.0,
    0.0,
    0.0,
    0.0
  ],
  "nonnegativity_loss": [
    0.0,
    0.0,
    0.0,
    0.0,
    0.0,
    0.0,
    0.0
  ],
  "tikhonov_lambda": [
    0.0,
    0.0,
    0.0,
    0.0,
    0.0,
    0.0,
    0.0
  ],
  "nonnegativity_lambda": [
    0.0,
    0.0,
    0.0,
    0.0,
    0.0,
    0.0,
    0.0
  ],
  "shap_scale_factor": [
    1671619.406252169,
    1131284.3444711578,
    1998408.5461324144,
    969010.8944762868,
    1794210.9454850585,
    1872800.451364996,
    987945.8057188904
  ],
  "shap_contribution": [
    0.0,
    0.0,
    0.0,
    0.0,
    0.0,
    0.0,
    0.0
  ],
  "tikhonov_contribution": [
    0.0,
    0.0,
    0.0,
    0.0,
    0.0,
    0.0,
    0.0
  ],
  "nonnegativity_contribution": [
    0.0,
    0.0,
    0.0,
    0.0,
    0.0,
    0.0,
    0.0
  ],
  "regularization_share": [
    3.371777703717125e-10,
    6.923199637661376e-10,
    6.187394023453093e-10,
    5.345651801379282e-10,
    7.410683512027478e-10,
    6.778455727128755e-10,
    6.691705881822681e-10
  ],
  "accuracy_guard_loss": [
    0.0,
    0.0,
    0.0,
    0.0,
    0.0,
    0.0,
    0.0
  ],
  "accuracy_guard_contribution": [
    0.0,
    0.0,
    0.0,
    0.0,
    0.0,
    0.0,
    0.0
  ],
  "distill_loss": [
    0.0,
    0.0,
    0.0,
    0.0,
    0.0,
    0.0,
    0.0
  ],
  "distill_contribution": [
    0.0,
    0.0,
    0.0,
    0.0,
    0.0,
    0.0,
    0.0
  ],
  "gate_entropy": [
    0.0019005288949045234,
    0.0019010179586565266,
    0.0019014825542958884,
    0.0019020937824956118,
    0.0019030840470431708,
    0.0019038236126876795,
    0.0019046244515965765
  ],
  "gate_min": [
    0.9998998917066134,
    0.9998997786106207,
    0.9998996930244641,
    0.9998995310220963,
    0.9998992742636265,
    0.999899032788399,
    0.9998988218796558
  ],
  "gate_max": [
    0.9999000231424967,
    0.9999001026153564,
    0.9999000689922235,
    0.9999001026153564,
    0.9999001026153564,
    0.9999001026153564,
    0.9999001026153564
  ],
  "gate_anchor_loss": [
    1.0006442944898435e-08,
    1.0011533482576432e-08,
    1.0016562713169664e-08,
    1.0022826648409113e-08,
    1.003329763431082e-08,
    1.0041261087569463e-08,
    1.0049631850341857e-08
  ],
  "gate_anchor_contribution": [
    5.003221654639662e-10,
    5.005767040194414e-10,
    5.008281453373505e-10,
    5.011413449460488e-10,
    5.016648862703021e-10,
    5.020630691814468e-10,
    5.024816061813763e-10
  ],
  "q_err_entropy": [
    NaN,
    NaN,
    NaN,
    NaN,
    NaN,
    NaN,
    NaN
  ],
  "q_err_gini": [
    NaN,
    NaN,
    NaN,
    NaN,
    NaN,
    NaN,
    NaN
  ],
  "q_err_corr": [
    NaN,
    NaN,
    NaN,
    NaN,
    NaN,
    NaN,
    NaN
  ],
  "p_q_corr": [
    NaN,
    NaN,
    NaN,
    NaN,
    NaN,
    NaN,
    NaN
  ],
  "ea_ratio": [
    0.0,
    0.0,
    0.0,
    0.0,
    0.0,
    0.0,
    0.0
  ],
  "main_grad_norm": [
    11542.542724609375,
    9635.5126953125,
    21317.28662109375,
    15987.30322265625,
    13291.735595703125,
    13787.67041015625,
    24642.65478515625
  ],
  "ea_grad_norm": [
    0.0,
    0.0,
    0.0,
    0.0,
    0.0,
    0.0,
    0.0
  ],
  "ea_main_grad_ratio": [
    0.0,
    0.0,
    0.0,
    0.0,
    0.0,
    0.0,
    0.0
  ],
  "ea_scale": [
    10000.0,
    10000.0,
    10000.0,
    10000.0,
    10000.0,
    10000.0,
    10000.0
  ],
  "main_grad_params": [
    26.0,
    26.0,
    26.0,
    26.0,
    26.0,
    26.0,
    26.0
  ],
  "ea_grad_params": [
    0.0,
    0.0,
    0.0,
    0.0,
    0.0,
    0.0,
    0.0
  ],
  "grad_params_total": [
    26.0,
    26.0,
    26.0,
    26.0,
    26.0,
    26.0,
    26.0
  ],
  "rank_loss_raw": [
    NaN,
    NaN,
    NaN,
    NaN,
    NaN,
    NaN,
    NaN
  ],
  "bottom_inv_loss_raw": [
    NaN,
    NaN,
    NaN,
    NaN,
    NaN,
    NaN,
    NaN
  ],
  "rank_pairs_count": [
    NaN,
    NaN,
    NaN,
    NaN,
    NaN,
    NaN,
    NaN
  ],
  "rank_violations_count": [
    NaN,
    NaN,
    NaN,
    NaN,
    NaN,
    NaN,
    NaN
  ],
  "rank_grad_norm": [
    NaN,
    NaN,
    NaN,
    NaN,
    NaN,
    NaN,
    NaN
  ],
  "rank_main_grad_ratio": [
    NaN,
    NaN,
    NaN,
    NaN,
    NaN,
    NaN,
    NaN
  ],
  "shap_clip_active": [
    0.0,
    0.0,
    0.0,
    0.0,
    0.0,
    0.0,
    0.0
  ],
  "epoch_accepted": [
    1.0,
    1.0,
    1.0,
    1.0,
    1.0,
    1.0,
    1.0
  ],
  "lr": [
    8e-05,
    8e-05,
    8e-05,
    8e-05,
    8e-05,
    8e-05,
    8e-05
  ],
  "adaptive_gamma": [
    0.00019999999999999996,
    0.0002761904761904763,
    0.00035238095238095254,
    0.0004285714285714286,
    0.0005047619047619046,
    0.0005809523809523808,
    0.000657142857142857
  ],
  "convergence_slowdown": [
    0.41790485156304213,
    0.28282108611778944,
    0.49960213653310337,
    0.24225272361907157,
    0.4485527363712646,
    0.4682001128412489,
    0.24698645142972248
  ],
  "shap_consistency": [
    0.0,
    0.0,
    0.0,
    0.0,
    0.0,
    0.0,
    0.0
  ],
  "shap_sparsity": [
    0.0,
    0.0,
    0.0,
    0.0,
    0.0,
    0.0,
    0.0
  ],
  "shap_faithfulness": [
    55.78731747162648,
    92.2504044557229,
    89.56803600604718,
    79.31933157871931,
    93.90624398451585,
    89.9971856826391,
    90.32188951052152
  ],
  "shap_stability": [
    0.0,
    0.0,
    0.0,
    0.0,
    0.0,
    0.0,
    0.0
  ],
  "shap_weight_consistency": [
    0.0,
    0.0,
    0.0,
    0.0,
    0.0,
    0.0,
    0.0
  ],
  "shap_weight_sparsity": [
    0.0,
    0.0,
    0.0,
    0.0,
    0.0,
    0.0,
    0.0
  ],
  "shap_weight_faithfulness": [
    0.0,
    0.0,
    0.0,
    0.0,
    0.0,
    0.0,
    0.0
  ],
  "shap_weight_stability": [
    0.0,
    0.0,
    0.0,
    0.0,
    0.0,
    0.0,
    0.0
  ],
  "val_main_loss": [
    0.9185155630111694,
    0.7264121174812317,
    1.333844542503357,
    1.1050083637237549,
    0.9082333445549011,
    1.0519219636917114,
    1.0555318593978882
  ]
}