{
  "total_loss": [
    3.0846264247710886,
    0.7105195805048331,
    0.8555796589606848,
    0.7628657802557334,
    0.7480383591774182
  ],
  "main_loss": [
    3.0846264247710886,
    0.7105195805048331,
    0.8541236153015723,
    0.7624595814790481,
    0.7478369780075855
  ],
  "shap_loss": [
    0.045656329116378076,
    0.04579435713971273,
    0.04554667543524351,
    0.04293941128521393,
    0.0434383225078002
  ],
  "shap_loss_normalized": [
    0.01919966133741232,
    0.009165108430748567,
    0.015582849743226782,
    0.019179633006644554,
    0.019356445839198735
  ],
  "tikhonov_loss": [
    0.0,
    0.0,
    0.0,
    0.0,
    0.0
  ],
  "nonnegativity_loss": [
    0.0,
    0.0,
    0.0,
    0.0,
    0.0
  ],
  "tikhonov_lambda": [
    0.0,
    0.0,
    0.0,
    0.0,
    0.0
  ],
  "nonnegativity_lambda": [
    0.0,
    0.0,
    0.0,
    0.0,
    0.0
  ],
  "shap_scale_factor": [
    0.41790485156304213,
    0.20010465724751442,
    0.3246512369815537,
    0.4460161054825146,
    0.4446493183151738
  ],
  "shap_contribution": [
    0.0,
    0.0,
    0.00145604249346667,
    0.0004062011402521211,
    0.000201381735211889
  ],
  "tikhonov_contribution": [
    0.0,
    0.0,
    0.0,
    0.0,
    0.0
  ],
  "nonnegativity_contribution": [
    0.0,
    0.0,
    0.0,
    0.0,
    0.0
  ],
  "regularization_share": [
    3.50147513693525e-10,
    7.548746221556673e-10,
    0.001959483212782646,
    0.000682272934730631,
    0.000298206040171227
  ],
  "accuracy_guard_loss": [
    0.0,
    0.0,
    0.0,
    0.0,
    0.0
  ],
  "accuracy_guard_contribution": [
    0.0,
    0.0,
    0.0,
    0.0,
    0.0
  ],
  "distill_loss": [
    0.0,
    0.0,
    0.0,
    0.0,
    0.0
  ],
  "distill_contribution": [
    0.0,
    0.0,
    0.0,
    0.0,
    0.0
  ],
  "gate_entropy": [
    0.0019005350082014233,
    0.0019006725573816742,
    0.0019009812788751263,
    0.0019012961136654783,
    0.0019015742686744302
  ],
  "gate_min": [
    0.9998998978199103,
    0.9998998641967773,
    0.99989976027073,
    0.9998996869111673,
    0.999899610494956
  ],
  "gate_max": [
    0.9999000261991452,
    0.9999000414823874,
    0.9999000751055204,
    0.999900072048872,
    0.9999000965020596
  ],
  "gate_anchor_loss": [
    1.0006507371994571e-08,
    1.0008053235147157e-08,
    1.0011277482227307e-08,
    1.0014534364170931e-08,
    1.0017569224283434e-08
  ],
  "gate_anchor_contribution": [
    5.003253865341005e-10,
    5.004026665967916e-10,
    5.005638852135956e-10,
    5.007267335808654e-10,
    5.00878468330986e-10
  ],
  "q_err_entropy": [
    1.6559055768526518,
    1.6848147098834698,
    1.6648797805492694,
    1.7045075251505926,
    1.7054490370628161
  ],
  "q_err_gini": [
    0.7873956133157779,
    0.7796140649379828,
    0.7843252527408111,
    0.7751944263776144,
    0.7769516202119681
  ],
  "q_err_corr": [
    0.9031542147460737,
    0.8600022143278366,
    0.9020022245553824,
    0.8823631184223371,
    0.9011394794170673
  ],
  "p_q_corr": [
    0.8508467139341892,
    0.8552520718329992,
    0.8548838052994165,
    0.8645735749831567,
    0.8621500837497222
  ],
  "ea_ratio": [
    0.0,
    0.0,
    0.0019672903096458563,
    0.000683424370482755,
    0.0002983330942254561
  ],
  "main_grad_norm": [
    6146.170471191406,
    8183.24072265625,
    15171.51708984375,
    8738.1474609375,
    3968.0025634765625
  ],
  "ea_grad_norm": [
    10.836630284786224,
    1.0798428356647491,
    0.5251811444759369,
    4.997919321060181,
    3.83339262008667
  ],
  "ea_main_grad_ratio": [
    0.005875801952426339,
    0.00012729548340782465,
    3.361714142129546e-05,
    0.0005624459533696556,
    0.000976015745013674
  ],
  "ea_scale": [
    94.60415044530991,
    86.41812828415799,
    307.91842328814937,
    22.50358246370627,
    10.273007721540928
  ],
  "main_grad_params": [
    26.0,
    26.0,
    26.0,
    26.0,
    26.0
  ],
  "ea_grad_params": [
    26.0,
    26.0,
    26.0,
    26.0,
    26.0
  ],
  "grad_params_total": [
    26.0,
    26.0,
    26.0,
    26.0,
    26.0
  ],
  "rank_loss_raw": [
    0.005881409901074874,
    0.006196621530808699,
    0.005868640889485295,
    0.005735928437505395,
    0.005782170943581523
  ],
  "bottom_inv_loss_raw": [
    0.0,
    0.0,
    0.0,
    0.0,
    0.0
  ],
  "rank_pairs_count": [
    170.5897435897436,
    170.56410256410257,
    170.53846153846155,
    170.5897435897436,
    170.56410256410257
  ],
  "rank_violations_count": [
    55.53846153846154,
    56.48717948717949,
    55.92307692307692,
    55.38461538461539,
    55.30769230769231
  ],
  "rank_grad_norm": [
    2.9723658561706543,
    2.854408860206604,
    2.140369236469269,
    3.263641595840454,
    2.5419470071792603
  ],
  "rank_main_grad_ratio": [
    0.0013017829778205585,
    0.0003572360380637635,
    0.00013891571181168984,
    0.00037297700528921755,
    0.0006732488304075141
  ],
  "shap_clip_active": [
    0.0,
    0.0,
    0.0,
    0.0,
    0.0
  ],
  "epoch_accepted": [
    1.0,
    1.0,
    1.0,
    1.0,
    1.0
  ],
  "lr": [
    8e-05,
    8e-05,
    8e-05,
    8e-05,
    8e-05
  ],
  "adaptive_gamma": [
    0.00019999999999999996,
    0.0004285714285714286,
    0.000657142857142857,
    0.000885714285714286,
    0.0010000000000000002
  ],
  "convergence_slowdown": [
    0.41790485156304213,
    0.20010465724751442,
    0.3246512369815537,
    0.4460161054825146,
    0.4446493183151738
  ],
  "shap_consistency": [
    0.045656329116378076,
    0.04579435713971273,
    0.04554667543524351,
    0.04293941128521393,
    0.0434383225078002
  ],
  "shap_sparsity": [
    0.9472736716270447,
    0.9472736716270447,
    0.9472736685703962,
    0.9472736655137478,
    0.947273653287154
  ],
  "shap_faithfulness": [
    0.06429366136972721,
    0.08029609460097092,
    0.07289265134395698,
    0.07625255791040567,
    0.07498599225893998
  ],
  "shap_stability": [
    0.0,
    0.0,
    0.0,
    0.0,
    0.0
  ],
  "shap_weight_consistency": [
    1.0,
    1.0,
    1.0,
    1.0,
    1.0
  ],
  "shap_weight_sparsity": [
    0.0,
    0.0,
    0.0,
    0.0,
    0.0
  ],
  "shap_weight_faithfulness": [
    0.0,
    0.0,
    0.0,
    0.0,
    0.0
  ],
  "shap_weight_stability": [
    0.0,
    0.0,
    0.0,
    0.0,
    0.0
  ],
  "val_main_loss": [
    0.8146400451660156,
    0.7892898917198181,
    0.5950675010681152,
    0.5789822340011597,
    1.0790623426437378
  ]
}