{
  "total_loss": [
    2.708057891864043,
    0.6783433518348596,
    0.44362750038122517,
    0.4453081488609314,
    0.4337567732884334,
    0.4033506768636214,
    0.3944516671009553,
    0.39469759930402804,
    0.39262914886841405,
    0.38565602860389614,
    0.3917512801977304,
    0.3914688046161945,
    0.3881952487505399,
    0.3891491675988222,
    0.3886153766742119
  ],
  "main_loss": [
    2.4628864282216782,
    0.6180330339150552,
    0.4118745082463974,
    0.4125598661410503,
    0.4069731808625735,
    0.3846922367811203,
    0.3808192442624997,
    0.3799838599486229,
    0.37965585864507234,
    0.37639952164429885,
    0.3783401468625435,
    0.3797424527314993,
    0.3778611070070511,
    0.3794281711945167,
    0.37833314751967406
  ],
  "shap_loss": [
    0.11557697256406148,
    0.11806148653611159,
    0.11940717735351661,
    0.11908084498001979,
    0.11678000883414195,
    0.11714728138385674,
    0.12217316700097842,
    0.11650848637024562,
    0.12084337992545886,
    0.12069606742797753,
    0.12167344509791105,
    0.1172576571504275,
    0.11778194438188504,
    0.11712941833031483,
    0.11463212260068992
  ],
  "shap_loss_normalized": [
    0.05019590134421984,
    0.06275606862245461,
    0.05601256154477596,
    0.04494381504945266,
    0.023356002206221606,
    0.023429456668404434,
    0.0244346338395889,
    0.023301697646578152,
    0.024168676386276882,
    0.02413921387722859,
    0.02433468955449569,
    0.02345153183127061,
    0.02355638910562564,
    0.023425884067248076,
    0.02292642503594741
  ],
  "tikhonov_loss": [
    0.0,
    0.0,
    0.0,
    0.0,
    0.0,
    0.0,
    0.0,
    0.0,
    0.0,
    0.0,
    0.0,
    0.0,
    0.0,
    0.0,
    0.0
  ],
  "nonnegativity_loss": [
    0.0,
    0.0,
    0.0,
    0.0,
    0.0,
    0.0,
    0.0,
    0.0,
    0.0,
    0.0,
    0.0,
    0.0,
    0.0,
    0.0,
    0.0
  ],
  "tikhonov_lambda": [
    0.0,
    0.0,
    0.0,
    0.0,
    0.0,
    0.0,
    0.0,
    0.0,
    0.0,
    0.0,
    0.0,
    0.0,
    0.0,
    0.0,
    0.0
  ],
  "nonnegativity_lambda": [
    0.0,
    0.0,
    0.0,
    0.0,
    0.0,
    0.0,
    0.0,
    0.0,
    0.0,
    0.0,
    0.0,
    0.0,
    0.0,
    0.0,
    0.0
  ],
  "shap_scale_factor": [
    0.4382039968621875,
    0.5301808108980833,
    0.4686513649598794,
    0.37931487011591797,
    0.20000000000000004,
    0.20000000000000004,
    0.20000000000000004,
    0.20000000000000004,
    0.20000000000000004,
    0.20000000000000004,
    0.20000000000000004,
    0.20000000000000004,
    0.20000000000000004,
    0.20000000000000004,
    0.20000000000000004
  ],
  "shap_contribution": [
    0.0,
    0.0,
    0.0,
    0.0,
    0.0,
    0.0,
    2.6761741502503774e-06,
    5.695970836920121e-06,
    9.782559479786776e-06,
    1.4253631655801422e-05,
    1.9506377635153534e-05,
    2.345153300736386e-05,
    2.3556390330598402e-05,
    2.342588521013311e-05,
    2.2926425980329394e-05
  ],
  "tikhonov_contribution": [
    0.0,
    0.0,
    0.0,
    0.0,
    0.0,
    0.0,
    0.0,
    0.0,
    0.0,
    0.0,
    0.0,
    0.0,
    0.0,
    0.0,
    0.0
  ],
  "nonnegativity_contribution": [
    0.0,
    0.0,
    0.0,
    0.0,
    0.0,
    0.0,
    0.0,
    0.0,
    0.0,
    0.0,
    0.0,
    0.0,
    0.0,
    0.0,
    0.0
  ],
  "regularization_share": [
    0.08857808902920775,
    0.08785657309192955,
    0.06889023239412147,
    0.06728248381079456,
    0.05628837649139681,
    0.04312918644518415,
    0.03219598363786318,
    0.03593011878363583,
    0.02912420356750676,
    0.02060717510878024,
    0.030741641895149045,
    0.02758758935191409,
    0.025450218963102813,
    0.02339076475945993,
    0.026725613999063567
  ],
  "accuracy_guard_loss": [
    2.084677184239412,
    0.23987826170065465,
    0.035819243926268354,
    0.036549325936879866,
    0.031390164907162,
    0.00792085207425631,
    0.0056271170958494526,
    0.004901663615153386,
    0.0035877304199414374,
    0.002882472215554653,
    0.0032529479418045436,
    0.004872272411982219,
    0.0026814379753210605,
    0.003909532076273209,
    0.002847536252095149
  ],
  "accuracy_guard_contribution": [
    0.24517146966014153,
    0.06031032068989216,
    0.03175299055874348,
    0.03274828486908705,
    0.026783590133373555,
    0.018658440082501143,
    0.013629747602419976,
    0.014708042526856447,
    0.012963507419977432,
    0.00924225366459443,
    0.013391627094302421,
    0.011702898985300308,
    0.01031058682845189,
    0.00969757311619245,
    0.01025930462548366
  ],
  "distill_loss": [
    0.0,
    0.0,
    0.0,
    0.0,
    0.0,
    0.0,
    0.0,
    0.0,
    0.0,
    0.0,
    0.0,
    0.0,
    0.0,
    0.0,
    0.0
  ],
  "distill_contribution": [
    0.0,
    0.0,
    0.0,
    0.0,
    0.0,
    0.0,
    0.0,
    0.0,
    0.0,
    0.0,
    0.0,
    0.0,
    0.0,
    0.0,
    0.0
  ],
  "gate_entropy": [
    0.0019003332694037221,
    0.0019002201734110713,
    0.0019002201734110713,
    0.0019002201734110713,
    0.0019002201734110713,
    0.0019002201734110713,
    0.0019002201734110713,
    0.0019002201734110713,
    0.0019002201734110713,
    0.0019002201734110713,
    0.0019002201734110713,
    0.0019002201734110713,
    0.0019002201734110713,
    0.0019002201734110713,
    0.0019002201734110713
  ],
  "gate_min": [
    0.9998999131031525,
    0.9998999834060669,
    0.9998999834060669,
    0.9998999834060669,
    0.9998999834060669,
    0.9998999834060669,
    0.9998999834060669,
    0.9998999834060669,
    0.9998999834060669,
    0.9998999834060669,
    0.9998999834060669,
    0.9998999834060669,
    0.9998999834060669,
    0.9998999834060669,
    0.9998999834060669
  ],
  "gate_max": [
    0.9999000781621689,
    0.9998999834060669,
    0.9998999834060669,
    0.9998999834060669,
    0.9998999834060669,
    0.9998999834060669,
    0.9998999834060669,
    0.9998999834060669,
    0.9998999834060669,
    0.9998999834060669,
    0.9998999834060669,
    0.9998999834060669,
    0.9998999834060669,
    0.9998999834060669,
    0.9998999834060669
  ],
  "gate_anchor_loss": [
    1.0004416622768403e-08,
    1.000331906197971e-08,
    1.000331906197971e-08,
    1.000331906197971e-08,
    1.000331906197971e-08,
    1.000331906197971e-08,
    1.000331906197971e-08,
    1.000331906197971e-08,
    1.000331906197971e-08,
    1.000331906197971e-08,
    1.000331906197971e-08,
    1.000331906197971e-08,
    1.000331906197971e-08,
    1.000331906197971e-08,
    1.000331906197971e-08
  ],
  "gate_anchor_contribution": [
    5.002208348391636e-10,
    5.001659642012157e-10,
    5.001659642012157e-10,
    5.001659642012157e-10,
    5.001659642012157e-10,
    5.001659642012157e-10,
    5.001659642012157e-10,
    5.001659642012157e-10,
    5.001659642012157e-10,
    5.001659642012157e-10,
    5.001659642012157e-10,
    5.001659642012157e-10,
    5.001659642012157e-10,
    5.001659642012157e-10,
    5.001659642012157e-10
  ],
  "q_err_entropy": [
    0.9459864619450692,
    0.9330372023276794,
    0.9314032945877466,
    0.9139182063249441,
    0.9509815802940955,
    0.9570502272019019,
    0.8653245147986289,
    0.9542826796189333,
    0.8863732386858035,
    0.9177395197061392,
    0.9162195370747492,
    0.9375205406775842,
    0.9486951873852656,
    0.9661868749520718,
    0.9506699259464557
  ],
  "q_err_gini": [
    0.885815285719358,
    0.8857754621750269,
    0.8867413875384208,
    0.8874626664014963,
    0.883279331219502,
    0.8833118692422525,
    0.8920952616593777,
    0.8842517244510162,
    0.8893857552455022,
    0.8867885760771923,
    0.8871852449881725,
    0.88509212854581,
    0.8842559472108499,
    0.8821465113224127,
    0.884162459618006
  ],