{
  "total_loss": [
    6.677363954293422,
    1.673559043651972,
    1.1516757347644904,
    1.548694338553991,
    1.5500254951990569,
    2.0019941329956055,
    2.5097677188041883,
    1.3534453175006769,
    1.2422683835029602,
    1.528164797868484,
    1.2012616426516802,
    1.0999254492612986,
    1.351381697715857,
    1.2961395367597923,
    1.7193726988939138,
    1.0456417462764642,
    0.9993169330633603,
    1.4757058849701514,
    1.330230631889441,
    1.2262334609643006
  ],
  "main_loss": [
    6.437309925372784,
    1.490065119205377,
    0.9995308976906997,
    1.3972917275551038,
    1.4167931568928254,
    1.6896344423294067,
    2.374347585898179,
    1.1696881774144294,
    1.121722596578109,
    1.2899642693690765,
    1.0655379387048574,
    1.0120502824966724,
    1.1160070025003874,
    1.1434974746826367,
    1.452877396192306,
    0.9509658561303065,
    0.9134121414942619,
    1.2832997487141535,
    1.1820972959200542,
    1.1093317354336762
  ],
  "shap_loss": [
    0.36705599687038326,
    0.4335126578807831,
    0.48068048021732235,
    0.4425829083491594,
    0.4470980648811047,
    0.4313513330924205,
    0.39202980124033415,
    0.4685627061587114,
    0.4759725401034722,
    0.4558891012118413,
    0.4770096571017534,
    0.4798276424407959,
    0.47358925831623566,
    0.4667443312131442,
    0.44109224126889157,
    0.4904122108068222,
    0.4945841584450159,
    0.45600100129078597,
    0.46269354147788805,
    0.4832505591404744
  ],
  "shap_loss_normalized": [
    0.07270747657196644,
    0.006749478335946034,
    0.004695920685592752,
    0.005556429652735973,
    0.005833133207395291,
    0.014102161360474734,
    0.010502077925663728,
    0.0073604913165745064,
    0.0054516895101047475,
    0.00595457362345396,
    0.005411146029543418,
    0.005189384023348491,
    0.0060589950507841045,
    0.005686532359761305,
    0.007512797338840289,
    0.006132197303649707,
    0.004838051775900217,
    0.007167629814014221,
    0.006894367818648999,
    0.006010619266770589
  ],
  "tikhonov_loss": [
    0.0,
    0.0,
    0.0,
    0.0,
    0.0,
    0.0,
    0.0,
    0.0,
    0.0,
    0.0,
    0.0,
    0.0,
    0.0,
    0.0,
    0.0,
    0.0,
    0.0,
    0.0,
    0.0,
    0.0
  ],
  "nonnegativity_loss": [
    0.0,
    0.0,
    0.0,
    0.0,
    0.0,
    0.0,
    0.0,
    0.0,
    0.0,
    0.0,
    0.0,
    0.0,
    0.0,
    0.0,
    0.0,
    0.0,
    0.0,
    0.0,
    0.0,
    0.0
  ],
  "tikhonov_lambda": [
    0.0,
    0.0,
    0.0,
    0.0,
    0.0,
    0.0,
    0.0,
    0.0,
    0.0,
    0.0,
    0.0,
    0.0,
    0.0,
    0.0,
    0.0,
    0.0,
    0.0,
    0.0,
    0.0,
    0.0
  ],
  "nonnegativity_lambda": [
    0.0,
    0.0,
    0.0,
    0.0,
    0.0,
    0.0,
    0.0,
    0.0,
    0.0,
    0.0,
    0.0,
    0.0,
    0.0,
    0.0,
    0.0,
    0.0,
    0.0,
    0.0,
    0.0,
    0.0
  ],
  "shap_scale_factor": [
    0.24286049254713624,
    0.015725331482165088,
    0.009848683168503607,
    0.012778944735192798,
    0.013348811526152207,
    0.032734372539356724,
    0.02749164683151862,
    0.01636055781933896,
    0.011735121742016135,
    0.013303716218362549,
    0.011473310201130321,
    0.010913885661089737,
    0.013061124139459689,
    0.012346829631679572,
    0.017317596251729135,
    0.012756002495689263,
    0.009878409511797248,
    0.01600630530846462,
    0.015101455391069107,
    0.012885202871017501
  ],
  "shap_contribution": [
    0.24005406364225423,
    0.18349392578387871,
    0.1521448347813044,
    0.1514026146286573,
    0.13323231519032747,
    0.31235967882168597,
    0.1354201424580354,
    0.18375713378190994,
    0.12054579303814815,
    0.23820053040981293,
    0.13572371120636278,
    0.08787516351693715,
    0.23537469674379397,
    0.15264206799941185,
    0.26649531664756626,
    0.09467589559081273,
    0.08590479577199006,
    0.1924061431334569,
    0.14813334265580544,
    0.11690172457542175
  ],
  "tikhonov_contribution": [
    0.0,
    0.0,
    0.0,
    0.0,
    0.0,
    0.0,
    0.0,
    0.0,
    0.0,
    0.0,
    0.0,
    0.0,
    0.0,
    0.0,
    0.0,
    0.0,
    0.0,
    0.0,
    0.0,
    0.0
  ],
  "nonnegativity_contribution": [
    0.0,
    0.0,
    0.0,
    0.0,
    0.0,
    0.0,
    0.0,
    0.0,
    0.0,
    0.0,
    0.0,
    0.0,
    0.0,
    0.0,
    0.0,
    0.0,
    0.0,
    0.0,
    0.0,
    0.0
  ],
  "regularization_share": [
    0.0494317596268333,
    0.11550493839414376,
    0.14013008482256106,
    0.10528107524718812,
    0.09338542106406389,
    0.1842929083830204,
    0.06599412809176634,
    0.13296981781774342,
    0.1055335803677653,
    0.17397219557045818,
    0.12467926815178948,
    0.08478084963654323,
    0.19170093339962038,
    0.12819440738718083,
    0.16672664963789088,
    0.09295409520075155,
    0.0938729175745726,
    0.14589350056190428,
    0.12250806064810298,
    0.12139204960386667
  ],
  "accuracy_guard_loss": [
    0.0,
    0.0,
    0.0,
    0.0,
    0.0,
    0.0,
    0.0,
    0.0,
    0.0,
    0.0,
    0.0,
    0.0,
    0.0,
    0.0,
    0.0,
    0.0,
    0.0,
    0.0,
    0.0,
    0.0
  ],
  "accuracy_guard_contribution": [
    0.0,
    0.0,
    0.0,
    0.0,
    0.0,
    0.0,
    0.0,
    0.0,
    0.0,
    0.0,
    0.0,
    0.0,
    0.0,
    0.0,
    0.0,
    0.0,
    0.0,
    0.0,
    0.0,
    0.0
  ],
  "distill_loss": [
    0.0,
    0.0,
    0.0,
    0.0,
    0.0,
    0.0,
    0.0,
    0.0,
    0.0,
    0.0,
    0.0,
    0.0,
    0.0,
    0.0,
    0.0,
    0.0,
    0.0,
    0.0,
    0.0,
    0.0
  ],
  "distill_contribution": [
    0.0,
    0.0,
    0.0,
    0.0,
    0.0,
    0.0,
    0.0,
    0.0,
    0.0,
    0.0,
    0.0,
    0.0,
    0.0,
    0.0,
    0.0,
    0.0,
    0.0,
    0.0,
    0.0,
    0.0
  ],
  "gate_entropy": [
    0.0019005839145766236,
    0.0019010332418987767,
    0.0019014917331962632,
    0.0019023474843169635,
    0.0019031787762800471,
    0.0019046427288021033,
    0.0019067180468342626,
    0.0019085670922858976,
    0.0019097499435958571,
    0.0019107248801260423,
    0.0019117486842263204,
    0.0019130293064965652,
    0.0019147501727088522,
    0.0019162752044697602,
    0.0019180325504678946,
    0.0019200772393303805,
    0.001921348724490366,
    0.0019229074092343068,
    0.0019245700468906225,
    0.001925795733068998
  ],
  "gate_min": [
    0.9998998703100742,
    0.9998997449874878,
    0.9998996349481436,
    0.9998994760024242,
    0.9998992314705482,
    0.9998989013525156,
    0.9998983572690915,
    0.9998978009590735,
    0.9998974586144472,
    0.9998971407230084,
    0.9998967892084366,
    0.9998963857308413,
    0.9998958966670892,
    0.9998954503964155,
    0.999894903256343,
    0.9998943224931375,
    0.9998939037322998,
    0.9998933871587118,
    0.9998927269226465,
    0.9998923112184573
  ],
  "gate_max": [
    0.9999000751055204,
    0.9999001026153564,
    0.9999001026153564,
    0.999900127068544,
    0.9999000873321142,
    0.9999001026153564,
    0.9999001026153564,
    0.9999002157113491,
    0.9999002951842088,
    0.9999003593738263,
    0.9999003960536077,
    0.9999004602432251,
    0.9999003868836623,
    0.9999003868836623,
    0.9999003410339355,
    0.9999003410339355,
    0.9999003410339355,
    0.9999002951842088,
    0.9999002676743728,
    0.9999002890709119
  ],
  "gate_anchor_loss": [
    1.0006960274667202e-08,
    1.0011861675889413e-08,
    1.0016537912495329e-08,
    1.0025573624844606e-08,
    1.0034210044059714e-08,
    1.0049605774334408e-08,
    1.0071612398777374e-08,
    1.0091591471304804e-08,
    1.0104512873145046e-08,
    1.0114978826035708e-08,
    1.0126078892770424e-08,
    1.0139947662151208e-08,
    1.0158328560094514e-08,
    1.0175108208989933e-08,
    1.0194228663497375e-08,
    1.0216750659161825e-08,
    1.0230880165843304e-08,
    1.0247980469922041e-08,
    1.0266634448568697e-08,
    1.0280512646305011e-08
  ],