{
  "total_loss": [
    2.77942179563718,
    0.9214894504119189,
    0.7427737980316846,
    0.7634828403974191,
    0.6832756033310523
  ],
  "main_loss": [
    2.7770629051404123,
    0.9202965230513842,
    0.7416466787839547,
    0.7610456912945478,
    0.6821118684915396
  ],
  "shap_loss": [
    0.11513329860873711,
    0.11922942369412153,
    0.11271205238806896,
    0.1167690606835561,
    0.11621792232378936
  ],
  "shap_loss_normalized": [
    0.047178084818789594,
    0.023858487964249574,
    0.02254241081671073,
    0.04874293210032659,
    0.023274727834340852
  ],
  "tikhonov_loss": [
    0.0,
    0.0,
    0.0,
    0.0,
    0.0
  ],
  "nonnegativity_loss": [
    0.0,
    0.0,
    0.0,
    0.0,
    0.0
  ],
  "tikhonov_lambda": [
    0.0,
    0.0,
    0.0,
    0.0,
    0.0
  ],
  "nonnegativity_lambda": [
    0.0,
    0.0,
    0.0,
    0.0,
    0.0
  ],
  "shap_scale_factor": [
    0.41790485156304213,
    0.20010465724751442,
    0.20000000000000004,
    0.41769117634936703,
    0.20031833246118966
  ],
  "shap_contribution": [
    0.002358904294968129,
    0.0011929244337340768,
    0.001127120564118601,
    0.002437146643224435,
    0.0011637364215671252
  ],
  "tikhonov_contribution": [
    0.0,
    0.0,
    0.0,
    0.0,
    0.0
  ],
  "nonnegativity_contribution": [
    0.0,
    0.0,
    0.0,
    0.0,
    0.0
  ],
  "regularization_share": [
    0.0013925610526109437,
    0.0015135571229695222,
    0.0016084182528054286,
    0.0037707247902067477,
    0.0018297060203866077
  ],
  "accuracy_guard_loss": [
    0.0,
    0.0,
    0.0,
    0.0,
    0.0
  ],
  "accuracy_guard_contribution": [
    0.0,
    0.0,
    0.0,
    0.0,
    0.0
  ],
  "distill_loss": [
    0.0,
    0.0,
    0.0,
    0.0,
    0.0
  ],
  "distill_contribution": [
    0.0,
    0.0,
    0.0,
    0.0,
    0.0
  ],
  "gate_entropy": [
    NaN,
    NaN,
    NaN,
    NaN,
    NaN
  ],
  "gate_min": [
    NaN,
    NaN,
    NaN,
    NaN,
    NaN
  ],
  "gate_max": [
    NaN,
    NaN,
    NaN,
    NaN,
    NaN
  ],
  "gate_anchor_loss": [
    0.0,
    0.0,
    0.0,
    0.0,
    0.0
  ],
  "gate_anchor_contribution": [
    0.0,
    0.0,
    0.0,
    0.0,
    0.0
  ],
  "q_err_entropy": [
    0.7325815802965409,
    0.7156502375235925,
    0.745536364041842,
    0.744531648281293,
    0.735094313438122
  ],
  "q_err_gini": [
    0.909475795733623,
    0.9109395772982867,
    0.9078826399949881,
    0.9079335500032474,
    0.9088144516333555
  ],
  "q_err_corr": [
    0.9841190435384449,
    0.9831817333514874,
    0.9828880994747846,
    0.9751040217203971,
    0.9751396041650039
  ],
  "p_q_corr": [
    -0.049563048467135586,
    -0.03904575531561978,
    0.02637541747408716,
    -0.04038573362124272,
    -0.0160442595429814
  ],
  "ea_ratio": [
    0.001398307504878642,
    0.00151630691312349,
    0.001611232078478982,
    0.0037955406408470413,
    0.0018334078650252942
  ],
  "main_grad_norm": [
    15893.587219238281,
    25650.9169921875,
    14400.6328125,
    9190.429931640625,
    10547.49462890625
  ],
  "ea_grad_norm": [
    36.10879039764404,
    12.454760551452637,
    8.615358352661133,
    8.920545816421509,
    10.77727222442627
  ],
  "ea_main_grad_ratio": [
    0.016026441971683493,
    0.0007353813736853145,
    0.0006692530819804308,
    0.0009702669300139216,
    0.0010335942125917856
  ],
  "ea_scale": [
    1.0,
    1.0,
    1.0,
    1.0,
    1.0
  ],
  "main_grad_params": [
    25.0,
    25.0,
    25.0,
    25.0,
    25.0
  ],
  "ea_grad_params": [
    25.0,
    25.0,
    25.0,
    25.0,
    25.0
  ],
  "grad_params_total": [
    25.0,
    25.0,
    25.0,
    25.0,
    25.0
  ],
  "rank_loss_raw": [
    0.04273443425504061,
    0.04236346502334644,
    0.040081758672992386,
    0.042255001047100775,
    0.04137845213214556
  ],
  "bottom_inv_loss_raw": [
    0.0,
    0.0,
    0.0,
    0.0,
    0.0
  ],
  "rank_pairs_count": [
    170.69230769230768,
    170.69230769230768,
    170.74358974358975,
    170.76923076923077,
    170.76923076923077
  ],
  "rank_violations_count": [
    109.56410256410257,
    108.1025641025641,
    105.66666666666667,
    107.94871794871794,
    107.41025641025641
  ],
  "rank_grad_norm": [
    9.22233533859253,
    9.691366195678711,
    7.557964086532593,
    3.037959575653076,
    5.972575902938843
  ],
  "rank_main_grad_ratio": [
    0.002142936741853988,
    0.0006393889384664497,
    0.0005741665915465001,
    0.00034221961802140635,
    0.0005742108278221911
  ],
  "shap_clip_active": [
    0.0,
    0.0,
    0.0,
    0.0,
    0.0
  ],
  "epoch_accepted": [
    1.0,
    1.0,
    1.0,
    1.0,
    1.0
  ],
  "lr": [
    8e-05,
    8e-05,
    8e-05,
    8e-05,
    8e-05
  ],
  "adaptive_gamma": [
    0.05000000000000001,
    0.05000000000000001,
    0.05000000000000001,
    0.05000000000000001,
    0.05000000000000001
  ],
  "convergence_slowdown": [
    0.41790485156304213,
    0.20010465724751442,
    0.20000000000000004,
    0.41769117634936703,
    0.20031833246118966
  ],
  "shap_consistency": [
    0.11513329860873711,
    0.11922942369412153,
    0.11271205238806896,
    0.1167690606835561,
    0.11621792232378936
  ],
  "shap_sparsity": [
    0.0,
    0.0,
    0.0,
    0.0,
    0.0
  ],
  "shap_faithfulness": [
    0.0,
    0.0,
    0.0,
    0.0,
    0.0
  ],
  "shap_stability": [
    0.0,
    0.0,
    0.0,
    0.0,
    0.0
  ],
  "shap_weight_consistency": [
    1.0,
    1.0,
    1.0,
    1.0,
    1.0
  ],
  "shap_weight_sparsity": [
    0.0,
    0.0,
    0.0,
    0.0,
    0.0
  ],
  "shap_weight_faithfulness": [
    0.0,
    0.0,
    0.0,
    0.0,
    0.0
  ],
  "shap_weight_stability": [
    0.0,
    0.0,
    0.0,
    0.0,
    0.0
  ],
  "val_main_loss": [
    1.427686333656311,
    0.6681855916976929,
    0.7055374979972839,
    0.8702491521835327,
    0.5835922956466675
  ]
}