{
  "total_loss": [
    3.741372683109381,
    0.6744937889086895,
    0.5486623629545554,
    0.4364917331781143,
    0.4415640724010957,
    0.3975510276280917,
    0.38864219647187453,
    0.3956893048225305,
    0.3997738391925127,
    0.39482444028059643,
    0.39114968402263445,
    0.3959876929338162,
    0.39099203776090574,
    0.39191033557439464,
    0.39127165384781665
  ],
  "main_loss": [
    3.4021837466802354,
    0.6141942021174308,
    0.5011090697386326,
    0.40579095482826233,
    0.40914344099851757,
    0.380327344704897,
    0.3779269449221782,
    0.3794977947687491,
    0.3812281049979039,
    0.3776934368488116,
    0.3783376874067845,
    0.3810694672358342,
    0.37799433446847475,
    0.3793103404534169,
    0.3803178874345926
  ],
  "shap_loss": [
    0.4153577532523718,
    0.5532786120206882,
    0.5778044890134763,
    0.5987479717303545,
    0.5982467211209811,
    0.6063600503481351,
    0.6065039420739199,
    0.6059447557498248,
    0.6056511340997158,
    0.6065749067526597,
    0.6068841035549457,
    0.6059454801755074,
    0.6066275269557269,
    0.6068286819335742,
    0.6059597272139329
  ],
  "shap_loss_normalized": [
    0.029269827159646995,
    0.01127466662094379,
    0.005210176790849521,
    0.002001522917849704,
    0.004231182010605549,
    0.00440437566393461,
    0.003252752704354815,
    0.0022307892497151326,
    0.0023765050901625403,
    0.002397357002617075,
    0.0025035438891977835,
    0.002636793905343765,
    0.0027299341924775103,
    0.003820416774266423,
    0.005064513152226424
  ],
  "tikhonov_loss": [
    0.0,
    0.0,
    0.0,
    0.0,
    0.0,
    0.0,
    0.0,
    0.0,
    0.0,
    0.0,
    0.0,
    0.0,
    0.0,
    0.0,
    0.0
  ],
  "nonnegativity_loss": [
    0.0,
    0.0,
    0.0,
    0.0,
    0.0,
    0.0,
    0.0,
    0.0,
    0.0,
    0.0,
    0.0,
    0.0,
    0.0,
    0.0,
    0.0
  ],
  "tikhonov_lambda": [
    0.0,
    0.0,
    0.0,
    0.0,
    0.0,
    0.0,
    0.0,
    0.0,
    0.0,
    0.0,
    0.0,
    0.0,
    0.0,
    0.0,
    0.0
  ],
  "nonnegativity_lambda": [
    0.0,
    0.0,
    0.0,
    0.0,
    0.0,
    0.0,
    0.0,
    0.0,
    0.0,
    0.0,
    0.0,
    0.0,
    0.0,
    0.0,
    0.0
  ],
  "shap_scale_factor": [
    0.08485241616301,
    0.02042816615995519,
    0.009032574673782063,
    0.0033485444502068715,
    0.00706675495713213,
    0.007244023295352137,
    0.005366333902486373,
    0.0036871172963393096,
    0.003932046386035664,
    0.003958684541773701,
    0.004134793421914113,
    0.004360348338901441,
    0.004507637049506701,
    0.006267527155435384,
    0.00834262345553403
  ],
  "shap_contribution": [
    0.00018790946911068229,
    8.074585707035089e-05,
    0.00011506069504554407,
    6.671453761205506e-05,
    0.00033304854542411,
    0.00017751740196194404,
    0.00014817619842524902,
    0.0001273488068806891,
    0.00027840059155072924,
    0.00018103435957947603,
    0.00010645544236281123,
    0.0001294333041863492,
    0.0002870672025705855,
    0.0002413103314047942,
    8.206735172932848e-05
  ],
  "tikhonov_contribution": [
    0.0,
    0.0,
    0.0,
    0.0,
    0.0,
    0.0,
    0.0,
    0.0,
    0.0,
    0.0,
    0.0,
    0.0,
    0.0,
    0.0,
    0.0
  ],
  "nonnegativity_contribution": [
    0.0,
    0.0,
    0.0,
    0.0,
    0.0,
    0.0,
    0.0,
    0.0,
    0.0,
    0.0,
    0.0,
    0.0,
    0.0,
    0.0,
    0.0
  ],
  "regularization_share": [
    0.08866706286776513,
    0.0886957739429517,
    0.0841273598383391,
    0.06735971077668969,
    0.07193964891245848,
    0.041314011698233934,
    0.023984608440930984,
    0.03952715072138382,
    0.04189165206027275,
    0.041774340339067656,
    0.03191573722706563,
    0.033113929414635535,
    0.031090038608088993,
    0.03111536166804232,
    0.027270250332339874
  ],
  "accuracy_guard_loss": [
    3.0248644726398664,
    0.2365990793093657,
    0.12482623985180488,
    0.03071292547079233,
    0.03553413809874119,
    0.006555901506008246,
    0.003635524175105951,
    0.004526378634648445,
    0.006880467900863061,
    0.006632230220696865,
    0.0035994029962099516,
    0.006720838638452383,
    0.0038840304582546917,
    0.0035830671206498756,
    0.005466240338790111
  ],
  "accuracy_guard_contribution": [
    0.33900103584314006,
    0.060218839882276,
    0.04743823141623766,
    0.03063406480046419,
    0.032087585578362145,
    0.0170461660107741,
    0.010567076647510895,
    0.016064164730218742,
    0.018267335513463386,
    0.016949969176680613,
    0.012705541669558257,
    0.014788791155203795,
    0.012710634857798234,
    0.012358686050925499,
    0.010871698124668537
  ],
  "distill_loss": [
    0.0,
    0.0,
    0.0,
    0.0,
    0.0,
    0.0,
    0.0,
    0.0,
    0.0,
    0.0,
    0.0,
    0.0,
    0.0,
    0.0,
    0.0
  ],
  "distill_contribution": [
    0.0,
    0.0,
    0.0,
    0.0,
    0.0,
    0.0,
    0.0,
    0.0,
    0.0,
    0.0,
    0.0,
    0.0,
    0.0,
    0.0,
    0.0
  ],
  "gate_entropy": [
    0.0019005288949045234,
    0.0019002201734110713,
    0.0019002201734110713,
    0.0019002201734110713,
    0.0019002201734110713,
    0.0019002201734110713,
    0.0019002201734110713,
    0.0019002201734110713,
    0.0019002201734110713,
    0.0019002201734110713,
    0.0019002201734110713,
    0.0019002201734110713,
    0.0019002201734110713,
    0.0019002201734110713,
    0.0019002201734110713
  ],
  "gate_min": [
    0.9998998917066134,
    0.9998999834060669,
    0.9998999834060669,
    0.9998999834060669,
    0.9998999834060669,
    0.9998999834060669,
    0.9998999834060669,
    0.9998999834060669,
    0.9998999834060669,
    0.9998999834060669,
    0.9998999834060669,
    0.9998999834060669,
    0.9998999834060669,
    0.9998999834060669,
    0.9998999834060669
  ],
  "gate_max": [
    0.9999000231424967,
    0.9998999834060669,
    0.9998999834060669,
    0.9998999834060669,
    0.9998999834060669,
    0.9998999834060669,
    0.9998999834060669,
    0.9998999834060669,
    0.9998999834060669,
    0.9998999834060669,
    0.9998999834060669,
    0.9998999834060669,
    0.9998999834060669,
    0.9998999834060669,
    0.9998999834060669
  ],
  "gate_anchor_loss": [
    1.0006442944898435e-08,
    1.000331906197971e-08,
    1.000331906197971e-08,
    1.000331906197971e-08,
    1.000331906197971e-08,
    1.000331906197971e-08,
    1.000331906197971e-08,
    1.000331906197971e-08,
    1.000331906197971e-08,
    1.000331906197971e-08,
    1.000331906197971e-08,
    1.000331906197971e-08,
    1.000331906197971e-08,
    1.000331906197971e-08,
    1.000331906197971e-08
  ],
  "gate_anchor_contribution": [
    5.003221654639662e-10,
    5.001659642012157e-10,
    5.001659642012157e-10,
    5.001659642012157e-10,
    5.001659642012157e-10,
    5.001659642012157e-10,
    5.001659642012157e-10,
    5.001659642012157e-10,
    5.001659642012157e-10,
    5.001659642012157e-10,
    5.001659642012157e-10,
    5.001659642012157e-10,
    5.001659642012157e-10,
    5.001659642012157e-10,
    5.001659642012157e-10
  ],
  "q_err_entropy": [
    NaN,
    NaN,
    NaN,
    NaN,
    NaN,
    NaN,
    NaN,
    NaN,
    NaN,
    NaN,
    NaN,
    NaN,
    NaN,
    NaN,
    NaN
  ],
  "q_err_gini": [
    NaN,
    NaN,
    NaN,
    NaN,
    NaN,
    NaN,
    NaN,
    NaN,
    NaN,
    NaN,
    NaN,
    NaN,
    NaN,
    NaN,
    NaN
  ],
  "q_err_corr": [
    NaN,
    NaN,
    NaN,
    NaN,
    NaN,
    NaN,
    NaN,
    NaN,
    NaN,
    NaN,
    NaN,
    NaN,
    NaN,
    NaN,
    NaN
  ],
  "p_q_corr": [
    NaN,
    NaN,
    NaN,
    NaN,
    NaN,
    NaN,
    NaN,
    NaN,
    NaN,
    NaN,
    NaN,
    NaN,
    NaN,
    NaN,
    NaN
  ],