{
  "total_loss": [
    2.708057891864043,
    0.6783433518348596,
    0.44362750038122517,
    0.4453081488609314,
    0.4337567732884334,
    0.4033506768636214,
    0.3944562100447141,
    0.39470375654024953,
    0.3926698374442565,
    0.385695939262708,
    0.3917835255463918,
    0.3915157986757083,
    0.3882384835145412,
    0.3891735321436173,
    0.3886468219451415
  ],
  "main_loss": [
    2.4628864282216782,
    0.6180330339150552,
    0.4118745082463974,
    0.4125598661410503,
    0.4069731808625735,
    0.3846922367811203,
    0.38081926795152515,
    0.3799838553636502,
    0.37965585635258603,
    0.376399563291134,
    0.3783402240429169,
    0.379742464193931,
    0.3778611219082123,
    0.37942816737370616,
    0.3783331941335629
  ],
  "shap_loss": [
    0.11739023545613655,
    0.1178340461009588,
    0.11794352741577686,
    0.11970573071485911,
    0.11710612151103142,
    0.11657876616869217,
    0.12307721376419067,
    0.11598363633339222,
    0.12184559401029195,
    0.11902606716522804,
    0.11995565050687546,
    0.11791152029465406,
    0.1169571809661694,
    0.11560301597301777,
    0.11708449572324753
  ],
  "shap_loss_normalized": [
    0.05206286878539966,
    0.06224445205850479,
    0.0559195251418994,
    0.045534907577511594,
    0.023421224636527207,
    0.023315753501195174,
    0.024615443096711084,
    0.02319672763443146,
    0.024369119117275264,
    0.023805213877214834,
    0.023991130387935884,
    0.02358230451742808,
    0.02339143659441899,
    0.023120603404748134,
    0.023416899431210298
  ],
  "tikhonov_loss": [
    0.0,
    0.0,
    0.0,
    0.0,
    0.0,
    0.0,
    0.0,
    0.0,
    0.0,
    0.0,
    0.0,
    0.0,
    0.0,
    0.0,
    0.0
  ],
  "nonnegativity_loss": [
    0.0,
    0.0,
    0.0,
    0.0,
    0.0,
    0.0,
    0.0,
    0.0,
    0.0,
    0.0,
    0.0,
    0.0,
    0.0,
    0.0,
    0.0
  ],
  "tikhonov_lambda": [
    0.0,
    0.0,
    0.0,
    0.0,
    0.0,
    0.0,
    0.0,
    0.0,
    0.0,
    0.0,
    0.0,
    0.0,
    0.0,
    0.0,
    0.0
  ],
  "nonnegativity_lambda": [
    0.0,
    0.0,
    0.0,
    0.0,
    0.0,
    0.0,
    0.0,
    0.0,
    0.0,
    0.0,
    0.0,
    0.0,
    0.0,
    0.0,
    0.0
  ],
  "shap_scale_factor": [
    0.4382039968621875,
    0.5301808108980833,
    0.4686513649598794,
    0.37931487011591797,
    0.20000000000000004,
    0.20000000000000004,
    0.20000000000000004,
    0.20000000000000004,
    0.20000000000000004,
    0.20000000000000004,
    0.20000000000000004,
    0.20000000000000004,
    0.20000000000000004,
    0.20000000000000004,
    0.20000000000000004
  ],
  "shap_contribution": [
    0.0,
    0.0,
    0.0,
    0.0,
    0.0,
    0.0,
    7.0698131891661505e-06,
    1.1885469342441633e-05,
    5.044221399704186e-05,
    5.3725127471784035e-05,
    5.1324250027671674e-05,
    7.007256121701525e-05,
    6.676087949204091e-05,
    4.775924147300733e-05,
    5.43342319314177e-05
  ],
  "tikhonov_contribution": [
    0.0,
    0.0,
    0.0,
    0.0,
    0.0,
    0.0,
    0.0,
    0.0,
    0.0,
    0.0,
    0.0,
    0.0,
    0.0,
    0.0,
    0.0
  ],
  "nonnegativity_contribution": [
    0.0,
    0.0,
    0.0,
    0.0,
    0.0,
    0.0,
    0.0,
    0.0,
    0.0,
    0.0,
    0.0,
    0.0,
    0.0,
    0.0,
    0.0
  ],
  "regularization_share": [
    0.08857808902920775,
    0.08785657309192955,
    0.06889023239412147,
    0.06728248381079456,
    0.05628837649139681,
    0.04312918644518415,
    0.03220743228470381,
    0.03594480079551204,
    0.029226239806772476,
    0.02071465128933574,
    0.030828546372193875,
    0.02770781464503465,
    0.02556175154514464,
    0.023456992597999247,
    0.026807267710979837
  ],
  "accuracy_guard_loss": [
    2.084677184239412,
    0.23987826170065465,
    0.035819243926268354,
    0.036549325936879866,
    0.031390164907162,
    0.00792085207425631,
    0.005627141549037053,
    0.004901655209370148,
    0.0035877579297774877,
    0.002882575377439841,
    0.0032530369666906502,
    0.004872389328785432,
    0.002681479240075136,
    0.003909561878595597,
    0.002847520968852899
  ],
  "accuracy_guard_contribution": [
    0.24517146966014153,
    0.06031032068989216,
    0.03175299055874348,
    0.03274828486908705,
    0.026783590133373555,
    0.018658440082501143,
    0.01362986996387824,
    0.014708015446861586,
    0.012963540183428006,
    0.009242649643849105,
    0.013391978656634307,
    0.0117032624876652,
    0.01031059857744437,
    0.009697606070683552,
    0.010259291682487879
  ],
  "distill_loss": [
    0.0,
    0.0,
    0.0,
    0.0,
    0.0,
    0.0,
    0.0,
    0.0,
    0.0,
    0.0,
    0.0,
    0.0,
    0.0,
    0.0,
    0.0
  ],
  "distill_contribution": [
    0.0,
    0.0,
    0.0,
    0.0,
    0.0,
    0.0,
    0.0,
    0.0,
    0.0,
    0.0,
    0.0,
    0.0,
    0.0,
    0.0,
    0.0
  ],
  "gate_entropy": [
    0.0019003332694037221,
    0.0019002201734110713,
    0.0019002201734110713,
    0.0019002201734110713,
    0.0019002201734110713,
    0.0019002201734110713,
    0.0019002201734110713,
    0.0019002201734110713,
    0.0019002201734110713,
    0.0019002201734110713,
    0.0019002201734110713,
    0.0019002201734110713,
    0.0019002201734110713,
    0.0019002201734110713,
    0.0019002201734110713
  ],
  "gate_min": [
    0.9998999131031525,
    0.9998999834060669,
    0.9998999834060669,
    0.9998999834060669,
    0.9998999834060669,
    0.9998999834060669,
    0.9998999834060669,
    0.9998999834060669,
    0.9998999834060669,
    0.9998999834060669,
    0.9998999834060669,
    0.9998999834060669,
    0.9998999834060669,
    0.9998999834060669,
    0.9998999834060669
  ],
  "gate_max": [
    0.9999000781621689,
    0.9998999834060669,
    0.9998999834060669,
    0.9998999834060669,
    0.9998999834060669,
    0.9998999834060669,
    0.9998999834060669,
    0.9998999834060669,
    0.9998999834060669,
    0.9998999834060669,
    0.9998999834060669,
    0.9998999834060669,
    0.9998999834060669,
    0.9998999834060669,
    0.9998999834060669
  ],
  "gate_anchor_loss": [
    1.0004416622768403e-08,
    1.000331906197971e-08,
    1.000331906197971e-08,
    1.000331906197971e-08,
    1.000331906197971e-08,
    1.000331906197971e-08,
    1.000331906197971e-08,
    1.000331906197971e-08,
    1.000331906197971e-08,
    1.000331906197971e-08,
    1.000331906197971e-08,
    1.000331906197971e-08,
    1.000331906197971e-08,
    1.000331906197971e-08,
    1.000331906197971e-08
  ],
  "gate_anchor_contribution": [
    5.002208348391636e-10,
    5.001659642012157e-10,
    5.001659642012157e-10,
    5.001659642012157e-10,
    5.001659642012157e-10,
    5.001659642012157e-10,
    5.001659642012157e-10,
    5.001659642012157e-10,
    5.001659642012157e-10,
    5.001659642012157e-10,
    5.001659642012157e-10,
    5.001659642012157e-10,
    5.001659642012157e-10,
    5.001659642012157e-10,
    5.001659642012157e-10
  ],
  "q_err_entropy": [
    0.9459864619450692,
    0.9330372023276794,
    0.9314032945877466,
    0.9139182063249441,
    0.9509815802940955,
    0.9570502272019019,
    0.8653245140344669,
    0.9542826826755817,
    0.8863732409782898,
    0.917739504422897,
    0.9162195569429642,
    0.937520546790881,
    0.9486952026685079,
    0.966186876480396,
    0.9506698999649439
  ],
  "q_err_gini": [
    0.885815285719358,
    0.8857754621750269,
    0.8867413875384208,
    0.8874626664014963,
    0.883279331219502,
    0.8833118692422525,
    0.8920952586027292,
    0.8842517213943677,
    0.8893857506605295,
    0.8867885760771923,
    0.887185255686442,
    0.8850921453573765,
    0.8842559533241467,
    0.8821465143790612,
    0.8841624565613575
  ],