{
  "total_loss": [
    3.0146672748602352,
    0.6298077679597415,
    0.49692185184894466,
    0.41842121879259747,
    0.40670634462283206,
    0.3959324612067296,
    0.3804441678982515,
    0.3773334354926378,
    0.37716364554869825,
    0.37924351027378667,
    0.37728567841725474,
    0.37719969413219356,
    0.37615345112788373,
    0.3753544497184264,
    0.38534788901989275
  ],
  "main_loss": [
    2.741365218009704,
    0.5732384102466779,
    0.45915262210063446,
    0.3925199860181564,
    0.38333135614028346,
    0.3751603731742272,
    0.3693787994293066,
    0.3678154754333007,
    0.3684847736969972,
    0.369111907405731,
    0.367702236924416,
    0.36862495159491515,
    0.36798639328051835,
    0.3666934867699941,
    0.3718931063627585
  ],
  "shap_loss": [
    0.4343313467808259,
    0.5585173276754526,
    0.5839738769408984,
    0.5992460403686914,
    0.6017718590222872,
    0.603491498873784,
    0.6046676498193008,
    0.6053611957109891,
    0.6049580360070254,
    0.6052172214556963,
    0.6049362023671468,
    0.605686624844869,
    0.6053846295063312,
    0.6056838967861273,
    0.6040973632763593
  ],
  "shap_loss_normalized": [
    0.022722750269354153,
    0.00831564767166781,
    0.005039504914281842,
    0.0041415841342547005,
    0.0026011329371100054,
    0.0034500631467940714,
    0.004408188409004838,
    0.0021296892947971057,
    0.0023006386935519865,
    0.002346910524349182,
    0.0024837041034912453,
    0.0025482620649899426,
    0.002656688262971166,
    0.0027295198613921036,
    0.00285385094750195
  ],
  "tikhonov_loss": [
    0.0,
    0.0,
    0.0,
    0.0,
    0.0,
    0.0,
    0.0,
    0.0,
    0.0,
    0.0,
    0.0,
    0.0,
    0.0,
    0.0,
    0.0
  ],
  "nonnegativity_loss": [
    0.0,
    0.0,
    0.0,
    0.0,
    0.0,
    0.0,
    0.0,
    0.0,
    0.0,
    0.0,
    0.0,
    0.0,
    0.0,
    0.0,
    0.0
  ],
  "tikhonov_lambda": [
    0.0,
    0.0,
    0.0,
    0.0,
    0.0,
    0.0,
    0.0,
    0.0,
    0.0,
    0.0,
    0.0,
    0.0,
    0.0,
    0.0,
    0.0
  ],
  "nonnegativity_lambda": [
    0.0,
    0.0,
    0.0,
    0.0,
    0.0,
    0.0,
    0.0,
    0.0,
    0.0,
    0.0,
    0.0,
    0.0,
    0.0,
    0.0,
    0.0
  ],
  "shap_scale_factor": [
    0.06367575478429473,
    0.015040163135627988,
    0.008656549821628648,
    0.00691982433609694,
    0.004318753134438843,
    0.005696882716621901,
    0.007306994052643994,
    0.003523557905896962,
    0.0038131050020477884,
    0.0038875314673710096,
    0.004111370007946799,
    0.004217323978501122,
    0.004396421834017789,
    0.004513911242545372,
    0.004732242287774942
  ],
  "shap_contribution": [
    0.0001179470723283698,
    9.38220598935657e-05,
    0.0001780188493938066,
    0.00011346778634246081,
    0.0001978585511469879,
    7.143519990047655e-05,
    0.00031685317494870664,
    0.0002583906163449566,
    0.00012809056408094385,
    0.00011983708137473187,
    0.00014714118076834636,
    0.00042680078126394597,
    0.0003143834752009776,
    0.00034040496542822954,
    0.0002605116005258587
  ],
  "tikhonov_contribution": [
    0.0,
    0.0,
    0.0,
    0.0,
    0.0,
    0.0,
    0.0,
    0.0,
    0.0,
    0.0,
    0.0,
    0.0,
    0.0,
    0.0,
    0.0
  ],
  "nonnegativity_contribution": [
    0.0,
    0.0,
    0.0,
    0.0,
    0.0,
    0.0,
    0.0,
    0.0,
    0.0,
    0.0,
    0.0,
    0.0,
    0.0,
    0.0,
    0.0
  ],
  "regularization_share": [
    0.08866751151428591,
    0.08873824245485808,
    0.07062583991557937,
    0.05861097401173273,
    0.053943063754216605,
    0.05189956332971167,
    0.027238381635171664,
    0.020877617776121855,
    0.023743854176064946,
    0.024998371645434274,
    0.024465482094514372,
    0.020341012540983156,
    0.019661862366476452,
    0.022580112213900303,
    0.0347561749791001
  ],
  "accuracy_guard_loss": [
    2.372655675961421,
    0.20410227087827829,
    0.09144201110570858,
    0.02468571601769863,
    0.014601794955057975,
    0.009014715368931111,
    0.00295811394850413,
    0.002737893508030818,
    0.001967360575993856,
    0.003859610511706426,
    0.003693837385911208,
    0.0028257476977812937,
    0.0015825736217009716,
    0.0017638359314356095,
    0.007589058616222479
  ],
  "accuracy_guard_contribution": [
    0.2731840834976771,
    0.05647553465305231,
    0.03759121121122287,
    0.0257877656378043,
    0.02317713110301739,
    0.020700650337414864,
    0.010748516481656294,
    0.009259568001979437,
    0.008550781279038161,
    0.010011763861164069,
    0.009436300597511806,
    0.008147942093320383,
    0.00785267505890284,
    0.008320560153478231,
    0.0131942701454346
  ],
  "distill_loss": [
    0.0,
    0.0,
    0.0,
    0.0,
    0.0,
    0.0,
    0.0,
    0.0,
    0.0,
    0.0,
    0.0,
    0.0,
    0.0,
    0.0,
    0.0
  ],
  "distill_contribution": [
    0.0,
    0.0,
    0.0,
    0.0,
    0.0,
    0.0,
    0.0,
    0.0,
    0.0,
    0.0,
    0.0,
    0.0,
    0.0,
    0.0,
    0.0
  ],
  "gate_entropy": [
    0.0019005319515529734,
    0.0019002201734110713,
    0.0019002201734110713,
    0.0019002201734110713,
    0.0019002201734110713,
    0.0019002201734110713,
    0.0019002201734110713,
    0.0019002201734110713,
    0.0019002201734110713,
    0.0019002201734110713,
    0.0019002201734110713,
    0.0019002201734110713,
    0.0019002201734110713,
    0.0019002201734110713,
    0.0019002201734110713
  ],
  "gate_min": [
    0.9998998917066134,
    0.9998999834060669,
    0.9998999834060669,
    0.9998999834060669,
    0.9998999834060669,
    0.9998999834060669,
    0.9998999834060669,
    0.9998999834060669,
    0.9998999834060669,
    0.9998999834060669,
    0.9998999834060669,
    0.9998999834060669,
    0.9998999834060669,
    0.9998999834060669,
    0.9998999834060669
  ],
  "gate_max": [
    0.9999000506523328,
    0.9998999834060669,
    0.9998999834060669,
    0.9998999834060669,
    0.9998999834060669,
    0.9998999834060669,
    0.9998999834060669,
    0.9998999834060669,
    0.9998999834060669,
    0.9998999834060669,
    0.9998999834060669,
    0.9998999834060669,
    0.9998999834060669,
    0.9998999834060669,
    0.9998999834060669
  ],
  "gate_anchor_loss": [
    1.0006443263731713e-08,
    1.000331906197971e-08,
    1.000331906197971e-08,
    1.000331906197971e-08,
    1.000331906197971e-08,
    1.000331906197971e-08,
    1.000331906197971e-08,
    1.000331906197971e-08,
    1.000331906197971e-08,
    1.000331906197971e-08,
    1.000331906197971e-08,
    1.000331906197971e-08,
    1.000331906197971e-08,
    1.000331906197971e-08,
    1.000331906197971e-08
  ],
  "gate_anchor_contribution": [
    5.003221796975947e-10,
    5.001659642012157e-10,
    5.001659642012157e-10,
    5.001659642012157e-10,
    5.001659642012157e-10,
    5.001659642012157e-10,
    5.001659642012157e-10,
    5.001659642012157e-10,
    5.001659642012157e-10,
    5.001659642012157e-10,
    5.001659642012157e-10,
    5.001659642012157e-10,
    5.001659642012157e-10,
    5.001659642012157e-10,
    5.001659642012157e-10
  ],
  "q_err_entropy": [
    NaN,
    NaN,
    NaN,
    NaN,
    NaN,
    NaN,
    NaN,
    NaN,
    NaN,
    NaN,
    NaN,
    NaN,
    NaN,
    NaN,
    NaN
  ],
  "q_err_gini": [
    NaN,
    NaN,
    NaN,
    NaN,
    NaN,
    NaN,
    NaN,
    NaN,
    NaN,
    NaN,
    NaN,
    NaN,
    NaN,
    NaN,
    NaN
  ],
  "q_err_corr": [
    NaN,
    NaN,
    NaN,
    NaN,
    NaN,
    NaN,
    NaN,
    NaN,
    NaN,
    NaN,
    NaN,
    NaN,
    NaN,
    NaN,
    NaN
  ],
  "p_q_corr": [
    NaN,
    NaN,
    NaN,
    NaN,
    NaN,
    NaN,
    NaN,
    NaN,
    NaN,
    NaN,
    NaN,
    NaN,
    NaN,
    NaN,
    NaN
  ],