{
  "total_loss": [
    2.7902015248934426,
    0.8258889806576264,
    0.7164555650490981,
    0.6725733440655929,
    0.8230886734448947,
    0.859390513255046
  ],
  "main_loss": [
    2.78538970152537,
    0.8213961758674719,
    0.7122704646526239,
    0.669215624149029,
    0.8208668231964111,
    0.8549714615711799
  ],
  "shap_loss": [
    0.23303169508775076,
    0.2327543455056655,
    0.24173979422984979,
    0.23239666758439478,
    0.22218461277393195,
    0.21412710845470428
  ],
  "shap_loss_normalized": [
    0.09623663079662201,
    0.08985583923566036,
    0.08370200764292325,
    0.06715437884514149,
    0.044436923204324186,
    0.08838106061403568
  ],
  "tikhonov_loss": [
    0.0,
    0.0,
    0.0,
    0.0,
    0.0,
    0.0
  ],
  "nonnegativity_loss": [
    0.0,
    0.0,
    0.0,
    0.0,
    0.0,
    0.0
  ],
  "tikhonov_lambda": [
    0.0,
    0.0,
    0.0,
    0.0,
    0.0,
    0.0
  ],
  "nonnegativity_lambda": [
    0.0,
    0.0,
    0.0,
    0.0,
    0.0,
    0.0
  ],
  "shap_scale_factor": [
    0.41790485156304213,
    0.3913915487737034,
    0.3513738542659213,
    0.29335827182900287,
    0.20000000000000004,
    0.41691791322642774
  ],
  "shap_contribution": [
    0.004811831624605334,
    0.004492792023274188,
    0.004185100441249326,
    0.003357718994196218,
    0.0022218462127523543,
    0.0044190531017449805
  ],
  "tikhonov_contribution": [
    0.0,
    0.0,
    0.0,
    0.0,
    0.0,
    0.0
  ],
  "nonnegativity_contribution": [
    0.0,
    0.0,
    0.0,
    0.0,
    0.0,
    0.0
  ],
  "regularization_share": [
    0.0031859180677753173,
    0.006452538691451839,
    0.006130951644150136,
    0.005322059916313587,
    0.00302846180085827,
    0.00596526663493878
  ],
  "accuracy_guard_loss": [
    0.0,
    0.0,
    0.0,
    0.0,
    0.0,
    0.0
  ],
  "accuracy_guard_contribution": [
    0.0,
    0.0,
    0.0,
    0.0,
    0.0,
    0.0
  ],
  "distill_loss": [
    0.0,
    0.0,
    0.0,
    0.0,
    0.0,
    0.0
  ],
  "distill_contribution": [
    0.0,
    0.0,
    0.0,
    0.0,
    0.0,
    0.0
  ],
  "gate_entropy": [
    0.001900483045177773,
    0.0019005074983653731,
    0.0019008162198588252,
    0.0019011646777821274,
    0.001901616996082549,
    0.001902271068105713
  ],
  "gate_min": [
    0.9998999039332072,
    0.9998998641967773,
    0.9998997633273785,
    0.9998996899678156,
    0.9998995463053385,
    0.9998993476231893
  ],
  "gate_max": [
    0.9999000414823874,
    0.9999001026153564,
    0.9999001026153564,
    0.9999001026153564,
    0.9999000689922235,
    0.999900099558708
  ],
  "gate_anchor_loss": [
    1.0005992524570619e-08,
    1.0006415251950784e-08,
    1.0009413423462414e-08,
    1.0013149739562229e-08,
    1.0017925315508318e-08,
    1.0024841287576855e-08
  ],
  "gate_anchor_contribution": [
    5.002996379001063e-10,
    5.003207876487254e-10,
    5.004706819906783e-10,
    5.006574983650143e-10,
    5.008962760236284e-10,
    5.012420820285421e-10
  ],
  "q_err_entropy": [
    1.6299086656325903,
    1.6755585609338222,
    1.6856877161906316,
    1.6737926648213313,
    1.669101235194084,
    1.6492512348370674
  ],
  "q_err_gini": [
    0.7930064889100882,
    0.7828687093196771,
    0.7818291294269073,
    0.7843178128584837,
    0.7852406960267287,
    0.7899986673624088
  ],
  "q_err_corr": [
    0.8623630200561724,
    0.9290338082191272,
    0.9064803780653538,
    0.8394093016783396,
    0.8806717028984656,
    0.8873507930682256
  ],
  "p_q_corr": [
    -0.0191156243881545,
    -0.010750483457321445,
    -0.07029345265040413,
    -0.01426381426743972,
    0.06321060774513544,
    0.11713640754803634
  ],
  "ea_ratio": [
    0.0032051475763392565,
    0.006531413907232957,
    0.006191790772554202,
    0.005355550241895402,
    0.0030396384043762316,
    0.006025067297741771
  ],
  "main_grad_norm": [
    10204.0927734375,
    7537.59814453125,
    10270.92724609375,
    8438.889892578125,
    15524.900390625,
    9050.5087890625
  ],
  "ea_grad_norm": [
    6.8200037479400635,
    11.691746652126312,
    5.626262664794922,
    6.878418684005737,
    4.913107752799988,
    1.8048121929168701
  ],
  "ea_main_grad_ratio": [
    0.0011997685871588302,
    0.0014342268287809053,
    0.0005311110290012286,
    0.0008399593161210225,
    0.0003138304408450266,
    0.00020238236795376812
  ],
  "ea_scale": [
    1.0,
    1.0,
    1.0,
    1.0,
    1.0,
    1.0
  ],
  "main_grad_params": [
    26.0,
    26.0,
    26.0,
    26.0,
    26.0,
    26.0
  ],
  "ea_grad_params": [
    26.0,
    26.0,
    26.0,
    26.0,
    26.0,
    26.0
  ],
  "grad_params_total": [
    26.0,
    26.0,
    26.0,
    26.0,
    26.0,
    26.0
  ],
  "rank_loss_raw": [
    0.04188711568713188,
    0.04167496451200583,
    0.04411690839781211,
    0.04105665198025795,
    0.03846244929501644,
    0.036060700503488384
  ],
  "bottom_inv_loss_raw": [
    0.0,
    0.0,
    0.0,
    0.0,
    0.0,
    0.0
  ],
  "rank_pairs_count": [
    170.6153846153846,
    170.64102564102564,
    170.76923076923077,
    170.46153846153845,
    170.76923076923077,
    170.69230769230768
  ],
  "rank_violations_count": [
    110.35897435897436,
    110.87179487179488,
    113.46153846153847,
    109.48717948717949,
    107.02564102564102,
    102.53846153846153
  ],
  "rank_grad_norm": [
    3.5094131231307983,
    3.85372656583786,
    5.536701321601868,
    4.519191026687622,
    5.687673330307007,
    1.8315096497535706
  ],
  "rank_main_grad_ratio": [
    0.0003443908403003746,
    0.00048570253951443635,
    0.0005283738561645357,
    0.0005408472768671166,
    0.00036034225982690585,
    0.0002007860031713691
  ],
  "shap_clip_active": [
    0.0,
    0.0,
    0.0,
    0.0,
    0.0,
    0.0
  ],
  "epoch_accepted": [
    1.0,
    1.0,
    1.0,
    1.0,
    1.0,
    1.0
  ],
  "lr": [
    8e-05,
    8e-05,
    8e-05,
    8e-05,
    8e-05,
    8e-05
  ],
  "adaptive_gamma": [
    0.05000000000000001,
    0.05000000000000001,
    0.05000000000000001,
    0.05000000000000001,
    0.05000000000000001,
    0.05000000000000001
  ],
  "convergence_slowdown": [
    0.41790485156304213,
    0.3913915487737034,
    0.3513738542659213,
    0.29335827182900287,
    0.20000000000000004,
    0.41691791322642774
  ],
  "shap_consistency": [
    0.23303169508775076,
    0.2327543455056655,
    0.24173979422984979,
    0.23239666758439478,
    0.22218461277393195,
    0.21412710845470428
  ],
  "shap_sparsity": [
    0.9472736716270447,
    0.9472736716270447,
    0.9472736685703962,
    0.9472736594004508,
    0.9472736380039117,
    0.9472736135507241
  ],
  "shap_faithfulness": [
    0.16800906986762315,
    0.16420268286497164,
    0.16792475604093993,
    0.158715980557295,
    0.15863806849870926,
    0.16482999729804504
  ],
  "shap_stability": [
    0.0,
    0.0,
    0.0,
    0.0,
    0.0,
    0.0
  ],
  "shap_weight_consistency": [
    1.0,
    1.0,
    1.0,
    1.0,
    1.0,
    1.0
  ],
  "shap_weight_sparsity": [
    0.0,
    0.0,
    0.0,
    0.0,
    0.0,
    0.0
  ],
  "shap_weight_faithfulness": [
    0.0,
    0.0,
    0.0,
    0.0,
    0.0,
    0.0
  ],
  "shap_weight_stability": [
    0.0,
    0.0,
    0.0,
    0.0,
    0.0,
    0.0
  ],
  "val_main_loss": [
    0.7436874508857727,
    0.661230742931366,
    0.575596809387207,
    0.9325886964797974,
    0.5911467671394348,
    0.6518012285232544
  ]
}