{
  "total_loss": [
    3.459311521970309,
    0.9224401192787366,
    1.0973294598933978
  ],
  "main_loss": [
    3.459311521970309,
    0.9217014679541955,
    1.096329933557755
  ],
  "shap_loss": [
    0.12240159626190479,
    0.12172633638748756,
    0.12192214356783108
  ],
  "shap_loss_normalized": [
    0.05110406159208371,
    0.02435797156813817,
    0.04692556398610274
  ],
  "tikhonov_loss": [
    0.0,
    0.0,
    0.0
  ],
  "nonnegativity_loss": [
    0.0,
    0.0,
    0.0
  ],
  "tikhonov_lambda": [
    0.0,
    0.0,
    0.0
  ],
  "nonnegativity_lambda": [
    0.0,
    0.0,
    0.0
  ],
  "shap_scale_factor": [
    0.41790485156304213,
    0.20010465724751442,
    0.3841545602559267
  ],
  "shap_contribution": [
    0.0,
    0.0007386441396262783,
    0.0009995187473787854
  ],
  "tikhonov_contribution": [
    0.0,
    0.0,
    0.0
  ],
  "nonnegativity_contribution": [
    0.0,
    0.0,
    0.0
  ],
  "regularization_share": [
    3.5194913495074805e-10,
    0.0008750684561937822,
    0.0009128054051805264
  ],
  "accuracy_guard_loss": [
    0.0,
    0.0,
    0.0
  ],
  "accuracy_guard_contribution": [
    0.0,
    0.0,
    0.0
  ],
  "distill_loss": [
    0.0,
    0.0,
    0.0
  ],
  "distill_contribution": [
    0.0,
    0.0,
    0.0
  ],
  "gate_entropy": [
    0.0019005502914436734,
    0.0019008253898041754,
    0.0019011677344305776
  ],
  "gate_min": [
    0.9998998947632618,
    0.9998998611401289,
    0.9998997449874878
  ],
  "gate_max": [
    0.9999000751055204,
    0.9999001026153564,
    0.9999001026153564
  ],
  "gate_anchor_loss": [
    1.0006637000496236e-08,
    1.000966377590774e-08,
    1.0013242497272573e-08
  ],
  "gate_anchor_contribution": [
    5.003318614117146e-10,
    5.004832104305024e-10,
    5.006621171774693e-10
  ],
  "q_err_entropy": [
    0.8180968635357343,
    0.8418160462990786,
    0.8186048991405047
  ],
  "q_err_gini": [
    0.897627633351546,
    0.8890157280824124,
    0.8990220763744452
  ],
  "q_err_corr": [
    0.7376531586786242,
    0.6436891565935161,
    0.7636629602370354
  ],
  "p_q_corr": [
    0.61231990196766,
    0.6153262853622437,
    0.6149881191742725
  ],
  "ea_ratio": [
    0.0,
    0.0008758940586211303,
    0.0009142524443002633
  ],
  "main_grad_norm": [
    9201.697998046875,
    14638.513671875,
    19321.523193359375
  ],
  "ea_grad_norm": [
    4.11762535572052,
    2.831437110900879,
    10.48179578781128
  ],
  "ea_main_grad_ratio": [
    0.0008248773532357776,
    0.000191896306766386,
    0.0023961404924476
  ],
  "ea_scale": [
    20.782851433176702,
    52.2025405765453,
    40.65813079464311
  ],
  "main_grad_params": [
    26.0,
    26.0,
    26.0
  ],
  "ea_grad_params": [
    26.0,
    26.0,
    26.0
  ],
  "grad_params_total": [
    26.0,
    26.0,
    26.0
  ],
  "rank_loss_raw": [
    0.008615432104143577,
    0.0086725603024929,
    0.008670551033738332
  ],
  "bottom_inv_loss_raw": [
    0.0,
    0.0,
    0.0
  ],
  "rank_pairs_count": [
    170.05128205128204,
    170.15384615384616,
    169.89743589743588
  ],
  "rank_violations_count": [
    54.84615384615385,
    54.717948717948715,
    55.256410256410255
  ],
  "rank_grad_norm": [
    4.273195743560791,
    6.057098150253296,
    7.953779697418213
  ],
  "rank_main_grad_ratio": [
    0.0007410796321498847,
    0.00041577602822984785,
    0.0011524983627546673
  ],
  "shap_clip_active": [
    0.0,
    0.0,
    0.0
  ],
  "epoch_accepted": [
    1.0,
    1.0,
    1.0
  ],
  "lr": [
    8e-05,
    8e-05,
    8e-05
  ],
  "adaptive_gamma": [
    0.00019999999999999996,
    0.0005809523809523808,
    0.0009619047619047619
  ],
  "convergence_slowdown": [
    0.41790485156304213,
    0.20010465724751442,
    0.3841545602559267
  ],
  "shap_consistency": [
    0.12240159626190479,
    0.12172633638748756,
    0.12192214356783108
  ],
  "shap_sparsity": [
    0.9472736716270447,
    0.9472736685703962,
    0.9472736624570993
  ],
  "shap_faithfulness": [
    0.36652442812919617,
    0.3052325386267442,
    0.32500475568649095
  ],
  "shap_stability": [
    0.0,
    0.0,
    0.0
  ],
  "shap_weight_consistency": [
    1.0,
    1.0,
    1.0
  ],
  "shap_weight_sparsity": [
    0.0,
    0.0,
    0.0
  ],
  "shap_weight_faithfulness": [
    0.0,
    0.0,
    0.0
  ],
  "shap_weight_stability": [
    0.0,
    0.0,
    0.0
  ],
  "val_main_loss": [
    0.9442442059516907,
    1.624071717262268,
    2.000682830810547
  ]
}