{
  "total_loss": [
    2.7081689666479063,
    0.6868986051816207,
    0.46176743583801466,
    0.4495486773741551,
    0.4303153585164975,
    0.4040130147567162,
    0.39447643206669736,
    0.39475056720085633,
    0.3927405285529601,
    0.3856619615585376,
    0.3917299310366313,
    0.39151630455102676,
    0.3881556288554118,
    0.3891201584767073,
    0.3886697773750012
  ],
  "main_loss": [
    2.4628817660686297,
    0.6261779772929656,
    0.42472478136038166,
    0.41561071001566374,
    0.4047477482221065,
    0.3848985930283864,
    0.3808386402252393,
    0.3799862544506024,
    0.3796436400749745,
    0.37635287680687046,
    0.3783522561574594,
    0.3797402561475069,
    0.3778465004303517,
    0.3794172876156293,
    0.37835193368104786
  ],
  "shap_loss": [
    0.11557701115424816,
    0.11811601657133836,
    0.11935136409906241,
    0.11907239563954182,
    0.11672861243669803,
    0.11717596439979015,
    0.12217848614240304,
    0.11650829532971749,
    0.12084359675645828,
    0.12069569680935298,
    0.12167385277839807,
    0.1172576999435058,
    0.11778207715505208,
    0.11712907751401265,
    0.11463189182373193
  ],
  "shap_loss_normalized": [
    0.05019592555860678,
    0.06279719334382278,
    0.05596071887665834,
    0.0513891936876835,
    0.023383623896501005,
    0.023435193137862742,
    0.02443569764876977,
    0.02330165948623266,
    0.024168719704716634,
    0.024139139753503677,
    0.026775455723206203,
    0.046713543291657396,
    0.02355641585129958,
    0.023425815913539667,
    0.022926378851899736
  ],
  "tikhonov_loss": [
    0.0,
    0.0,
    0.0,
    0.0,
    0.0,
    0.0,
    0.0,
    0.0,
    0.0,
    0.0,
    0.0,
    0.0,
    0.0,
    0.0,
    0.0
  ],
  "nonnegativity_loss": [
    0.0,
    0.0,
    0.0,
    0.0,
    0.0,
    0.0,
    0.0,
    0.0,
    0.0,
    0.0,
    0.0,
    0.0,
    0.0,
    0.0,
    0.0
  ],
  "tikhonov_lambda": [
    0.0,
    0.0,
    0.0,
    0.0,
    0.0,
    0.0,
    0.0,
    0.0,
    0.0,
    0.0,
    0.0,
    0.0,
    0.0,
    0.0,
    0.0
  ],
  "nonnegativity_lambda": [
    0.0,
    0.0,
    0.0,
    0.0,
    0.0,
    0.0,
    0.0,
    0.0,
    0.0,
    0.0,
    0.0,
    0.0,
    0.0,
    0.0,
    0.0
  ],
  "shap_scale_factor": [
    0.4382039968621875,
    0.5301808108980833,
    0.4686513649598794,
    0.43393049258868327,
    0.20031833246118966,
    0.20000000000000004,
    0.20000000000000004,
    0.20000000000000004,
    0.20000000000000004,
    0.20000000000000004,
    0.22051282051282056,
    0.39749668829773616,
    0.20000000000000004,
    0.20000000000000004,
    0.20000000000000004
  ],
  "shap_contribution": [
    0.00011617349926568866,
    0.0002456560314152366,
    4.3226046284708456e-05,
    0.00010540939533362129,
    7.153032549047985e-05,
    3.428542330743184e-05,
    6.637581622598167e-05,
    4.873054109712263e-05,
    0.00012743231957593263,
    8.314371590154807e-05,
    7.334221020125999e-05,
    4.023213286694581e-05,
    7.076208492388758e-05,
    4.882743022067305e-05,
    5.2389775448365326e-05
  ],
  "tikhonov_contribution": [
    0.0,
    0.0,
    0.0,
    0.0,
    0.0,
    0.0,
    0.0,
    0.0,
    0.0,
    0.0,
    0.0,
    0.0,
    0.0,
    0.0,
    0.0
  ],
  "nonnegativity_contribution": [
    0.0,
    0.0,
    0.0,
    0.0,
    0.0,
    0.0,
    0.0,
    0.0,
    0.0,
    0.0,
    0.0,
    0.0,
    0.0,
    0.0,
    0.0
  ],
  "regularization_share": [
    0.08872893764002894,
    0.08664835910480258,
    0.07934851020077505,
    0.07019900761368773,
    0.0544652414872594,
    0.04439936774780261,
    0.03224411515626443,
    0.036023976538463724,
    0.029419175322557025,
    0.020729407996262415,
    0.030713739816331583,
    0.027712116851029728,
    0.02540106844365144,
    0.023346309727194908,
    0.026819922673434738
  ],
  "accuracy_guard_loss": [
    2.084672515973067,
    0.2487008212468563,
    0.047554003504606396,
    0.03846708551431314,
    0.028880319534203946,
    0.00801821626149691,
    0.00553894959963285,
    0.004922439272587116,
    0.0035906319434826192,
    0.0028355580109816333,
    0.0032773338831388033,
    0.004873385796180138,
    0.0026607895508790626,
    0.003911192218462626,
    0.002855251996945112
  ],
  "accuracy_guard_contribution": [
    0.2451710035212529,
    0.06047497097498331,
    0.03699943256110717,
    0.033832560699337565,
    0.025496079849127013,
    0.019080134872824717,
    0.013571415001001114,
    0.01471558098609631,
    0.012969455371300379,
    0.009225943436225256,
    0.013304334945785694,
    0.011735814838455273,
    0.010238363335912045,
    0.0096540439587373,
    0.010265453121601006
  ],
  "distill_loss": [
    0.0,
    0.0,
    0.0,
    0.0,
    0.0,
    0.0,
    0.0,
    0.0,
    0.0,
    0.0,
    0.0,
    0.0,
    0.0,
    0.0,
    0.0
  ],
  "distill_contribution": [
    0.0,
    0.0,
    0.0,
    0.0,
    0.0,
    0.0,
    0.0,
    0.0,
    0.0,
    0.0,
    0.0,
    0.0,
    0.0,
    0.0,
    0.0
  ],
  "gate_entropy": [
    0.0019003332694037221,
    0.0019002201734110713,
    0.0019002201734110713,
    0.0019002201734110713,
    0.0019002201734110713,
    0.0019002201734110713,
    0.0019002201734110713,
    0.0019002201734110713,
    0.0019002201734110713,
    0.0019002201734110713,
    0.0019002201734110713,
    0.0019002201734110713,
    0.0019002201734110713,
    0.0019002201734110713,
    0.0019002201734110713
  ],
  "gate_min": [
    0.9998999131031525,
    0.9998999834060669,
    0.9998999834060669,
    0.9998999834060669,
    0.9998999834060669,
    0.9998999834060669,
    0.9998999834060669,
    0.9998999834060669,
    0.9998999834060669,
    0.9998999834060669,
    0.9998999834060669,
    0.9998999834060669,
    0.9998999834060669,
    0.9998999834060669,
    0.9998999834060669
  ],
  "gate_max": [
    0.9999000781621689,
    0.9998999834060669,
    0.9998999834060669,
    0.9998999834060669,
    0.9998999834060669,
    0.9998999834060669,
    0.9998999834060669,
    0.9998999834060669,
    0.9998999834060669,
    0.9998999834060669,
    0.9998999834060669,
    0.9998999834060669,
    0.9998999834060669,
    0.9998999834060669,
    0.9998999834060669
  ],
  "gate_anchor_loss": [
    1.0004416622768403e-08,
    1.000331906197971e-08,
    1.000331906197971e-08,
    1.000331906197971e-08,
    1.000331906197971e-08,
    1.000331906197971e-08,
    1.000331906197971e-08,
    1.000331906197971e-08,
    1.000331906197971e-08,
    1.000331906197971e-08,
    1.000331906197971e-08,
    1.000331906197971e-08,
    1.000331906197971e-08,
    1.000331906197971e-08,
    1.000331906197971e-08
  ],
  "gate_anchor_contribution": [
    5.002208348391636e-10,
    5.001659642012157e-10,
    5.001659642012157e-10,
    5.001659642012157e-10,
    5.001659642012157e-10,
    5.001659642012157e-10,
    5.001659642012157e-10,
    5.001659642012157e-10,
    5.001659642012157e-10,
    5.001659642012157e-10,
    5.001659642012157e-10,
    5.001659642012157e-10,
    5.001659642012157e-10,
    5.001659642012157e-10,
    5.001659642012157e-10
  ],
  "q_err_entropy": [
    0.9459864527751238,
    0.9331402855041699,
    0.9314407797960135,
    0.9140188663433759,
    0.9509721948550298,
    0.9570521100973471,
    0.8653039993383945,
    0.9542770645557306,
    0.8863712350527445,
    0.9177394585731702,
    0.9162136591397799,
    0.9375209074753982,
    0.9486956214293455,
    0.966186774082673,
    0.9506694827324305
  ],
  "q_err_gini": [
    0.8858152826627096,
    0.885763304355817,
    0.8867365886003543,
    0.8874518091862018,
    0.8832796170161321,
    0.8833125325349661,
    0.892097185819577,
    0.8842522838176825,
    0.8893860486837534,
    0.8867885699638953,
    0.88718559497442,
    0.8850920964510013,
    0.8842559242859865,
    0.8821465388322488,
    0.8841624901844904
  ],