{
  "total_loss": [
    2.241219061307418,
    0.8249215048093063,
    0.651026922922868,
    0.6775843462882898,
    0.7537447657340612,
    0.836646535457709,
    0.8175532321135203,
    0.6627906698447007,
    0.7906438723588601,
    0.6843183460908059
  ],
  "main_loss": [
    2.241219061307418,
    0.8249215048093063,
    0.651026922922868,
    0.6775843462882898,
    0.7537447657340612,
    0.836646535457709,
    0.8175532321135203,
    0.6627906698447007,
    0.7906094934695806,
    0.6842299783841158
  ],
  "shap_loss": [
    0.05554543884518819,
    0.05819139543634195,
    0.055597068121035896,
    0.05519741649429003,
    0.056902161393410124,
    0.05874626615490669,
    0.05641046118659851,
    0.0563999158449662,
    0.05801660357377468,
    0.05666211744149526
  ],
  "shap_loss_normalized": [
    0.027993623023995988,
    0.018748730038985226,
    0.016772232304971952,
    0.017353610863956887,
    0.01138043243629046,
    0.011749253429185886,
    0.01128209244985229,
    0.011279983338541709,
    0.011603320889079418,
    0.023642771137066376
  ],
  "tikhonov_loss": [
    0.0,
    0.0,
    0.0,
    0.0,
    0.0,
    0.0,
    0.0,
    0.0,
    0.0,
    0.0
  ],
  "nonnegativity_loss": [
    0.0,
    0.0,
    0.0,
    0.0,
    0.0,
    0.0,
    0.0,
    0.0,
    0.0,
    0.0
  ],
  "tikhonov_lambda": [
    0.0,
    0.0,
    0.0,
    0.0,
    0.0,
    0.0,
    0.0,
    0.0,
    0.0,
    0.0
  ],
  "nonnegativity_lambda": [
    0.0,
    0.0,
    0.0,
    0.0,
    0.0,
    0.0,
    0.0,
    0.0,
    0.0,
    0.0
  ],
  "shap_scale_factor": [
    0.5094962287027754,
    0.3233272679744696,
    0.3055796767335228,
    0.31242983207703373,
    0.20000000000000004,
    0.20000000000000004,
    0.20000000000000004,
    0.20000000000000004,
    0.20000000000000004,
    0.41769117634936703
  ],
  "shap_contribution": [
    0.0,
    0.0,
    0.0,
    0.0,
    0.0,
    0.0,
    0.0,
    0.0,
    3.4378609434964186e-05,
    8.836878040687551e-05
  ],
  "tikhonov_contribution": [
    0.0,
    0.0,
    0.0,
    0.0,
    0.0,
    0.0,
    0.0,
    0.0,
    0.0,
    0.0
  ],
  "nonnegativity_contribution": [
    0.0,
    0.0,
    0.0,
    0.0,
    0.0,
    0.0,
    0.0,
    0.0,
    0.0,
    0.0
  ],
  "regularization_share": [
    5.153644279007473e-10,
    6.651112461564647e-10,
    8.085160181580848e-10,
    8.052483316608177e-10,
    7.297399077202152e-10,
    6.832939252251983e-10,
    7.215450030776593e-10,
    8.083183427394417e-10,
    4.770025744202412e-05,
    0.0001580085583506961
  ],
  "accuracy_guard_loss": [
    0.0,
    0.0,
    0.0,
    0.0,
    0.0,
    0.0,
    0.0,
    0.0,
    0.0,
    0.0
  ],
  "accuracy_guard_contribution": [
    0.0,
    0.0,
    0.0,
    0.0,
    0.0,
    0.0,
    0.0,
    0.0,
    0.0,
    0.0
  ],
  "distill_loss": [
    0.0,
    0.0,
    0.0,
    0.0,
    0.0,
    0.0,
    0.0,
    0.0,
    0.0,
    0.0
  ],
  "distill_contribution": [
    0.0,
    0.0,
    0.0,
    0.0,
    0.0,
    0.0,
    0.0,
    0.0,
    0.0,
    0.0
  ],
  "gate_entropy": [
    0.0019004371954510228,
    0.001900623651006474,
    0.0019007153504599745,
    0.0019009018060154258,
    0.0019009843355235762,
    0.001901363350976354,
    0.0019018920556379433,
    0.0019022007651913625,
    0.0019028273781236166,
    0.0019031208163748186
  ],
  "gate_min": [
    0.9998999131031525,
    0.9998998641967773,
    0.9998998519701835,
    0.9998997449874878,
    0.9998996685712765,
    0.9998994484925882,
    0.9998992345271966,
    0.9998990511282896,
    0.9998988585594373,
    0.9998986965570694
  ],
  "gate_max": [
    0.9999000598222781,
    0.9999001026153564,
    0.9999001026153564,
    0.999900072048872,
    0.9999001026153564,
    0.9999001515217316,
    0.999900221824646,
    0.999900221824646,
    0.999900221824646,
    0.999900221824646
  ],
  "gate_anchor_loss": [
    1.0005542582492721e-08,
    1.0007541803794048e-08,
    1.0008507094319624e-08,
    1.0010406976280779e-08,
    1.0011377208722175e-08,
    1.0015219741851466e-08,
    1.0020906748272806e-08,
    1.0024084992265577e-08,
    1.0030744121354182e-08,
    1.003398679244309e-08
  ],
  "gate_anchor_contribution": [
    5.002771331100521e-10,
    5.003771044233309e-10,
    5.004253592707423e-10,
    5.005203616243046e-10,
    5.005688698303036e-10,
    5.007610024648921e-10,
    5.010453533553042e-10,
    5.012042703943765e-10,
    5.015372120458331e-10,
    5.016993401914996e-10
  ],
  "q_err_entropy": [
    1.4832703486467018,
    1.4683005137321277,
    1.4852622258357513,
    1.5160202154746423,
    1.4693155961158948,
    1.5000047072386131,
    1.4915127081748767,
    1.478664728311392,
    1.5006523988185785,
    1.4899900907125228
  ],
  "q_err_gini": [
    0.8131193503355368,
    0.8171298320476825,
    0.812886288532844,
    0.8061688099152002,
    0.8174201402908716,
    0.8095636169115702,
    0.8111180663108826,
    0.8155704751992837,
    0.8082314943655943,
    0.8116207825831878
  ],
  "q_err_corr": [
    0.8095335262386423,
    0.768014017588053,
    0.7264652890272629,
    0.7742643463305938,
    0.7444788324527252,
    0.8155644772908627,
    0.7292133176173919,
    0.7678727706273397,
    0.7897408149945431,
    0.7405030265068396
  ],
  "p_q_corr": [
    0.8269286216833652,
    0.819231513219002,
    0.8293893046868153,
    0.8312436785453405,
    0.8243261453432914,
    0.8174939889174241,
    0.8268967423683558,
    0.8264326468492166,
    0.8199850748746823,
    0.8260727616456839
  ],
  "ea_ratio": [
    0.0,
    0.0,
    0.0,
    0.0,
    0.0,
    0.0,
    0.0,
    0.0,
    4.7702086960317756e-05,
    0.0001580651453131838
  ],
  "main_grad_norm": [
    9421.014038085938,
    13829.88134765625,
    12370.68505859375,
    11807.779296875,
    11622.572021484375,
    12979.90869140625,
    19829.7021484375,
    15774.74951171875,
    24579.716796875,
    6910.11572265625
  ],
  "ea_grad_norm": [
    14.730727672576904,
    10.804810047149658,
    5.406702518463135,
    8.469856262207031,
    5.490175485610962,
    4.66286313533783,
    5.170419692993164,
    3.619172692298889,
    6.818027496337891,
    7.716813564300537
  ],
  "ea_main_grad_ratio": [
    0.002999545619783552,
    0.0007928410124547732,
    0.0004304927830557733,
    0.0007284382380072101,
    0.0006532357501927757,
    0.0003576771121906473,
    0.0002607489636141762,
    0.00034314878995917304,
    0.0002811935210126591,
    0.0010555793984738863
  ],
  "ea_scale": [
    8.835296765226039,
    13.7079042273213,
    23.31485967739287,
    13.967526811165676,
    28.856615540848026,
    27.95515495940521,
    38.34743343901546,
    52.048459208101704,
    36.19074230797582,
    17.03706085217157
  ],
  "main_grad_params": [
    26.0,
    26.0,
    26.0,
    26.0,
    26.0,
    26.0,
    26.0,
    26.0,
    26.0,
    26.0
  ],
  "ea_grad_params": [
    26.0,
    26.0,
    26.0,
    26.0,
    26.0,
    26.0,
    26.0,
    26.0,
    26.0,
    26.0
  ],
  "grad_params_total": [
    26.0,
    26.0,
    26.0,
    26.0,
    26.0,
    26.0,
    26.0,
    26.0,
    26.0,
    26.0
  ],
  "rank_loss_raw": [
    0.006936152310421069,
    0.007164869779864183,
    0.0074990220869389865,
    0.007431825252775199,
    0.007520039697201588,
    0.007282214788481211,
    0.007645769462658045,
    0.007378160010259121,
    0.007500871550291777,
    0.007553487228086362
  ],
  "bottom_inv_loss_raw": [
    0.0,
    0.0,
    0.0,
    0.0,
    0.0,
    0.0,
    0.0,
    0.0,
    0.0,
    0.0
  ],
  "rank_pairs_count": [
    170.4102564102564,
    170.64102564102564,
    170.87179487179486,
    170.71794871794873,
    170.71794871794873,
    170.89743589743588,
    170.94871794871796,
    170.84615384615384,
    170.82051282051282,
    170.92307692307693
  ],