{
  "total_loss": [
    3.167793807310936,
    0.8186560066846701,
    0.8626009225845337,
    0.8343215959194379,
    0.8045768348070291,
    0.9542599549660316,
    1.089815854262083,
    0.8193930716086657,
    0.8055241390680655,
    0.7114595128939702,
    0.830361334177164,
    0.832625035292063,
    0.779299353941893,
    0.855159464554909,
    0.8905497674758618,
    0.6293003146465008,
    0.7011444499859443,
    0.890696162596727,
    1.000881551932066,
    0.8156069562985346
  ],
  "main_loss": [
    3.1653527113107534,
    0.8174704557810074,
    0.8613575735153296,
    0.8318860271038153,
    0.8022994307371286,
    0.9522366034678924,
    1.0881161024937263,
    0.8182290746615484,
    0.8042779648915316,
    0.7102477596356318,
    0.8291383867080395,
    0.831458731339528,
    0.7780585785706838,
    0.8539417110956632,
    0.8880451413301321,
    0.628074722412305,
    0.6999731193750333,
    0.8881894586942135,
    0.9996522015486008,
    0.8144125839074453
  ],
  "shap_loss": [
    0.11892567670498139,
    0.11848290130878106,
    0.12433467480616692,
    0.1208694155017535,
    0.11548398970029293,
    0.1133710612089206,
    0.11906672593874809,
    0.11639901231496762,
    0.1246178652613591,
    0.12117576560912988,
    0.12229523291954628,
    0.11663020956210601,
    0.12407782043402012,
    0.1217753229997097,
    0.12012318063240784,
    0.11872351112274024,
    0.11713260851609401,
    0.120077901161634,
    0.12009631326565376,
    0.11943685626372313
  ],
  "shap_loss_normalized": [
    0.04882165202154563,
    0.02371097122056362,
    0.024866935295554306,
    0.04871140439540912,
    0.04554807805480101,
    0.040467172264097594,
    0.033994970795435786,
    0.023279802802090462,
    0.024923573415248822,
    0.024235153475250952,
    0.024459047004198417,
    0.02332604220375801,
    0.024815564784101952,
    0.024355065173063524,
    0.050092482461761206,
    0.02451183673185416,
    0.023426521856051225,
    0.05013414534429709,
    0.02458704377596195,
    0.023887371620497644
  ],
  "tikhonov_loss": [
    0.0,
    0.0,
    0.0,
    0.0,
    0.0,
    0.0,
    0.0,
    0.0,
    0.0,
    0.0,
    0.0,
    0.0,
    0.0,
    0.0,
    0.0,
    0.0,
    0.0,
    0.0,
    0.0,
    0.0
  ],
  "nonnegativity_loss": [
    0.0,
    0.0,
    0.0,
    0.0,
    0.0,
    0.0,
    0.0,
    0.0,
    0.0,
    0.0,
    0.0,
    0.0,
    0.0,
    0.0,
    0.0,
    0.0,
    0.0,
    0.0,
    0.0,
    0.0
  ],
  "tikhonov_lambda": [
    0.0,
    0.0,
    0.0,
    0.0,
    0.0,
    0.0,
    0.0,
    0.0,
    0.0,
    0.0,
    0.0,
    0.0,
    0.0,
    0.0,
    0.0,
    0.0,
    0.0,
    0.0,
    0.0,
    0.0
  ],
  "nonnegativity_lambda": [
    0.0,
    0.0,
    0.0,
    0.0,
    0.0,
    0.0,
    0.0,
    0.0,
    0.0,
    0.0,
    0.0,
    0.0,
    0.0,
    0.0,
    0.0,
    0.0,
    0.0,
    0.0,
    0.0,
    0.0
  ],
  "shap_scale_factor": [
    0.41790485156304213,
    0.20010465724751442,
    0.20000000000000004,
    0.40998301521207603,
    0.40245647859034384,
    0.3565978323252135,
    0.2849912003040366,
    0.20000000000000004,
    0.20000000000000004,
    0.20000000000000004,
    0.20000000000000004,
    0.20000000000000004,
    0.20000000000000004,
    0.20000000000000004,
    0.4114294320431083,
    0.20658007676744847,
    0.20000000000000004,
    0.41383718688988747,
    0.20417232192066928,
    0.20000000000000004
  ],
  "shap_contribution": [
    0.0024410826228678417,
    0.0011855485917737659,
    0.0012433467856727731,
    0.00243557028275413,
    0.0022774039460226702,
    0.002023358638278949,
    0.0016997485714128767,
    0.0011639901636860883,
    0.0012461786943440062,
    0.001211757697045612,
    0.0012229523854330182,
    0.0011663021436199928,
    0.0012407782621896611,
    0.0012177532801452356,
    0.002504624160699164,
    0.0012255918595772714,
    0.0011713261080261033,
    0.0025067073203480015,
    0.001229352211782661,
    0.0011943685971439267
  ],
  "tikhonov_contribution": [
    0.0,
    0.0,
    0.0,
    0.0,
    0.0,
    0.0,
    0.0,
    0.0,
    0.0,
    0.0,
    0.0,
    0.0,
    0.0,
    0.0,
    0.0,
    0.0,
    0.0,
    0.0,
    0.0,
    0.0
  ],
  "nonnegativity_contribution": [
    0.0,
    0.0,
    0.0,
    0.0,
    0.0,
    0.0,
    0.0,
    0.0,
    0.0,
    0.0,
    0.0,
    0.0,
    0.0,
    0.0,
    0.0,
    0.0,
    0.0,
    0.0,
    0.0,
    0.0
  ],
  "regularization_share": [
    0.00160705686313671,
    0.0016176803888984105,
    0.0015867654836332708,
    0.0033102013532342912,
    0.0034834808064404133,
    0.0026659126063127516,
    0.001996360781169542,
    0.0015926882080780917,
    0.0016885342783139333,
    0.0019699278412730102,
    0.0016515833170253301,
    0.0015458268219390174,
    0.0017101159762454028,
    0.0016109866275012981,
    0.003172732291370616,
    0.002078539163277919,
    0.0018179071313413387,
    0.003977915805739881,
    0.0014781827226035904,
    0.0017352730519007197
  ],
  "accuracy_guard_loss": [
    0.0,
    0.0,
    0.0,
    0.0,
    0.0,
    0.0,
    0.0,
    0.0,
    0.0,
    0.0,
    0.0,
    0.0,
    0.0,
    0.0,
    0.0,
    0.0,
    0.0,
    0.0,
    0.0,
    0.0
  ],
  "accuracy_guard_contribution": [
    0.0,
    0.0,
    0.0,
    0.0,
    0.0,
    0.0,
    0.0,
    0.0,
    0.0,
    0.0,
    0.0,
    0.0,
    0.0,
    0.0,
    0.0,
    0.0,
    0.0,
    0.0,
    0.0,
    0.0
  ],
  "distill_loss": [
    0.0,
    0.0,
    0.0,
    0.0,
    0.0,
    0.0,
    0.0,
    0.0,
    0.0,
    0.0,
    0.0,
    0.0,
    0.0,
    0.0,
    0.0,
    0.0,
    0.0,
    0.0,
    0.0,
    0.0
  ],
  "distill_contribution": [
    0.0,
    0.0,
    0.0,
    0.0,
    0.0,
    0.0,
    0.0,
    0.0,
    0.0,
    0.0,
    0.0,
    0.0,
    0.0,
    0.0,
    0.0,
    0.0,
    0.0,
    0.0,
    0.0,
    0.0
  ],
  "gate_entropy": [
    NaN,
    NaN,
    NaN,
    NaN,
    NaN,
    NaN,
    NaN,
    NaN,
    NaN,
    NaN,
    NaN,
    NaN,
    NaN,
    NaN,
    NaN,
    NaN,
    NaN,
    NaN,
    NaN,
    NaN
  ],
  "gate_min": [
    NaN,
    NaN,
    NaN,
    NaN,
    NaN,
    NaN,
    NaN,
    NaN,
    NaN,
    NaN,
    NaN,
    NaN,
    NaN,
    NaN,
    NaN,
    NaN,
    NaN,
    NaN,
    NaN,
    NaN
  ],
  "gate_max": [
    NaN,
    NaN,
    NaN,
    NaN,
    NaN,
    NaN,
    NaN,
    NaN,
    NaN,
    NaN,
    NaN,
    NaN,
    NaN,
    NaN,
    NaN,
    NaN,
    NaN,
    NaN,
    NaN,
    NaN
  ],
  "gate_anchor_loss": [
    0.0,
    0.0,
    0.0,
    0.0,
    0.0,
    0.0,
    0.0,
    0.0,
    0.0,
    0.0,
    0.0,
    0.0,
    0.0,
    0.0,
    0.0,
    0.0,
    0.0,
    0.0,
    0.0,
    0.0
  ],
  "gate_anchor_contribution": [
    0.0,
    0.0,
    0.0,
    0.0,
    0.0,
    0.0,
    0.0,
    0.0,
    0.0,
    0.0,
    0.0,
    0.0,
    0.0,
    0.0,
    0.0,
    0.0,
    0.0,
    0.0,
    0.0,
    0.0
  ],
  "q_err_entropy": [
    1.112144144681784,
    1.1145679629766023,
    1.093137339139596,
    1.1068805624277165,
    1.1355211841754425,
    1.071510415810805,
    1.032851361311399,
    1.1015529556152148,
    1.1301012237866719,
    1.1166145541729071,
    1.0726042145337813,
    1.0965376664430668,
    1.124387835844969,
    1.12696258074198,
    1.1082126207840748,
    1.0771849384674659,
    1.111299033348377,
    1.1564466158548992,
    1.1647634750757463,
    1.089149229037456
  ],
  "q_err_gini": [
    0.8720137140689752,
    0.8708017055804913,
    0.8743454554142096,
    0.8721787257072253,
    0.8688673560435956,
    0.8752308487892151,
    0.8797009144073877,
    0.8718818166317084,
    0.8685142627129188,
    0.8695874565686935,
    0.8755301665037106,
    0.8722825111486973,
    0.8699351656131256,
    0.869582209831629,
    0.8711717205169873,
    0.8758988701380216,
    0.8702947191703014,
    0.8659690572665288,
    0.8647003525342697,
    0.8741136177992209
  ],