{
  "total_loss": [
    2.9351769914993873,
    0.5309321177311432,
    0.44782249056375945,
    0.43657075671049267,
    0.40426680254630554,
    0.38991011182467145,
    0.36994453958975965,
    0.3655487375381665,
    0.36316487957269716,
    0.3669588642242627,
    0.3740147237594311,
    0.3668433557718228,
    0.36628022407874083,
    0.37059341562099946,
    0.3693703974668796
  ],
  "main_loss": [
    2.669298700797252,
    0.4850896092561575,
    0.4108001956572899,
    0.40265200076959073,
    0.37961980127371275,
    0.36855415503184,
    0.3582507597330289,
    0.3578764437100826,
    0.35626853391146046,
    0.3574754916704618,
    0.3605697544721457,
    0.35806482762862474,
    0.3572364980593706,
    0.3581002476887825,
    0.35801601715576953
  ],
  "shap_loss": [
    0.05401532342418646,
    0.05482150958134578,
    0.054730930485022374,
    0.05467854984677755,
    0.054693024509992354,
    0.054109754566198744,
    0.05474227561782568,
    0.05426057007832405,
    0.05396061963759936,
    0.05481547422898121,
    0.05457361854421787,
    0.05425213411068305,
    0.05450337447035007,
    0.05376921479518597,
    0.054614995343562886
  ],
  "shap_loss_normalized": [
    0.022282160388735626,
    0.03236632870557981,
    0.023866553862507526,
    0.024580094031989574,
    0.02288610992045739,
    0.011261320863969816,
    0.01094845529550161,
    0.010852114201929325,
    0.010792124109008374,
    0.01096309506549285,
    0.010914723914212141,
    0.010850427051385244,
    0.010900675104214596,
    0.010753843121421643,
    0.010922999264529118
  ],
  "tikhonov_loss": [
    0.0,
    0.0,
    0.0,
    0.0,
    0.0,
    0.0,
    0.0,
    0.0,
    0.0,
    0.0,
    0.0,
    0.0,
    0.0,
    0.0,
    0.0
  ],
  "nonnegativity_loss": [
    0.0,
    0.0,
    0.0,
    0.0,
    0.0,
    0.0,
    0.0,
    0.0,
    0.0,
    0.0,
    0.0,
    0.0,
    0.0,
    0.0,
    0.0
  ],
  "tikhonov_lambda": [
    0.0,
    0.0,
    0.0,
    0.0,
    0.0,
    0.0,
    0.0,
    0.0,
    0.0,
    0.0,
    0.0,
    0.0,
    0.0,
    0.0,
    0.0
  ],
  "nonnegativity_lambda": [
    0.0,
    0.0,
    0.0,
    0.0,
    0.0,
    0.0,
    0.0,
    0.0,
    0.0,
    0.0,
    0.0,
    0.0,
    0.0,
    0.0,
    0.0
  ],
  "shap_scale_factor": [
    0.41790485156304213,
    0.588856737995063,
    0.43502034219842184,
    0.4512156663218758,
    0.4165630919795245,
    0.2080264935984807,
    0.20000000000000004,
    0.20000000000000004,
    0.20000000000000004,
    0.20000000000000004,
    0.20000000000000004,
    0.20000000000000004,
    0.20000000000000004,
    0.20000000000000004,
    0.20000000000000004
  ],
  "shap_contribution": [
    0.0,
    0.0,
    0.0,
    0.0,
    0.0,
    0.0,
    7.569454539453802e-06,
    2.4090468939856433e-05,
    2.3640671152418527e-05,
    3.417837200313209e-05,
    0.00014783762377098753,
    8.073793670075994e-05,
    0.00010049794423722256,
    9.838779022594771e-05,
    0.00011860632926422673
  ],
  "tikhonov_contribution": [
    0.0,
    0.0,
    0.0,
    0.0,
    0.0,
    0.0,
    0.0,
    0.0,
    0.0,
    0.0,
    0.0,
    0.0,
    0.0,
    0.0,
    0.0
  ],
  "nonnegativity_contribution": [
    0.0,
    0.0,
    0.0,
    0.0,
    0.0,
    0.0,
    0.0,
    0.0,
    0.0,
    0.0,
    0.0,
    0.0,
    0.0,
    0.0,
    0.0
  ],
  "regularization_share": [
    0.08857808987867503,
    0.08389257444523797,
    0.08158508286280537,
    0.07520882735789643,
    0.05738151654885501,
    0.05287579275952023,
    0.02889724094945541,
    0.019152423146804716,
    0.01596217091748035,
    0.02494345167766417,
    0.03316515374949881,
    0.02138999926511638,
    0.02482088116524715,
    0.029977521341768575,
    0.031632375066143165
  ],
  "accuracy_guard_loss": [
    2.311178302153563,
    0.12734017234582168,
    0.05395918702467894,
    0.045444006339097634,
    0.025088528027901284,
    0.016379349124737274,
    0.0036225850001359596,
    0.0020824831265669605,
    0.002241167502525525,
    0.002453694740931193,
    0.004817660420368879,
    0.0028735422171079195,
    0.002812934609559866,
    0.004257203676761725,
    0.0029990248955213106
  ],
  "accuracy_guard_contribution": [
    0.26587830665401924,
    0.045842508236185096,
    0.03702229786759768,
    0.03391875689610457,
    0.024647000460670546,
    0.02135595727043274,
    0.01168620920716188,
    0.007648202853325086,
    0.006872705780924895,
    0.00944919215563016,
    0.013297131619392296,
    0.008697793078728212,
    0.008943230391312867,
    0.012394781678150862,
    0.011235774279786991
  ],
  "distill_loss": [
    0.0,
    0.0,
    0.0,
    0.0,
    0.0,
    0.0,
    0.0,
    0.0,
    0.0,
    0.0,
    0.0,
    0.0,
    0.0,
    0.0,
    0.0
  ],
  "distill_contribution": [
    0.0,
    0.0,
    0.0,
    0.0,
    0.0,
    0.0,
    0.0,
    0.0,
    0.0,
    0.0,
    0.0,
    0.0,
    0.0,
    0.0,
    0.0
  ],
  "gate_entropy": [
    0.0019002629664893716,
    0.0019002201734110713,
    0.0019002201734110713,
    0.0019002201734110713,
    0.0019002201734110713,
    0.0019002201734110713,
    0.0019002201734110713,
    0.0019002201734110713,
    0.0019002201734110713,
    0.0019002201734110713,
    0.0019002201734110713,
    0.0019002201734110713,
    0.0019002201734110713,
    0.0019002201734110713,
    0.0019002201734110713
  ],
  "gate_min": [
    0.9998999100465041,
    0.9998999834060669,
    0.9998999834060669,
    0.9998999834060669,
    0.9998999834060669,
    0.9998999834060669,
    0.9998999834060669,
    0.9998999834060669,
    0.9998999834060669,
    0.9998999834060669,
    0.9998999834060669,
    0.9998999834060669,
    0.9998999834060669,
    0.9998999834060669,
    0.9998999834060669
  ],
  "gate_max": [
    0.9999000598222781,
    0.9998999834060669,
    0.9998999834060669,
    0.9998999834060669,
    0.9998999834060669,
    0.9998999834060669,
    0.9998999834060669,
    0.9998999834060669,
    0.9998999834060669,
    0.9998999834060669,
    0.9998999834060669,
    0.9998999834060669,
    0.9998999834060669,
    0.9998999834060669,
    0.9998999834060669
  ],
  "gate_anchor_loss": [
    1.0003773444949706e-08,
    1.000331906197971e-08,
    1.000331906197971e-08,
    1.000331906197971e-08,
    1.000331906197971e-08,
    1.000331906197971e-08,
    1.000331906197971e-08,
    1.000331906197971e-08,
    1.000331906197971e-08,
    1.000331906197971e-08,
    1.000331906197971e-08,
    1.000331906197971e-08,
    1.000331906197971e-08,
    1.000331906197971e-08,
    1.000331906197971e-08
  ],
  "gate_anchor_contribution": [
    5.001886824956978e-10,
    5.001659642012157e-10,
    5.001659642012157e-10,
    5.001659642012157e-10,
    5.001659642012157e-10,
    5.001659642012157e-10,
    5.001659642012157e-10,
    5.001659642012157e-10,
    5.001659642012157e-10,
    5.001659642012157e-10,
    5.001659642012157e-10,
    5.001659642012157e-10,
    5.001659642012157e-10,
    5.001659642012157e-10,
    5.001659642012157e-10
  ],
  "q_err_entropy": [
    1.793675951468639,
    1.8167133453564765,
    1.8183783537302263,
    1.8205643372657971,
    1.8199389561628685,
    1.819923385595664,
    1.8181439210207035,
    1.8194634180802565,
    1.8219527403513591,
    1.8204383085935543,
    1.8239261553837702,
    1.8195179211787689,
    1.8195786078770955,
    1.8202602007450202,
    1.8192701034056835
  ],
  "q_err_gini": [
    0.7570220889189304,
    0.7522894144058228,
    0.7519348982052926,
    0.7514164386651455,
    0.751392662525177,
    0.7512625303023901,
    0.751924624809852,
    0.7513047517874302,
    0.7506778194354131,
    0.7514194494638687,
    0.7497913776299893,
    0.7515897017258865,
    0.751347289635585,
    0.7513778943281907,
    0.7514870365460714
  ],