{
  "total_loss": [
    3.7411828621839867,
    0.6744204316383753,
    0.5485718831037864,
    0.43645396217321736,
    0.4412279694508284,
    0.39737520806300336,
    0.388505267791259,
    0.3955805454498682,
    0.3995490353076886,
    0.39470037244833434,
    0.3910789420971504,
    0.39591411749521893,
    0.3908398877351712,
    0.39180367955794704,
    0.3912321718839499
  ],
  "main_loss": [
    3.40218201203224,
    0.6142009252156967,
    0.5011314168954507,
    0.4058111860201909,
    0.40914270740288955,
    0.3803277783668958,
    0.37792695944125837,
    0.37949764881378567,
    0.38122791051864624,
    0.3776935090621312,
    0.3783376518732462,
    0.3810695153780473,
    0.37799450984367955,
    0.3793104508748421,
    0.3803178950762137
  ],
  "shap_loss": [
    0.1306713613180014,
    0.13060589402149886,
    0.1305500123745356,
    0.1308773465645619,
    0.13031981044854873,
    0.1305371473232905,
    0.1303788675711705,
    0.130891896211184,
    0.13031171758969626,
    0.13041980144305107,
    0.13026319979093012,
    0.1310250724737461,
    0.13075061600941879,
    0.1300501510118827,
    0.13073701010300562
  ],
  "shap_loss_normalized": [
    0.05449846587502039,
    0.08329044406612714,
    0.0554393680813985,
    0.026259703895984553,
    0.05374285554847656,
    0.05675227854114313,
    0.0407175362492219,
    0.026178379758046225,
    0.026062343842708148,
    0.026083960556066953,
    0.026052640225642767,
    0.02620501496279851,
    0.026150123526652653,
    0.03510134385373348,
    0.04557447560513631
  ],
  "tikhonov_loss": [
    0.0,
    0.0,
    0.0,
    0.0,
    0.0,
    0.0,
    0.0,
    0.0,
    0.0,
    0.0,
    0.0,
    0.0,
    0.0,
    0.0,
    0.0
  ],
  "nonnegativity_loss": [
    0.0,
    0.0,
    0.0,
    0.0,
    0.0,
    0.0,
    0.0,
    0.0,
    0.0,
    0.0,
    0.0,
    0.0,
    0.0,
    0.0,
    0.0
  ],
  "tikhonov_lambda": [
    0.0,
    0.0,
    0.0,
    0.0,
    0.0,
    0.0,
    0.0,
    0.0,
    0.0,
    0.0,
    0.0,
    0.0,
    0.0,
    0.0,
    0.0
  ],
  "nonnegativity_lambda": [
    0.0,
    0.0,
    0.0,
    0.0,
    0.0,
    0.0,
    0.0,
    0.0,
    0.0,
    0.0,
    0.0,
    0.0,
    0.0,
    0.0,
    0.0
  ],
  "shap_scale_factor": [
    0.41790485156304213,
    0.6375771844585396,
    0.4233915529574307,
    0.2006456647034155,
    0.4127114833251595,
    0.4355289392004737,
    0.31242983207703373,
    0.20000000000000004,
    0.20000000000000004,
    0.20000000000000004,
    0.20000000000000004,
    0.20000000000000004,
    0.20000000000000004,
    0.26952961568346184,
    0.34847989312709476
  ],
  "shap_contribution": [
    0.0,
    0.0,
    0.0,
    0.0,
    0.0,
    0.0,
    1.1073146477149119e-05,
    1.8873405679187272e-05,
    5.421918794103803e-05,
    5.673377960099457e-05,
    3.5565941335591604e-05,
    5.5771620072146805e-05,
    0.00013386371444003322,
    0.00013435894615190008,
    4.257963612475671e-05
  ],
  "tikhonov_contribution": [
    0.0,
    0.0,
    0.0,
    0.0,
    0.0,
    0.0,
    0.0,
    0.0,
    0.0,
    0.0,
    0.0,
    0.0,
    0.0,
    0.0,
    0.0
  ],
  "nonnegativity_contribution": [
    0.0,
    0.0,
    0.0,
    0.0,
    0.0,
    0.0,
    0.0,
    0.0,
    0.0,
    0.0,
    0.0,
    0.0,
    0.0,
    0.0,
    0.0
  ],
  "regularization_share": [
    0.08857809043804335,
    0.0885780899938942,
    0.08391608473984252,
    0.0672164166140564,
    0.07119846963224284,
    0.040852408872377476,
    0.023629643372088064,
    0.03925618823882171,
    0.04133257478936692,
    0.041461589703178404,
    0.03173587763368312,
    0.03292264592925129,
    0.03069932821961036,
    0.030829993786876165,
    0.027167759694347378
  ],
  "accuracy_guard_loss": [
    3.024862737991871,
    0.23660580393595573,
    0.12484859541440621,
    0.030733918532347068,
    0.035533829377247736,
    0.006556099041914329,
    0.00363577099946829,
    0.0045261333386103315,
    0.006880164528504396,
    0.0066324449502504785,
    0.0035994091095068515,
    0.006720917347149971,
    0.003884144318409455,
    0.0035831500322390827,
    0.005466293065975874
  ],
  "accuracy_guard_contribution": [
    0.3390008645753066,
    0.060219512344935,
    0.047440467068018057,
    0.030642776869428463,
    0.032085259134570755,
    0.017047430746830426,
    0.010567235927551221,
    0.016064024076629907,
    0.0182669046215522,
    0.016950129125362787,
    0.012705725928147634,
    0.014788829028988495,
    0.012711514933751179,
    0.012358870261754746,
    0.010871695784422068
  ],
  "distill_loss": [
    0.0,
    0.0,
    0.0,
    0.0,
    0.0,
    0.0,
    0.0,
    0.0,
    0.0,
    0.0,
    0.0,
    0.0,
    0.0,
    0.0,
    0.0
  ],
  "distill_contribution": [
    0.0,
    0.0,
    0.0,
    0.0,
    0.0,
    0.0,
    0.0,
    0.0,
    0.0,
    0.0,
    0.0,
    0.0,
    0.0,
    0.0,
    0.0
  ],
  "gate_entropy": [
    0.0019005288949045234,
    0.0019002201734110713,
    0.0019002201734110713,
    0.0019002201734110713,
    0.0019002201734110713,
    0.0019002201734110713,
    0.0019002201734110713,
    0.0019002201734110713,
    0.0019002201734110713,
    0.0019002201734110713,
    0.0019002201734110713,
    0.0019002201734110713,
    0.0019002201734110713,
    0.0019002201734110713,
    0.0019002201734110713
  ],
  "gate_min": [
    0.9998998917066134,
    0.9998999834060669,
    0.9998999834060669,
    0.9998999834060669,
    0.9998999834060669,
    0.9998999834060669,
    0.9998999834060669,
    0.9998999834060669,
    0.9998999834060669,
    0.9998999834060669,
    0.9998999834060669,
    0.9998999834060669,
    0.9998999834060669,
    0.9998999834060669,
    0.9998999834060669
  ],
  "gate_max": [
    0.9999000231424967,
    0.9998999834060669,
    0.9998999834060669,
    0.9998999834060669,
    0.9998999834060669,
    0.9998999834060669,
    0.9998999834060669,
    0.9998999834060669,
    0.9998999834060669,
    0.9998999834060669,
    0.9998999834060669,
    0.9998999834060669,
    0.9998999834060669,
    0.9998999834060669,
    0.9998999834060669
  ],
  "gate_anchor_loss": [
    1.0006442944898435e-08,
    1.000331906197971e-08,
    1.000331906197971e-08,
    1.000331906197971e-08,
    1.000331906197971e-08,
    1.000331906197971e-08,
    1.000331906197971e-08,
    1.000331906197971e-08,
    1.000331906197971e-08,
    1.000331906197971e-08,
    1.000331906197971e-08,
    1.000331906197971e-08,
    1.000331906197971e-08,
    1.000331906197971e-08,
    1.000331906197971e-08
  ],
  "gate_anchor_contribution": [
    5.003221654639662e-10,
    5.001659642012157e-10,
    5.001659642012157e-10,
    5.001659642012157e-10,
    5.001659642012157e-10,
    5.001659642012157e-10,
    5.001659642012157e-10,
    5.001659642012157e-10,
    5.001659642012157e-10,
    5.001659642012157e-10,
    5.001659642012157e-10,
    5.001659642012157e-10,
    5.001659642012157e-10,
    5.001659642012157e-10,
    5.001659642012157e-10
  ],
  "q_err_entropy": [
    0.6312704040453985,
    0.632456382115682,
    0.6322124294745617,
    0.631879577269921,
    0.6320647352781051,
    0.6310709210542532,
    0.6306934906886175,
    0.6302159795394311,
    0.6309081866190984,
    0.6322813095190586,
    0.6312213922158266,
    0.6306413855308142,
    0.631319353213677,
    0.6315715068425888,
    0.6311465685184185
  ],
  "q_err_gini": [
    0.9182375898728004,
    0.9181072024198679,
    0.9181247567519163,
    0.9181663042459732,
    0.9181550894028101,
    0.9182303975789975,
    0.9182741733697745,
    0.9183155940129206,
    0.9182634903834417,
    0.9181430003581903,
    0.9182205612842853,
    0.9182757567136716,
    0.918210064753508,
    0.9182034134864807,
    0.9182222898189838
  ],