{
  "total_loss": [
    3.459497331808775,
    0.9220967552600763,
    1.0980995717721107
  ],
  "main_loss": [
    3.4593110313782325,
    0.9216974515181321,
    1.0970878196068299
  ],
  "shap_loss": [
    0.408903154807213,
    0.4944100685608693,
    0.47466213275224733
  ],
  "shap_loss_normalized": [
    0.030000430579559926,
    0.005273954465221136,
    0.01360099114334354
  ],
  "tikhonov_loss": [
    0.0,
    0.0,
    0.0
  ],
  "nonnegativity_loss": [
    0.0,
    0.0,
    0.0
  ],
  "tikhonov_lambda": [
    0.0,
    0.0,
    0.0
  ],
  "nonnegativity_lambda": [
    0.0,
    0.0,
    0.0
  ],
  "shap_scale_factor": [
    0.08944691255943617,
    0.010746632688287537,
    0.028294517546038112
  ],
  "shap_contribution": [
    0.00018629187121778392,
    0.0003993021337709461,
    0.001011746891983934
  ],
  "tikhonov_contribution": [
    0.0,
    0.0,
    0.0
  ],
  "nonnegativity_contribution": [
    0.0,
    0.0,
    0.0
  ],
  "regularization_share": [
    9.564908093513361e-05,
    0.0004721162174546661,
    0.0009064388403073694
  ],
  "accuracy_guard_loss": [
    0.0,
    0.0,
    0.0
  ],
  "accuracy_guard_contribution": [
    0.0,
    0.0,
    0.0
  ],
  "distill_loss": [
    0.0,
    0.0,
    0.0
  ],
  "distill_contribution": [
    0.0,
    0.0,
    0.0
  ],
  "gate_entropy": [
    0.0019005502914436734,
    0.0019008253898041754,
    0.0019011677344305776
  ],
  "gate_min": [
    0.9998998947632618,
    0.9998998611401289,
    0.9998997449874878
  ],
  "gate_max": [
    0.9999000751055204,
    0.9999001026153564,
    0.9999001026153564
  ],
  "gate_anchor_loss": [
    1.0006637000496236e-08,
    1.000966377590774e-08,
    1.0013242497272573e-08
  ],
  "gate_anchor_contribution": [
    5.003318614117146e-10,
    5.004832104305024e-10,
    5.006621171774693e-10
  ],
  "q_err_entropy": [
    NaN,
    NaN,
    NaN
  ],
  "q_err_gini": [
    NaN,
    NaN,
    NaN
  ],
  "q_err_corr": [
    NaN,
    NaN,
    NaN
  ],
  "p_q_corr": [
    NaN,
    NaN,
    NaN
  ],
  "ea_ratio": [
    9.566025428051571e-05,
    0.000472374347737059,
    0.000907964095042702
  ],
  "main_grad_norm": [
    9201.749755859375,
    14648.44970703125,
    19318.256225585938
  ],
  "ea_grad_norm": [
    1.8573880791664124,
    1.112240493297577,
    4.362246930599213
  ],
  "ea_main_grad_ratio": [
    0.0002899785504751148,
    8.309533917232124e-05,
    0.0010563789244783415
  ],
  "ea_scale": [
    42.00587430019603,
    134.29094763647166,
    128.8355239651378
  ],
  "main_grad_params": [
    26.0,
    26.0,
    26.0
  ],
  "ea_grad_params": [
    26.0,
    26.0,
    26.0
  ],
  "grad_params_total": [
    26.0,
    26.0,
    26.0
  ],
  "rank_loss_raw": [
    NaN,
    NaN,
    NaN
  ],
  "bottom_inv_loss_raw": [
    NaN,
    NaN,
    NaN
  ],
  "rank_pairs_count": [
    NaN,
    NaN,
    NaN
  ],
  "rank_violations_count": [
    NaN,
    NaN,
    NaN
  ],
  "rank_grad_norm": [
    NaN,
    NaN,
    NaN
  ],
  "rank_main_grad_ratio": [
    NaN,
    NaN,
    NaN
  ],
  "shap_clip_active": [
    0.0,
    0.0,
    0.0
  ],
  "epoch_accepted": [
    1.0,
    1.0,
    1.0
  ],
  "lr": [
    8e-05,
    8e-05,
    8e-05
  ],
  "adaptive_gamma": [
    0.00019999999999999996,
    0.0005809523809523808,
    0.0009619047619047619
  ],
  "convergence_slowdown": [
    0.41790485156304213,
    0.20010465724751442,
    0.3841545602559267
  ],
  "shap_consistency": [
    0.0,
    0.0,
    0.0
  ],
  "shap_sparsity": [
    0.408903154807213,
    0.4944100685608693,
    0.47466213275224733
  ],
  "shap_faithfulness": [
    0.0,
    0.0,
    0.0
  ],
  "shap_stability": [
    0.0,
    0.0,
    0.0
  ],
  "shap_weight_consistency": [
    0.0,
    0.0,
    0.0
  ],
  "shap_weight_sparsity": [
    1.0,
    1.0,
    1.0
  ],
  "shap_weight_faithfulness": [
    0.0,
    0.0,
    0.0
  ],
  "shap_weight_stability": [
    0.0,
    0.0,
    0.0
  ],
  "val_main_loss": [
    0.9442430734634399,
    1.6232904195785522,
    1.9835330247879028
  ]
}