{
  "total_loss": [
    3.0846264247710886,
    0.7105195805048331,
    0.8542689864452069,
    0.7627205122739841,
    0.7233850482182625
  ],
  "main_loss": [
    3.0846264247710886,
    0.7105195805048331,
    0.8541199121719751,
    0.7624757618476183,
    0.7232752709816663
  ],
  "shap_loss": [
    0.008392050527991394,
    0.008805141951411199,
    0.008950314914377836,
    0.009086778948608881,
    0.009259863887937406
  ],
  "shap_loss_normalized": [
    0.0034347449560673572,
    0.001761965211839057,
    0.0029100619334106645,
    0.004042900919627685,
    0.0024529356891528154
  ],
  "tikhonov_loss": [
    0.0,
    0.0,
    0.0,
    0.0,
    0.0
  ],
  "nonnegativity_loss": [
    0.0,
    0.0,
    0.0,
    0.0,
    0.0
  ],
  "tikhonov_lambda": [
    0.0,
    0.0,
    0.0,
    0.0,
    0.0
  ],
  "nonnegativity_lambda": [
    0.0,
    0.0,
    0.0,
    0.0,
    0.0
  ],
  "shap_scale_factor": [
    0.41790485156304213,
    0.20010465724751442,
    0.3246512369815537,
    0.4460161054825146,
    0.26369027900311526
  ],
  "shap_contribution": [
    0.0,
    0.0,
    0.00014907829842204825,
    0.00024475340540401446,
    0.00010977679630741477
  ],
  "tikhonov_contribution": [
    0.0,
    0.0,
    0.0,
    0.0,
    0.0
  ],
  "nonnegativity_contribution": [
    0.0,
    0.0,
    0.0,
    0.0,
    0.0
  ],
  "regularization_share": [
    3.50147513693525e-10,
    7.548746221556673e-10,
    0.00020045369857862614,
    0.0003942584234182573,
    0.00016520265190474878
  ],
  "accuracy_guard_loss": [
    0.0,
    0.0,
    0.0,
    0.0,
    0.0
  ],
  "accuracy_guard_contribution": [
    0.0,
    0.0,
    0.0,
    0.0,
    0.0
  ],
  "distill_loss": [
    0.0,
    0.0,
    0.0,
    0.0,
    0.0
  ],
  "distill_contribution": [
    0.0,
    0.0,
    0.0,
    0.0,
    0.0
  ],
  "gate_entropy": [
    0.0019005350082014233,
    0.0019006725573816742,
    0.0019009812788751263,
    0.0019012961136654783,
    0.00190154981548683
  ],
  "gate_min": [
    0.9998998978199103,
    0.9998998641967773,
    0.99989976027073,
    0.9998996869111673,
    0.9998996135516044
  ],
  "gate_max": [
    0.9999000261991452,
    0.9999000414823874,
    0.9999000751055204,
    0.999900072048872,
    0.9999000965020596
  ],
  "gate_anchor_loss": [
    1.0006507371994571e-08,
    1.0008053235147157e-08,
    1.0011277482227307e-08,
    1.0014534364170931e-08,
    1.0017343649738637e-08
  ],
  "gate_anchor_contribution": [
    5.003253865341005e-10,
    5.004026665967916e-10,
    5.005638852135956e-10,
    5.007267335808654e-10,
    5.00867191027109e-10
  ],
  "q_err_entropy": [
    1.654717057179182,
    1.6691227203760393,
    1.6843616228837233,
    1.686955491701762,
    1.6898519839995947
  ],
  "q_err_gini": [
    0.7869425110327892,
    0.7835169449830667,
    0.7807732698244926,
    0.7796256710321475,
    0.7795665432245303
  ],
  "q_err_corr": [
    0.8882031001542744,
    0.8862329446352445,
    0.8772060091678913,
    0.8759701389532822,
    0.9015879951990567
  ],
  "p_q_corr": [
    0.9956127221767719,
    0.9958520332972208,
    0.9951938176766421,
    0.9951192094729497,
    0.9946805880619929
  ],
  "ea_ratio": [
    0.0,
    0.0,
    0.00020053782207422698,
    0.0003945677532241322,
    0.00016523492899395
  ],
  "main_grad_norm": [
    6146.170471191406,
    8183.24072265625,
    15171.04638671875,
    8737.173828125,
    4377.0238037109375
  ],
  "ea_grad_norm": [
    2.3992713689804077,
    0.8329705893993378,
    1.0046104788780212,
    1.4097518920898438,
    0.9788968861103058
  ],
  "ea_main_grad_ratio": [
    0.0010349683795893927,
    0.00010663433566248377,
    6.742530348654365e-05,
    0.00015999592957227453,
    0.0002238914793669054
  ],
  "ea_scale": [
    42.5235940097513,
    111.58429708292951,
    149.52638408476557,
    65.73788320685209,
    44.676800305815746
  ],
  "main_grad_params": [
    26.0,
    26.0,
    26.0,
    26.0,
    26.0
  ],
  "ea_grad_params": [
    26.0,
    26.0,
    26.0,
    26.0,
    26.0
  ],
  "grad_params_total": [
    26.0,
    26.0,
    26.0,
    26.0,
    26.0
  ],
  "rank_loss_raw": [
    0.001903460426733662,
    0.001753477227444259,
    0.0017890339532198433,
    0.0017807599760066622,
    0.0018191634265419382
  ],
  "bottom_inv_loss_raw": [
    0.0,
    0.0,
    0.0,
    0.0,
    0.0
  ],
  "rank_pairs_count": [
    170.0,
    170.07692307692307,
    169.89743589743588,
    170.3846153846154,
    170.4102564102564
  ],
  "rank_violations_count": [
    42.15384615384615,
    40.41025641025641,
    41.282051282051285,
    41.05128205128205,
    41.256410256410255
  ],
  "rank_grad_norm": [
    2.366034984588623,
    3.705640196800232,
    4.431071162223816,
    2.2031588554382324,
    1.7460061311721802
  ],
  "rank_main_grad_ratio": [
    0.0007933286260081928,
    0.00047277084628652053,
    0.0002904972147645344,
    0.00025110841125342264,
    0.00041018886809684226
  ],
  "shap_clip_active": [
    0.0,
    0.0,
    0.0,
    0.0,
    0.0
  ],
  "epoch_accepted": [
    1.0,
    1.0,
    1.0,
    1.0,
    1.0
  ],
  "lr": [
    8e-05,
    8e-05,
    8e-05,
    8e-05,
    8e-05
  ],
  "adaptive_gamma": [
    0.00019999999999999996,
    0.0004285714285714286,
    0.000657142857142857,
    0.000885714285714286,
    0.0010000000000000002
  ],
  "convergence_slowdown": [
    0.41790485156304213,
    0.20010465724751442,
    0.3246512369815537,
    0.4460161054825146,
    0.26369027900311526
  ],
  "shap_consistency": [
    0.008392050527991394,
    0.008805141951411199,
    0.008950314914377836,
    0.009086778948608881,
    0.009259863887937406
  ],
  "shap_sparsity": [
    0.9472736716270447,
    0.9472736716270447,
    0.9472736624570993,
    0.9472736563438025,
    0.9472736471738571
  ],
  "shap_faithfulness": [
    0.062330411603817575,
    0.06792413863616112,
    0.0765824264440781,
    0.07458078383635251,
    0.07206610103066151
  ],
  "shap_stability": [
    0.0,
    0.0,
    0.0,
    0.0,
    0.0
  ],
  "shap_weight_consistency": [
    1.0,
    1.0,
    1.0,
    1.0,
    1.0
  ],
  "shap_weight_sparsity": [
    0.0,
    0.0,
    0.0,
    0.0,
    0.0
  ],
  "shap_weight_faithfulness": [
    0.0,
    0.0,
    0.0,
    0.0,
    0.0
  ],
  "shap_weight_stability": [
    0.0,
    0.0,
    0.0,
    0.0,
    0.0
  ],
  "val_main_loss": [
    0.8146400451660156,
    0.7892898917198181,
    0.595051109790802,
    0.5796866416931152,
    1.0084524154663086
  ]
}