{
  "total_loss": [
    4.14280675466244,
    0.7729894900933291,
    0.83159472544988,
    0.762903936398335,
    0.7762012046117049,
    0.6861984301836063,
    0.7441245493216392,
    0.6875620117554297,
    0.826106771444663,
    0.8701460842902844
  ],
  "main_loss": [
    4.14280675466244,
    0.7729894900933291,
    0.83159472544988,
    0.762903936398335,
    0.7762012046117049,
    0.6861984301836063,
    0.7441245493216392,
    0.6875620117554297,
    0.8259847439252413,
    0.8690511416166257
  ],
  "shap_loss": [
    0.07430051873700741,
    0.07245589730640252,
    0.06842865374607918,
    0.07148665309143372,
    0.08131861008512668,
    0.07167644053697586,
    0.07107695044042209,
    0.07473162036293592,
    0.07015359888856228,
    0.07044551760340348
  ],
  "shap_loss_normalized": [
    0.030580256014871292,
    0.01449837239506917,
    0.013685731002344536,
    0.014297330823655311,
    0.0338177482287089,
    0.014475173090035334,
    0.014215390329273084,
    0.014946324332879905,
    0.014030720023677135,
    0.014089103812017502
  ],
  "tikhonov_loss": [
    0.0,
    0.0,
    0.0,
    0.0,
    0.0,
    0.0,
    0.0,
    0.0,
    0.0,
    0.0
  ],
  "nonnegativity_loss": [
    0.0,
    0.0,
    0.0,
    0.0,
    0.0,
    0.0,
    0.0,
    0.0,
    0.0,
    0.0
  ],
  "tikhonov_lambda": [
    0.0,
    0.0,
    0.0,
    0.0,
    0.0,
    0.0,
    0.0,
    0.0,
    0.0,
    0.0
  ],
  "nonnegativity_lambda": [
    0.0,
    0.0,
    0.0,
    0.0,
    0.0,
    0.0,
    0.0,
    0.0,
    0.0,
    0.0
  ],
  "shap_scale_factor": [
    0.41790485156304213,
    0.20010465724751442,
    0.20000000000000004,
    0.20000000000000004,
    0.4163481126566271,
    0.20166139615392956,
    0.20000000000000004,
    0.20000000000000004,
    0.20000000000000004,
    0.20000000000000004
  ],
  "shap_contribution": [
    0.0,
    0.0,
    0.0,
    0.0,
    0.0,
    0.0,
    0.0,
    0.0,
    0.00012203040191357453,
    0.0010949506746002068
  ],
  "tikhonov_contribution": [
    0.0,
    0.0,
    0.0,
    0.0,
    0.0,
    0.0,
    0.0,
    0.0,
    0.0,
    0.0
  ],
  "nonnegativity_contribution": [
    0.0,
    0.0,
    0.0,
    0.0,
    0.0,
    0.0,
    0.0,
    0.0,
    0.0,
    0.0
  ],
  "regularization_share": [
    2.992990643731949e-10,
    6.998865279198111e-10,
    6.600180449256595e-10,
    7.045791417958728e-10,
    7.305680200690386e-10,
    7.898241168672301e-10,
    7.253689863151422e-10,
    8.067232191237637e-10,
    0.00018630951851534994,
    0.0013943583145678738
  ],
  "accuracy_guard_loss": [
    0.0,
    0.0,
    0.0,
    0.0,
    0.0,
    0.0,
    0.0,
    0.0,
    0.0,
    0.0
  ],
  "accuracy_guard_contribution": [
    0.0,
    0.0,
    0.0,
    0.0,
    0.0,
    0.0,
    0.0,
    0.0,
    0.0,
    0.0
  ],
  "distill_loss": [
    0.0,
    0.0,
    0.0,
    0.0,
    0.0,
    0.0,
    0.0,
    0.0,
    0.0,
    0.0
  ],
  "distill_contribution": [
    0.0,
    0.0,
    0.0,
    0.0,
    0.0,
    0.0,
    0.0,
    0.0,
    0.0,
    0.0
  ],
  "gate_entropy": [
    0.0019004310821541226,
    0.0019006144810611238,
    0.001901063808383277,
    0.0019015100790569798,
    0.0019020112529874612,
    0.001902573676302265,
    0.0019034079652136336,
    0.0019039519919225802,
    0.0019046519644176348,
    0.0019053947299909897
  ],
  "gate_min": [
    0.9998998947632618,
    0.9998998030638083,
    0.9998997449874878,
    0.9998996410614405,
    0.9998994484925882,
    0.9998993017734625,
    0.9998991122612586,
    0.9998988982958671,
    0.9998986415373974,
    0.9998984245153574
  ],
  "gate_max": [
    0.9999000170291998,
    0.9999001026153564,
    0.9999000414823874,
    0.999900072048872,
    0.9999000537089813,
    0.999900072048872,
    0.9999001026153564,
    0.9999001026153564,
    0.9999001209552472,
    0.9999002095980521
  ],
  "gate_anchor_loss": [
    1.0005477062253913e-08,
    1.0007411127697324e-08,
    1.0012050083583418e-08,
    1.001682256229194e-08,
    1.0022021594379975e-08,
    1.0028003020560542e-08,
    1.0036826435493705e-08,
    1.0042609661243846e-08,
    1.0050005386301855e-08,
    1.005793096672173e-08
  ],
  "gate_anchor_contribution": [
    5.002738693390322e-10,
    5.003705612242999e-10,
    5.006025223982155e-10,
    5.008411349467387e-10,
    5.011010893978661e-10,
    5.01400164976983e-10,
    5.018413391397121e-10,
    5.021305009965642e-10,
    5.025002892421727e-10,
    5.028965548835556e-10
  ],
  "q_err_entropy": [
    1.2228428889543583,
    1.1808918867355738,
    1.2313088255050855,
    1.1622548347864397,
    1.1660532309458806,
    1.1563279934418507,
    1.1634940994091523,
    1.1862665277261,
    1.1699684506807573,
    1.1735946658330085
  ],
  "q_err_gini": [
    0.8590067334664173,
    0.8625237697210068,
    0.8575115035741757,
    0.8648525094374632,
    0.865377637056204,
    0.866959918767978,
    0.8666455378899207,
    0.8627306864811823,
    0.864575601541079,
    0.8647522697081933
  ],
  "q_err_corr": [
    0.9465863155691248,
    0.9004424168513372,
    0.905203097141706,
    0.9258007040390601,
    0.9443557827900617,
    0.9491992271863497,
    0.9448423706568204,
    0.9194558186408801,
    0.8711272890751178,
    0.9098921410548382
  ],
  "p_q_corr": [
    0.7544076992915227,
    0.7600610347894522,
    0.7744015806760544,
    0.7653640646200913,
    0.7314480313887963,
    0.7658378619414109,
    0.7691007256507874,
    0.7525953650474548,
    0.7690237118647649,
    0.770691760075398
  ],
  "ea_ratio": [
    0.0,
    0.0,
    0.0,
    0.0,
    0.0,
    0.0,
    0.0,
    0.0,
    0.0001863664555667828,
    0.0013974592151591936
  ],
  "main_grad_norm": [
    24511.489501953125,
    20169.2080078125,
    20534.3798828125,
    12645.71826171875,
    9236.40576171875,
    11426.208984375,
    13650.0673828125,
    8364.78662109375,
    10068.0908203125,
    9275.13037109375
  ],
  "ea_grad_norm": [
    12.166695713996887,
    0.3992372751235962,
    1.9705513343214989,
    1.2605098187923431,
    3.3449992686510086,
    0.16199463233351707,
    6.975760459899902,
    5.52739280462265,
    1.3614684343338013,
    0.3368561491370201
  ],
  "ea_main_grad_ratio": [
    0.0006285036951938019,
    4.2384991186970885e-05,
    8.66283330866127e-05,
    0.00010668352750479361,
    0.0003312135013565263,
    1.3746937359695834e-05,
    0.0005194600368423331,
    0.0005201005900247403,
    0.000130701178639323,
    3.879635323809406e-05
  ],
  "ea_scale": [
    16.712186222395744,
    552.8819260667915,
    443.8905275353869,
    165.59054095500775,
    117.21689692875611,
    739.4218820857443,
    27.85632152573072,
    33.106259638904454,
    107.67809256520673,
    453.5251883603947
  ],
  "main_grad_params": [
    26.0,
    26.0,
    26.0,
    26.0,
    26.0,
    26.0,
    26.0,
    26.0,
    26.0,
    26.0
  ],
  "ea_grad_params": [
    26.0,
    26.0,
    26.0,
    26.0,
    26.0,
    26.0,
    26.0,
    26.0,
    26.0,
    26.0
  ],
  "grad_params_total": [
    26.0,
    26.0,
    26.0,
    26.0,
    26.0,
    26.0,
    26.0,
    26.0,
    26.0,
    26.0
  ],
  "rank_loss_raw": [
    0.007565114730730271,
    0.007733216252512274,
    0.007494599110661791,
    0.007646784096812973,
    0.008151536849207984,
    0.006923287283056057,
    0.006861192986178093,
    0.00786513798774626,
    0.007514561413047023,
    0.0071309573518542144
  ],
  "bottom_inv_loss_raw": [
    0.0,
    0.0,
    0.0,
    0.0,
    0.0,
    0.0,
    0.0,
    0.0,
    0.0,
    0.0
  ],
  "rank_pairs_count": [
    170.53846153846155,
    170.66666666666666,
    170.48717948717947,
    170.74358974358975,
    170.6153846153846,
    170.51282051282053,
    170.66666666666666,
    170.56410256410257,
    170.51282051282053,
    170.43589743589743
  ],