{
  "total_loss": [
    3.6668175160884857,
    0.8295075939251826,
    0.4824896653493245,
    0.4273944030969571,
    0.39548744834386385,
    0.38616611789434385,
    0.3736982475488614,
    0.3721765719163112,
    0.37151893973350525,
    0.37018726498652726,
    0.37161176670820284,
    0.37517458811784404,
    0.3762454772606874,
    0.37797546768799806,
    0.38166495317067856
  ],
  "main_loss": [
    3.3342366272058244,
    0.7551570106775333,
    0.4426707740013416,
    0.3963374205124684,
    0.37272461561056286,
    0.3673500877160292,
    0.36353697226597714,
    0.3615766202027981,
    0.36127725549233264,
    0.3609204789002736,
    0.3616126489180785,
    0.36277608229563785,
    0.36344301318510985,
    0.3638002689068134,
    0.36522212089636386
  ],
  "shap_loss": [
    0.062351055920888215,
    0.05780877421299616,
    0.056902008943068676,
    0.05596694569939222,
    0.05688652615898695,
    0.05431108253124433,
    0.053711944761184544,
    0.05563994487508749,
    0.058120038169316754,
    0.05766136218339969,
    0.055617186885613665,
    0.06318351741020496,
    0.05997793300029559,
    0.056192570294325166,
    0.05627577933363426
  ],
  "shap_loss_normalized": [
    0.027453989315873537,
    0.011567192701384043,
    0.03514819725965842,
    0.023656715400134906,
    0.03157690702340542,
    0.02271449776032032,
    0.0123292544665627,
    0.011127989118297895,
    0.011624007820127865,
    0.011532272594288373,
    0.011123437529955154,
    0.012636703677857533,
    0.011995586781547619,
    0.011238514254681574,
    0.011255156010007247
  ],
  "tikhonov_loss": [
    0.0,
    0.0,
    0.0,
    0.0,
    0.0,
    0.0,
    0.0,
    0.0,
    0.0,
    0.0,
    0.0,
    0.0,
    0.0,
    0.0,
    0.0
  ],
  "nonnegativity_loss": [
    0.0,
    0.0,
    0.0,
    0.0,
    0.0,
    0.0,
    0.0,
    0.0,
    0.0,
    0.0,
    0.0,
    0.0,
    0.0,
    0.0,
    0.0
  ],
  "tikhonov_lambda": [
    0.0,
    0.0,
    0.0,
    0.0,
    0.0,
    0.0,
    0.0,
    0.0,
    0.0,
    0.0,
    0.0,
    0.0,
    0.0,
    0.0,
    0.0
  ],
  "nonnegativity_lambda": [
    0.0,
    0.0,
    0.0,
    0.0,
    0.0,
    0.0,
    0.0,
    0.0,
    0.0,
    0.0,
    0.0,
    0.0,
    0.0,
    0.0,
    0.0
  ],
  "shap_scale_factor": [
    0.41790485156304213,
    0.20010465724751442,
    0.6140787829481825,
    0.42804760479090176,
    0.5544086050634299,
    0.4179048515630423,
    0.230141420703171,
    0.20000000000000004,
    0.20000000000000004,
    0.20000000000000004,
    0.20000000000000004,
    0.20000000000000004,
    0.20000000000000004,
    0.20000000000000004,
    0.20000000000000004
  ],
  "shap_contribution": [
    0.0,
    0.0,
    0.0,
    0.0,
    0.0,
    0.0,
    3.0801160193778997e-06,
    9.547838498036024e-06,
    2.2727478165343666e-05,
    2.551810100088075e-05,
    3.582249402638692e-05,
    5.079784610783323e-05,
    2.2702464798968344e-05,
    6.0864944176640936e-05,
    4.704228344146544e-05
  ],
  "tikhonov_contribution": [
    0.0,
    0.0,
    0.0,
    0.0,
    0.0,
    0.0,
    0.0,
    0.0,
    0.0,
    0.0,
    0.0,
    0.0,
    0.0,
    0.0,
    0.0
  ],
  "nonnegativity_contribution": [
    0.0,
    0.0,
    0.0,
    0.0,
    0.0,
    0.0,
    0.0,
    0.0,
    0.0,
    0.0,
    0.0,
    0.0,
    0.0,
    0.0,
    0.0
  ],
  "regularization_share": [
    0.08857809043058971,
    0.088578090869566,
    0.08156552530910458,
    0.0696654653186944,
    0.05688308597555871,
    0.04400962144130738,
    0.02699591817545346,
    0.027756166880368804,
    0.027967055044501744,
    0.023514709928855647,
    0.027273561364467815,
    0.031954640495747345,
    0.03014164840336923,
    0.03592078518239839,
    0.03953549206721927
  ],
  "accuracy_guard_loss": [
    2.9729519960207815,
    0.39314183516380113,
    0.08291586813254234,
    0.03621491254904331,
    0.013612995545069376,
    0.008372737429080864,
    0.0030645296359673524,
    0.0038914397740975404,
    0.0030620281512920675,
    0.002427583321546897,
    0.0041069197349059275,
    0.0043855867324731285,
    0.005333406802935478,
    0.004847831450975859,
    0.0056792520559751074
  ],
  "accuracy_guard_contribution": [
    0.33258090855983585,
    0.07435058802366257,
    0.03981889349718889,
    0.031056983300890677,
    0.022762832637780752,
    0.01881603041711526,
    0.01015819781101667,
    0.010590403937758544,
    0.010218955958500886,
    0.009241267035786923,
    0.009963295207573818,
    0.01234770642641263,
    0.01277976101025557,
    0.014114338618058424,
    0.01639579150539178
  ],
  "distill_loss": [
    0.0,
    0.0,
    0.0,
    0.0,
    0.0,
    0.0,
    0.0,
    0.0,
    0.0,
    0.0,
    0.0,
    0.0,
    0.0,
    0.0,
    0.0
  ],
  "distill_contribution": [
    0.0,
    0.0,
    0.0,
    0.0,
    0.0,
    0.0,
    0.0,
    0.0,
    0.0,
    0.0,
    0.0,
    0.0,
    0.0,
    0.0,
    0.0
  ],
  "gate_entropy": [
    0.0019004127422634226,
    0.0019002201734110713,
    0.0019002201734110713,
    0.0019002201734110713,
    0.0019002201734110713,
    0.0019002201734110713,
    0.0019002201734110713,
    0.0019002201734110713,
    0.0019002201734110713,
    0.0019002201734110713,
    0.0019002201734110713,
    0.0019002201734110713,
    0.0019002201734110713,
    0.0019002201734110713,
    0.0019002201734110713
  ],
  "gate_min": [
    0.9998998978199103,
    0.9998999834060669,
    0.9998999834060669,
    0.9998999834060669,
    0.9998999834060669,
    0.9998999834060669,
    0.9998999834060669,
    0.9998999834060669,
    0.9998999834060669,
    0.9998999834060669,
    0.9998999834060669,
    0.9998999834060669,
    0.9998999834060669,
    0.9998999834060669,
    0.9998999834060669
  ],
  "gate_max": [
    0.9999000292557937,
    0.9998999834060669,
    0.9998999834060669,
    0.9998999834060669,
    0.9998999834060669,
    0.9998999834060669,
    0.9998999834060669,
    0.9998999834060669,
    0.9998999834060669,
    0.9998999834060669,
    0.9998999834060669,
    0.9998999834060669,
    0.9998999834060669,
    0.9998999834060669,
    0.9998999834060669
  ],
  "gate_anchor_loss": [
    1.0005284031477364e-08,
    1.000331906197971e-08,
    1.000331906197971e-08,
    1.000331906197971e-08,
    1.000331906197971e-08,
    1.000331906197971e-08,
    1.000331906197971e-08,
    1.000331906197971e-08,
    1.000331906197971e-08,
    1.000331906197971e-08,
    1.000331906197971e-08,
    1.000331906197971e-08,
    1.000331906197971e-08,
    1.000331906197971e-08,
    1.000331906197971e-08
  ],
  "gate_anchor_contribution": [
    5.002642217856208e-10,
    5.001659642012157e-10,
    5.001659642012157e-10,
    5.001659642012157e-10,
    5.001659642012157e-10,
    5.001659642012157e-10,
    5.001659642012157e-10,
    5.001659642012157e-10,
    5.001659642012157e-10,
    5.001659642012157e-10,
    5.001659642012157e-10,
    5.001659642012157e-10,
    5.001659642012157e-10,
    5.001659642012157e-10,
    5.001659642012157e-10
  ],
  "q_err_entropy": [
    1.722514516268021,
    1.7045795520146687,
    1.7070427643947113,
    1.7237790609017396,
    1.6974313259124756,
    1.7256178825329511,
    1.7218658465605516,
    1.712612320215274,
    1.7461089935058203,
    1.7153077522913616,
    1.6909537254235683,
    1.690575434611394,
    1.7590399399781838,
    1.7064035794673822,
    1.7194873033425746
  ],
  "q_err_gini": [
    0.765260684184539,
    0.7671083028499897,
    0.7691778785143143,
    0.7637943197519351,
    0.7708142980551108,
    0.7654798611616477,
    0.7637827763190637,
    0.7688953738946182,
    0.7599323758712182,
    0.7662951487761277,
    0.7718368845108228,
    0.7719361797357217,
    0.7566495767006507,
    0.7677599864128308,
    0.7673034988916837
  ],