{
  "total_loss": [
    4.235693147549262,
    0.5445747291430448,
    0.4655925975396083,
    0.4348123551179201,
    0.39694838264049626,
    0.3888101126903143,
    0.38078487721773296,
    0.38330953816572827,
    0.38287126483061373,
    0.37561248815976656,
    0.3803001172267474,
    0.3768445176955981,
    0.37452247662421984,
    0.38212923285288686,
    0.3769071331390968
  ],
  "main_loss": [
    3.8513690340213285,
    0.49776247907907534,
    0.42992706558643246,
    0.4028558417772635,
    0.37820437168463683,
    0.3713593353063632,
    0.3697392080838864,
    0.3684325554432013,
    0.3694523779245523,
    0.368664603584852,
    0.36840702020204985,
    0.36844120117334217,
    0.3663597129858457,
    0.3692568586422847,
    0.36840131878852844
  ],
  "shap_loss": [
    0.09276967552992013,
    0.08945448199907939,
    0.09091730874318343,
    0.09259504633836257,
    0.08926279919269757,
    0.09160878585699277,
    0.09339065563220245,
    0.09373479260083957,
    0.09470291483478668,
    0.09127458452414243,
    0.09695023202743286,
    0.09101502167490813,
    0.09328727519665009,
    0.09288533757894467,
    0.0919812068534203
  ],
  "shap_loss_normalized": [
    0.0387483453616882,
    0.03316463436931372,
    0.04008302111656238,
    0.040790170622177616,
    0.03128190314731537,
    0.01832175734811104,
    0.018678131513297558,
    0.018746958878368903,
    0.018940583325158328,
    0.018254917306013595,
    0.019390046739807494,
    0.018203004645422485,
    0.018657455387978982,
    0.018577067873989925,
    0.01839624182918133
  ],
  "tikhonov_loss": [
    0.0,
    0.0,
    0.0,
    0.0,
    0.0,
    0.0,
    0.0,
    0.0,
    0.0,
    0.0,
    0.0,
    0.0,
    0.0,
    0.0,
    0.0
  ],
  "nonnegativity_loss": [
    0.0,
    0.0,
    0.0,
    0.0,
    0.0,
    0.0,
    0.0,
    0.0,
    0.0,
    0.0,
    0.0,
    0.0,
    0.0,
    0.0,
    0.0
  ],
  "tikhonov_lambda": [
    0.0,
    0.0,
    0.0,
    0.0,
    0.0,
    0.0,
    0.0,
    0.0,
    0.0,
    0.0,
    0.0,
    0.0,
    0.0,
    0.0,
    0.0
  ],
  "nonnegativity_lambda": [
    0.0,
    0.0,
    0.0,
    0.0,
    0.0,
    0.0,
    0.0,
    0.0,
    0.0,
    0.0,
    0.0,
    0.0,
    0.0,
    0.0,
    0.0
  ],
  "shap_scale_factor": [
    0.41790485156304213,
    0.3758614424389993,
    0.4458285088036899,
    0.45117698751872654,
    0.34847989312709476,
    0.20000000000000004,
    0.20000000000000004,
    0.20000000000000004,
    0.20000000000000004,
    0.20000000000000004,
    0.20000000000000004,
    0.20000000000000004,
    0.20000000000000004,
    0.20000000000000004,
    0.20000000000000004
  ],
  "shap_contribution": [
    0.0,
    0.0,
    0.0,
    0.0,
    0.0,
    0.0,
    7.311518320654077e-06,
    2.9242677042836873e-05,
    2.5349434345583013e-05,
    4.7261814101008124e-05,
    4.144664835154962e-05,
    9.176203625079674e-05,
    8.023859845707193e-05,
    4.918927809810087e-05,
    7.734589617496404e-05
  ],
  "tikhonov_contribution": [
    0.0,
    0.0,
    0.0,
    0.0,
    0.0,
    0.0,
    0.0,
    0.0,
    0.0,
    0.0,
    0.0,
    0.0,
    0.0,
    0.0,
    0.0
  ],
  "nonnegativity_contribution": [
    0.0,
    0.0,
    0.0,
    0.0,
    0.0,
    0.0,
    0.0,
    0.0,
    0.0,
    0.0,
    0.0,
    0.0,
    0.0,
    0.0,
    0.0
  ],
  "regularization_share": [
    0.0885780892128826,
    0.08391608496051466,
    0.07441703225597883,
    0.07098146359868683,
    0.0459373245810945,
    0.04317820970258595,
    0.028216053692513732,
    0.036506009951331915,
    0.032103825684431944,
    0.019024444884688643,
    0.031221957300625425,
    0.020497520032452088,
    0.0191236455565524,
    0.030580345885685974,
    0.020516024084867586
  ],
  "accuracy_guard_loss": [
    3.4831527265218587,
    0.12888844998983237,
    0.06179708930162283,
    0.03569578169248043,
    0.011895245466476832,
    0.0075575449527838295,
    0.0032347203829349615,
    0.0051335482261119746,
    0.00416300159234267,
    0.0016299688663238133,
    0.003577848275502523,
    0.0022679857718638885,
    0.0022735374096112372,
    0.0038988108818347636,
    0.0024949358059809757
  ],
  "accuracy_guard_contribution": [
    0.3843241383632024,
    0.04681225078037152,
    0.03566553319493929,
    0.03195651673162595,
    0.018744010621538527,
    0.01745077690634972,
    0.011038359684439806,
    0.014847739814565731,
    0.013393536878701968,
    0.006900622533299984,
    0.01185165259700555,
    0.008311554694022888,
    0.008082525661358466,
    0.012823184426778402,
    0.008428468536107969
  ],
  "distill_loss": [
    0.0,
    0.0,
    0.0,
    0.0,
    0.0,
    0.0,
    0.0,
    0.0,
    0.0,
    0.0,
    0.0,
    0.0,
    0.0,
    0.0,
    0.0
  ],
  "distill_contribution": [
    0.0,
    0.0,
    0.0,
    0.0,
    0.0,
    0.0,
    0.0,
    0.0,
    0.0,
    0.0,
    0.0,
    0.0,
    0.0,
    0.0,
    0.0
  ],
  "gate_entropy": [
    0.001900308816216122,
    0.0019002201734110713,
    0.0019002201734110713,
    0.0019002201734110713,
    0.0019002201734110713,
    0.0019002201734110713,
    0.0019002201734110713,
    0.0019002201734110713,
    0.0019002201734110713,
    0.0019002201734110713,
    0.0019002201734110713,
    0.0019002201734110713,
    0.0019002201734110713,
    0.0019002201734110713,
    0.0019002201734110713
  ],
  "gate_min": [
    0.9998998886499649,
    0.9998999834060669,
    0.9998999834060669,
    0.9998999834060669,
    0.9998999834060669,
    0.9998999834060669,
    0.9998999834060669,
    0.9998999834060669,
    0.9998999834060669,
    0.9998999834060669,
    0.9998999834060669,
    0.9998999834060669,
    0.9998999834060669,
    0.9998999834060669,
    0.9998999834060669
  ],
  "gate_max": [
    0.9999000567656297,
    0.9998999834060669,
    0.9998999834060669,
    0.9998999834060669,
    0.9998999834060669,
    0.9998999834060669,
    0.9998999834060669,
    0.9998999834060669,
    0.9998999834060669,
    0.9998999834060669,
    0.9998999834060669,
    0.9998999834060669,
    0.9998999834060669,
    0.9998999834060669,
    0.9998999834060669
  ],
  "gate_anchor_loss": [
    1.0004223341479992e-08,
    1.000331906197971e-08,
    1.000331906197971e-08,
    1.000331906197971e-08,
    1.000331906197971e-08,
    1.000331906197971e-08,
    1.000331906197971e-08,
    1.000331906197971e-08,
    1.000331906197971e-08,
    1.000331906197971e-08,
    1.000331906197971e-08,
    1.000331906197971e-08,
    1.000331906197971e-08,
    1.000331906197971e-08,
    1.000331906197971e-08
  ],
  "gate_anchor_contribution": [
    5.002111801689378e-10,
    5.001659642012157e-10,
    5.001659642012157e-10,
    5.001659642012157e-10,
    5.001659642012157e-10,
    5.001659642012157e-10,
    5.001659642012157e-10,
    5.001659642012157e-10,
    5.001659642012157e-10,
    5.001659642012157e-10,
    5.001659642012157e-10,
    5.001659642012157e-10,
    5.001659642012157e-10,
    5.001659642012157e-10,
    5.001659642012157e-10
  ],
  "q_err_entropy": [
    1.2049696369048877,
    1.2389275034268696,
    1.222982094838069,
    1.206758697827657,
    1.238536345653045,
    1.2191766592172475,
    1.1958643794059753,
    1.2006605894137652,
    1.1851058525916858,
    1.2227008082927802,
    1.1598422542596474,
    1.2254176552479084,
    1.2007280099086273,
    1.2040298749239018,
    1.2126897420638647
  ],
  "q_err_gini": [
    0.8590863194221106,
    0.8542558841216259,
    0.8581283764961438,
    0.8593512039918166,
    0.854642221560845,
    0.8572236742728796,
    0.8607817460329105,
    0.8602190720729339,
    0.8620606783108834,
    0.855850922755706,
    0.8661013153883127,
    0.8565404430413858,
    0.860038372186514,
    0.8603455133927174,
    0.8582644432018964
  ],