{
  "total_loss": [
    2.7959205332474832,
    0.8252952557343703,
    0.6733582638777219,
    0.7203886463091924,
    0.6529483833374121,
    0.7758960036131052
  ],
  "main_loss": [
    2.7860412490673556,
    0.8155869780442654,
    0.6608591026220566,
    0.712928484647702,
    0.6430608209891197,
    0.7709926794736813
  ],
  "shap_loss": [
    0.47442601506526655,
    0.4758859872817993,
    0.47762722159043336,
    0.477407421821203,
    0.4781812811509157,
    0.477608214586209
  ],
  "shap_loss_normalized": [
    0.1975855175883342,
    0.19416553393388405,
    0.24998314468524394,
    0.1492032290269167,
    0.19775125212394273,
    0.09806647457373448
  ],
  "tikhonov_loss": [
    0.0,
    0.0,
    0.0,
    0.0,
    0.0,
    0.0
  ],
  "nonnegativity_loss": [
    0.0,
    0.0,
    0.0,
    0.0,
    0.0,
    0.0
  ],
  "tikhonov_lambda": [
    0.0,
    0.0,
    0.0,
    0.0,
    0.0,
    0.0
  ],
  "nonnegativity_lambda": [
    0.0,
    0.0,
    0.0,
    0.0,
    0.0,
    0.0
  ],
  "shap_scale_factor": [
    0.41790485156304213,
    0.40848556586772045,
    0.5235710056611087,
    0.31242983207703373,
    0.4127114833251595,
    0.20529802548539722
  ],
  "shap_contribution": [
    0.009879276120605377,
    0.009708276830422573,
    0.012499157470674852,
    0.0074601616137302835,
    0.009887562837833777,
    0.0049033238409230346
  ],
  "tikhonov_contribution": [
    0.0,
    0.0,
    0.0,
    0.0,
    0.0,
    0.0
  ],
  "nonnegativity_contribution": [
    0.0,
    0.0,
    0.0,
    0.0,
    0.0,
    0.0
  ],
  "regularization_share": [
    0.006661126481118502,
    0.013896165553339342,
    0.02068100634405773,
    0.010916626339444051,
    0.016926125134536896,
    0.007314491626639237
  ],
  "accuracy_guard_loss": [
    0.0,
    0.0,
    0.0,
    0.0,
    0.0,
    0.0
  ],
  "accuracy_guard_contribution": [
    0.0,
    0.0,
    0.0,
    0.0,
    0.0,
    0.0
  ],
  "distill_loss": [
    0.0,
    0.0,
    0.0,
    0.0,
    0.0,
    0.0
  ],
  "distill_contribution": [
    0.0,
    0.0,
    0.0,
    0.0,
    0.0,
    0.0
  ],
  "gate_entropy": [
    0.001900483045177773,
    0.0019004983284200232,
    0.0019008926360700757,
    0.0019014856258693796,
    0.0019018248601171833,
    0.0019023138850640792
  ],
  "gate_min": [
    0.9998999039332072,
    0.9998998641967773,
    0.9998997663840269,
    0.9998997021944095,
    0.9998995401920416,
    0.9998994209827521
  ],
  "gate_max": [
    0.9999000414823874,
    0.9999001026153564,
    0.9999001026153564,
    0.9999001026153564,
    0.999900160691677,
    0.999900221824646
  ],
  "gate_anchor_loss": [
    1.0005992524570619e-08,
    1.0006350961497482e-08,
    1.0010185364378161e-08,
    1.0016532697293838e-08,
    1.0020119435038255e-08,
    1.0025318171066816e-08
  ],
  "gate_anchor_contribution": [
    5.002996379001063e-10,
    5.003175736954054e-10,
    5.005092835912268e-10,
    5.008266436895417e-10,
    5.010059931023556e-10,
    5.012659162395002e-10
  ],
  "q_err_entropy": [
    1.6720539912199364,
    1.6806297913575783,
    1.6736193222877307,
    1.6739378984157856,
    1.6697012400015807,
    1.677266802543249
  ],
  "q_err_gini": [
    0.7846668469600189,
    0.7825226921301621,
    0.7843024654266162,
    0.783908602518913,
    0.7860839259930146,
    0.783190844914852
  ],
  "q_err_corr": [
    0.8967657371571189,
    0.8758668991235586,
    0.9045579998921125,
    0.8947907533401098,
    0.8866178530913132,
    0.9200094953561441
  ],
  "p_q_corr": [
    -0.33878650802832383,
    -0.3476806420546312,
    -0.3506093193323184,
    -0.35032628056330556,
    -0.34905709899388826,
    -0.34491611138368267
  ],
  "ea_ratio": [
    0.006766808756555502,
    0.014244731557436096,
    0.021258811717136547,
    0.011053181080243144,
    0.017351428237863075,
    0.007374942392254105
  ],
  "main_grad_norm": [
    10201.705078125,
    6973.435302734375,
    6812.43603515625,
    6887.55126953125,
    16330.244140625,
    10115.97265625
  ],
  "ea_grad_norm": [
    19.749643802642822,
    20.00729489326477,
    11.97162914276123,
    11.988151550292969,
    14.039193153381348,
    6.13491690158844
  ],
  "ea_main_grad_ratio": [
    0.004589472671750103,
    0.002820696311976189,
    0.0019138917843858007,
    0.0020283751385211024,
    0.0010707389572975421,
    0.0005787900709624835
  ],
  "ea_scale": [
    1.0,
    1.0,
    1.0,
    1.0,
    1.0,
    1.0
  ],
  "main_grad_params": [
    26.0,
    26.0,
    26.0,
    26.0,
    26.0,
    26.0
  ],
  "ea_grad_params": [
    26.0,
    26.0,
    26.0,
    26.0,
    26.0,
    26.0
  ],
  "grad_params_total": [
    26.0,
    26.0,
    26.0,
    26.0,
    26.0,
    26.0
  ],
  "rank_loss_raw": [
    0.05002048573432825,
    0.05024225933429522,
    0.0510517343496665,
    0.05152911148392237,
    0.05122317392856647,
    0.052391089594517
  ],
  "bottom_inv_loss_raw": [
    0.0,
    0.0,
    0.0,
    0.0,
    0.0,
    0.0
  ],
  "rank_pairs_count": [
    168.35897435897436,
    169.15384615384616,
    168.87179487179486,
    168.64102564102564,
    169.0,
    168.89743589743588
  ],
  "rank_violations_count": [
    118.84615384615384,
    120.33333333333333,
    119.82051282051282,
    120.33333333333333,
    121.48717948717949,
    122.76923076923077
  ],
  "rank_grad_norm": [
    7.654850482940674,
    7.125620603561401,
    8.603944540023804,
    6.960811138153076,
    10.034336566925049,
    6.670441746711731
  ],
  "rank_main_grad_ratio": [
    0.0014727414571822038,
    0.0010201918441318522,
    0.0013911567577108528,
    0.0013022964493537448,
    0.0006794380866348795,
    0.0006382819570852004
  ],
  "shap_clip_active": [
    0.0,
    0.0,
    0.0,
    0.0,
    0.0,
    0.0
  ],
  "epoch_accepted": [
    1.0,
    1.0,
    1.0,
    1.0,
    1.0,
    1.0
  ],
  "lr": [
    8e-05,
    8e-05,
    8e-05,
    8e-05,
    8e-05,
    8e-05
  ],
  "adaptive_gamma": [
    0.05000000000000001,
    0.05000000000000001,
    0.05000000000000001,
    0.05000000000000001,
    0.05000000000000001,
    0.05000000000000001
  ],
  "convergence_slowdown": [
    0.41790485156304213,
    0.40848556586772045,
    0.5235710056611087,
    0.31242983207703373,
    0.4127114833251595,
    0.20529802548539722
  ],
  "shap_consistency": [
    0.47442601506526655,
    0.4758859872817993,
    0.47762722159043336,
    0.477407421821203,
    0.4781812811509157,
    0.477608214586209
  ],
  "shap_sparsity": [
    0.9472736716270447,
    0.9472736716270447,
    0.9472736655137478,
    0.9472736502305056,
    0.9472736227206695,
    0.9472735860408881
  ],
  "shap_faithfulness": [
    0.16785066211834931,
    0.16140913428404394,
    0.1684081684320401,
    0.16503268212844163,
    0.17012035311796728,
    0.1754024502558586
  ],
  "shap_stability": [
    0.0,
    0.0,
    0.0,
    0.0,
    0.0,
    0.0
  ],
  "shap_weight_consistency": [
    1.0,
    1.0,
    1.0,
    1.0,
    1.0,
    1.0
  ],
  "shap_weight_sparsity": [
    0.0,
    0.0,
    0.0,
    0.0,
    0.0,
    0.0
  ],
  "shap_weight_faithfulness": [
    0.0,
    0.0,
    0.0,
    0.0,
    0.0,
    0.0
  ],
  "shap_weight_stability": [
    0.0,
    0.0,
    0.0,
    0.0,
    0.0,
    0.0
  ],
  "val_main_loss": [
    0.7434625029563904,
    0.6160815358161926,
    0.7903732657432556,
    0.974837601184845,
    0.5166950821876526,
    0.6739084720611572
  ]
}