{
  "total_loss": [
    4.235693147549262,
    0.5445747291430448,
    0.4655925975396083,
    0.4348123551179201,
    0.39694838264049626,
    0.3888101126903143,
    0.3807797061327176,
    0.3832848316583878,
    0.3828531152162796,
    0.37557562192281085,
    0.3802737295627594,
    0.3767717006878975,
    0.3744595738557669,
    0.38209823156014466,
    0.3768476056746947
  ],
  "main_loss": [
    3.8513690340213285,
    0.49776247907907534,
    0.42992706558643246,
    0.4028558417772635,
    0.37820437168463683,
    0.3713593353063632,
    0.36973921266885906,
    0.36843255658944446,
    0.36945229386671996,
    0.3686645623200979,
    0.36840696785694516,
    0.36844131388725376,
    0.366359511247048,
    0.3692567050457001,
    0.36840132643014956
  ],
  "shap_loss": [
    0.09196309076669888,
    0.09030075122912724,
    0.08949603732579793,
    0.09159566710392635,
    0.08846749097873004,
    0.08947985218121456,
    0.09383354546167912,
    0.09205234528352053,
    0.09387907825219326,
    0.09041268856097491,
    0.09553178457113412,
    0.09316764447169426,
    0.09036139016732192,
    0.0927294760178297,
    0.08887363721927007
  ],
  "shap_loss_normalized": [
    0.038120320066809654,
    0.034269697773150906,
    0.03975597673501724,
    0.04070130033561817,
    0.03088046605579364,
    0.017895970708475664,
    0.01876670953172904,
    0.018410469333712872,
    0.01877581609938389,
    0.01808253814203617,
    0.01910635719123559,
    0.018633529209555723,
    0.018072278453753546,
    0.018545895480574705,
    0.01777472784026311
  ],
  "tikhonov_loss": [
    0.0,
    0.0,
    0.0,
    0.0,
    0.0,
    0.0,
    0.0,
    0.0,
    0.0,
    0.0,
    0.0,
    0.0,
    0.0,
    0.0,
    0.0
  ],
  "nonnegativity_loss": [
    0.0,
    0.0,
    0.0,
    0.0,
    0.0,
    0.0,
    0.0,
    0.0,
    0.0,
    0.0,
    0.0,
    0.0,
    0.0,
    0.0,
    0.0
  ],
  "tikhonov_lambda": [
    0.0,
    0.0,
    0.0,
    0.0,
    0.0,
    0.0,
    0.0,
    0.0,
    0.0,
    0.0,
    0.0,
    0.0,
    0.0,
    0.0,
    0.0
  ],
  "nonnegativity_lambda": [
    0.0,
    0.0,
    0.0,
    0.0,
    0.0,
    0.0,
    0.0,
    0.0,
    0.0,
    0.0,
    0.0,
    0.0,
    0.0,
    0.0,
    0.0
  ],
  "shap_scale_factor": [
    0.41790485156304213,
    0.3758614424389993,
    0.4458285088036899,
    0.45117698751872654,
    0.34847989312709476,
    0.20000000000000004,
    0.20000000000000004,
    0.20000000000000004,
    0.20000000000000004,
    0.20000000000000004,
    0.20000000000000004,
    0.20000000000000004,
    0.20000000000000004,
    0.20000000000000004,
    0.20000000000000004
  ],
  "shap_contribution": [
    0.0,
    0.0,
    0.0,
    0.0,
    0.0,
    0.0,
    2.0554015498838944e-06,
    4.500337185256798e-06,
    7.599734976210106e-06,
    1.0677308707202497e-05,
    1.5315413013293157e-05,
    1.863353001961234e-05,
    1.807227939328489e-05,
    1.8545896193991677e-05,
    1.77747286635657e-05
  ],
  "tikhonov_contribution": [
    0.0,
    0.0,
    0.0,
    0.0,
    0.0,
    0.0,
    0.0,
    0.0,
    0.0,
    0.0,
    0.0,
    0.0,
    0.0,
    0.0,
    0.0
  ],
  "nonnegativity_contribution": [
    0.0,
    0.0,
    0.0,
    0.0,
    0.0,
    0.0,
    0.0,
    0.0,
    0.0,
    0.0,
    0.0,
    0.0,
    0.0,
    0.0,
    0.0
  ],
  "regularization_share": [
    0.0885780892128826,
    0.08391608496051466,
    0.07441703225597883,
    0.07098146359868683,
    0.0459373245810945,
    0.04317820970258595,
    0.028202236405684016,
    0.036441218957924154,
    0.03205607599761796,
    0.01892481373133498,
    0.031152555330874014,
    0.020303075817361002,
    0.018958643773072992,
    0.03050156544999542,
    0.02035608512181436
  ],
  "accuracy_guard_loss": [
    3.4831527265218587,
    0.12888844998983237,
    0.06179708930162283,
    0.03569578169248043,
    0.011895245466476832,
    0.0075575449527838295,
    0.0032347333736908743,
    0.005133594840000837,
    0.004162906072078607,
    0.0016299375356772007,
    0.003577748934427897,
    0.002268085112938514,
    0.002273385341350849,
    0.003898688615896763,
    0.0024949144094418255
  ],
  "accuracy_guard_contribution": [
    0.3843241383632024,
    0.04681225078037152,
    0.03566553319493929,
    0.03195651673162595,
    0.018744010621538527,
    0.01745077690634972,
    0.011038439634900827,
    0.014847774392901322,
    0.013393220324546862,
    0.006900383541599298,
    0.011851444362829894,
    0.008311751847847914,
    0.008081989888197336,
    0.01282298125517674,
    0.008428507508375706
  ],
  "distill_loss": [
    0.0,
    0.0,
    0.0,
    0.0,
    0.0,
    0.0,
    0.0,
    0.0,
    0.0,
    0.0,
    0.0,
    0.0,
    0.0,
    0.0,
    0.0
  ],
  "distill_contribution": [
    0.0,
    0.0,
    0.0,
    0.0,
    0.0,
    0.0,
    0.0,
    0.0,
    0.0,
    0.0,
    0.0,
    0.0,
    0.0,
    0.0,
    0.0
  ],
  "gate_entropy": [
    0.001900308816216122,
    0.0019002201734110713,
    0.0019002201734110713,
    0.0019002201734110713,
    0.0019002201734110713,
    0.0019002201734110713,
    0.0019002201734110713,
    0.0019002201734110713,
    0.0019002201734110713,
    0.0019002201734110713,
    0.0019002201734110713,
    0.0019002201734110713,
    0.0019002201734110713,
    0.0019002201734110713,
    0.0019002201734110713
  ],
  "gate_min": [
    0.9998998886499649,
    0.9998999834060669,
    0.9998999834060669,
    0.9998999834060669,
    0.9998999834060669,
    0.9998999834060669,
    0.9998999834060669,
    0.9998999834060669,
    0.9998999834060669,
    0.9998999834060669,
    0.9998999834060669,
    0.9998999834060669,
    0.9998999834060669,
    0.9998999834060669,
    0.9998999834060669
  ],
  "gate_max": [
    0.9999000567656297,
    0.9998999834060669,
    0.9998999834060669,
    0.9998999834060669,
    0.9998999834060669,
    0.9998999834060669,
    0.9998999834060669,
    0.9998999834060669,
    0.9998999834060669,
    0.9998999834060669,
    0.9998999834060669,
    0.9998999834060669,
    0.9998999834060669,
    0.9998999834060669,
    0.9998999834060669
  ],
  "gate_anchor_loss": [
    1.0004223341479992e-08,
    1.000331906197971e-08,
    1.000331906197971e-08,
    1.000331906197971e-08,
    1.000331906197971e-08,
    1.000331906197971e-08,
    1.000331906197971e-08,
    1.000331906197971e-08,
    1.000331906197971e-08,
    1.000331906197971e-08,
    1.000331906197971e-08,
    1.000331906197971e-08,
    1.000331906197971e-08,
    1.000331906197971e-08,
    1.000331906197971e-08
  ],
  "gate_anchor_contribution": [
    5.002111801689378e-10,
    5.001659642012157e-10,
    5.001659642012157e-10,
    5.001659642012157e-10,
    5.001659642012157e-10,
    5.001659642012157e-10,
    5.001659642012157e-10,
    5.001659642012157e-10,
    5.001659642012157e-10,
    5.001659642012157e-10,
    5.001659642012157e-10,
    5.001659642012157e-10,
    5.001659642012157e-10,
    5.001659642012157e-10,
    5.001659642012157e-10
  ],
  "q_err_entropy": [
    1.2049696369048877,
    1.2389275034268696,
    1.222982094838069,
    1.206758697827657,
    1.238536345653045,
    1.2191766592172475,
    1.1958643824626238,
    1.2006605894137652,
    1.1851058587049828,
    1.2227008144060771,
    1.1598422450897021,
    1.225417646077963,
    1.2007280022670062,
    1.2040298688106048,
    1.2126897390072162
  ],
  "q_err_gini": [
    0.8590863194221106,
    0.8542558841216259,
    0.8581283764961438,
    0.8593512039918166,
    0.854642221560845,
    0.8572236742728796,
    0.8607817460329105,
    0.8602190720729339,
    0.8620606752542349,
    0.855850922755706,
    0.8661013108033401,
    0.8565404369280889,
    0.8600383737148383,
    0.8603455133927174,
    0.8582644386169238
  ],