{
  "total_loss": [
    3.0160375046424375,
    0.6289447981577653,
    0.49676095216702193,
    0.418346269772603,
    0.40648112350549453,
    0.3957416078983209,
    0.3801250159740448,
    0.37715706267418003,
    0.37701191504796344,
    0.37916814746000826,
    0.3772045041506107,
    0.3769446259889847,
    0.37601884206136066,
    0.37523962480899614,
    0.38516772175446534
  ],
  "main_loss": [
    2.742718143340869,
    0.5725391919796283,
    0.4591672840790871,
    0.39252171837366545,
    0.38332357849830234,
    0.3751446979168134,
    0.36938463953825146,
    0.3678194998930662,
    0.3684864319287814,
    0.3691127781684582,
    0.36771869353758985,
    0.3686294846045665,
    0.3680066195053932,
    0.36670930951069564,
    0.37190188009005326
  ],
  "shap_loss": [
    0.09696927743080334,
    0.09624207764863968,
    0.09703548768391976,
    0.08785697798698376,
    0.09236300641145462,
    0.0937811153439375,
    0.09619748152983494,
    0.09246115997815743,
    0.09464271404804328,
    0.0944043218325346,
    0.09176226380543831,
    0.09131430280514252,
    0.0925682932138443,
    0.09006175016745543,
    0.09282185653081307
  ],
  "shap_loss_normalized": [
    0.040145172331577696,
    0.05131373821924894,
    0.04475248199051771,
    0.03724522750156048,
    0.024612577632069588,
    0.03256716564870798,
    0.040014575784787156,
    0.018795964570763785,
    0.0189285431152735,
    0.018880864796348106,
    0.018352453238688983,
    0.01826286091445348,
    0.018513658967537757,
    0.018012350329603903,
    0.01856437177421191
  ],
  "tikhonov_loss": [
    0.0,
    0.0,
    0.0,
    0.0,
    0.0,
    0.0,
    0.0,
    0.0,
    0.0,
    0.0,
    0.0,
    0.0,
    0.0,
    0.0,
    0.0
  ],
  "nonnegativity_loss": [
    0.0,
    0.0,
    0.0,
    0.0,
    0.0,
    0.0,
    0.0,
    0.0,
    0.0,
    0.0,
    0.0,
    0.0,
    0.0,
    0.0,
    0.0
  ],
  "tikhonov_lambda": [
    0.0,
    0.0,
    0.0,
    0.0,
    0.0,
    0.0,
    0.0,
    0.0,
    0.0,
    0.0,
    0.0,
    0.0,
    0.0,
    0.0,
    0.0
  ],
  "nonnegativity_lambda": [
    0.0,
    0.0,
    0.0,
    0.0,
    0.0,
    0.0,
    0.0,
    0.0,
    0.0,
    0.0,
    0.0,
    0.0,
    0.0,
    0.0,
    0.0
  ],
  "shap_scale_factor": [
    0.41790485156304213,
    0.5360806690246621,
    0.46381703153509063,
    0.41881687991409494,
    0.26984794814465146,
    0.34847989312709476,
    0.41481398786668844,
    0.2031955209438683,
    0.20000000000000004,
    0.20000000000000004,
    0.20000000000000004,
    0.20000000000000004,
    0.20000000000000004,
    0.20000000000000004,
    0.20000000000000004
  ],
  "shap_contribution": [
    0.0,
    0.0,
    0.0,
    0.0,
    0.0,
    0.0,
    3.0368039682425428e-05,
    4.15116104798075e-05,
    3.1703272608678955e-05,
    3.527597007819284e-05,
    5.1078926611435e-05,
    0.000224302988499403,
    0.00015441045159091934,
    0.00016308765286036456,
    0.00011579892751074229
  ],
  "tikhonov_contribution": [
    0.0,
    0.0,
    0.0,
    0.0,
    0.0,
    0.0,
    0.0,
    0.0,
    0.0,
    0.0,
    0.0,
    0.0,
    0.0,
    0.0,
    0.0
  ],
  "nonnegativity_contribution": [
    0.0,
    0.0,
    0.0,
    0.0,
    0.0,
    0.0,
    0.0,
    0.0,
    0.0,
    0.0,
    0.0,
    0.0,
    0.0,
    0.0,
    0.0
  ],
  "regularization_share": [
    0.08857808909893235,
    0.08857808802409642,
    0.07025768426240275,
    0.05844743967081421,
    0.053366687767181294,
    0.0514886736951736,
    0.026371314175362218,
    0.020406239983787756,
    0.023353772821359715,
    0.02479327139788857,
    0.024211222490414668,
    0.019672909231415774,
    0.01925178340728777,
    0.022216016955740447,
    0.03425171875123114
  ],
  "accuracy_guard_loss": [
    2.3740038260435448,
    0.20339367099297354,
    0.09146073498787025,
    0.024684585057772122,
    0.014584318949626042,
    0.008974171219727932,
    0.002950127308185284,
    0.0027404786684574224,
    0.0019552849042109954,
    0.0038645443243858144,
    0.003713823281801664,
    0.0028253201490793475,
    0.0015836992324926914,
    0.001778329794223492,
    0.007587147828860161
  ],
  "accuracy_guard_contribution": [
    0.27331936101500803,
    0.056405604076691165,
    0.0375936707147421,
    0.025824552306380026,
    0.02315754634447587,
    0.020596909121825144,
    0.010710008872243075,
    0.009296052635480195,
    0.008493781137542847,
    0.01002009647587935,
    0.009434731581654305,
    0.008090837882497372,
    0.007857810323819136,
    0.008367229730654985,
    0.013150041111004658
  ],
  "distill_loss": [
    0.0,
    0.0,
    0.0,
    0.0,
    0.0,
    0.0,
    0.0,
    0.0,
    0.0,
    0.0,
    0.0,
    0.0,
    0.0,
    0.0,
    0.0
  ],
  "distill_contribution": [
    0.0,
    0.0,
    0.0,
    0.0,
    0.0,
    0.0,
    0.0,
    0.0,
    0.0,
    0.0,
    0.0,
    0.0,
    0.0,
    0.0,
    0.0
  ],
  "gate_entropy": [
    NaN,
    NaN,
    NaN,
    NaN,
    NaN,
    NaN,
    NaN,
    NaN,
    NaN,
    NaN,
    NaN,
    NaN,
    NaN,
    NaN,
    NaN
  ],
  "gate_min": [
    NaN,
    NaN,
    NaN,
    NaN,
    NaN,
    NaN,
    NaN,
    NaN,
    NaN,
    NaN,
    NaN,
    NaN,
    NaN,
    NaN,
    NaN
  ],
  "gate_max": [
    NaN,
    NaN,
    NaN,
    NaN,
    NaN,
    NaN,
    NaN,
    NaN,
    NaN,
    NaN,
    NaN,
    NaN,
    NaN,
    NaN,
    NaN
  ],
  "gate_anchor_loss": [
    0.0,
    0.0,
    0.0,
    0.0,
    0.0,
    0.0,
    0.0,
    0.0,
    0.0,
    0.0,
    0.0,
    0.0,
    0.0,
    0.0,
    0.0
  ],
  "gate_anchor_contribution": [
    0.0,
    0.0,
    0.0,
    0.0,
    0.0,
    0.0,
    0.0,
    0.0,
    0.0,
    0.0,
    0.0,
    0.0,
    0.0,
    0.0,
    0.0
  ],
  "q_err_entropy": [
    0.9771765439938276,
    0.9868934521308312,
    0.9471901135566907,
    1.013966121734717,
    0.98335024026724,
    0.9312173311526959,
    0.9711623405798887,
    0.958982663276868,
    0.9456909543428665,
    0.9705948187754705,
    0.9932899627930079,
    1.0250256137970166,
    0.9873077472050985,
    1.029326169918745,
    0.9586968773450607
  ],
  "q_err_gini": [
    0.8841333450415195,
    0.88293478733454,
    0.8860709820038233,
    0.8787836676988846,
    0.8814301689465841,
    0.8896452677555573,
    0.884152569831946,
    0.8857708359375979,
    0.8879177830158136,
    0.8840330365376595,
    0.8801715863056672,
    0.8779085461909955,
    0.883054528480921,
    0.8774124353359907,
    0.8863149071351076
  ],
  "q_err_corr": [
    0.8558556319851625,
    0.8405468051250164,
    0.8523821311119275,
    0.8297615142968985,
    0.8273090261679429,
    0.7949747703014276,
    0.8620298145673214,
    0.7760672834821236,
    0.8084168143761463,
    0.86310546596845,
    0.8341485330691705,
    0.8810018331576617,
    0.8236107104099714,
    0.8242130546997755,
    0.8178712695072858
  ],
  "p_q_corr": [
    0.6712625851997962,
    0.6779814438942151,
    0.6751564695284917,
    0.7057762314111758,
    0.690648934780023,
    0.6859351228445004,
    0.6782590471781217,
    0.6905053792855679,
    0.6832281106557602,
    0.6840444130775256,
    0.6926152278215457,
    0.6940369055821345,
    0.6898789054308182,
    0.6982123102897253,
    0.6894992941465133
  ],
  "ea_ratio": [
    0.0,
    0.0,
    0.0,
    0.0,
    0.0,
    0.0,
    8.76942256302125e-05,
    0.00010943422551999669,
    8.926529522003152e-05,
    9.97454906330229e-05,
    0.0001434849256885429,
    0.0006409609445537894,
    0.0004150281031168281,
    0.00045173531226539175,
    0.0003232054415349968
  ],
  "main_grad_norm": [
    10525.714660644531,
    4466.348571777344,
    9567.757568359375,
    2501.174560546875,
    4258.0357666015625,
    2506.7718505859375,
    3255.5068359375,
    3800.228515625,
    2251.833251953125,
    1468.0294799804688,
    2253.97119140625,
    5440.618591308594,
    4039.132080078125,
    4579.0147705078125,
    3188.13232421875
  ],