{
  "total_loss": [
    3.6681900941408596,
    0.7025252634134048,
    0.7880480488141378,
    0.7608299629810529,
    0.6754339551314329
  ],
  "main_loss": [
    3.6681900941408596,
    0.7025252634134048,
    0.7880480488141378,
    0.7608299629810529,
    0.6754339551314329
  ],
  "shap_loss": [
    0.0,
    0.0,
    0.0,
    0.0,
    0.0
  ],
  "shap_loss_normalized": [
    0.0,
    0.0,
    0.0,
    0.0,
    0.0
  ],
  "tikhonov_loss": [
    0.0,
    0.0,
    0.0,
    0.0,
    0.0
  ],
  "nonnegativity_loss": [
    0.0,
    0.0,
    0.0,
    0.0,
    0.0
  ],
  "tikhonov_lambda": [
    0.0,
    0.0,
    0.0,
    0.0,
    0.0
  ],
  "nonnegativity_lambda": [
    0.0,
    0.0,
    0.0,
    0.0,
    0.0
  ],
  "shap_scale_factor": [
    2037984.9148111015,
    1293309.0718978788,
    1671619.406252169,
    1626665.749837632,
    845790.9143946522
  ],
  "shap_contribution": [
    0.0,
    0.0,
    0.0,
    0.0,
    0.0
  ],
  "tikhonov_contribution": [
    0.0,
    0.0,
    0.0,
    0.0,
    0.0
  ],
  "nonnegativity_contribution": [
    0.0,
    0.0,
    0.0,
    0.0,
    0.0
  ],
  "regularization_share": [
    4.2262337456335945e-10,
    7.773514574051487e-10,
    7.348470249427653e-10,
    7.41251775461009e-10,
    8.235557377472666e-10
  ],
  "accuracy_guard_loss": [
    0.0,
    0.0,
    0.0,
    0.0,
    0.0
  ],
  "accuracy_guard_contribution": [
    0.0,
    0.0,
    0.0,
    0.0,
    0.0
  ],
  "distill_loss": [
    0.0,
    0.0,
    0.0,
    0.0,
    0.0
  ],
  "distill_contribution": [
    0.0,
    0.0,
    0.0,
    0.0,
    0.0
  ],
  "gate_entropy": [
    0.0019004310821541226,
    0.0019008345597495253,
    0.0019009996187658263,
    0.001901094374867777,
    0.0019012777737747782
  ],
  "gate_min": [
    0.9998998947632618,
    0.9998998641967773,
    0.9998997663840269,
    0.9998996869111673,
    0.9998996257781982
  ],
  "gate_max": [
    0.9999000751055204,
    0.9999001026153564,
    0.999900065935575,
    0.9999001026153564,
    0.9999001026153564
  ],
  "gate_anchor_loss": [
    1.0005413910490892e-08,
    1.000972849906335e-08,
    1.001153327761218e-08,
    1.001247101183294e-08,
    1.0014439807329941e-08
  ],
  "gate_anchor_contribution": [
    5.002707080501377e-10,
    5.004864400408138e-10,
    5.005766840923616e-10,
    5.006235554310806e-10,
    5.007219937825679e-10
  ],
  "q_err_entropy": [
    NaN,
    NaN,
    NaN,
    NaN,
    NaN
  ],
  "q_err_gini": [
    NaN,
    NaN,
    NaN,
    NaN,
    NaN
  ],
  "q_err_corr": [
    NaN,
    NaN,
    NaN,
    NaN,
    NaN
  ],
  "p_q_corr": [
    NaN,
    NaN,
    NaN,
    NaN,
    NaN
  ],
  "ea_ratio": [
    0.0,
    0.0,
    0.0,
    0.0,
    0.0
  ],
  "main_grad_norm": [
    11573.808715820312,
    11248.839111328125,
    7674.974853515625,
    9707.50244140625,
    12023.728759765625
  ],
  "ea_grad_norm": [
    0.0,
    0.0,
    0.0,
    0.0,
    0.0
  ],
  "ea_main_grad_ratio": [
    0.0,
    0.0,
    0.0,
    0.0,
    0.0
  ],
  "ea_scale": [
    10000.0,
    10000.0,
    10000.0,
    10000.0,
    10000.0
  ],
  "main_grad_params": [
    26.0,
    26.0,
    26.0,
    26.0,
    26.0
  ],
  "ea_grad_params": [
    0.0,
    0.0,
    0.0,
    0.0,
    0.0
  ],
  "grad_params_total": [
    26.0,
    26.0,
    26.0,
    26.0,
    26.0
  ],
  "rank_loss_raw": [
    NaN,
    NaN,
    NaN,
    NaN,
    NaN
  ],
  "bottom_inv_loss_raw": [
    NaN,
    NaN,
    NaN,
    NaN,
    NaN
  ],
  "rank_pairs_count": [
    NaN,
    NaN,
    NaN,
    NaN,
    NaN
  ],
  "rank_violations_count": [
    NaN,
    NaN,
    NaN,
    NaN,
    NaN
  ],
  "rank_grad_norm": [
    NaN,
    NaN,
    NaN,
    NaN,
    NaN
  ],
  "rank_main_grad_ratio": [
    NaN,
    NaN,
    NaN,
    NaN,
    NaN
  ],
  "shap_clip_active": [
    0.0,
    0.0,
    0.0,
    0.0,
    0.0
  ],
  "epoch_accepted": [
    1.0,
    1.0,
    1.0,
    1.0,
    1.0
  ],
  "lr": [
    8e-05,
    8e-05,
    8e-05,
    8e-05,
    8e-05
  ],
  "adaptive_gamma": [
    0.00019999999999999996,
    0.00039047619047619065,
    0.0005809523809523808,
    0.0007714285714285716,
    0.0009619047619047619
  ],
  "convergence_slowdown": [
    0.5094962287027754,
    0.3233272679744696,
    0.41790485156304213,
    0.40666643745940806,
    0.21144772859866307
  ],
  "shap_consistency": [
    0.0,
    0.0,
    0.0,
    0.0,
    0.0
  ],
  "shap_sparsity": [
    0.0,
    0.0,
    0.0,
    0.0,
    0.0
  ],
  "shap_faithfulness": [
    175.49873209610965,
    278.81143794915613,
    259.246125685863,
    256.2016591842358,
    281.9208990732829
  ],
  "shap_stability": [
    0.0,
    0.0,
    0.0,
    0.0,
    0.0
  ],
  "shap_weight_consistency": [
    0.0,
    0.0,
    0.0,
    0.0,
    0.0
  ],
  "shap_weight_sparsity": [
    0.0,
    0.0,
    0.0,
    0.0,
    0.0
  ],
  "shap_weight_faithfulness": [
    0.0,
    0.0,
    0.0,
    0.0,
    0.0
  ],
  "shap_weight_stability": [
    0.0,
    0.0,
    0.0,
    0.0,
    0.0
  ],
  "val_main_loss": [
    0.6134985685348511,
    0.4226323962211609,
    0.5555647611618042,
    0.7454965114593506,
    1.0742175579071045
  ]
}