{
  "total_loss": [
    3.3109648670905676,
    0.5578032388136938,
    0.5137256353329389,
    0.4486373250301068,
    0.43014879333667266,
    0.40129478657856965,
    0.4024737171637706,
    0.39536720285048854,
    0.3901865726862198,
    0.3933470241534404,
    0.39461623552518016,
    0.3950665574043225,
    0.39685085568672573,
    0.3920813317482288,
    0.39074946557864165
  ],
  "main_loss": [
    3.0111682002361,
    0.5094580436364199,
    0.46963402781731045,
    0.41841207712124556,
    0.4029645877770888,
    0.38701473061855024,
    0.3886901468802721,
    0.3840719331533481,
    0.3828526379970404,
    0.3839501360288033,
    0.38299048099762356,
    0.3845417170952528,
    0.3847988301362747,
    0.38288725454073685,
    0.38115053299145824
  ],
  "shap_loss": [
    0.13259547719588646,
    0.13042447524957168,
    0.1307681204798894,
    0.12879010270803404,
    0.13066592182104403,
    0.1284878739179709,
    0.12921539751382974,
    0.13156463702519736,
    0.13280848432809877,
    0.12993528789434677,
    0.131593719124794,
    0.13035662242999443,
    0.1306837988205445,
    0.1307081007040464,
    0.12972684376514876
  ],
  "shap_loss_normalized": [
    0.05542275978204531,
    0.06570077143036403,
    0.04931007946530978,
    0.031290482299832195,
    0.05398696460402929,
    0.02867568031144448,
    0.05084014717393961,
    0.026312927834880658,
    0.026561697228596762,
    0.02598705801826257,
    0.026318744111519594,
    0.02607132484897589,
    0.026136760050669696,
    0.02614162040826602,
    0.02594536915421486
  ],
  "tikhonov_loss": [
    0.0,
    0.0,
    0.0,
    0.0,
    0.0,
    0.0,
    0.0,
    0.0,
    0.0,
    0.0,
    0.0,
    0.0,
    0.0,
    0.0,
    0.0
  ],
  "nonnegativity_loss": [
    0.0,
    0.0,
    0.0,
    0.0,
    0.0,
    0.0,
    0.0,
    0.0,
    0.0,
    0.0,
    0.0,
    0.0,
    0.0,
    0.0,
    0.0
  ],
  "tikhonov_lambda": [
    0.0,
    0.0,
    0.0,
    0.0,
    0.0,
    0.0,
    0.0,
    0.0,
    0.0,
    0.0,
    0.0,
    0.0,
    0.0,
    0.0,
    0.0
  ],
  "nonnegativity_lambda": [
    0.0,
    0.0,
    0.0,
    0.0,
    0.0,
    0.0,
    0.0,
    0.0,
    0.0,
    0.0,
    0.0,
    0.0,
    0.0,
    0.0,
    0.0
  ],
  "shap_scale_factor": [
    0.41790485156304213,
    0.5056912481536087,
    0.3781174820447152,
    0.24225272361907157,
    0.41383718688988747,
    0.22468514243348978,
    0.39749668829773616,
    0.20000000000000004,
    0.20000000000000004,
    0.20000000000000004,
    0.20000000000000004,
    0.20000000000000004,
    0.20000000000000004,
    0.20000000000000004,
    0.20000000000000004
  ],
  "shap_contribution": [
    0.0,
    0.0,
    0.0,
    0.0,
    0.0,
    0.0,
    3.043480044139776e-05,
    0.0001084822146460796,
    0.00019785873136686115,
    0.00023445674779418952,
    0.0006181609739239017,
    0.0002496828006443162,
    0.0005372489410010764,
    0.00026877866707181034,
    0.0007053890496116275
  ],
  "tikhonov_contribution": [
    0.0,
    0.0,
    0.0,
    0.0,
    0.0,
    0.0,
    0.0,
    0.0,
    0.0,
    0.0,
    0.0,
    0.0,
    0.0,
    0.0,
    0.0
  ],
  "nonnegativity_contribution": [
    0.0,
    0.0,
    0.0,
    0.0,
    0.0,
    0.0,
    0.0,
    0.0,
    0.0,
    0.0,
    0.0,
    0.0,
    0.0,
    0.0,
    0.0
  ],
  "regularization_share": [
    0.08857809084985621,
    0.08550669018059709,
    0.08391608399652814,
    0.06293434994562173,
    0.06114298534907816,
    0.034039375360549205,
    0.03387797347308478,
    0.026416702006027564,
    0.01784073027886272,
    0.021816118539229434,
    0.028787718801688296,
    0.025665028367783796,
    0.029289911461102235,
    0.021150990925028524,
    0.023256394299026897
  ],
  "accuracy_guard_loss": [
    2.6272890827594657,
    0.12608784704636306,
    0.08623179716941638,
    0.03648728285080347,
    0.02176695030469161,
    0.0064678165392997936,
    0.006513930284059965,
    0.004182680295063899,
    0.002634548223935641,
    0.0023313371034768913,
    0.002795237761277419,
    0.003045931076392149,
    0.0037226256651756093,
    0.002456438082915086,
    0.002513425472455147
  ],
  "accuracy_guard_contribution": [
    0.29979671385043705,
    0.04834519928464523,
    0.04409160732458799,
    0.030225247240219362,
    0.027184206419266187,
    0.014280056007779561,
    0.013753136524405235,
    0.011186785327318387,
    0.007136075638043575,
    0.009162432585771266,
    0.011007593849148506,
    0.010275154589460446,
    0.011514775837079072,
    0.008925296796055941,
    0.008893541848430267
  ],
  "distill_loss": [
    0.0,
    0.0,
    0.0,
    0.0,
    0.0,
    0.0,
    0.0,
    0.0,
    0.0,
    0.0,
    0.0,
    0.0,
    0.0,
    0.0,
    0.0
  ],
  "distill_contribution": [
    0.0,
    0.0,
    0.0,
    0.0,
    0.0,
    0.0,
    0.0,
    0.0,
    0.0,
    0.0,
    0.0,
    0.0,
    0.0,
    0.0,
    0.0
  ],
  "gate_entropy": [
    0.0019004494220448227,
    0.0019002201734110713,
    0.0019002201734110713,
    0.0019002201734110713,
    0.0019002201734110713,
    0.0019002201734110713,
    0.0019002201734110713,
    0.0019002201734110713,
    0.0019002201734110713,
    0.0019002201734110713,
    0.0019002201734110713,
    0.0019002201734110713,
    0.0019002201734110713,
    0.0019002201734110713,
    0.0019002201734110713
  ],
  "gate_min": [
    0.9998999222730979,
    0.9998999834060669,
    0.9998999834060669,
    0.9998999834060669,
    0.9998999834060669,
    0.9998999834060669,
    0.9998999834060669,
    0.9998999834060669,
    0.9998999834060669,
    0.9998999834060669,
    0.9998999834060669,
    0.9998999834060669,
    0.9998999834060669,
    0.9998999834060669,
    0.9998999834060669
  ],
  "gate_max": [
    0.9998999834060669,
    0.9998999834060669,
    0.9998999834060669,
    0.9998999834060669,
    0.9998999834060669,
    0.9998999834060669,
    0.9998999834060669,
    0.9998999834060669,
    0.9998999834060669,
    0.9998999834060669,
    0.9998999834060669,
    0.9998999834060669,
    0.9998999834060669,
    0.9998999834060669,
    0.9998999834060669
  ],
  "gate_anchor_loss": [
    1.0005605415422464e-08,
    1.000331906197971e-08,
    1.000331906197971e-08,
    1.000331906197971e-08,
    1.000331906197971e-08,
    1.000331906197971e-08,
    1.000331906197971e-08,
    1.000331906197971e-08,
    1.000331906197971e-08,
    1.000331906197971e-08,
    1.000331906197971e-08,
    1.000331906197971e-08,
    1.000331906197971e-08,
    1.000331906197971e-08,
    1.000331906197971e-08
  ],
  "gate_anchor_contribution": [
    5.002802858587694e-10,
    5.001659642012157e-10,
    5.001659642012157e-10,
    5.001659642012157e-10,
    5.001659642012157e-10,
    5.001659642012157e-10,
    5.001659642012157e-10,
    5.001659642012157e-10,
    5.001659642012157e-10,
    5.001659642012157e-10,
    5.001659642012157e-10,
    5.001659642012157e-10,
    5.001659642012157e-10,
    5.001659642012157e-10,
    5.001659642012157e-10
  ],
  "q_err_entropy": [
    0.4299005105709418,
    0.4351686770335222,
    0.44351479143668443,
    0.43959433146012133,
    0.42817644010751676,
    0.48270113460528546,
    0.4224409533616824,
    0.4117323549894186,
    0.4262589143636899,
    0.44898811020912266,
    0.4403790374978995,
    0.452422654017424,
    0.42494978125278765,
    0.41595988395886546,
    0.4548199150042656
  ],
  "q_err_gini": [
    0.9305128516295017,
    0.9304703963108552,
    0.9300637199328496,
    0.9304133638357505,
    0.9302305304087125,
    0.9271717774562347,
    0.9314592037445459,
    0.9319110894814516,
    0.9310626708544217,
    0.9298267991114886,
    0.9299800869746085,
    0.9291222844368372,
    0.9311719139417013,
    0.9315146635740231,
    0.9293324427726941
  ],