{
  "total_loss": [
    3.7411828621839867,
    0.6744204316383753,
    0.5485718831037864,
    0.43645396217321736,
    0.4412279694508284,
    0.39737520806300336,
    0.38850642778934574,
    0.39558940743788695,
    0.39957406238103527,
    0.3961358639674309,
    0.3910872225578015,
    0.3961871407735042,
    0.3937190113923488,
    0.3922560467169835,
    0.3915772781922267
  ],
  "main_loss": [
    3.40218201203224,
    0.6142009252156967,
    0.5011314168954507,
    0.4058111860201909,
    0.40914270740288955,
    0.3803277783668958,
    0.3779269563846099,
    0.37949764804962355,
    0.38122792809437483,
    0.37769308265967244,
    0.3783377603842662,
    0.3810696307665262,
    0.3779940146666307,
    0.37930971536880886,
    0.3803179699641008
  ],
  "shap_loss": [
    0.08762472113355613,
    0.09199433248394574,
    0.1001281198591758,
    0.09423901054721612,
    0.09538364496368629,
    0.09442704724959838,
    0.09711811958979337,
    0.08778834677277467,
    0.08883184576645875,
    0.08045361042977908,
    0.09353063045403896,
    0.09080268008013566,
    0.10002888271059746,
    0.10002427672346433,
    0.09324897711093609
  ],
  "shap_loss_normalized": [
    0.036327007346046276,
    0.05934170399529812,
    0.042192780341093354,
    0.0189131694392134,
    0.03870904815789217,
    0.04189634822213497,
    0.030115450374208964,
    0.01755766957425154,
    0.01776636943507653,
    0.016090722396396674,
    0.01870612632960845,
    0.018160536407660216,
    0.020005776928976562,
    0.026663711079611227,
    0.03238909230686915
  ],
  "tikhonov_loss": [
    0.0,
    0.0,
    0.0,
    0.0,
    0.0,
    0.0,
    0.0,
    0.0,
    0.0,
    0.0,
    0.0,
    0.0,
    0.0,
    0.0,
    0.0
  ],
  "nonnegativity_loss": [
    0.0,
    0.0,
    0.0,
    0.0,
    0.0,
    0.0,
    0.0,
    0.0,
    0.0,
    0.0,
    0.0,
    0.0,
    0.0,
    0.0,
    0.0
  ],
  "tikhonov_lambda": [
    0.0,
    0.0,
    0.0,
    0.0,
    0.0,
    0.0,
    0.0,
    0.0,
    0.0,
    0.0,
    0.0,
    0.0,
    0.0,
    0.0,
    0.0
  ],
  "nonnegativity_lambda": [
    0.0,
    0.0,
    0.0,
    0.0,
    0.0,
    0.0,
    0.0,
    0.0,
    0.0,
    0.0,
    0.0,
    0.0,
    0.0,
    0.0,
    0.0
  ],
  "shap_scale_factor": [
    0.41790485156304213,
    0.6375771844585396,
    0.4233915529574307,
    0.2006456647034155,
    0.4127114833251595,
    0.4355289392004737,
    0.31242983207703373,
    0.20000000000000004,
    0.20000000000000004,
    0.20000000000000004,
    0.20000000000000004,
    0.20000000000000004,
    0.20000000000000004,
    0.26952961568346184,
    0.34847989312709476
  ],
  "shap_contribution": [
    0.0,
    0.0,
    0.0,
    0.0,
    0.0,
    0.0,
    1.223943026837869e-05,
    2.777797983118291e-05,
    7.924223264592748e-05,
    0.0014929772751668517,
    4.3665331700956296e-05,
    0.0003284670987900776,
    0.0030150084315279787,
    0.0005884676890370125,
    0.0003876556733396286
  ],
  "tikhonov_contribution": [
    0.0,
    0.0,
    0.0,
    0.0,
    0.0,
    0.0,
    0.0,
    0.0,
    0.0,
    0.0,
    0.0,
    0.0,
    0.0,
    0.0,
    0.0
  ],
  "nonnegativity_contribution": [
    0.0,
    0.0,
    0.0,
    0.0,
    0.0,
    0.0,
    0.0,
    0.0,
    0.0,
    0.0,
    0.0,
    0.0,
    0.0,
    0.0,
    0.0
  ],
  "regularization_share": [
    0.08857809043804335,
    0.0885780899938942,
    0.08391608473984252,
    0.0672164166140564,
    0.07119846963224284,
    0.040852408872377476,
    0.023631923575370414,
    0.039278242567230504,
    0.041407673742839206,
    0.04504284324643796,
    0.031756590597042146,
    0.033620628138972104,
    0.03792454480951054,
    0.03205473105047994,
    0.028054200656529672
  ],
  "accuracy_guard_loss": [
    3.024862737991871,
    0.23660580393595573,
    0.12484859541440621,
    0.030733918532347068,
    0.035533829377247736,
    0.006556099041914329,
    0.003635763357847165,
    0.004526112706233294,
    0.0068802050290963585,
    0.006632110247245202,
    0.003599572640198928,
    0.006721043433898535,
    0.003883175360850799,
    0.0035823342891839836,
    0.005466247980411236
  ],
  "accuracy_guard_contribution": [
    0.3390008645753066,
    0.060219512344935,
    0.047440467068018057,
    0.030642776869428463,
    0.032085259134570755,
    0.017047430746830426,
    0.010567235163389107,
    0.016063984626760848,
    0.018266889911431532,
    0.01694980354454273,
    0.012705798284747662,
    0.014789043854062375,
    0.012709987660249075,
    0.012357863764732312,
    0.010871653851026144
  ],
  "distill_loss": [
    0.0,
    0.0,
    0.0,
    0.0,
    0.0,
    0.0,
    0.0,
    0.0,
    0.0,
    0.0,
    0.0,
    0.0,
    0.0,
    0.0,
    0.0
  ],
  "distill_contribution": [
    0.0,
    0.0,
    0.0,
    0.0,
    0.0,
    0.0,
    0.0,
    0.0,
    0.0,
    0.0,
    0.0,
    0.0,
    0.0,
    0.0,
    0.0
  ],
  "gate_entropy": [
    0.0019005288949045234,
    0.0019002201734110713,
    0.0019002201734110713,
    0.0019002201734110713,
    0.0019002201734110713,
    0.0019002201734110713,
    0.0019002201734110713,
    0.0019002201734110713,
    0.0019002201734110713,
    0.0019002201734110713,
    0.0019002201734110713,
    0.0019002201734110713,
    0.0019002201734110713,
    0.0019002201734110713,
    0.0019002201734110713
  ],
  "gate_min": [
    0.9998998917066134,
    0.9998999834060669,
    0.9998999834060669,
    0.9998999834060669,
    0.9998999834060669,
    0.9998999834060669,
    0.9998999834060669,
    0.9998999834060669,
    0.9998999834060669,
    0.9998999834060669,
    0.9998999834060669,
    0.9998999834060669,
    0.9998999834060669,
    0.9998999834060669,
    0.9998999834060669
  ],
  "gate_max": [
    0.9999000231424967,
    0.9998999834060669,
    0.9998999834060669,
    0.9998999834060669,
    0.9998999834060669,
    0.9998999834060669,
    0.9998999834060669,
    0.9998999834060669,
    0.9998999834060669,
    0.9998999834060669,
    0.9998999834060669,
    0.9998999834060669,
    0.9998999834060669,
    0.9998999834060669,
    0.9998999834060669
  ],
  "gate_anchor_loss": [
    1.0006442944898435e-08,
    1.000331906197971e-08,
    1.000331906197971e-08,
    1.000331906197971e-08,
    1.000331906197971e-08,
    1.000331906197971e-08,
    1.000331906197971e-08,
    1.000331906197971e-08,
    1.000331906197971e-08,
    1.000331906197971e-08,
    1.000331906197971e-08,
    1.000331906197971e-08,
    1.000331906197971e-08,
    1.000331906197971e-08,
    1.000331906197971e-08
  ],
  "gate_anchor_contribution": [
    5.003221654639662e-10,
    5.001659642012157e-10,
    5.001659642012157e-10,
    5.001659642012157e-10,
    5.001659642012157e-10,
    5.001659642012157e-10,
    5.001659642012157e-10,
    5.001659642012157e-10,
    5.001659642012157e-10,
    5.001659642012157e-10,
    5.001659642012157e-10,
    5.001659642012157e-10,
    5.001659642012157e-10,
    5.001659642012157e-10,
    5.001659642012157e-10
  ],
  "q_err_entropy": [
    0.8054868502494617,
    0.8312261868745853,
    0.7578400365817242,
    0.8257049581943414,
    0.8168895855928079,
    0.8310035528280796,
    0.7798269085395031,
    0.7885160996363714,
    0.8297547048483139,
    0.8730721550110059,
    0.8161297249488342,
    0.8441691520886544,
    0.7648676740817535,
    0.8118913662739289,
    0.8036446403234433
  ],
  "q_err_gini": [
    0.9022968640694251,
    0.900864764665946,
    0.907230427631965,
    0.9007938580635266,
    0.9027887414663266,
    0.9006779361993839,
    0.9058215572283819,
    0.9033033205912664,
    0.9003193959211692,
    0.8967126210530599,
    0.9009703856248122,
    0.9001188614429572,
    0.9080110849478306,
    0.902974573465494,
    0.9045656277583196
  ],