{
  "total_loss": [
    2.741483197762416,
    0.8068870626963102,
    0.7134493260811536,
    0.881113105859512,
    0.8309162266743488,
    0.6715144369846735,
    1.218905439743629
  ],
  "main_loss": [
    2.741365218009704,
    0.8066154764248774,
    0.7127647499243418,
    0.8808787740193881,
    0.8303471475075452,
    0.6710377794045669,
    1.21773307904219
  ],
  "shap_loss": [
    0.4343313467808259,
    0.5183171224899781,
    0.5357630046514364,
    0.5148164652861081,
    0.5175729393959045,
    0.5408281263632652,
    0.48866538283152455
  ],
  "shap_loss_normalized": [
    0.022722750269354153,
    0.003853122041059228,
    0.0060060883645350355,
    0.0047431134929259615,
    0.004440032888968022,
    0.003622944639900174,
    0.006580714888584156
  ],
  "tikhonov_loss": [
    0.0,
    0.0,
    0.0,
    0.0,
    0.0,
    0.0,
    0.0
  ],
  "nonnegativity_loss": [
    0.0,
    0.0,
    0.0,
    0.0,
    0.0,
    0.0,
    0.0
  ],
  "tikhonov_lambda": [
    0.0,
    0.0,
    0.0,
    0.0,
    0.0,
    0.0,
    0.0
  ],
  "nonnegativity_lambda": [
    0.0,
    0.0,
    0.0,
    0.0,
    0.0,
    0.0,
    0.0
  ],
  "shap_scale_factor": [
    0.06367575478429473,
    0.007514222801461723,
    0.011234474255005041,
    0.009373882159962918,
    0.008705065626100465,
    0.006749205213229991,
    0.014055146137847538
  ],
  "shap_contribution": [
    0.0001179470723283698,
    0.00027158974448983104,
    0.0006845794395746615,
    0.00023433123864472294,
    0.000569076411640988,
    0.0004766566450528514,
    0.0011723595066891552
  ],
  "tikhonov_contribution": [
    0.0,
    0.0,
    0.0,
    0.0,
    0.0,
    0.0,
    0.0
  ],
  "nonnegativity_contribution": [
    0.0,
    0.0,
    0.0,
    0.0,
    0.0,
    0.0,
    0.0
  ],
  "regularization_share": [
    0.00010796837824226794,
    0.00032537537079343245,
    0.0010409992926958985,
    0.00031841113607839595,
    0.00073310108372795,
    0.0007513891531621663,
    0.0010865491735792565
  ],
  "accuracy_guard_loss": [
    0.0,
    0.0,
    0.0,
    0.0,
    0.0,
    0.0,
    0.0
  ],
  "accuracy_guard_contribution": [
    0.0,
    0.0,
    0.0,
    0.0,
    0.0,
    0.0,
    0.0
  ],
  "distill_loss": [
    0.0,
    0.0,
    0.0,
    0.0,
    0.0,
    0.0,
    0.0
  ],
  "distill_contribution": [
    0.0,
    0.0,
    0.0,
    0.0,
    0.0,
    0.0,
    0.0
  ],
  "gate_entropy": [
    0.0019005319515529734,
    0.0019010057320627265,
    0.0019011769043759275,
    0.001901742345534074,
    0.0019022954974132471,
    0.0019027690689724225,
    0.0019038694624144298
  ],
  "gate_min": [
    0.9998998917066134,
    0.9998997816672692,
    0.999899705251058,
    0.9998995554752839,
    0.9998993262266501,
    0.999899087808071,
    0.9998987362934992
  ],
  "gate_max": [
    0.9999000506523328,
    0.9999000567656297,
    0.9999000445390359,
    0.9999000170291998,
    0.9999001026153564,
    0.9999001026153564,
    0.9999001026153564
  ],
  "gate_anchor_loss": [
    1.0006443263731713e-08,
    1.0011468941611266e-08,
    1.0013372877309825e-08,
    1.0019181017603328e-08,
    1.0025143678168055e-08,
    1.0030080606527054e-08,
    1.004162095924608e-08
  ],
  "gate_anchor_contribution": [
    5.003221796975947e-10,
    5.00573455905413e-10,
    5.006686603765004e-10,
    5.009590477487682e-10,
    5.012572009887569e-10,
    5.01504043421291e-10,
    5.020810690280743e-10
  ],
  "q_err_entropy": [
    NaN,
    NaN,
    NaN,
    NaN,
    NaN,
    NaN,
    NaN
  ],
  "q_err_gini": [
    NaN,
    NaN,
    NaN,
    NaN,
    NaN,
    NaN,
    NaN
  ],
  "q_err_corr": [
    NaN,
    NaN,
    NaN,
    NaN,
    NaN,
    NaN,
    NaN
  ],
  "p_q_corr": [
    NaN,
    NaN,
    NaN,
    NaN,
    NaN,
    NaN,
    NaN
  ],
  "ea_ratio": [
    0.00010799026454267919,
    0.0003255130652224836,
    0.0010423342845080276,
    0.000318528483405363,
    0.0007337858775057471,
    0.0007520433864556253,
    0.0010886760223328541
  ],
  "main_grad_norm": [
    10549.466491699219,
    11210.465087890625,
    12658.059814453125,
    7065.248291015625,
    14924.42578125,
    12887.972900390625,
    12291.70068359375
  ],
  "ea_grad_norm": [
    1.6973411440849304,
    0.49597132205963135,
    0.36830829083919525,
    0.6314124017953873,
    0.6079410314559937,
    0.5602777004241943,
    0.7135428786277771
  ],
  "ea_main_grad_ratio": [
    0.0005257799435641434,
    5.8614212294675496e-05,
    4.036274060534892e-05,
    8.898899839908847e-05,
    4.870212622843936e-05,
    4.861581325985884e-05,
    7.33619881706546e-05
  ],
  "ea_scale": [
    46.95454702989785,
    237.8395301330475,
    454.0348183149092,
    118.21276272803993,
    244.10416603019044,
    222.2060070315189,
    249.57346835089666
  ],
  "main_grad_params": [
    26.0,
    26.0,
    26.0,
    26.0,
    26.0,
    26.0,
    26.0
  ],
  "ea_grad_params": [
    26.0,
    26.0,
    26.0,
    26.0,
    26.0,
    26.0,
    26.0
  ],
  "grad_params_total": [
    26.0,
    26.0,
    26.0,
    26.0,
    26.0,
    26.0,
    26.0
  ],
  "rank_loss_raw": [
    NaN,
    NaN,
    NaN,
    NaN,
    NaN,
    NaN,
    NaN
  ],
  "bottom_inv_loss_raw": [
    NaN,
    NaN,
    NaN,
    NaN,
    NaN,
    NaN,
    NaN
  ],
  "rank_pairs_count": [
    NaN,
    NaN,
    NaN,
    NaN,
    NaN,
    NaN,
    NaN
  ],
  "rank_violations_count": [
    NaN,
    NaN,
    NaN,
    NaN,
    NaN,
    NaN,
    NaN
  ],
  "rank_grad_norm": [
    NaN,
    NaN,
    NaN,
    NaN,
    NaN,
    NaN,
    NaN
  ],
  "rank_main_grad_ratio": [
    NaN,
    NaN,
    NaN,
    NaN,
    NaN,
    NaN,
    NaN
  ],
  "shap_clip_active": [
    0.0,
    0.0,
    0.0,
    0.0,
    0.0,
    0.0,
    0.0
  ],
  "epoch_accepted": [
    1.0,
    1.0,
    1.0,
    1.0,
    1.0,
    1.0,
    1.0
  ],
  "lr": [
    8e-05,
    8e-05,
    8e-05,
    8e-05,
    8e-05,
    8e-05,
    8e-05
  ],
  "adaptive_gamma": [
    0.00019999999999999996,
    0.0002761904761904763,
    0.00035238095238095254,
    0.0004285714285714286,
    0.0005047619047619046,
    0.0005809523809523808,
    0.000657142857142857
  ],
  "convergence_slowdown": [
    0.41790485156304213,
    0.20010465724751442,
    0.37102305738083413,
    0.24698645142972248,
    0.20000000000000004,
    0.20000000000000004,
    0.20000000000000004
  ],
  "shap_consistency": [
    0.0,
    0.0,
    0.0,
    0.0,
    0.0,
    0.0,
    0.0
  ],
  "shap_sparsity": [
    0.4343313467808259,
    0.5183171224899781,
    0.5357630046514364,
    0.5148164652861081,
    0.5175729393959045,
    0.5408281263632652,
    0.48866538283152455
  ],
  "shap_faithfulness": [
    0.0,
    0.0,
    0.0,
    0.0,
    0.0,
    0.0,
    0.0
  ],
  "shap_stability": [
    0.0,
    0.0,
    0.0,
    0.0,
    0.0,
    0.0,
    0.0
  ],
  "shap_weight_consistency": [
    0.0,
    0.0,
    0.0,
    0.0,
    0.0,
    0.0,
    0.0
  ],
  "shap_weight_sparsity": [
    1.0,
    1.0,
    1.0,
    1.0,
    1.0,
    1.0,
    1.0
  ],
  "shap_weight_faithfulness": [
    0.0,
    0.0,
    0.0,
    0.0,
    0.0,
    0.0,
    0.0
  ],
  "shap_weight_stability": [
    0.0,
    0.0,
    0.0,
    0.0,
    0.0,
    0.0,
    0.0
  ],
  "val_main_loss": [
    0.8582796454429626,
    0.7580401301383972,
    0.5703359842300415,
    0.9473127126693726,
    0.5290190577507019,
    1.06431245803833,
    1.4840087890625
  ]
}