{
  "total_loss": [
    3.459311521970309,
    0.9221075314741868,
    1.0965590392931914
  ],
  "main_loss": [
    3.459311521970309,
    0.9216991907511002,
    1.0959615799096913
  ],
  "shap_loss": [
    0.1068556173107563,
    0.09265661908265872,
    0.09762000808349022
  ],
  "shap_loss_normalized": [
    0.04623755798316919,
    0.018541297517143764,
    0.03844477718648238
  ],
  "tikhonov_loss": [
    0.0,
    0.0,
    0.0
  ],
  "nonnegativity_loss": [
    0.0,
    0.0,
    0.0
  ],
  "tikhonov_lambda": [
    0.0,
    0.0,
    0.0
  ],
  "nonnegativity_lambda": [
    0.0,
    0.0,
    0.0
  ],
  "shap_scale_factor": [
    0.41790485156304213,
    0.20010465724751442,
    0.3841545602559267
  ],
  "shap_contribution": [
    0.0,
    0.0004083426454319404,
    0.0005974531315867073
  ],
  "tikhonov_contribution": [
    0.0,
    0.0,
    0.0
  ],
  "nonnegativity_contribution": [
    0.0,
    0.0,
    0.0
  ],
  "regularization_share": [
    3.5194913495074805e-10,
    0.0004819845514382513,
    0.000547880594198642
  ],
  "accuracy_guard_loss": [
    0.0,
    0.0,
    0.0
  ],
  "accuracy_guard_contribution": [
    0.0,
    0.0,
    0.0
  ],
  "distill_loss": [
    0.0,
    0.0,
    0.0
  ],
  "distill_contribution": [
    0.0,
    0.0,
    0.0
  ],
  "gate_entropy": [
    0.0019005502914436734,
    0.0019008253898041754,
    0.0019011677344305776
  ],
  "gate_min": [
    0.9998998947632618,
    0.9998998611401289,
    0.9998997449874878
  ],
  "gate_max": [
    0.9999000751055204,
    0.9999001026153564,
    0.9999001026153564
  ],
  "gate_anchor_loss": [
    1.0006637000496236e-08,
    1.000966377590774e-08,
    1.0013242497272573e-08
  ],
  "gate_anchor_contribution": [
    5.003318614117146e-10,
    5.004832104305024e-10,
    5.006621171774693e-10
  ],
  "q_err_entropy": [
    0.8186821265098376,
    0.8418336747548519,
    0.8186689087977777
  ],
  "q_err_gini": [
    0.897543578575819,
    0.8890137978089161,
    0.8990138234236301
  ],
  "q_err_corr": [
    0.7376531496349918,
    0.6436892257621273,
    0.7636630573811439
  ],
  "p_q_corr": [
    0.6556465534063486,
    0.6988677306052966,
    0.6836493382087121
  ],
  "ea_ratio": [
    0.0,
    0.00048223589226090087,
    0.0005484041002301427
  ],
  "main_grad_norm": [
    9201.697998046875,
    14638.5146484375,
    19321.460815429688
  ],
  "ea_grad_norm": [
    4.011991500854492,
    3.791319489479065,
    14.32394814491272
  ],
  "ea_main_grad_ratio": [
    0.0008181265753074172,
    0.00026470235240349404,
    0.003322926838089462
  ],
  "ea_scale": [
    21.625552053341714,
    37.96284070850012,
    31.685644941314457
  ],
  "main_grad_params": [
    26.0,
    26.0,
    26.0
  ],
  "ea_grad_params": [
    26.0,
    26.0,
    26.0
  ],
  "grad_params_total": [
    26.0,
    26.0,
    26.0
  ],
  "rank_loss_raw": [
    0.009390248928983241,
    0.010007196726898352,
    0.00986052531366929
  ],
  "bottom_inv_loss_raw": [
    0.0,
    0.0,
    0.0
  ],
  "rank_pairs_count": [
    169.64102564102564,
    170.05128205128204,
    169.92307692307693
  ],
  "rank_violations_count": [
    58.15384615384615,
    60.69230769230769,
    60.92307692307692
  ],
  "rank_grad_norm": [
    4.574425935745239,
    7.138172149658203,
    9.048003196716309
  ],
  "rank_main_grad_ratio": [
    0.000760329535313464,
    0.0004892241385436002,
    0.0014021693503499012
  ],
  "shap_clip_active": [
    0.0,
    0.0,
    0.0
  ],
  "epoch_accepted": [
    1.0,
    1.0,
    1.0
  ],
  "lr": [
    8e-05,
    8e-05,
    8e-05
  ],
  "adaptive_gamma": [
    0.00019999999999999996,
    0.0005809523809523808,
    0.0009619047619047619
  ],
  "convergence_slowdown": [
    0.41790485156304213,
    0.20010465724751442,
    0.3841545602559267
  ],
  "shap_consistency": [
    0.1068556173107563,
    0.09265661908265872,
    0.09762000808349022
  ],
  "shap_sparsity": [
    0.9472736716270447,
    0.9472736716270447,
    0.9472736655137478
  ],
  "shap_faithfulness": [
    0.3664812629039471,
    0.3052311959939125,
    0.32499977258535534
  ],
  "shap_stability": [
    0.0,
    0.0,
    0.0
  ],
  "shap_weight_consistency": [
    1.0,
    1.0,
    1.0
  ],
  "shap_weight_sparsity": [
    0.0,
    0.0,
    0.0
  ],
  "shap_weight_faithfulness": [
    0.0,
    0.0,
    0.0
  ],
  "shap_weight_stability": [
    0.0,
    0.0,
    0.0
  ],
  "val_main_loss": [
    0.9442442059516907,
    1.623920202255249,
    2.001239538192749
  ]
}