{
  "total_loss": [
    3.844133346508711,
    0.6170508754559052,
    0.4922184149424235,
    0.44227256644994783,
    0.42301478829139316,
    0.4029664718187772,
    0.3930630611303525,
    0.38729668122071487,
    0.38608206502902204,
    0.38467544317245483,
    0.38790937073719806,
    0.3900800530727093
  ],
  "main_loss": [
    3.4955420005015836,
    0.5617700211512737,
    0.449717742510331,
    0.4084549305530695,
    0.3968107921954913,
    0.38457798652159864,
    0.37973965054903275,
    0.37836834941154873,
    0.37712050859744733,
    0.3778007565400539,
    0.37877883934057677,
    0.3783941933741936
  ],
  "shap_loss": [
    0.10084520987211129,
    0.08922171802856983,
    0.09183796648031627,
    0.09741822840311588,
    0.09081558119028042,
    0.09266482427334174,
    0.09949827499878712,
    0.0994818980495135,
    0.09945034293028024,
    0.09151783165259239,
    0.09789256159311686,
    0.09839187008448136
  ],
  "shap_loss_normalized": [
    0.044819216745404095,
    0.05041436726848284,
    0.05719379732050957,
    0.051189341224156894,
    0.03781931489132918,
    0.019291184556025725,
    0.02780948942288374,
    0.03275186004929054,
    0.021813088072798192,
    0.03658839310399997,
    0.01957851280577672,
    0.019678374274800986
  ],
  "tikhonov_loss": [
    0.0,
    0.0,
    0.0,
    0.0,
    0.0,
    0.0,
    0.0,
    0.0,
    0.0,
    0.0,
    0.0,
    0.0
  ],
  "nonnegativity_loss": [
    0.0,
    0.0,
    0.0,
    0.0,
    0.0,
    0.0,
    0.0,
    0.0,
    0.0,
    0.0,
    0.0,
    0.0
  ],
  "tikhonov_lambda": [
    0.0,
    0.0,
    0.0,
    0.0,
    0.0,
    0.0,
    0.0,
    0.0,
    0.0,
    0.0,
    0.0,
    0.0
  ],
  "nonnegativity_lambda": [
    0.0,
    0.0,
    0.0,
    0.0,
    0.0,
    0.0,
    0.0,
    0.0,
    0.0,
    0.0,
    0.0,
    0.0
  ],
  "shap_scale_factor": [
    0.41790485156304213,
    0.5683376577573126,
    0.6251866715024159,
    0.5282084243103119,
    0.4165630919795245,
    0.2080264935984807,
    0.28271642887027504,
    0.3352930799402816,
    0.22051282051282056,
    0.39749668829773616,
    0.20000000000000004,
    0.20000000000000004
  ],
  "shap_contribution": [
    0.0,
    0.0,
    0.0,
    0.0,
    2.932002795811665e-05,
    4.893711388248425e-05,
    0.00021739934275571542,
    8.552927960035726e-05,
    0.00014464421688805884,
    8.300934468234818e-05,
    0.00021039212599414616,
    0.00019860984302328853
  ],
  "tikhonov_contribution": [
    0.0,
    0.0,
    0.0,
    0.0,
    0.0,
    0.0,
    0.0,
    0.0,
    0.0,
    0.0,
    0.0,
    0.0
  ],
  "nonnegativity_contribution": [
    0.0,
    0.0,
    0.0,
    0.0,
    0.0,
    0.0,
    0.0,
    0.0,
    0.0,
    0.0,
    0.0,
    0.0
  ],
  "regularization_share": [
    0.08857809010283649,
    0.08857808978810167,
    0.08564826626072959,
    0.07308777882813504,
    0.05922749156874335,
    0.04397510976860663,
    0.03129429452438158,
    0.022518807606020264,
    0.020816252032907195,
    0.017039921955907793,
    0.022358632028446308,
    0.026104805769383493
  ],
  "accuracy_guard_loss": [
    3.1168300753984695,
    0.1831036057227697,
    0.07107682869984554,
    0.03156008093785017,
    0.021377394978816692,
    0.01036759370412582,
    0.004987206978675647,
    0.0023448581878955546,
    0.002545090057911017,
    0.0016125364181322928,
    0.0032458767676964784,
    0.003300291605484791
  ],
  "accuracy_guard_contribution": [
    0.3485913886091648,
    0.05528085860304344,
    0.04250067099928856,
    0.03381763799832417,
    0.02617467490908427,
    0.01833954697044996,
    0.013106009946801724,
    0.008842804302007724,
    0.008816914012034735,
    0.006791674460356052,
    0.008920138749556664,
    0.011487250526746115
  ],
  "distill_loss": [
    0.0,
    0.0,
    0.0,
    0.0,
    0.0,
    0.0,
    0.0,
    0.0,
    0.0,
    0.0,
    0.0,
    0.0
  ],
  "distill_contribution": [
    0.0,
    0.0,
    0.0,
    0.0,
    0.0,
    0.0,
    0.0,
    0.0,
    0.0,
    0.0,
    0.0,
    0.0
  ],
  "gate_entropy": [
    0.0019003699491851223,
    0.0019002201734110713,
    0.0019002201734110713,
    0.0019002201734110713,
    0.0019002201734110713,
    0.0019002201734110713,
    0.0019002201734110713,
    0.0019002201734110713,
    0.0019002201734110713,
    0.0019002201734110713,
    0.0019002201734110713,
    0.0019002201734110713
  ],
  "gate_min": [
    0.9998998978199103,
    0.9998999834060669,
    0.9998999834060669,
    0.9998999834060669,
    0.9998999834060669,
    0.9998999834060669,
    0.9998999834060669,
    0.9998999834060669,
    0.9998999834060669,
    0.9998999834060669,
    0.9998999834060669,
    0.9998999834060669
  ],
  "gate_max": [
    0.9999000475956843,
    0.9998999834060669,
    0.9998999834060669,
    0.9998999834060669,
    0.9998999834060669,
    0.9998999834060669,
    0.9998999834060669,
    0.9998999834060669,
    0.9998999834060669,
    0.9998999834060669,
    0.9998999834060669,
    0.9998999834060669
  ],
  "gate_anchor_loss": [
    1.0004866860905773e-08,
    1.000331906197971e-08,
    1.000331906197971e-08,
    1.000331906197971e-08,
    1.000331906197971e-08,
    1.000331906197971e-08,
    1.000331906197971e-08,
    1.000331906197971e-08,
    1.000331906197971e-08,
    1.000331906197971e-08,
    1.000331906197971e-08,
    1.000331906197971e-08
  ],
  "gate_anchor_contribution": [
    5.002433595562977e-10,
    5.001659642012157e-10,
    5.001659642012157e-10,
    5.001659642012157e-10,
    5.001659642012157e-10,
    5.001659642012157e-10,
    5.001659642012157e-10,
    5.001659642012157e-10,
    5.001659642012157e-10,
    5.001659642012157e-10,
    5.001659642012157e-10,
    5.001659642012157e-10
  ],
  "q_err_entropy": [
    0.8426293593186599,
    0.8725399191562946,
    0.8305510467825792,
    0.8593130715382404,
    0.8720046564554557,
    0.8528058125804632,
    0.8032992535676712,
    0.7660798495396589,
    0.8342900184484628,
    0.8868772486845652,
    0.7167428926779673,
    0.870993435382843
  ],
  "q_err_gini": [
    0.8963933938588852,
    0.890923681931618,
    0.8971725610586313,
    0.8955651017335745,
    0.892479399840037,
    0.8940057143186911,
    0.898844607365437,
    0.9011459549268087,
    0.8972588517726996,
    0.8886086482268113,
    0.9088242787581223,
    0.8932144244511923
  ],
  "q_err_corr": [
    0.6595412404031346,
    0.6899506978642864,
    0.7177974171458911,
    0.7636037382941979,
    0.7049855857323377,
    0.7593888540107471,
    0.7162097833859615,
    0.7739580606038754,
    0.7640446808475715,
    0.7139711063832809,
    0.7510827186589057,
    0.7317138012403097
  ],
  "p_q_corr": [
    0.6681101016509228,
    0.7031587453988882,
    0.6956105155822558,
    0.6777548851110996,
    0.698705350741362,
    0.6929274736306607,
    0.6717666066609896,
    0.6718398898075788,
    0.6720154789777902,
    0.6967446376115848,
    0.676446673197624,
    0.6753158370653788
  ],
  "ea_ratio": [
    0.0,
    0.0,
    0.0,
    0.0,
    8.314154258233686e-05,
    0.0001318090323296089,
    0.0006178052191479275,
    0.00023313412328626818,
    0.0004243770370241971,
    0.00022886963229095086,
    0.0006045088433520271,
    0.0005499915016862827
  ],
  "main_grad_norm": [
    14999.856201171875,
    7682.6976318359375,
    3645.8257446289062,
    3040.8367919921875,
    2182.5137939453125,
    3428.67626953125,
    3165.7294921875,
    1630.328369140625,
    1674.714599609375,
    1831.7091674804688,
    2411.469970703125,
    2413.2864379882812
  ],
  "ea_grad_norm": [
    4.203111052513123,
    12.251601219177246,
    4.88863730430603,
    8.158315896987915,
    4.789390206336975,
    4.492868542671204,
    2.36285537481308,
    5.73539924621582,
    2.416083812713623,
    8.594078302383423,
    3.1212427616119385,
    2.3591192960739136
  ],