{
  "total_loss": [
    3.7411828621839867,
    0.6744204316383753,
    0.5485718831037864,
    0.43645396217321736,
    0.4412279694508284,
    0.39737520806300336,
    0.3885052142999111,
    0.39558117206280047,
    0.39954858254163694,
    0.39470101243410355,
    0.39107778400946885,
    0.39591501614986324,
    0.3908410144922061,
    0.39181051269555706,
    0.3912332355976105
  ],
  "main_loss": [
    3.40218201203224,
    0.6142009252156967,
    0.5011314168954507,
    0.4058111860201909,
    0.40914270740288955,
    0.3803277783668958,
    0.37792696096958256,
    0.3794976220681117,
    0.3812278959995661,
    0.3776935293124272,
    0.3783376476703546,
    0.38106954670869386,
    0.37799451442865223,
    0.3793104527852474,
    0.38031785610394603
  ],
  "shap_loss": [
    0.1209338162189875,
    0.12792785618549737,
    0.1252472305145019,
    0.12714841751716074,
    0.12460549271259552,
    0.12582468871886915,
    0.12437876027363998,
    0.13062473692190954,
    0.12420866046196376,
    0.1248987064911769,
    0.12086921471815842,
    0.12479438422582088,
    0.12607480795719686,
    0.12739422764533606,
    0.1304506078744546
  ],
  "shap_loss_normalized": [
    0.04851117300299498,
    0.08185949195653965,
    0.05275679083588796,
    0.02551034489312233,
    0.05101257185332286,
    0.055156731930298686,
    0.038523462577125966,
    0.026124947776014987,
    0.024841732608202178,
    0.024979741479723882,
    0.024173843411680978,
    0.02495887737052563,
    0.025214961897104215,
    0.03467287419316096,
    0.04578552352121243
  ],
  "tikhonov_loss": [
    0.0,
    0.0,
    0.0,
    0.0,
    0.0,
    0.0,
    0.0,
    0.0,
    0.0,
    0.0,
    0.0,
    0.0,
    0.0,
    0.0,
    0.0
  ],
  "nonnegativity_loss": [
    0.0,
    0.0,
    0.0,
    0.0,
    0.0,
    0.0,
    0.0,
    0.0,
    0.0,
    0.0,
    0.0,
    0.0,
    0.0,
    0.0,
    0.0
  ],
  "tikhonov_lambda": [
    0.0,
    0.0,
    0.0,
    0.0,
    0.0,
    0.0,
    0.0,
    0.0,
    0.0,
    0.0,
    0.0,
    0.0,
    0.0,
    0.0,
    0.0
  ],
  "nonnegativity_lambda": [
    0.0,
    0.0,
    0.0,
    0.0,
    0.0,
    0.0,
    0.0,
    0.0,
    0.0,
    0.0,
    0.0,
    0.0,
    0.0,
    0.0,
    0.0
  ],
  "shap_scale_factor": [
    0.41790485156304213,
    0.6375771844585396,
    0.4233915529574307,
    0.2006456647034155,
    0.4127114833251595,
    0.4355289392004737,
    0.31242983207703373,
    0.20000000000000004,
    0.20000000000000004,
    0.20000000000000004,
    0.20000000000000004,
    0.20000000000000004,
    0.20000000000000004,
    0.26952961568346184,
    0.34847989312709476
  ],
  "shap_contribution": [
    0.0,
    0.0,
    0.0,
    0.0,
    0.0,
    0.0,
    1.1015420661864575e-05,
    1.958990539536059e-05,
    5.37830886829537e-05,
    5.740307274092443e-05,
    3.4431259336997755e-05,
    5.659233652411972e-05,
    0.00013487093607321955,
    0.0001412920322857248,
    4.3718887937780564e-05
  ],
  "tikhonov_contribution": [
    0.0,
    0.0,
    0.0,
    0.0,
    0.0,
    0.0,
    0.0,
    0.0,
    0.0,
    0.0,
    0.0,
    0.0,
    0.0,
    0.0,
    0.0
  ],
  "nonnegativity_contribution": [
    0.0,
    0.0,
    0.0,
    0.0,
    0.0,
    0.0,
    0.0,
    0.0,
    0.0,
    0.0,
    0.0,
    0.0,
    0.0,
    0.0,
    0.0
  ],
  "regularization_share": [
    0.08857809043804335,
    0.0885780899938942,
    0.08391608473984252,
    0.0672164166140564,
    0.07119846963224284,
    0.040852408872377476,
    0.023629484575804216,
    0.03925787620256243,
    0.041331317467549464,
    0.041463244620905844,
    0.03173296275747862,
    0.0329251342040704,
    0.030702688329834357,
    0.030849408211750848,
    0.027170842823295214
  ],
  "accuracy_guard_loss": [
    3.024862737991871,
    0.23660580393595573,
    0.12484859541440621,
    0.030733918532347068,
    0.035533829377247736,
    0.006556099041914329,
    0.00363577099946829,
    0.004526108885422731,
    0.006880171405963409,
    0.006632448771061041,
    0.0035994014678857266,
    0.006720944092823909,
    0.0038841550166790304,
    0.0035831183195114136,
    0.005466243395438561
  ],
  "accuracy_guard_contribution": [
    0.3390008645753066,
    0.060219512344935,
    0.047440467068018057,
    0.030642776869428463,
    0.032085259134570755,
    0.017047430746830426,
    0.010567235927551221,
    0.016063958024367306,
    0.018266901469383486,
    0.016950080839869302,
    0.012705706394253632,
    0.014788876693600263,
    0.012711628459585018,
    0.012358765905866256,
    0.010871660871765552
  ],
  "distill_loss": [
    0.0,
    0.0,
    0.0,
    0.0,
    0.0,
    0.0,
    0.0,
    0.0,
    0.0,
    0.0,
    0.0,
    0.0,
    0.0,
    0.0,
    0.0
  ],
  "distill_contribution": [
    0.0,
    0.0,
    0.0,
    0.0,
    0.0,
    0.0,
    0.0,
    0.0,
    0.0,
    0.0,
    0.0,
    0.0,
    0.0,
    0.0,
    0.0
  ],
  "gate_entropy": [
    0.0019005288949045234,
    0.0019002201734110713,
    0.0019002201734110713,
    0.0019002201734110713,
    0.0019002201734110713,
    0.0019002201734110713,
    0.0019002201734110713,
    0.0019002201734110713,
    0.0019002201734110713,
    0.0019002201734110713,
    0.0019002201734110713,
    0.0019002201734110713,
    0.0019002201734110713,
    0.0019002201734110713,
    0.0019002201734110713
  ],
  "gate_min": [
    0.9998998917066134,
    0.9998999834060669,
    0.9998999834060669,
    0.9998999834060669,
    0.9998999834060669,
    0.9998999834060669,
    0.9998999834060669,
    0.9998999834060669,
    0.9998999834060669,
    0.9998999834060669,
    0.9998999834060669,
    0.9998999834060669,
    0.9998999834060669,
    0.9998999834060669,
    0.9998999834060669
  ],
  "gate_max": [
    0.9999000231424967,
    0.9998999834060669,
    0.9998999834060669,
    0.9998999834060669,
    0.9998999834060669,
    0.9998999834060669,
    0.9998999834060669,
    0.9998999834060669,
    0.9998999834060669,
    0.9998999834060669,
    0.9998999834060669,
    0.9998999834060669,
    0.9998999834060669,
    0.9998999834060669,
    0.9998999834060669
  ],
  "gate_anchor_loss": [
    1.0006442944898435e-08,
    1.000331906197971e-08,
    1.000331906197971e-08,
    1.000331906197971e-08,
    1.000331906197971e-08,
    1.000331906197971e-08,
    1.000331906197971e-08,
    1.000331906197971e-08,
    1.000331906197971e-08,
    1.000331906197971e-08,
    1.000331906197971e-08,
    1.000331906197971e-08,
    1.000331906197971e-08,
    1.000331906197971e-08,
    1.000331906197971e-08
  ],
  "gate_anchor_contribution": [
    5.003221654639662e-10,
    5.001659642012157e-10,
    5.001659642012157e-10,
    5.001659642012157e-10,
    5.001659642012157e-10,
    5.001659642012157e-10,
    5.001659642012157e-10,
    5.001659642012157e-10,
    5.001659642012157e-10,
    5.001659642012157e-10,
    5.001659642012157e-10,
    5.001659642012157e-10,
    5.001659642012157e-10,
    5.001659642012157e-10,
    5.001659642012157e-10
  ],
  "q_err_entropy": [
    0.7180139277225885,
    0.727630648857508,
    0.7383796542118757,
    0.7347823106325589,
    0.737613823169317,
    0.7321761273420774,
    0.7200734844574561,
    0.7222436567147573,
    0.7406317629875281,
    0.7527899008530837,
    0.7887813915044833,
    0.7409357122885876,
    0.7383778951106927,
    0.7110641560493371,
    0.7331876280980233
  ],
  "q_err_gini": [
    0.9116909931867551,
    0.9106925787069858,
    0.9089367206280048,
    0.9101274624848977,
    0.9081526826589535,
    0.9096639049358857,
    0.9099358717600504,
    0.910992518449441,
    0.9088750695570921,
    0.9075494897671235,
    0.9041118438427265,
    0.9092953571906457,
    0.909327968572959,
    0.9121003930385296,
    0.9098552205623724
  ],