{
  "total_loss": [
    2.7413702049316506,
    0.8066076330649548,
    0.714355970804508,
    0.8136652998435192,
    0.8989491745447501,
    0.7624767988156049,
    0.732156379864766
  ],
  "main_loss": [
    2.7413702049316506,
    0.8066076330649548,
    0.714355970804508,
    0.8136652998435192,
    0.8989491745447501,
    0.7624767988156049,
    0.7321327267548977
  ],
  "shap_loss": [
    0.009158752357157377,
    0.008876515170320487,
    0.009234344085248617,
    0.008580651182012681,
    0.009041268796397325,
    0.008874349140872559,
    0.008965192231325766
  ],
  "shap_loss_normalized": [
    0.0038725084458024073,
    0.0017763313431388293,
    0.003432015661532298,
    0.003770251015129571,
    0.001997902123735119,
    0.0017748698592185974,
    0.0017930384701452195
  ],
  "tikhonov_loss": [
    0.0,
    0.0,
    0.0,
    0.0,
    0.0,
    0.0,
    0.0
  ],
  "nonnegativity_loss": [
    0.0,
    0.0,
    0.0,
    0.0,
    0.0,
    0.0,
    0.0
  ],
  "tikhonov_lambda": [
    0.0,
    0.0,
    0.0,
    0.0,
    0.0,
    0.0,
    0.0
  ],
  "nonnegativity_lambda": [
    0.0,
    0.0,
    0.0,
    0.0,
    0.0,
    0.0,
    0.0
  ],
  "shap_scale_factor": [
    0.41790485156304213,
    0.20010465724751442,
    0.37102305738083413,
    0.44012872988553187,
    0.22069490843407813,
    0.20000000000000004,
    0.20000000000000004
  ],
  "shap_contribution": [
    0.0,
    0.0,
    0.0,
    0.0,
    0.0,
    0.0,
    2.365334160295345e-05
  ],
  "tikhonov_contribution": [
    0.0,
    0.0,
    0.0,
    0.0,
    0.0,
    0.0,
    0.0
  ],
  "nonnegativity_contribution": [
    0.0,
    0.0,
    0.0,
    0.0,
    0.0,
    0.0,
    0.0
  ],
  "regularization_share": [
    4.2650491913737317e-10,
    6.664912987542647e-10,
    7.88847510087751e-10,
    6.87808623548743e-10,
    6.488700606569776e-10,
    7.53989785350171e-10,
    3.643616123519396e-05
  ],
  "accuracy_guard_loss": [
    0.0,
    0.0,
    0.0,
    0.0,
    0.0,
    0.0,
    0.0
  ],
  "accuracy_guard_contribution": [
    0.0,
    0.0,
    0.0,
    0.0,
    0.0,
    0.0,
    0.0
  ],
  "distill_loss": [
    0.0,
    0.0,
    0.0,
    0.0,
    0.0,
    0.0,
    0.0
  ],
  "distill_contribution": [
    0.0,
    0.0,
    0.0,
    0.0,
    0.0,
    0.0,
    0.0
  ],
  "gate_entropy": [
    0.0019005319515529734,
    0.0019010057320627265,
    0.0019011738477274776,
    0.0019016964958073236,
    0.0019023901878450161,
    0.001903300925802726,
    0.00190387863235978
  ],
  "gate_min": [
    0.9998998917066134,
    0.9998997816672692,
    0.9998997083077064,
    0.9998995463053385,
    0.9998992620370327,
    0.9998990113918598,
    0.9998988279929528
  ],
  "gate_max": [
    0.9999000506523328,
    0.9999000567656297,
    0.9999000445390359,
    0.9999000445390359,
    0.9999001026153564,
    0.999900072048872,
    0.999900038425739
  ],
  "gate_anchor_loss": [
    1.0006443263731713e-08,
    1.0011468941611266e-08,
    1.0013340584053436e-08,
    1.0018665874119902e-08,
    1.0026104254515863e-08,
    1.0035644953231253e-08,
    1.0041843892029425e-08
  ],
  "gate_anchor_contribution": [
    5.003221796975947e-10,
    5.00573455905413e-10,
    5.006670462830261e-10,
    5.009333019614997e-10,
    5.013052266747491e-10,
    5.017822567710849e-10,
    5.020922054190289e-10
  ],
  "q_err_entropy": [
    0.9771927717404488,
    0.9899343160482553,
    0.9484018836265955,
    1.0159770724100945,
    0.9864452588252532,
    0.9325001973372239,
    0.9734317767314422
  ],
  "q_err_gini": [
    0.8841313750315936,
    0.882631045121413,
    0.8859865329204462,
    0.8785854058387952,
    0.8811047153595166,
    0.8895715841880212,
    0.883884052435557
  ],
  "q_err_corr": [
    0.855826641383924,
    0.8410662916990427,
    0.8541499834794265,
    0.830384129897142,
    0.8293595703748556,
    0.7977671829553751,
    0.8647146286108555
  ],
  "p_q_corr": [
    0.9948000541100135,
    0.9950409653859261,
    0.9946796450859461,
    0.99612317329798,
    0.9949584954824203,
    0.9955018758773804,
    0.9951059176371648
  ],
  "ea_ratio": [
    0.0,
    0.0,
    0.0,
    0.0,
    0.0,
    0.0,
    3.643715743423971e-05
  ],
  "main_grad_norm": [
    10549.413757324219,
    11217.665771484375,
    12414.79443359375,
    8629.876953125,
    5551.2340087890625,
    17019.32373046875,
    11979.29052734375
  ],
  "ea_grad_norm": [
    3.620611786842346,
    0.9040307104587555,
    0.8226066529750824,
    2.6985124349594116,
    1.5697177052497864,
    1.01163050532341,
    0.9963186085224152
  ],
  "ea_main_grad_ratio": [
    0.0024263021721166234,
    0.00010618390462002582,
    9.714505406094457e-05,
    0.0007549162064739848,
    0.0002721979759010664,
    5.9057169930387565e-05,
    9.155974738965774e-05
  ],
  "ea_scale": [
    52.124800733307616,
    129.83734912887533,
    209.76186986658763,
    24.412254758694964,
    37.25556225666251,
    171.2646436186677,
    119.50780524367627
  ],
  "main_grad_params": [
    26.0,
    26.0,
    26.0,
    26.0,
    26.0,
    26.0,
    26.0
  ],
  "ea_grad_params": [
    26.0,
    26.0,
    26.0,
    26.0,
    26.0,
    26.0,
    26.0
  ],
  "grad_params_total": [
    26.0,
    26.0,
    26.0,
    26.0,
    26.0,
    26.0,
    26.0
  ],
  "rank_loss_raw": [
    0.0018895509211012186,
    0.0017822063498151226,
    0.001788810620872447,
    0.00180579385218712,
    0.0017779008336126422,
    0.001727693108244775,
    0.0017810783271367352
  ],
  "bottom_inv_loss_raw": [
    0.0,
    0.0,
    0.0,
    0.0,
    0.0,
    0.0,
    0.0
  ],
  "rank_pairs_count": [
    170.84615384615384,
    170.53846153846155,
    170.64102564102564,
    170.6153846153846,
    170.66666666666666,
    170.69230769230768,
    170.66666666666666
  ],
  "rank_violations_count": [
    48.256410256410255,
    46.48717948717949,
    46.333333333333336,
    46.1025641025641,
    45.97435897435897,
    45.84615384615385,
    46.38461538461539
  ],
  "rank_grad_norm": [
    3.046344041824341,
    2.493778884410858,
    3.239926338195801,
    1.9072479009628296,
    3.248149275779724,
    3.503303289413452,
    2.15927255153656
  ],
  "rank_main_grad_ratio": [
    0.0009318397627589292,
    0.00034495155849256244,
    0.0003902433661323296,
    0.0006942135795393264,
    0.0006296396366036939,
    0.000210559444122811,
    0.0001895659205886177
  ],
  "shap_clip_active": [
    0.0,
    0.0,
    0.0,
    0.0,
    0.0,
    0.0,
    0.0
  ],
  "epoch_accepted": [
    1.0,
    1.0,
    1.0,
    1.0,
    1.0,
    1.0,
    1.0
  ],
  "lr": [
    8e-05,
    8e-05,
    8e-05,
    8e-05,
    8e-05,
    8e-05,
    8e-05
  ],
  "adaptive_gamma": [
    0.00019999999999999996,
    0.0002761904761904763,
    0.00035238095238095254,
    0.0004285714285714286,
    0.0005047619047619046,
    0.0005809523809523808,
    0.000657142857142857
  ],
  "convergence_slowdown": [
    0.41790485156304213,
    0.20010465724751442,
    0.37102305738083413,
    0.44012872988553187,
    0.22069490843407813,
    0.20000000000000004,
    0.20000000000000004
  ],
  "shap_consistency": [
    0.009158752357157377,
    0.008876515170320487,
    0.009234344085248617,
    0.008580651182012681,
    0.009041268796397325,
    0.008874349140872559,
    0.008965192231325766
  ],
  "shap_sparsity": [
    0.9472736716270447,
    0.9472736655137478,
    0.9472736624570993,
    0.9472736502305056,
    0.9472735952108334,
    0.9472735187946222,
    0.9472734882281377
  ],
  "shap_faithfulness": [
    0.18720774772839668,
    0.17335568483059222,
    0.17267904564356193,
    0.19842206170925727,
    0.18161942828924227,
    0.18121257405250502,
    0.1731865908472966
  ],
  "shap_stability": [
    0.0,
    0.0,
    0.0,
    0.0,
    0.0,
    0.0,
    0.0
  ],
  "shap_weight_consistency": [
    1.0,
    1.0,
    1.0,
    1.0,
    1.0,
    1.0,
    1.0
  ],
  "shap_weight_sparsity": [
    0.0,
    0.0,
    0.0,
    0.0,
    0.0,
    0.0,
    0.0
  ],