{
  "total_loss": [
    4.207458250033549,
    0.9106505849422553,
    0.8669139574735593,
    1.1490136981010437,
    0.8642835800464337,
    0.7483797959792309,
    0.9923301904629438,
    0.7731790894117111,
    0.8332671553660662,
    0.7838570345670749,
    0.8858596078860455,
    0.8992263277371725,
    0.7846135275486188,
    1.0093713800112407,
    0.9898028862782013,
    1.5405853314277453,
    0.8542276804263775,
    1.0207733106918824,
    0.7667803107163845,
    1.045737019716165
  ],
  "main_loss": [
    4.200519329462296,
    0.9072529444327722,
    0.8635272643504999,
    1.145611768349623,
    0.8572154014538496,
    0.7449610516046866,
    0.988926791991943,
    0.7697804539631574,
    0.8298767644625443,
    0.7779692556613531,
    0.8812617483811501,
    0.8958157828220954,
    0.7812240887910892,
    1.0059817998837202,
    0.9864031466153952,
    1.5372069860116029,
    0.8508268778140728,
    1.0173882750364451,
    0.7633996262000158,
    1.042346451527033
  ],
  "shap_loss": [
    0.3341653171258095,
    0.3395865513728215,
    0.33866908993476474,
    0.340194175640742,
    0.3393566906452179,
    0.3390557857660147,
    0.34034059674311906,
    0.33986387038842225,
    0.339038100762245,
    0.3379857203899286,
    0.3405002508407984,
    0.34105397799076176,
    0.33894307338274443,
    0.33895809680987626,
    0.33997361323772335,
    0.33783281231537843,
    0.34008114230938447,
    0.33850367252643293,
    0.3380685441004924,
    0.33905584460649735
  ],
  "shap_loss_normalized": [
    0.13877767152511156,
    0.0679527454269238,
    0.06773381928602855,
    0.06803883631259967,
    0.14136365151558167,
    0.06837490525765297,
    0.06806812110619667,
    0.06797277545317626,
    0.06780762206285428,
    0.117755627593933,
    0.09195727759446853,
    0.06821079762318195,
    0.06778861524967048,
    0.06779162127238053,
    0.06799472409945267,
    0.06756656406781612,
    0.06801623029586597,
    0.06770073622465134,
    0.06761371000454976,
    0.06781117025858317
  ],
  "tikhonov_loss": [
    0.0,
    0.0,
    0.0,
    0.0,
    0.0,
    0.0,
    0.0,
    0.0,
    0.0,
    0.0,
    0.0,
    0.0,
    0.0,
    0.0,
    0.0,
    0.0,
    0.0,
    0.0,
    0.0,
    0.0
  ],
  "nonnegativity_loss": [
    0.0,
    0.0,
    0.0,
    0.0,
    0.0,
    0.0,
    0.0,
    0.0,
    0.0,
    0.0,
    0.0,
    0.0,
    0.0,
    0.0,
    0.0,
    0.0,
    0.0,
    0.0,
    0.0,
    0.0
  ],
  "tikhonov_lambda": [
    0.0,
    0.0,
    0.0,
    0.0,
    0.0,
    0.0,
    0.0,
    0.0,
    0.0,
    0.0,
    0.0,
    0.0,
    0.0,
    0.0,
    0.0,
    0.0,
    0.0,
    0.0,
    0.0,
    0.0
  ],
  "nonnegativity_lambda": [
    0.0,
    0.0,
    0.0,
    0.0,
    0.0,
    0.0,
    0.0,
    0.0,
    0.0,
    0.0,
    0.0,
    0.0,
    0.0,
    0.0,
    0.0,
    0.0,
    0.0,
    0.0,
    0.0,
    0.0
  ],
  "shap_scale_factor": [
    0.41790485156304213,
    0.20010465724751442,
    0.20000000000000004,
    0.20000000000000004,
    0.4163481126566271,
    0.20166139615392956,
    0.20000000000000004,
    0.20000000000000004,
    0.20000000000000004,
    0.34779242328063475,
    0.2702170855299218,
    0.20000000000000004,
    0.20000000000000004,
    0.20000000000000004,
    0.20000000000000004,
    0.20000000000000004,
    0.20000000000000004,
    0.20000000000000004,
    0.20000000000000004,
    0.20000000000000004
  ],
  "shap_contribution": [
    0.006938883688491888,
    0.003397637315524312,
    0.0033866910216135858,
    0.003401941870554135,
    0.007068182676075361,
    0.003418745305866767,
    0.0034034061066519758,
    0.003398638845493014,
    0.003390381154484856,
    0.0058877815146190235,
    0.004597863940617595,
    0.003410539930113233,
    0.003389430817407675,
    0.003389581124513195,
    0.0033997362479567528,
    0.0033783282404049085,
    0.003400811561359427,
    0.0033850368494406724,
    0.0033806855611216565,
    0.0033905585535252704
  ],
  "tikhonov_contribution": [
    0.0,
    0.0,
    0.0,
    0.0,
    0.0,
    0.0,
    0.0,
    0.0,
    0.0,
    0.0,
    0.0,
    0.0,
    0.0,
    0.0,
    0.0,
    0.0,
    0.0,
    0.0,
    0.0,
    0.0
  ],
  "nonnegativity_contribution": [
    0.0,
    0.0,
    0.0,
    0.0,
    0.0,
    0.0,
    0.0,
    0.0,
    0.0,
    0.0,
    0.0,
    0.0,
    0.0,
    0.0,
    0.0,
    0.0,
    0.0,
    0.0,
    0.0,
    0.0
  ],
  "regularization_share": [
    0.0035266633709496423,
    0.00412532165664652,
    0.004303368125319536,
    0.003669258288544222,
    0.008980617163275174,
    0.004961156896443457,
    0.00405018358254523,
    0.004732421349040343,
    0.00436859537534894,
    0.008668845945974396,
    0.005998528443501189,
    0.004245045192783452,
    0.004811958389386229,
    0.0037315096850650264,
    0.003784088796906003,
    0.002755974745194653,
    0.004606195877238611,
    0.00392016649769738,
    0.0048084787385319835,
    0.004031576016776936
  ],
  "accuracy_guard_loss": [
    0.0,
    0.0,
    0.0,
    0.0,
    0.0,
    0.0,
    0.0,
    0.0,
    0.0,
    0.0,
    0.0,
    0.0,
    0.0,
    0.0,
    0.0,
    0.0,
    0.0,
    0.0,
    0.0,
    0.0
  ],
  "accuracy_guard_contribution": [
    0.0,
    0.0,
    0.0,
    0.0,
    0.0,
    0.0,
    0.0,
    0.0,
    0.0,
    0.0,
    0.0,
    0.0,
    0.0,
    0.0,
    0.0,
    0.0,
    0.0,
    0.0,
    0.0,
    0.0
  ],
  "distill_loss": [
    0.0,
    0.0,
    0.0,
    0.0,
    0.0,
    0.0,
    0.0,
    0.0,
    0.0,
    0.0,
    0.0,
    0.0,
    0.0,
    0.0,
    0.0,
    0.0,
    0.0,
    0.0,
    0.0,
    0.0
  ],
  "distill_contribution": [
    0.0,
    0.0,
    0.0,
    0.0,
    0.0,
    0.0,
    0.0,
    0.0,
    0.0,
    0.0,
    0.0,
    0.0,
    0.0,
    0.0,
    0.0,
    0.0,
    0.0,
    0.0,
    0.0,
    0.0
  ],
  "gate_entropy": [
    NaN,
    NaN,
    NaN,
    NaN,
    NaN,
    NaN,
    NaN,
    NaN,
    NaN,
    NaN,
    NaN,
    NaN,
    NaN,
    NaN,
    NaN,
    NaN,
    NaN,
    NaN,
    NaN,
    NaN
  ],
  "gate_min": [
    NaN,
    NaN,
    NaN,
    NaN,
    NaN,
    NaN,
    NaN,
    NaN,
    NaN,
    NaN,
    NaN,
    NaN,
    NaN,
    NaN,
    NaN,
    NaN,
    NaN,
    NaN,
    NaN,
    NaN
  ],
  "gate_max": [
    NaN,
    NaN,
    NaN,
    NaN,
    NaN,
    NaN,
    NaN,
    NaN,
    NaN,
    NaN,
    NaN,
    NaN,
    NaN,
    NaN,
    NaN,
    NaN,
    NaN,
    NaN,
    NaN,
    NaN
  ],
  "gate_anchor_loss": [
    0.0,
    0.0,
    0.0,
    0.0,
    0.0,
    0.0,
    0.0,
    0.0,
    0.0,
    0.0,
    0.0,
    0.0,
    0.0,
    0.0,
    0.0,
    0.0,
    0.0,
    0.0,
    0.0,
    0.0
  ],
  "gate_anchor_contribution": [
    0.0,
    0.0,
    0.0,
    0.0,
    0.0,
    0.0,
    0.0,
    0.0,
    0.0,
    0.0,
    0.0,
    0.0,
    0.0,
    0.0,
    0.0,
    0.0,
    0.0,
    0.0,
    0.0,
    0.0
  ],
  "q_err_entropy": [
    0.9300813644360273,
    0.9153805298682971,
    0.9312190000827496,
    0.8793797584680411,
    0.9798634709456028,
    0.9388077679352883,
    0.865246274532416,
    0.9474076200754215,
    0.9254687596590091,
    0.9366356944426512,
    0.8491962185272803,
    0.8749541533298981,
    0.9187480012575785,
    0.9033847588759202,
    0.9121105915460831,
    0.9449317119060419,
    0.9032558737657009,
    0.9363502905919001,
    0.9289389986258286,
    0.9312716783621372
  ],
  "q_err_gini": [
    0.8851994138497573,
    0.8867112306448129,
    0.8848480658653455,
    0.8918268374907665,
    0.8799462822767404,
    0.8835505827879294,
    0.8916378647853167,
    0.8825769179906601,
    0.8838120607229379,
    0.8844502293146573,
    0.8932425914666592,
    0.8893386996709384,
    0.885493495525458,
    0.8876945055448092,
    0.8862506273465279,
    0.8823239895013663,
    0.8862079702890836,
    0.8824612880364443,
    0.8858595903103168,
    0.8843752940495809
  ],