{
  "total_loss": [
    3.459311521970309,
    0.9221087877566998,
    1.096734337317638
  ],
  "main_loss": [
    3.459311521970309,
    0.9217004470336132,
    1.0961369031514876
  ],
  "shap_loss": [
    0.10686622464503998,
    0.09265739604448661,
    0.09762120208679101
  ],
  "shap_loss_normalized": [
    0.04624225189670538,
    0.018541453286814384,
    0.03844512917865545
  ],
  "tikhonov_loss": [
    0.0,
    0.0,
    0.0
  ],
  "nonnegativity_loss": [
    0.0,
    0.0,
    0.0
  ],
  "tikhonov_lambda": [
    0.0,
    0.0,
    0.0
  ],
  "nonnegativity_lambda": [
    0.0,
    0.0,
    0.0
  ],
  "shap_scale_factor": [
    0.41790485156304213,
    0.20010465724751442,
    0.3841545602559267
  ],
  "shap_contribution": [
    0.0,
    0.00040834538865452394,
    0.000597432331955926
  ],
  "tikhonov_contribution": [
    0.0,
    0.0,
    0.0
  ],
  "nonnegativity_contribution": [
    0.0,
    0.0,
    0.0
  ],
  "regularization_share": [
    3.5194913495074805e-10,
    0.0004819875591656103,
    0.0005478546126949634
  ],
  "accuracy_guard_loss": [
    0.0,
    0.0,
    0.0
  ],
  "accuracy_guard_contribution": [
    0.0,
    0.0,
    0.0
  ],
  "distill_loss": [
    0.0,
    0.0,
    0.0
  ],
  "distill_contribution": [
    0.0,
    0.0,
    0.0
  ],
  "gate_entropy": [
    0.0019005502914436734,
    0.0019008253898041754,
    0.0019011677344305776
  ],
  "gate_min": [
    0.9998998947632618,
    0.9998998611401289,
    0.9998997449874878
  ],
  "gate_max": [
    0.9999000751055204,
    0.9999001026153564,
    0.9999001026153564
  ],
  "gate_anchor_loss": [
    1.0006637000496236e-08,
    1.000966377590774e-08,
    1.0013242497272573e-08
  ],
  "gate_anchor_contribution": [
    5.003318614117146e-10,
    5.004832104305024e-10,
    5.006621171774693e-10
  ],
  "q_err_entropy": [
    0.8180968635357343,
    0.8418159442834365,
    0.8186040799587201
  ],
  "q_err_gini": [
    0.897627633351546,
    0.8890157127991701,
    0.8990221206958477
  ],
  "q_err_corr": [
    0.7376531586786242,
    0.6436891339193934,
    0.7636629783381255
  ],
  "p_q_corr": [
    0.6556140016286801,
    0.6988652333235129,
    0.6836442932104453
  ],
  "ea_ratio": [
    0.0,
    0.0004822389056267312,
    0.0005483780963307557
  ],
  "main_grad_norm": [
    9201.697998046875,
    14638.5146484375,
    19321.44970703125
  ],
  "ea_grad_norm": [
    4.012389063835144,
    3.791311740875244,
    14.324334859848022
  ],
  "ea_main_grad_ratio": [
    0.0008181522308552455,
    0.0002647036356690734,
    0.00332372075262752
  ],
  "ea_scale": [
    21.62222936347108,
    37.96279849152484,
    31.684370959627977
  ],
  "main_grad_params": [
    26.0,
    26.0,
    26.0
  ],
  "ea_grad_params": [
    26.0,
    26.0,
    26.0
  ],
  "grad_params_total": [
    26.0,
    26.0,
    26.0
  ],
  "rank_loss_raw": [
    0.009390870097260445,
    0.01000719667913822,
    0.009860306834945312
  ],
  "bottom_inv_loss_raw": [
    0.0,
    0.0,
    0.0
  ],
  "rank_pairs_count": [
    169.66666666666666,
    170.05128205128204,
    169.92307692307693
  ],
  "rank_violations_count": [
    58.17948717948718,
    60.69230769230769,
    60.92307692307692
  ],
  "rank_grad_norm": [
    4.574425935745239,
    7.138172149658203,
    9.0480055809021
  ],
  "rank_main_grad_ratio": [
    0.000760329535313464,
    0.0004892241385436002,
    0.0014024531831950372
  ],
  "shap_clip_active": [
    0.0,
    0.0,
    0.0
  ],
  "epoch_accepted": [
    1.0,
    1.0,
    1.0
  ],
  "lr": [
    8e-05,
    8e-05,
    8e-05
  ],
  "adaptive_gamma": [
    0.00019999999999999996,
    0.0005809523809523808,
    0.0009619047619047619
  ],
  "convergence_slowdown": [
    0.41790485156304213,
    0.20010465724751442,
    0.3841545602559267
  ],
  "shap_consistency": [
    0.10686622464503998,
    0.09265739604448661,
    0.09762120208679101
  ],
  "shap_sparsity": [
    0.9472736716270447,
    0.9472736716270447,
    0.9472736594004508
  ],
  "shap_faithfulness": [
    0.36652442812919617,
    0.3052325840943899,
    0.32500504453976947
  ],
  "shap_stability": [
    0.0,
    0.0,
    0.0
  ],
  "shap_weight_consistency": [
    1.0,
    1.0,
    1.0
  ],
  "shap_weight_sparsity": [
    0.0,
    0.0,
    0.0
  ],
  "shap_weight_faithfulness": [
    0.0,
    0.0,
    0.0
  ],
  "shap_weight_stability": [
    0.0,
    0.0,
    0.0
  ],
  "val_main_loss": [
    0.9442442059516907,
    1.623991847038269,
    2.0010416507720947
  ]
}