{
  "total_loss": [
    3.0631897418926926,
    0.7381864373500531,
    1.2291573530588396,
    1.0426441071889339,
    0.6997314378237113
  ],
  "main_loss": [
    3.0631897418926926,
    0.7381864373500531,
    1.2291573530588396,
    1.0425019569886036,
    0.6995796950963827
  ],
  "shap_loss": [
    0.11666532223805404,
    0.10950755385252145,
    0.11146774028356259,
    0.11950674710365441,
    0.10898217004843247
  ],
  "shap_loss_normalized": [
    0.04955982230603695,
    0.021916757934750654,
    0.022293548457897626,
    0.03458716056476801,
    0.053325251795542546
  ],
  "tikhonov_loss": [
    0.0,
    0.0,
    0.0,
    0.0,
    0.0
  ],
  "nonnegativity_loss": [
    0.0,
    0.0,
    0.0,
    0.0,
    0.0
  ],
  "tikhonov_lambda": [
    0.0,
    0.0,
    0.0,
    0.0,
    0.0
  ],
  "nonnegativity_lambda": [
    0.0,
    0.0,
    0.0,
    0.0,
    0.0
  ],
  "shap_scale_factor": [
    0.41790485156304213,
    0.20010465724751442,
    0.20000000000000004,
    0.294682240836087,
    0.4826420434596501
  ],
  "shap_contribution": [
    0.0,
    0.0,
    0.0,
    0.00014215730091867348,
    0.0001517425394596126
  ],
  "tikhonov_contribution": [
    0.0,
    0.0,
    0.0,
    0.0,
    0.0
  ],
  "nonnegativity_contribution": [
    0.0,
    0.0,
    0.0,
    0.0,
    0.0
  ],
  "regularization_share": [
    0.0,
    0.0,
    0.0,
    0.0002019556414687218,
    0.00025019996522800293
  ],
  "accuracy_guard_loss": [
    0.0,
    0.0,
    0.0,
    0.0,
    0.0
  ],
  "accuracy_guard_contribution": [
    0.0,
    0.0,
    0.0,
    0.0,
    0.0
  ],
  "distill_loss": [
    0.0,
    0.0,
    0.0,
    0.0,
    0.0
  ],
  "distill_contribution": [
    0.0,
    0.0,
    0.0,
    0.0,
    0.0
  ],
  "gate_entropy": [
    NaN,
    NaN,
    NaN,
    NaN,
    NaN
  ],
  "gate_min": [
    NaN,
    NaN,
    NaN,
    NaN,
    NaN
  ],
  "gate_max": [
    NaN,
    NaN,
    NaN,
    NaN,
    NaN
  ],
  "gate_anchor_loss": [
    0.0,
    0.0,
    0.0,
    0.0,
    0.0
  ],
  "gate_anchor_contribution": [
    0.0,
    0.0,
    0.0,
    0.0,
    0.0
  ],
  "q_err_entropy": [
    1.68960946951157,
    1.685611483378288,
    1.660769352546105,
    1.6633407916778173,
    1.643476935533377
  ],
  "q_err_gini": [
    0.7794400743949108,
    0.7793846940382932,
    0.7855158784450629,
    0.7853363553682963,
    0.7885098793567755
  ],
  "q_err_corr": [
    0.900227427482605,
    0.9032183381227347,
    0.8371599721602905,
    0.871460708288046,
    0.8890026020698059
  ],
  "p_q_corr": [
    -0.029522159945768997,
    0.06388086965307593,
    0.05258769866747734,
    -0.03649974177973584,
    0.06005520614771507
  ],
  "ea_ratio": [
    0.0,
    0.0,
    0.0,
    0.00020208467042091518,
    0.00025027528233924665
  ],
  "main_grad_norm": [
    6303.387512207031,
    8198.191650390625,
    17079.42578125,
    14151.869873046875,
    10914.556884765625
  ],
  "ea_grad_norm": [
    34.03228807449341,
    8.414917230606079,
    9.661084175109863,
    7.782456874847412,
    17.044426441192627
  ],
  "ea_main_grad_ratio": [
    0.015694431247185715,
    0.001058132908814059,
    0.0005654081058174172,
    0.0006861814796368097,
    0.0018441821886206592
  ],
  "ea_scale": [
    4.001700776708209,
    10.117806820029273,
    17.8923284929734,
    17.48172201132095,
    6.200879667121244
  ],
  "main_grad_params": [
    25.0,
    25.0,
    25.0,
    25.0,
    25.0
  ],
  "ea_grad_params": [
    25.0,
    25.0,
    25.0,
    25.0,
    25.0
  ],
  "grad_params_total": [
    25.0,
    25.0,
    25.0,
    25.0,
    25.0
  ],
  "rank_loss_raw": [
    0.042171344543114685,
    0.03790815456364399,
    0.03903324758777252,
    0.04264580224377987,
    0.03829555810453036
  ],
  "bottom_inv_loss_raw": [
    0.0,
    0.0,
    0.0,
    0.0,
    0.0
  ],
  "rank_pairs_count": [
    170.6153846153846,
    170.43589743589743,
    170.74358974358975,
    170.71794871794873,
    170.6153846153846
  ],
  "rank_violations_count": [
    107.94871794871794,
    99.02564102564102,
    103.66666666666667,
    107.17948717948718,
    101.2051282051282
  ],
  "rank_grad_norm": [
    6.424522876739502,
    5.030045390129089,
    10.468582153320312,
    6.412560701370239,
    4.1567462682724
  ],
  "rank_main_grad_ratio": [
    0.002581308595969811,
    0.0006472366735668919,
    0.000613178803143638,
    0.0005548250607536906,
    0.00042029547446694544
  ],
  "shap_clip_active": [
    0.0,
    0.0,
    0.0,
    0.0,
    0.0
  ],
  "epoch_accepted": [
    1.0,
    1.0,
    1.0,
    1.0,
    1.0
  ],
  "lr": [
    8e-05,
    8e-05,
    8e-05,
    8e-05,
    8e-05
  ],
  "adaptive_gamma": [
    0.00019999999999999996,
    0.0003428571428571429,
    0.000485714285714286,
    0.0006285714285714289,
    0.0007714285714285716
  ],
  "convergence_slowdown": [
    0.41790485156304213,
    0.20010465724751442,
    0.20000000000000004,
    0.294682240836087,
    0.4826420434596501
  ],
  "shap_consistency": [
    0.11666532223805404,
    0.10950755385252145,
    0.11146774028356259,
    0.11950674710365441,
    0.10898217004843247
  ],
  "shap_sparsity": [
    0.0,
    0.0,
    0.0,
    0.0,
    0.0
  ],
  "shap_faithfulness": [
    0.0,
    0.0,
    0.0,
    0.0,
    0.0
  ],
  "shap_stability": [
    0.0,
    0.0,
    0.0,
    0.0,
    0.0
  ],
  "shap_weight_consistency": [
    1.0,
    1.0,
    1.0,
    1.0,
    1.0
  ],
  "shap_weight_sparsity": [
    0.0,
    0.0,
    0.0,
    0.0,
    0.0
  ],
  "shap_weight_faithfulness": [
    0.0,
    0.0,
    0.0,
    0.0,
    0.0
  ],
  "shap_weight_stability": [
    0.0,
    0.0,
    0.0,
    0.0,
    0.0
  ],
  "val_main_loss": [
    0.7795407176017761,
    1.152992844581604,
    0.5642130374908447,
    0.7094530463218689,
    1.2400782108306885
  ]
}