{
  "total_loss": [
    3.744714001814524,
    0.6733355292907128,
    0.5586092334527236,
    0.4380609561235477,
    0.44082754162641674,
    0.3975773388758684,
    0.3885822976246858,
    0.3956495882608952,
    0.39956879424743164,
    0.3946849214725005,
    0.39111785399608123,
    0.395995978361521,
    0.3909683342163379,
    0.3919836122256059,
    0.39128649693268996
  ],
  "main_loss": [
    3.4053919452887316,
    0.6132146272903833,
    0.5102253533326663,
    0.4074131876994402,
    0.40910775539202565,
    0.3804104366363623,
    0.3779514416670188,
    0.37951066631537217,
    0.3812365810840558,
    0.37765542284036296,
    0.37835328854047334,
    0.3810489896016243,
    0.3779732313675758,
    0.3793140260072855,
    0.38034470952474153
  ],
  "shap_loss": [
    0.10907093683878581,
    0.10887998801011306,
    0.10707366944123538,
    0.1066713300652993,
    0.10663567368800823,
    0.10631029575298993,
    0.10445262644535457,
    0.10626992487754577,
    0.10481849981424136,
    0.10744006339556132,
    0.11328407816397838,
    0.1096060234002578,
    0.11018286626308392,
    0.1125280112028122,
    0.11428701762969677
  ],
  "shap_loss_normalized": [
    0.044236137269017026,
    0.06978110692057854,
    0.057987252584634684,
    0.05623385248084863,
    0.051930385044752024,
    0.033340406962312184,
    0.03279595029277679,
    0.021253985472214527,
    0.02096370034492933,
    0.021488012984777108,
    0.022656816033980787,
    0.021921205310485303,
    0.02203657363469784,
    0.03031742510696252,
    0.03948676676895374
  ],
  "tikhonov_loss": [
    0.0,
    0.0,
    0.0,
    0.0,
    0.0,
    0.0,
    0.0,
    0.0,
    0.0,
    0.0,
    0.0,
    0.0,
    0.0,
    0.0,
    0.0
  ],
  "nonnegativity_loss": [
    0.0,
    0.0,
    0.0,
    0.0,
    0.0,
    0.0,
    0.0,
    0.0,
    0.0,
    0.0,
    0.0,
    0.0,
    0.0,
    0.0,
    0.0
  ],
  "tikhonov_lambda": [
    0.0,
    0.0,
    0.0,
    0.0,
    0.0,
    0.0,
    0.0,
    0.0,
    0.0,
    0.0,
    0.0,
    0.0,
    0.0,
    0.0,
    0.0
  ],
  "nonnegativity_lambda": [
    0.0,
    0.0,
    0.0,
    0.0,
    0.0,
    0.0,
    0.0,
    0.0,
    0.0,
    0.0,
    0.0,
    0.0,
    0.0,
    0.0,
    0.0
  ],
  "shap_scale_factor": [
    0.41790485156304213,
    0.6375771844585396,
    0.5390425278455387,
    0.528245911189904,
    0.4858777283400889,
    0.31087770221892,
    0.31242983207703373,
    0.20000000000000004,
    0.20000000000000004,
    0.20000000000000004,
    0.20000000000000004,
    0.20000000000000004,
    0.20000000000000004,
    0.26952961568346184,
    0.34847989312709476
  ],
  "shap_contribution": [
    0.0,
    0.0,
    0.0,
    0.0,
    0.0,
    0.0,
    2.574044661648655e-05,
    4.0129741533653425e-05,
    0.00011820651128894101,
    0.000125275089932331,
    0.00010048036356471502,
    0.0001561479203258223,
    0.00034147200849241554,
    0.0003714786871569231,
    0.00012239269954779258
  ],
  "tikhonov_contribution": [
    0.0,
    0.0,
    0.0,
    0.0,
    0.0,
    0.0,
    0.0,
    0.0,
    0.0,
    0.0,
    0.0,
    0.0,
    0.0,
    0.0,
    0.0
  ],
  "nonnegativity_contribution": [
    0.0,
    0.0,
    0.0,
    0.0,
    0.0,
    0.0,
    0.0,
    0.0,
    0.0,
    0.0,
    0.0,
    0.0,
    0.0,
    0.0,
    0.0
  ],
  "regularization_share": [
    0.0885780901463437,
    0.08857808869968786,
    0.08391608377788994,
    0.06700621245662826,
    0.07037615421510278,
    0.04117375855643064,
    0.02374818201474396,
    0.039367550475950176,
    0.041307331009553104,
    0.0415351090360399,
    0.03177402996481919,
    0.03320419660785209,
    0.031097867551409857,
    0.031338799984276085,
    0.02722095942356896
  ],
  "accuracy_guard_loss": [
    3.0280690361291933,
    0.23561237102899796,
    0.1342793978177584,
    0.03211767780475128,
    0.03551405668258667,
    0.006553340034607129,
    0.0036633389118390204,
    0.004510431335522578,
    0.006869206061730018,
    0.006561572353045146,
    0.0036024989990087655,
    0.006712779784813905,
    0.0038539736698835324,
    0.0035823644735874273,
    0.00547759731610616
  ],
  "accuracy_guard_contribution": [
    0.33932204286639506,
    0.060120901331687585,
    0.0483838787350135,
    0.030647770191232365,
    0.03171978532694853,
    0.017166903051428307,
    0.01060511510914717,
    0.01609879006177951,
    0.018214009702205658,
    0.016904221799893256,
    0.012664082961586805,
    0.014790838632063989,
    0.012653632376056451,
    0.012298108532260627,
    0.010819394619036943
  ],
  "distill_loss": [
    0.0,
    0.0,
    0.0,
    0.0,
    0.0,
    0.0,
    0.0,
    0.0,
    0.0,
    0.0,
    0.0,
    0.0,
    0.0,
    0.0,
    0.0
  ],
  "distill_contribution": [
    0.0,
    0.0,
    0.0,
    0.0,
    0.0,
    0.0,
    0.0,
    0.0,
    0.0,
    0.0,
    0.0,
    0.0,
    0.0,
    0.0,
    0.0
  ],
  "gate_entropy": [
    NaN,
    NaN,
    NaN,
    NaN,
    NaN,
    NaN,
    NaN,
    NaN,
    NaN,
    NaN,
    NaN,
    NaN,
    NaN,
    NaN,
    NaN
  ],
  "gate_min": [
    NaN,
    NaN,
    NaN,
    NaN,
    NaN,
    NaN,
    NaN,
    NaN,
    NaN,
    NaN,
    NaN,
    NaN,
    NaN,
    NaN,
    NaN
  ],
  "gate_max": [
    NaN,
    NaN,
    NaN,
    NaN,
    NaN,
    NaN,
    NaN,
    NaN,
    NaN,
    NaN,
    NaN,
    NaN,
    NaN,
    NaN,
    NaN
  ],
  "gate_anchor_loss": [
    0.0,
    0.0,
    0.0,
    0.0,
    0.0,
    0.0,
    0.0,
    0.0,
    0.0,
    0.0,
    0.0,
    0.0,
    0.0,
    0.0,
    0.0
  ],
  "gate_anchor_contribution": [
    0.0,
    0.0,
    0.0,
    0.0,
    0.0,
    0.0,
    0.0,
    0.0,
    0.0,
    0.0,
    0.0,
    0.0,
    0.0,
    0.0,
    0.0
  ],
  "q_err_entropy": [
    0.7852993370630802,
    0.8171734809875488,
    0.8547844611681424,
    0.8562334477901459,
    0.8177412901169214,
    0.8156754596111102,
    0.8605974744527768,
    0.8306201726962359,
    0.834538737932841,
    0.8067345107213045,
    0.754460626687759,
    0.8065262016577598,
    0.8059153923621545,
    0.7884185818525461,
    0.7595253861867465
  ],
  "q_err_gini": [
    0.9050705906672355,
    0.9020504645812206,
    0.8978100938674731,
    0.8975841571123172,
    0.9021407885429187,
    0.902340788107652,
    0.8978583858563349,
    0.9005524302140261,
    0.8988136694981501,
    0.9029363592465719,
    0.9091324103184235,
    0.9032001342528906,
    0.9040357592778329,
    0.9051986703505883,
    0.9073277559035864
  ],
  "q_err_corr": [
    0.9445849908025641,
    0.916228086520464,
    0.9398903189561306,
    0.9444058537483215,
    0.9195109819754576,
    0.889973507477687,
    0.8949705476944263,
    0.8869321139959189,
    0.8978587679373913,
    0.8949182430903116,
    0.9352050377772405,
    0.9079577777630243,
    0.924060120796546,
    0.9524030547875625,
    0.9444602330525717
  ],
  "p_q_corr": [
    0.6351518310033358,
    0.6380348083300468,
    0.6430891278462533,
    0.6447656551996866,
    0.6450771016952319,
    0.6458998780984145,
    0.6511929249152159,
    0.6460816065470377,
    0.6505613174193945,
    0.6428361596205295,
    0.6268151662288568,
    0.6367287803918887,
    0.6345930313452696,
    0.6287440244968121,
    0.6236942364619329
  ],
  "ea_ratio": [
    0.0,
    0.0,
    0.0,
    0.0,
    0.0,
    0.0,
    7.12003863718098e-05,
    0.00010860665991994887,
    0.0003234298682610433,
    0.0003470142602544421,
    0.0002765941151152126,
    0.00043226859307674784,
    0.0009300507521495605,
    0.0011108117812396719,
    0.00033755357584689197
  ],
  "main_grad_norm": [
    11536.633666992188,
    10875.140014648438,
    4715.69775390625,
    2418.2854614257812,
    6108.6163330078125,
    2479.268310546875,
    4556.9783935546875,
    2880.8058471679688,
    5282.548095703125,
    2948.8890380859375,
    1659.5415344238281,
    2439.39501953125,
    3940.466064453125,
    2438.5457153320312,
    1759.31591796875
  ],