{
  "total_loss": [
    2.3091476429731417,
    0.9859112149629837,
    0.7757488290468851,
    0.8965631753970416,
    1.0105818976194432,
    0.9947309822608263
  ],
  "main_loss": [
    2.2990557031753736,
    0.9810282251773736,
    0.7708555299502152,
    0.8858789465366266,
    1.0056774471050653,
    0.9898456335067749
  ],
  "shap_loss": [
    0.48486132041001934,
    0.4880473437981728,
    0.4893298080334297,
    0.48663133994126934,
    0.48966032343033034,
    0.4885350259450766
  ],
  "shap_loss_normalized": [
    0.201838629368024,
    0.0976599279122475,
    0.09786596359350742,
    0.21368457835454208,
    0.09808888362768368,
    0.09770700660271522
  ],
  "tikhonov_loss": [
    0.0,
    0.0,
    0.0,
    0.0,
    0.0,
    0.0
  ],
  "nonnegativity_loss": [
    0.0,
    0.0,
    0.0,
    0.0,
    0.0,
    0.0
  ],
  "tikhonov_lambda": [
    0.0,
    0.0,
    0.0,
    0.0,
    0.0,
    0.0
  ],
  "nonnegativity_lambda": [
    0.0,
    0.0,
    0.0,
    0.0,
    0.0,
    0.0
  ],
  "shap_scale_factor": [
    0.41790485156304213,
    0.20010465724751442,
    0.20000000000000004,
    0.4382039968621875,
    0.20031833246118966,
    0.20000000000000004
  ],
  "shap_contribution": [
    0.01009193159496555,
    0.004882996472028585,
    0.004893298284747662,
    0.01068422919473587,
    0.004904444293620495,
    0.004885350389835926
  ],
  "tikhonov_contribution": [
    0.0,
    0.0,
    0.0,
    0.0,
    0.0,
    0.0
  ],
  "nonnegativity_contribution": [
    0.0,
    0.0,
    0.0,
    0.0,
    0.0,
    0.0
  ],
  "regularization_share": [
    0.006388761560659757,
    0.0055581498678730565,
    0.007170603674513625,
    0.01600034570077337,
    0.006078507349243032,
    0.005439202855749772
  ],
  "accuracy_guard_loss": [
    0.0,
    0.0,
    0.0,
    0.0,
    0.0,
    0.0
  ],
  "accuracy_guard_contribution": [
    0.0,
    0.0,
    0.0,
    0.0,
    0.0,
    0.0
  ],
  "distill_loss": [
    0.0,
    0.0,
    0.0,
    0.0,
    0.0,
    0.0
  ],
  "distill_contribution": [
    0.0,
    0.0,
    0.0,
    0.0,
    0.0,
    0.0
  ],
  "gate_entropy": [
    0.0019004341388025726,
    0.0019008804094762756,
    0.0019015436335347402,
    0.0019021182088181376,
    0.0019034202246425243,
    0.0019043218463850326
  ],
  "gate_min": [
    0.9998998825366681,
    0.9998997266475971,
    0.9998995707585261,
    0.9998993904162676,
    0.9998991153179071,
    0.9998988555027888
  ],
  "gate_max": [
    0.9999000506523328,
    0.9999001026153564,
    0.9999001026153564,
    0.9999001026153564,
    0.9999001087286533,
    0.9999001026153564
  ],
  "gate_anchor_loss": [
    1.0005445406664084e-08,
    1.0010119753044131e-08,
    1.0017123108204883e-08,
    1.0023134504713665e-08,
    1.0036811518651016e-08,
    1.0046410017285103e-08
  ],
  "gate_anchor_contribution": [
    5.002722808660892e-10,
    5.005060112800299e-10,
    5.008561699285453e-10,
    5.011567400386568e-10,
    5.018405918742147e-10,
    5.023205071270517e-10
  ],
  "q_err_entropy": [
    1.2168684066870274,
    1.2281542252271602,
    1.213067774589245,
    1.2380585395372832,
    1.2021333621098444,
    1.2274634807537763
  ],
  "q_err_gini": [
    0.8589755174441215,
    0.8559684921533633,
    0.85873271104617,
    0.8553783205839304,
    0.8602593755110716,
    0.8554829038106478
  ],
  "q_err_corr": [
    0.9198163410550669,
    0.8939970372579037,
    0.9191631262119,
    0.9063564034608694,
    0.9190101883350275,
    0.9278193589968559
  ],
  "p_q_corr": [
    -0.26402687147641796,
    -0.2687842616668114,
    -0.2682230258599306,
    -0.26443816301150197,
    -0.26864650998360073,
    -0.2677321678552872
  ],
  "ea_ratio": [
    0.0065056136809289455,
    0.005592921396526389,
    0.007226821673938479,
    0.016477772643646367,
    0.006120691656505164,
    0.005472403682338504
  ],
  "main_grad_norm": [
    14367.28125,
    12647.30908203125,
    17784.41650390625,
    4743.9539794921875,
    12773.931640625,
    24389.95703125
  ],
  "ea_grad_norm": [
    59.53912353515625,
    17.322426795959473,
    22.802451133728027,
    42.313047885894775,
    12.460963726043701,
    21.790318489074707
  ],
  "ea_main_grad_ratio": [
    0.017318339719091507,
    0.0013629410749850211,
    0.0012946692429611874,
    0.012501897918309725,
    0.0011061552739581647,
    0.0009741615206819786
  ],
  "ea_scale": [
    1.0,
    1.0,
    1.0,
    1.0,
    1.0,
    1.0
  ],
  "main_grad_params": [
    26.0,
    26.0,
    26.0,
    26.0,
    26.0,
    26.0
  ],
  "ea_grad_params": [
    26.0,
    26.0,
    26.0,
    26.0,
    26.0,
    26.0
  ],
  "grad_params_total": [
    26.0,
    26.0,
    26.0,
    26.0,
    26.0,
    26.0
  ],
  "rank_loss_raw": [
    0.04743371932552411,
    0.047481653782037586,
    0.04792041704058647,
    0.04631665616463392,
    0.048354851511808544,
    0.04642986267423018
  ],
  "bottom_inv_loss_raw": [
    0.0,
    0.0,
    0.0,
    0.0,
    0.0,
    0.0
  ],
  "rank_pairs_count": [
    125.33333333333333,
    125.15384615384616,
    123.66666666666667,
    124.82051282051282,
    121.2051282051282,
    125.56410256410257
  ],
  "rank_violations_count": [
    87.38461538461539,
    86.15384615384616,
    86.23076923076923,
    85.23076923076923,
    85.6923076923077,
    85.7948717948718
  ],
  "rank_grad_norm": [
    16.812514305114746,
    18.69610023498535,
    22.369811058044434,
    12.455312728881836,
    15.162910461425781,
    20.62543296813965
  ],
  "rank_main_grad_ratio": [
    0.003583011409273738,
    0.0014879403787795686,
    0.0012682373759532787,
    0.003146718624470893,
    0.0013360048206883363,
    0.00091497883491907
  ],
  "shap_clip_active": [
    0.0,
    0.0,
    0.0,
    0.0,
    0.0,
    0.0
  ],
  "epoch_accepted": [
    1.0,
    1.0,
    1.0,
    1.0,
    1.0,
    1.0
  ],
  "lr": [
    8e-05,
    8e-05,
    8e-05,
    8e-05,
    8e-05,
    8e-05
  ],
  "adaptive_gamma": [
    0.05000000000000001,
    0.05000000000000001,
    0.05000000000000001,
    0.05000000000000001,
    0.05000000000000001,
    0.05000000000000001
  ],
  "convergence_slowdown": [
    0.41790485156304213,
    0.20010465724751442,
    0.20000000000000004,
    0.4382039968621875,
    0.20031833246118966,
    0.20000000000000004
  ],
  "shap_consistency": [
    0.48486132041001934,
    0.4880473437981728,
    0.4893298080334297,
    0.48663133994126934,
    0.48966032343033034,
    0.4885350259450766
  ],
  "shap_sparsity": [
    0.9472736716270447,
    0.9472736685703962,
    0.9472736563438025,
    0.9472736013241303,
    0.947273497398083,
    0.9472734576616532
  ],
  "shap_faithfulness": [
    0.0995778053616866,
    0.10287768202714431,
    0.09993333426805642,
    0.10273408717834033,
    0.09659265115475044,
    0.10070276814393508
  ],
  "shap_stability": [
    0.0,
    0.0,
    0.0,
    0.0,
    0.0,
    0.0
  ],
  "shap_weight_consistency": [
    1.0,
    1.0,
    1.0,
    1.0,
    1.0,
    1.0
  ],
  "shap_weight_sparsity": [
    0.0,
    0.0,
    0.0,
    0.0,
    0.0,
    0.0
  ],
  "shap_weight_faithfulness": [
    0.0,
    0.0,
    0.0,
    0.0,
    0.0,
    0.0
  ],
  "shap_weight_stability": [
    0.0,
    0.0,
    0.0,
    0.0,
    0.0,
    0.0
  ],
  "val_main_loss": [
    1.0314273834228516,
    0.7771443724632263,
    0.6626116633415222,
    1.0615731477737427,
    1.2485569715499878,
    0.9775235652923584
  ]
}