{
  "total_loss": [
    3.6681900941408596,
    0.7025252634134048,
    0.7880749778869824,
    0.7609693102347546,
    0.6749305358299842
  ],
  "main_loss": [
    3.6681900941408596,
    0.7025252634134048,
    0.7880463432043027,
    0.7606899379155575,
    0.6745404983178164
  ],
  "shap_loss": [
    0.015299091163354043,
    0.014152433520230727,
    0.01523180079097167,
    0.016023420131741427,
    0.01375826161641341
  ],
  "shap_loss_normalized": [
    0.007993946980255155,
    0.004515132377258478,
    0.006359583399712275,
    0.006526184578736623,
    0.003616358180387089
  ],
  "tikhonov_loss": [
    0.0,
    0.0,
    0.0,
    0.0,
    0.0
  ],
  "nonnegativity_loss": [
    0.0,
    0.0,
    0.0,
    0.0,
    0.0
  ],
  "tikhonov_lambda": [
    0.0,
    0.0,
    0.0,
    0.0,
    0.0
  ],
  "nonnegativity_lambda": [
    0.0,
    0.0,
    0.0,
    0.0,
    0.0
  ],
  "shap_scale_factor": [
    0.5094962287027754,
    0.3233272679744696,
    0.41790485156304213,
    0.40666643745940806,
    0.25014236729330175
  ],
  "shap_contribution": [
    0.0,
    0.0,
    2.863597813838845e-05,
    0.00027936842581346776,
    0.0003900368918458788
  ],
  "tikhonov_contribution": [
    0.0,
    0.0,
    0.0,
    0.0,
    0.0
  ],
  "nonnegativity_contribution": [
    0.0,
    0.0,
    0.0,
    0.0,
    0.0
  ],
  "regularization_share": [
    4.2262337456335945e-10,
    7.773514574051487e-10,
    4.593211850171387e-05,
    0.0004676164281284654,
    0.000710441561555568
  ],
  "accuracy_guard_loss": [
    0.0,
    0.0,
    0.0,
    0.0,
    0.0
  ],
  "accuracy_guard_contribution": [
    0.0,
    0.0,
    0.0,
    0.0,
    0.0
  ],
  "distill_loss": [
    0.0,
    0.0,
    0.0,
    0.0,
    0.0
  ],
  "distill_contribution": [
    0.0,
    0.0,
    0.0,
    0.0,
    0.0
  ],
  "gate_entropy": [
    0.0019004310821541226,
    0.0019008345597495253,
    0.0019009996187658263,
    0.001901094374867777,
    0.0019012777737747782
  ],
  "gate_min": [
    0.9998998947632618,
    0.9998998641967773,
    0.9998997663840269,
    0.9998996869111673,
    0.9998996257781982
  ],
  "gate_max": [
    0.9999000751055204,
    0.9999001026153564,
    0.999900065935575,
    0.9999001026153564,
    0.9999001026153564
  ],
  "gate_anchor_loss": [
    1.0005413910490892e-08,
    1.000972849906335e-08,
    1.001153327761218e-08,
    1.001247101183294e-08,
    1.0014439807329941e-08
  ],
  "gate_anchor_contribution": [
    5.002707080501377e-10,
    5.004864400408138e-10,
    5.005766840923616e-10,
    5.006235554310806e-10,
    5.007219937825679e-10
  ],
  "q_err_entropy": [
    1.775276318574563,
    1.7966186419511452,
    1.8615022072425256,
    1.7942366401354473,
    1.809466805213537
  ],
  "q_err_gini": [
    0.7552482822002509,
    0.7508579232753851,
    0.7399668678259238,
    0.7509244986069508,
    0.7467825412750244
  ],
  "q_err_corr": [
    0.6795762193046118,
    0.719049018736069,
    0.8125006946233603,
    0.7521561819773454,
    0.7637065656674213
  ],
  "p_q_corr": [
    0.9723663513477032,
    0.973634952153915,
    0.9707762660124363,
    0.9703042935102414,
    0.9755809780878898
  ],
  "ea_ratio": [
    0.0,
    0.0,
    4.59352473416612e-05,
    0.000468174838505757,
    0.0007126248588648218
  ],
  "main_grad_norm": [
    11573.808715820312,
    11248.839111328125,
    7675.434814453125,
    9709.50537109375,
    11980.848876953125
  ],
  "ea_grad_norm": [
    5.765386581420898,
    3.373737931251526,
    6.482580661773682,
    2.4133768677711487,
    1.1813719868659973
  ],
  "ea_main_grad_ratio": [
    0.0017007136402884266,
    0.00043312551780281904,
    0.0013390685372560718,
    0.00023591350007666639,
    0.0001248974109991083
  ],
  "ea_scale": [
    35.06447603860688,
    38.400390801527955,
    21.372273310196338,
    55.96454853039346,
    103.24050660307951
  ],
  "main_grad_params": [
    26.0,
    26.0,
    26.0,
    26.0,
    26.0
  ],
  "ea_grad_params": [
    26.0,
    26.0,
    26.0,
    26.0,
    26.0
  ],
  "grad_params_total": [
    26.0,
    26.0,
    26.0,
    26.0,
    26.0
  ],
  "rank_loss_raw": [
    0.003466855561456237,
    0.0030943527340124813,
    0.0034250394345667116,
    0.0033337312947528865,
    0.003209971464597262
  ],
  "bottom_inv_loss_raw": [
    0.0,
    0.0,
    0.0,
    0.0,
    0.0
  ],
  "rank_pairs_count": [
    170.6153846153846,
    170.71794871794873,
    170.71794871794873,
    170.71794871794873,
    170.48717948717947
  ],
  "rank_violations_count": [
    51.0,
    49.46153846153846,
    50.64102564102564,
    50.51282051282051,
    49.41025641025641
  ],
  "rank_grad_norm": [
    2.249763011932373,
    3.0638999342918396,
    3.2532546520233154,
    2.132551670074463,
    1.8287418484687805
  ],
  "rank_main_grad_ratio": [
    0.0004771095508597563,
    0.00026284676811586297,
    0.0005039903257201216,
    0.00021426690858034915,
    0.00020161247820262555
  ],
  "shap_clip_active": [
    0.0,
    0.0,
    0.0,
    0.0,
    0.0
  ],
  "epoch_accepted": [
    1.0,
    1.0,
    1.0,
    1.0,
    1.0
  ],
  "lr": [
    8e-05,
    8e-05,
    8e-05,
    8e-05,
    8e-05
  ],
  "adaptive_gamma": [
    0.00019999999999999996,
    0.00039047619047619065,
    0.0005809523809523808,
    0.0007714285714285716,
    0.0009619047619047619
  ],
  "convergence_slowdown": [
    0.5094962287027754,
    0.3233272679744696,
    0.41790485156304213,
    0.40666643745940806,
    0.25014236729330175
  ],
  "shap_consistency": [
    0.015299091163354043,
    0.014152433520230727,
    0.01523180079097167,
    0.016023420131741427,
    0.01375826161641341
  ],
  "shap_sparsity": [
    0.9472736716270447,
    0.9472736716270447,
    0.9472736716270447,
    0.9472736624570993,
    0.9472736685703962
  ],
  "shap_faithfulness": [
    0.275484846952634,
    0.22426008108334664,
    0.20112785467734703,
    0.21633429596057305,
    0.21723745228388372
  ],
  "shap_stability": [
    0.0,
    0.0,
    0.0,
    0.0,
    0.0
  ],
  "shap_weight_consistency": [
    1.0,
    1.0,
    1.0,
    1.0,
    1.0
  ],
  "shap_weight_sparsity": [
    0.0,
    0.0,
    0.0,
    0.0,
    0.0
  ],
  "shap_weight_faithfulness": [
    0.0,
    0.0,
    0.0,
    0.0,
    0.0
  ],
  "shap_weight_stability": [
    0.0,
    0.0,
    0.0,
    0.0,
    0.0
  ],
  "val_main_loss": [
    0.6134985685348511,
    0.4226323962211609,
    0.5555573105812073,
    0.7418329119682312,
    0.9137820601463318
  ]
}