{
  "total_loss": [
    3.40218201203224,
    0.785959032865671,
    0.9336684254499582,
    1.0950604211061428,
    0.7590994299986423,
    0.8354895107257061,
    0.851582312431091
  ],
  "main_loss": [
    3.40218201203224,
    0.785959032865671,
    0.9336684254499582,
    1.0950604211061428,
    0.7590994299986423,
    0.8354895107257061,
    0.8514277476530808
  ],
  "shap_loss": [
    0.10907296740855926,
    0.10882596117563736,
    0.10684606547539051,
    0.10638481989884987,
    0.10651416522570145,
    0.10586714095030075,
    0.1041150606977634
  ],
  "shap_loss_normalized": [
    0.04423664873227095,
    0.03066127465512508,
    0.05313673973656618,
    0.02575306537059637,
    0.04782363371207164,
    0.04954964209061403,
    0.025786400844271366
  ],
  "tikhonov_loss": [
    0.0,
    0.0,
    0.0,
    0.0,
    0.0,
    0.0,
    0.0
  ],
  "nonnegativity_loss": [
    0.0,
    0.0,
    0.0,
    0.0,
    0.0,
    0.0,
    0.0
  ],
  "tikhonov_lambda": [
    0.0,
    0.0,
    0.0,
    0.0,
    0.0,
    0.0,
    0.0
  ],
  "nonnegativity_lambda": [
    0.0,
    0.0,
    0.0,
    0.0,
    0.0,
    0.0,
    0.0
  ],
  "shap_scale_factor": [
    0.41790485156304213,
    0.28282108611778944,
    0.49960213653310337,
    0.24225272361907157,
    0.4485527363712646,
    0.4682001128412489,
    0.24698645142972248
  ],
  "shap_contribution": [
    0.0,
    0.0,
    0.0,
    0.0,
    0.0,
    0.0,
    0.0001545634562110839
  ],
  "tikhonov_contribution": [
    0.0,
    0.0,
    0.0,
    0.0,
    0.0,
    0.0,
    0.0
  ],
  "nonnegativity_contribution": [
    0.0,
    0.0,
    0.0,
    0.0,
    0.0,
    0.0,
    0.0
  ],
  "regularization_share": [
    3.371777703717125e-10,
    6.923199637661376e-10,
    6.187394023453093e-10,
    5.345651801379282e-10,
    7.410683512027478e-10,
    6.778455727128755e-10,
    0.0002064077479989556
  ],
  "accuracy_guard_loss": [
    0.0,
    0.0,
    0.0,
    0.0,
    0.0,
    0.0,
    0.0
  ],
  "accuracy_guard_contribution": [
    0.0,
    0.0,
    0.0,
    0.0,
    0.0,
    0.0,
    0.0
  ],
  "distill_loss": [
    0.0,
    0.0,
    0.0,
    0.0,
    0.0,
    0.0,
    0.0
  ],
  "distill_contribution": [
    0.0,
    0.0,
    0.0,
    0.0,
    0.0,
    0.0,
    0.0
  ],
  "gate_entropy": [
    0.0019005288949045234,
    0.0019010179586565266,
    0.0019014825542958884,
    0.0019020937824956118,
    0.0019030840470431708,
    0.0019038236126876795,
    0.0019046244515965765
  ],
  "gate_min": [
    0.9998998917066134,
    0.9998997786106207,
    0.9998996930244641,
    0.9998995310220963,
    0.9998992742636265,
    0.999899032788399,
    0.9998988218796558
  ],
  "gate_max": [
    0.9999000231424967,
    0.9999001026153564,
    0.9999000689922235,
    0.9999001026153564,
    0.9999001026153564,
    0.9999001026153564,
    0.9999001026153564
  ],
  "gate_anchor_loss": [
    1.0006442944898435e-08,
    1.0011533482576432e-08,
    1.0016562713169664e-08,
    1.0022826648409113e-08,
    1.003329763431082e-08,
    1.0041261087569463e-08,
    1.0049631850341857e-08
  ],
  "gate_anchor_contribution": [
    5.003221654639662e-10,
    5.005767040194414e-10,
    5.008281453373505e-10,
    5.011413449460488e-10,
    5.016648862703021e-10,
    5.020630691814468e-10,
    5.024816061813763e-10
  ],
  "q_err_entropy": [
    0.7853015347933158,
    0.8185924956431756,
    0.8579705571516966,
    0.8591615358988444,
    0.8212027511535547,
    0.8204488922388126,
    0.8661191570453155
  ],
  "q_err_gini": [
    0.9050703797584925,
    0.9019365448218125,
    0.8975076461449648,
    0.8972500455685151,
    0.9018174073635004,
    0.9019053700642709,
    0.8972289164861044
  ],
  "q_err_corr": [
    0.9445863021047491,
    0.9159139287777436,
    0.9392628501623105,
    0.9433882679694738,
    0.9184823578748947,
    0.8876317701278589,
    0.8927212219971877
  ],
  "p_q_corr": [
    0.6351416584772941,
    0.6378915707270304,
    0.6434386097467862,
    0.645045702274029,
    0.6445624354558114,
    0.6463214006179419,
    0.6511130776160803
  ],
  "ea_ratio": [
    0.0,
    0.0,
    0.0,
    0.0,
    0.0,
    0.0,
    0.00020645731619412964
  ],
  "main_grad_norm": [
    11542.542724609375,
    9635.5126953125,
    21317.28662109375,
    15987.30322265625,
    13291.735595703125,
    13787.67041015625,
    24642.67236328125
  ],
  "ea_grad_norm": [
    10.768648624420166,
    2.929259181022644,
    6.0529890060424805,
    2.2989256381988525,
    2.824261784553528,
    6.11096727848053,
    4.11376690864563
  ],
  "ea_main_grad_ratio": [
    0.003802991497340002,
    0.00030558011696890425,
    0.0003313326719867752,
    0.0001415346949291463,
    0.00030128637897391226,
    0.0004621486835242566,
    0.00020456044037525325
  ],
  "ea_scale": [
    40.14184609019818,
    32.76178751306316,
    38.291930542391185,
    71.37355514852993,
    43.4680443309157,
    26.953869724846864,
    59.58019035341101
  ],
  "main_grad_params": [
    26.0,
    26.0,
    26.0,
    26.0,
    26.0,
    26.0,
    26.0
  ],
  "ea_grad_params": [
    26.0,
    26.0,
    26.0,
    26.0,
    26.0,
    26.0,
    26.0
  ],
  "grad_params_total": [
    26.0,
    26.0,
    26.0,
    26.0,
    26.0,
    26.0,
    26.0
  ],
  "rank_loss_raw": [
    0.008763384551574022,
    0.008628827901795888,
    0.008627107880340937,
    0.008696928906899232,
    0.008647774656613668,
    0.008615423686420307,
    0.008627373343094802
  ],
  "rank_pairs_count": [
    170.2051282051282,
    170.53846153846155,
    170.6153846153846,
    170.43589743589743,
    170.64102564102564,
    170.17948717948718,
    170.3846153846154
  ],
  "rank_violations_count": [
    56.717948717948715,
    55.94871794871795,
    56.333333333333336,
    56.743589743589745,
    56.56410256410256,
    56.30769230769231,
    55.76923076923077
  ],
  "rank_grad_norm": [
    4.593437194824219,
    5.353497743606567,
    5.319509267807007,
    3.429107189178467,
    4.333059906959534,
    4.621295690536499,
    4.690894603729248
  ],
  "rank_main_grad_ratio": [
    0.0012493968049561708,
    0.0005521776011203593,
    0.0002610606232522303,
    0.00021613603770771728,
    0.00044309899205006054,
    0.00034092776542721606,
    0.0002318442416861245
  ],
  "shap_clip_active": [
    0.0,
    0.0,
    0.0,
    0.0,
    0.0,
    0.0,
    0.0
  ],
  "epoch_accepted": [
    1.0,
    1.0,
    1.0,
    1.0,
    1.0,
    1.0,
    1.0
  ],
  "lr": [
    8e-05,
    8e-05,
    8e-05,
    8e-05,
    8e-05,
    8e-05,
    8e-05
  ],
  "adaptive_gamma": [
    0.00019999999999999996,
    0.0002761904761904763,
    0.00035238095238095254,
    0.0004285714285714286,
    0.0005047619047619046,
    0.0005809523809523808,
    0.000657142857142857
  ],
  "convergence_slowdown": [
    0.41790485156304213,
    0.28282108611778944,
    0.49960213653310337,
    0.24225272361907157,
    0.4485527363712646,
    0.4682001128412489,
    0.24698645142972248
  ],
  "shap_consistency": [
    0.10907296740855926,
    0.10882596117563736,
    0.10684606547539051,
    0.10638481989884987,
    0.10651416522570145,
    0.10586714095030075,
    0.1041150606977634
  ],
  "shap_sparsity": [
    0.9472736685703962,
    0.9472736716270447,
    0.9472736471738571,
    0.9472736013241303,
    0.9472734882281377,
    0.9472734393217624,
    0.9472734332084656
  ],
  "shap_faithfulness": [
    0.35613866799916977,
    0.3656323682039212,
    0.35511610752496964,
    0.3539372453322777,
    0.35665554648790604,
    0.3519146992610051,
    0.3442241656474578
  ],
  "shap_stability": [
    0.0,
    0.0,
    0.0,
    0.0,
    0.0,
    0.0,
    0.0
  ],
  "shap_weight_consistency": [
    1.0,
    1.0,
    1.0,
    1.0,
    1.0,
    1.0,
    1.0
  ],
  "shap_weight_sparsity": [
    0.0,
    0.0,
    0.0,
    0.0,
    0.0,
    0.0,
    0.0
  ],
  "shap_weight_faithfulness": [
    0.0,
    0.0,
    0.0,
    0.0,
    0.0,
    0.0,
    0.0
  ],
  "shap_weight_stability": [
    0.0,
    0.0,
    0.0,
    0.0,
    0.0,
    0.0,
    0.0
  ],