{
  "total_loss": [
    3.014554800895544,
    0.6297087317857987,
    0.49673830622281784,
    0.4183087746302287,
    0.40650783479213715,
    0.3958609532087277,
    0.3801463842391968,
    0.37709759672482807,
    0.3770561279394688,
    0.37914513968504393,
    0.37716940962351286,
    0.37690215424085277,
    0.37593502264756423,
    0.37510682069338286,
    0.3851645646186975
  ],
  "main_loss": [
    2.7413702049316506,
    0.5732336754982288,
    0.4591472156536885,
    0.39252092058842,
    0.3833311605147826,
    0.3751604587603838,
    0.3693786763992065,
    0.36781551325932527,
    0.3684847156206767,
    0.3691119039670015,
    0.3677022564105498,
    0.36862486600875854,
    0.3679863944267615,
    0.3666935975735004,
    0.37189309222575945
  ],
  "shap_loss": [
    0.13820914159982634,
    0.13718627278621381,
    0.13719230508192992,
    0.13628408503838074,
    0.13678062076752,
    0.13663254983914205,
    0.13706797017500952,
    0.13630973261136275,
    0.13661497907760817,
    0.1363465732488877,
    0.13675561318030724,
    0.13668511998959076,
    0.13658230770856905,
    0.13679406428948426,
    0.13670736360244262
  ],
  "shap_loss_normalized": [
    0.05792761551072964,
    0.07362786279274867,
    0.063680616995463,
    0.057041920243929595,
    0.036930433116280116,
    0.04757202879931682,
    0.056868698877783924,
    0.027694804976001765,
    0.027322996264466874,
    0.027269315022306565,
    0.027351123065902636,
    0.027337024657007974,
    0.02731646181872258,
    0.027358813259081963,
    0.027341473226745922
  ],
  "tikhonov_loss": [
    0.0,
    0.0,
    0.0,
    0.0,
    0.0,
    0.0,
    0.0,
    0.0,
    0.0,
    0.0,
    0.0,
    0.0,
    0.0,
    0.0,
    0.0
  ],
  "nonnegativity_loss": [
    0.0,
    0.0,
    0.0,
    0.0,
    0.0,
    0.0,
    0.0,
    0.0,
    0.0,
    0.0,
    0.0,
    0.0,
    0.0,
    0.0,
    0.0
  ],
  "tikhonov_lambda": [
    0.0,
    0.0,
    0.0,
    0.0,
    0.0,
    0.0,
    0.0,
    0.0,
    0.0,
    0.0,
    0.0,
    0.0,
    0.0,
    0.0,
    0.0
  ],
  "nonnegativity_lambda": [
    0.0,
    0.0,
    0.0,
    0.0,
    0.0,
    0.0,
    0.0,
    0.0,
    0.0,
    0.0,
    0.0,
    0.0,
    0.0,
    0.0,
    0.0
  ],
  "shap_scale_factor": [
    0.41790485156304213,
    0.5360806690246621,
    0.46381703153509063,
    0.41881687991409494,
    0.26984794814465146,
    0.34847989312709476,
    0.41481398786668844,
    0.2031955209438683,
    0.20000000000000004,
    0.20000000000000004,
    0.20000000000000004,
    0.20000000000000004,
    0.20000000000000004,
    0.20000000000000004,
    0.20000000000000004
  ],
  "shap_contribution": [
    0.0,
    0.0,
    0.0,
    0.0,
    0.0,
    0.0,
    1.864077513602798e-05,
    2.2424212520724188e-05,
    2.070822782302574e-05,
    2.1164064515361155e-05,
    3.0705793389456514e-05,
    0.00012957731964072594,
    9.597133658900976e-05,
    9.139708195923445e-05,
    7.715620580338276e-05
  ],
  "tikhonov_contribution": [
    0.0,
    0.0,
    0.0,
    0.0,
    0.0,
    0.0,
    0.0,
    0.0,
    0.0,
    0.0,
    0.0,
    0.0,
    0.0,
    0.0,
    0.0
  ],
  "nonnegativity_contribution": [
    0.0,
    0.0,
    0.0,
    0.0,
    0.0,
    0.0,
    0.0,
    0.0,
    0.0,
    0.0,
    0.0,
    0.0,
    0.0,
    0.0,
    0.0
  ],
  "regularization_share": [
    0.08857808923506343,
    0.08857809003905291,
    0.07025804435227957,
    0.05834043675462716,
    0.053429597374688706,
    0.051725954975688375,
    0.026430290154800515,
    0.020290636461329066,
    0.02345533403952323,
    0.024734030062664253,
    0.02415702502797091,
    0.019535950906191514,
    0.01909621355019077,
    0.021920125599111096,
    0.03428461181827557
  ],
  "accuracy_guard_loss": [
    2.372660665940016,
    0.2040975361298292,
    0.09143664592351669,
    0.024686581049209986,
    0.014601620726096325,
    0.009014836870706998,
    0.0029581785202026367,
    0.0027379424144060183,
    0.001967353698534843,
    0.003859700300754645,
    0.0036939336703373836,
    0.002825714838810456,
    0.0015826064806718093,
    0.0017641163789308988,
    0.007589117838786199
  ],
  "accuracy_guard_contribution": [
    0.2731845822089758,
    0.05647506120686348,
    0.03759109023480843,
    0.0257878561432545,
    0.02317667528031728,
    0.02070049387522233,
    0.010749065723174658,
    0.009259658937270824,
    0.008550705770269418,
    0.010012072487137256,
    0.0094364487972015,
    0.008147710361159764,
    0.007852659680140324,
    0.008321827611862084,
    0.013194315422039766
  ],
  "distill_loss": [
    0.0,
    0.0,
    0.0,
    0.0,
    0.0,
    0.0,
    0.0,
    0.0,
    0.0,
    0.0,
    0.0,
    0.0,
    0.0,
    0.0,
    0.0
  ],
  "distill_contribution": [
    0.0,
    0.0,
    0.0,
    0.0,
    0.0,
    0.0,
    0.0,
    0.0,
    0.0,
    0.0,
    0.0,
    0.0,
    0.0,
    0.0,
    0.0
  ],
  "gate_entropy": [
    0.0019005319515529734,
    0.0019002201734110713,
    0.0019002201734110713,
    0.0019002201734110713,
    0.0019002201734110713,
    0.0019002201734110713,
    0.0019002201734110713,
    0.0019002201734110713,
    0.0019002201734110713,
    0.0019002201734110713,
    0.0019002201734110713,
    0.0019002201734110713,
    0.0019002201734110713,
    0.0019002201734110713,
    0.0019002201734110713
  ],
  "gate_min": [
    0.9998998917066134,
    0.9998999834060669,
    0.9998999834060669,
    0.9998999834060669,
    0.9998999834060669,
    0.9998999834060669,
    0.9998999834060669,
    0.9998999834060669,
    0.9998999834060669,
    0.9998999834060669,
    0.9998999834060669,
    0.9998999834060669,
    0.9998999834060669,
    0.9998999834060669,
    0.9998999834060669
  ],
  "gate_max": [
    0.9999000506523328,
    0.9998999834060669,
    0.9998999834060669,
    0.9998999834060669,
    0.9998999834060669,
    0.9998999834060669,
    0.9998999834060669,
    0.9998999834060669,
    0.9998999834060669,
    0.9998999834060669,
    0.9998999834060669,
    0.9998999834060669,
    0.9998999834060669,
    0.9998999834060669,
    0.9998999834060669
  ],
  "gate_anchor_loss": [
    1.0006443263731713e-08,
    1.000331906197971e-08,
    1.000331906197971e-08,
    1.000331906197971e-08,
    1.000331906197971e-08,
    1.000331906197971e-08,
    1.000331906197971e-08,
    1.000331906197971e-08,
    1.000331906197971e-08,
    1.000331906197971e-08,
    1.000331906197971e-08,
    1.000331906197971e-08,
    1.000331906197971e-08,
    1.000331906197971e-08,
    1.000331906197971e-08
  ],
  "gate_anchor_contribution": [
    5.003221796975947e-10,
    5.001659642012157e-10,
    5.001659642012157e-10,
    5.001659642012157e-10,
    5.001659642012157e-10,
    5.001659642012157e-10,
    5.001659642012157e-10,
    5.001659642012157e-10,
    5.001659642012157e-10,
    5.001659642012157e-10,
    5.001659642012157e-10,
    5.001659642012157e-10,
    5.001659642012157e-10,
    5.001659642012157e-10,
    5.001659642012157e-10
  ],
  "q_err_entropy": [
    0.7235554945774567,
    0.7271918471042926,
    0.7291349294858102,
    0.7289664195134089,
    0.7317496477029263,
    0.7304578622182211,
    0.7262711097032596,
    0.7308266468537159,
    0.727577839142237,
    0.7295144062775832,
    0.7292068814619993,
    0.7306297253339719,
    0.7307327053485773,
    0.7293652647580856,
    0.7291176074590439
  ],
  "q_err_gini": [
    0.8995029376103327,
    0.8992423904247773,
    0.8988920450210571,
    0.8987944064996182,
    0.8987318369058462,
    0.898689485513247,
    0.8990623736992861,
    0.8985997682962662,
    0.8987807188278589,
    0.8988087421808487,
    0.8987791920319582,
    0.8987523561868912,
    0.8986880763983115,
    0.8988335193731846,
    0.8987549237715893
  ],