{
  "total_loss": [
    3.804116819149409,
    0.610683255470716,
    0.5414189726878436
  ],
  "main_loss": [
    3.459311521970309,
    0.5559069819939442,
    0.49440894600672597
  ],
  "shap_loss": [
    0.10686622464503998,
    0.09266137026059322,
    0.09765910223508492
  ],
  "shap_loss_normalized": [
    0.04624225189670538,
    0.058259766739912525,
    0.04346301263341537
  ],
  "tikhonov_loss": [
    0.0,
    0.0,
    0.0
  ],
  "nonnegativity_loss": [
    0.0,
    0.0,
    0.0
  ],
  "tikhonov_lambda": [
    0.0,
    0.0,
    0.0
  ],
  "nonnegativity_lambda": [
    0.0,
    0.0,
    0.0
  ],
  "shap_scale_factor": [
    0.41790485156304213,
    0.6292994835726099,
    0.4560584828017798
  ],
  "shap_contribution": [
    0.0,
    0.0003427289109542751,
    0.0002202459796442268
  ],
  "tikhonov_contribution": [
    0.0,
    0.0,
    0.0
  ],
  "nonnegativity_contribution": [
    0.0,
    0.0,
    0.0
  ],
  "regularization_share": [
    0.0885780903331321,
    0.08913556024930838,
    0.08432937405584348
  ],
  "accuracy_guard_loss": [
    3.0637217729519577,
    0.15916851468575308,
    0.09978562975541139
  ],
  "accuracy_guard_contribution": [
    0.34480534188258344,
    0.054433546864833586,
    0.046789784653064534
  ],
  "distill_loss": [
    0.0,
    0.0,
    0.0
  ],
  "distill_contribution": [
    0.0,
    0.0,
    0.0
  ],
  "gate_entropy": [
    0.0019005502914436734,
    0.0019002201734110713,
    0.0019002201734110713
  ],
  "gate_min": [
    0.9998998947632618,
    0.9998999834060669,
    0.9998999834060669
  ],
  "gate_max": [
    0.9999000751055204,
    0.9998999834060669,
    0.9998999834060669
  ],
  "gate_anchor_loss": [
    1.0006637000496236e-08,
    1.000331906197971e-08,
    1.000331906197971e-08
  ],
  "gate_anchor_contribution": [
    5.003318614117146e-10,
    5.001659642012157e-10,
    5.001659642012157e-10
  ],
  "q_err_entropy": [
    0.8180968635357343,
    0.8419399009301112,
    0.8166438004909418
  ],
  "q_err_gini": [
    0.897627633351546,
    0.8890580993432265,
    0.8992005051710666
  ],
  "q_err_corr": [
    0.7376531586786242,
    0.6442220170671741,
    0.7646165778382848
  ],
  "p_q_corr": [
    0.6556140016286801,
    0.699207990597456,
    0.6839735095317547
  ],
  "ea_ratio": [
    0.0,
    0.0006729006895628304,
    0.0004871125718823467
  ],
  "main_grad_norm": [
    9201.697998046875,
    3611.2391357421875,
    5647.556640625
  ],
  "ea_grad_norm": [
    4.012389063835144,
    9.054164707660675,
    10.453757047653198
  ],
  "ea_main_grad_ratio": [
    0.0008181522308552455,
    0.0021962662690952054,
    0.002036440073120826
  ],
  "ea_scale": [
    21.62222936347108,
    11.084146215035501,
    6.31179339770183
  ],
  "main_grad_params": [
    26.0,
    26.0,
    26.0
  ],
  "ea_grad_params": [
    26.0,
    26.0,
    26.0
  ],
  "grad_params_total": [
    26.0,
    26.0,
    26.0
  ],
  "rank_loss_raw": [
    0.009390870097260445,
    0.010073721647644654,
    0.009931681797099419
  ],
  "bottom_inv_loss_raw": [
    0.0,
    0.0,
    0.0
  ],
  "rank_pairs_count": [
    169.66666666666666,
    169.94871794871796,
    169.74358974358975
  ],
  "rank_violations_count": [
    58.17948717948718,
    60.53846153846154,
    60.17948717948718
  ],
  "rank_grad_norm": [
    4.574425935745239,
    6.464453458786011,
    7.082817792892456
  ],
  "rank_main_grad_ratio": [
    0.000760329535313464,
    0.001721511358810817,
    0.0012561885994109513
  ],
  "shap_clip_active": [
    0.0,
    0.0,
    0.0
  ],
  "epoch_accepted": [
    0.0,
    0.0,
    0.0
  ],
  "lr": [
    4e-05,
    2e-05,
    1e-05
  ],
  "adaptive_gamma": [
    0.00019999999999999996,
    0.0005809523809523808,
    0.0009619047619047619
  ],
  "convergence_slowdown": [
    0.41790485156304213,
    0.6292994835726099,
    0.4560584828017798
  ],
  "shap_consistency": [
    0.10686622464503998,
    0.09266137026059322,
    0.09765910223508492
  ],
  "shap_sparsity": [
    0.9472736716270447,
    0.9472736716270447,
    0.9472736716270447
  ],
  "shap_faithfulness": [
    0.36652442812919617,
    0.3047883621393106,
    0.3253198273670979
  ],
  "shap_stability": [
    0.0,
    0.0,
    0.0
  ],
  "shap_weight_consistency": [
    1.0,
    1.0,
    1.0
  ],
  "shap_weight_sparsity": [
    0.0,
    0.0,
    0.0
  ],
  "shap_weight_faithfulness": [
    0.0,
    0.0,
    0.0
  ],
  "shap_weight_stability": [
    0.0,
    0.0,
    0.0
  ],
  "val_main_loss": [
    0.9442442059516907,
    0.6493784785270691,
    0.5579920411109924
  ]
}