{
  "total_loss": [
    4.5564376918169165,
    0.5779416507635361,
    0.5032296700355334,
    0.43312723820026106,
    0.4111509571472804,
    0.39395556006676113,
    0.3933989883233339,
    0.39271621291454023,
    0.388593906775499,
    0.386237485286517,
    0.3893954799725459,
    0.38448395713781697
  ],
  "main_loss": [
    4.143122491928247,
    0.526432834374599,
    0.46290720731784135,
    0.4049020875722934,
    0.3908302944440108,
    0.38124932386936283,
    0.38027329246203107,
    0.37952911166044384,
    0.37896284690270055,
    0.37789351015518874,
    0.37808841925400954,
    0.3774020152214246
  ],
  "shap_loss": [
    0.09777695399064285,
    0.0924890005053618,
    0.08903680608058587,
    0.08854932796496612,
    0.0922816086273927,
    0.09111213684082031,
    0.0913616860142121,
    0.0941923765035776,
    0.09238502249503747,
    0.09274000215988892,
    0.09310335627733132,
    0.09016195589151138
  ],
  "shap_loss_normalized": [
    0.04072467299799124,
    0.048168206539673686,
    0.046105594016038455,
    0.03702054263498539,
    0.024952751369430468,
    0.032026865877784215,
    0.03792371385945724,
    0.01913349158488787,
    0.01847700483332842,
    0.018548000747194655,
    0.01862067160889124,
    0.01803239148396712
  ],
  "tikhonov_loss": [
    0.0,
    0.0,
    0.0,
    0.0,
    0.0,
    0.0,
    0.0,
    0.0,
    0.0,
    0.0,
    0.0,
    0.0
  ],
  "nonnegativity_loss": [
    0.0,
    0.0,
    0.0,
    0.0,
    0.0,
    0.0,
    0.0,
    0.0,
    0.0,
    0.0,
    0.0,
    0.0
  ],
  "tikhonov_lambda": [
    0.0,
    0.0,
    0.0,
    0.0,
    0.0,
    0.0,
    0.0,
    0.0,
    0.0,
    0.0,
    0.0,
    0.0
  ],
  "nonnegativity_lambda": [
    0.0,
    0.0,
    0.0,
    0.0,
    0.0,
    0.0,
    0.0,
    0.0,
    0.0,
    0.0,
    0.0,
    0.0
  ],
  "shap_scale_factor": [
    0.41790485156304213,
    0.5194168636234102,
    0.5192679610354833,
    0.41881687991409494,
    0.26984794814465146,
    0.34847989312709476,
    0.41481398786668844,
    0.2031955209438683,
    0.20000000000000004,
    0.20000000000000004,
    0.20000000000000004,
    0.20000000000000004
  ],
  "shap_contribution": [
    0.0,
    0.0,
    0.0,
    0.0,
    2.359496792427634e-05,
    1.595605051709124e-05,
    8.431419901637874e-05,
    0.00012635433748259974,
    7.730788461347588e-05,
    4.6656766733996425e-05,
    8.307151456859011e-05,
    0.00017189162910933822
  ],
  "tikhonov_contribution": [
    0.0,
    0.0,
    0.0,
    0.0,
    0.0,
    0.0,
    0.0,
    0.0,
    0.0,
    0.0,
    0.0,
    0.0
  ],
  "nonnegativity_contribution": [
    0.0,
    0.0,
    0.0,
    0.0,
    0.0,
    0.0,
    0.0,
    0.0,
    0.0,
    0.0,
    0.0,
    0.0
  ],
  "regularization_share": [
    0.08857808959527987,
    0.08767068308915739,
    0.07628701971914009,
    0.0620059872659095,
    0.04591669181892982,
    0.03064020661640658,
    0.029988947990857932,
    0.029812968898239294,
    0.023291338272816424,
    0.020412560800453512,
    0.02764044029752332,
    0.01651972965607842
  ],
  "accuracy_guard_loss": [
    3.7641206918618617,
    0.14700543039884323,
    0.08366108322754884,
    0.026977507731853388,
    0.014119557463205777,
    0.004633993674547245,
    0.0038505632143754224,
    0.004769764649562347,
    0.0023516867405328997,
    0.0026532965592848947,
    0.003572028798934741,
    0.0019040566224318284
  ],
  "accuracy_guard_contribution": [
    0.4133152528068958,
    0.051508816675497934,
    0.040322466872823544,
    0.0282251508667683,
    0.020297066762279242,
    0.012690280540249286,
    0.013041382989822289,
    0.013060747048793694,
    0.0095537519798829,
    0.008297317303144015,
    0.011223990279130446,
    0.006910048520717866
  ],
  "distill_loss": [
    0.0,
    0.0,
    0.0,
    0.0,
    0.0,
    0.0,
    0.0,
    0.0,
    0.0,
    0.0,
    0.0,
    0.0
  ],
  "distill_contribution": [
    0.0,
    0.0,
    0.0,
    0.0,
    0.0,
    0.0,
    0.0,
    0.0,
    0.0,
    0.0,
    0.0,
    0.0
  ],
  "gate_entropy": [
    0.0019004249688572227,
    0.0019002201734110713,
    0.0019002201734110713,
    0.0019002201734110713,
    0.0019002201734110713,
    0.0019002201734110713,
    0.0019002201734110713,
    0.0019002201734110713,
    0.0019002201734110713,
    0.0019002201734110713,
    0.0019002201734110713,
    0.0019002201734110713
  ],
  "gate_min": [
    0.9998998947632618,
    0.9998999834060669,
    0.9998999834060669,
    0.9998999834060669,
    0.9998999834060669,
    0.9998999834060669,
    0.9998999834060669,
    0.9998999834060669,
    0.9998999834060669,
    0.9998999834060669,
    0.9998999834060669,
    0.9998999834060669
  ],
  "gate_max": [
    0.9999000200858483,
    0.9998999834060669,
    0.9998999834060669,
    0.9998999834060669,
    0.9998999834060669,
    0.9998999834060669,
    0.9998999834060669,
    0.9998999834060669,
    0.9998999834060669,
    0.9998999834060669,
    0.9998999834060669,
    0.9998999834060669
  ],
  "gate_anchor_loss": [
    1.0005412703479193e-08,
    1.000331906197971e-08,
    1.000331906197971e-08,
    1.000331906197971e-08,
    1.000331906197971e-08,
    1.000331906197971e-08,
    1.000331906197971e-08,
    1.000331906197971e-08,
    1.000331906197971e-08,
    1.000331906197971e-08,
    1.000331906197971e-08,
    1.000331906197971e-08
  ],
  "gate_anchor_contribution": [
    5.002706496922608e-10,
    5.001659642012157e-10,
    5.001659642012157e-10,
    5.001659642012157e-10,
    5.001659642012157e-10,
    5.001659642012157e-10,
    5.001659642012157e-10,
    5.001659642012157e-10,
    5.001659642012157e-10,
    5.001659642012157e-10,
    5.001659642012157e-10,
    5.001659642012157e-10
  ],
  "q_err_entropy": [
    1.1544966468444238,
    1.1962286371451158,
    1.2145145856417143,
    1.2149182160695393,
    1.1877950582748804,
    1.2103787645315514,
    1.1996689499952855,
    1.1593431677573767,
    1.197858215906681,
    1.1798270390583918,
    1.1896140239177606,
    1.212746996145982
  ],
  "q_err_gini": [
    0.8665986168078887,
    0.8600350129298675,
    0.8585879252507136,
    0.8581108588438767,
    0.8623821001786453,
    0.857382615407308,
    0.8620920792604104,
    0.8659644814637991,
    0.8607318798700968,
    0.8642269067275219,
    0.862575671611688,
    0.8597702918908535
  ],
  "q_err_corr": [
    0.9405731684283206,
    0.8996339700160882,
    0.9255262445180844,
    0.9052874889129248,
    0.9475638438493778,
    0.9011931725037403,
    0.9401156963446201,
    0.9060675990887177,
    0.9151069277372116,
    0.9416705599197974,
    0.9207717164968833,
    0.9285660890432504
  ],
  "p_q_corr": [
    0.6660151435778692,
    0.6858543020028335,
    0.6976114068275843,
    0.6992836548731878,
    0.6866133411725363,
    0.6907429588146698,
    0.6899433563917111,
    0.6806777517000834,
    0.686211184049264,
    0.685157007131821,
    0.6837962942245679,
    0.6939898270827073
  ],
  "ea_ratio": [
    0.0,
    0.0,
    0.0,
    0.0,
    6.540750865287219e-05,
    4.2762008515404515e-05,
    0.00023811822477280378,
    0.00032223268592646584,
    0.00020806247649045708,
    0.00012868892521603414,
    0.00022797943361533375,
    0.00047939868034938205
  ],
  "main_grad_norm": [
    24494.692626953125,
    5542.150939941406,
    10072.15673828125,
    2819.7818603515625,
    2873.6962890625,
    2851.20556640625,
    2748.5015869140625,
    4340.784912109375,
    2701.267578125,
    1264.4327087402344,
    2609.3995361328125,
    6054.6737060546875
  ],
  "ea_grad_norm": [
    30.12436008453369,
    30.895122528076172,
    11.637213230133057,
    6.6658616065979,
    4.351050972938538,
    19.463396549224854,
    10.71976375579834,
    6.858540058135986,
    6.979384660720825,
    4.97443699836731,
    6.095627546310425,
    5.829547643661499
  ],