{
  "total_loss": [
    2.8349579740793276,
    0.9138980912856567,
    1.0364322257347596,
    0.85908266214224,
    0.8257275911477896,
    1.0009381022208776
  ],
  "main_loss": [
    2.831062078475952,
    0.9120210806528727,
    1.0345545938381782,
    0.8563134265251648,
    0.8226732497031872,
    0.9990607790457897
  ],
  "shap_loss": [
    0.18682026595641404,
    0.1876032169048603,
    0.18776329167378256,
    0.1883484553068112,
    0.18840674062569937,
    0.1877326862170146
  ],
  "shap_loss_normalized": [
    0.07791739301039623,
    0.03754023777750822,
    0.03755265913712673,
    0.055384766883575,
    0.061086793358509354,
    0.037546537816524506
  ],
  "tikhonov_loss": [
    0.0,
    0.0,
    0.0,
    0.0,
    0.0,
    0.0
  ],
  "nonnegativity_loss": [
    0.0,
    0.0,
    0.0,
    0.0,
    0.0,
    0.0
  ],
  "tikhonov_lambda": [
    0.0,
    0.0,
    0.0,
    0.0,
    0.0,
    0.0
  ],
  "nonnegativity_lambda": [
    0.0,
    0.0,
    0.0,
    0.0,
    0.0,
    0.0
  ],
  "shap_scale_factor": [
    0.41790485156304213,
    0.20010465724751442,
    0.20000000000000004,
    0.294682240836087,
    0.3233272679744696,
    0.20000000000000004
  ],
  "shap_contribution": [
    0.0038958697233540127,
    0.0018770119103674705,
    0.0018776329861094172,
    0.002769238387162869,
    0.003054339707327577,
    0.001877326915303293
  ],
  "tikhonov_contribution": [
    0.0,
    0.0,
    0.0,
    0.0,
    0.0,
    0.0
  ],
  "nonnegativity_contribution": [
    0.0,
    0.0,
    0.0,
    0.0,
    0.0,
    0.0
  ],
  "regularization_share": [
    0.0026866705324722654,
    0.0024094289426139378,
    0.0020856452811592865,
    0.003639505037885896,
    0.004016192636971559,
    0.002142406888630491
  ],
  "accuracy_guard_loss": [
    0.0,
    0.0,
    0.0,
    0.0,
    0.0,
    0.0
  ],
  "accuracy_guard_contribution": [
    0.0,
    0.0,
    0.0,
    0.0,
    0.0,
    0.0
  ],
  "distill_loss": [
    0.0,
    0.0,
    0.0,
    0.0,
    0.0,
    0.0
  ],
  "distill_contribution": [
    0.0,
    0.0,
    0.0,
    0.0,
    0.0,
    0.0
  ],
  "gate_entropy": [
    0.0019003852324273724,
    0.0019008101065619253,
    0.0019012991703139283,
    0.001901815699126858,
    0.0019023780328914141,
    0.0019030288900606907
  ],
  "gate_min": [
    0.9998998978199103,
    0.9998997847239176,
    0.9998996807978704,
    0.9998994821157211,
    0.999899298716814,
    0.999899032788399
  ],
  "gate_max": [
    0.9999000689922235,
    0.9999001026153564,
    0.9999000598222781,
    0.9999001026153564,
    0.9999001026153564,
    0.9999001026153564
  ],
  "gate_anchor_loss": [
    1.0004963512936882e-08,
    1.000940754782056e-08,
    1.001453149467142e-08,
    1.0020023443447512e-08,
    1.0025907579930413e-08,
    1.0032849605232595e-08
  ],
  "gate_anchor_contribution": [
    5.002481861797292e-10,
    5.004703944713822e-10,
    5.00726592667943e-10,
    5.01001177865827e-10,
    5.012953841206269e-10,
    5.016424910791875e-10
  ],
  "q_err_entropy": [
    0.9661891471881133,
    0.9020326641889719,
    0.8397128413885068,
    0.8619330334357727,
    0.840066298078268,
    0.8719361309821789
  ],
  "q_err_gini": [
    0.8818100828390855,
    0.8864869062717144,
    0.8926096038940625,
    0.8905571240645188,
    0.892313906779656,
    0.8934199672478896
  ],
  "q_err_corr": [
    0.5559329227299282,
    0.4573409383704599,
    0.4208214552237246,
    0.47810890681993884,
    0.42481437931434274,
    0.5047980579965485
  ],
  "p_q_corr": [
    0.24429413943718642,
    0.26603641112645465,
    0.261769657715773,
    0.24289156267276177,
    0.2442700125468083,
    0.2510169744491577
  ],
  "ea_ratio": [
    0.0027049735557132712,
    0.0024160548450592426,
    0.002090674184728414,
    0.0036668848210515883,
    0.004035662880573326,
    0.002147544084343677
  ],
  "main_grad_norm": [
    9903.871948242188,
    11533.88330078125,
    15521.261474609375,
    11288.4619140625,
    10731.3251953125,
    16349.70361328125
  ],
  "ea_grad_norm": [
    18.75853729248047,
    6.915064811706543,
    7.921241998672485,
    4.146177291870117,
    8.817204475402832,
    4.739668607711792
  ],
  "ea_main_grad_ratio": [
    0.005740521237582569,
    0.0005997416984111963,
    0.000761838450581847,
    0.00037073420055692703,
    0.0008281970123296255,
    0.00032434995024950016
  ],
  "ea_scale": [
    1.0,
    1.0,
    1.0,
    1.0,
    1.0,
    1.0
  ],
  "main_grad_params": [
    26.0,
    26.0,
    26.0,
    26.0,
    26.0,
    26.0
  ],
  "ea_grad_params": [
    26.0,
    26.0,
    26.0,
    26.0,
    26.0,
    26.0
  ],
  "grad_params_total": [
    26.0,
    26.0,
    26.0,
    26.0,
    26.0,
    26.0
  ],
  "rank_loss_raw": [
    0.009846582220723996,
    0.00917954127996778,
    0.009316066530748056,
    0.009674470155284954,
    0.009358080629354868,
    0.00927879287598607
  ],
  "bottom_inv_loss_raw": [
    0.0,
    0.0,
    0.0,
    0.0,
    0.0,
    0.0
  ],
  "rank_pairs_count": [
    93.07692307692308,
    92.97435897435898,
    92.84615384615384,
    92.8974358974359,
    92.87179487179488,
    92.92307692307692
  ],
  "rank_violations_count": [
    46.35897435897436,
    45.07692307692308,
    45.256410256410255,
    46.05128205128205,
    45.23076923076923,
    45.05128205128205
  ],
  "rank_grad_norm": [
    3.8863474130630493,
    5.025631427764893,
    4.77208137512207,
    2.6450803875923157,
    3.5310815572738647,
    3.421091675758362
  ],
  "rank_main_grad_ratio": [
    0.0008080558180108943,
    0.00043597685526284864,
    0.00045241554599748774,
    0.0002310092893856556,
    0.00034991944212430296,
    0.00022690150740535217
  ],
  "shap_clip_active": [
    0.0,
    0.0,
    0.0,
    0.0,
    0.0,
    0.0
  ],
  "epoch_accepted": [
    1.0,
    1.0,
    1.0,
    1.0,
    1.0,
    1.0
  ],
  "lr": [
    8e-05,
    8e-05,
    8e-05,
    8e-05,
    8e-05,
    8e-05
  ],
  "adaptive_gamma": [
    0.05000000000000001,
    0.05000000000000001,
    0.05000000000000001,
    0.05000000000000001,
    0.05000000000000001,
    0.05000000000000001
  ],
  "convergence_slowdown": [
    0.41790485156304213,
    0.20010465724751442,
    0.20000000000000004,
    0.294682240836087,
    0.3233272679744696,
    0.20000000000000004
  ],
  "shap_consistency": [
    0.18682026595641404,
    0.1876032169048603,
    0.18776329167378256,
    0.1883484553068112,
    0.18840674062569937,
    0.1877326862170146
  ],
  "shap_sparsity": [
    0.9472736716270447,
    0.9472736685703962,
    0.9472736502305056,
    0.9472736135507241,
    0.9472735738142942,
    0.9472735004547315
  ],
  "shap_faithfulness": [
    0.32263137361942196,
    0.29790171063863313,
    0.2963093886008629,
    0.33265905120433903,
    0.32714862471971756,
    0.3197300965205217
  ],
  "shap_stability": [
    0.0,
    0.0,
    0.0,
    0.0,
    0.0,
    0.0
  ],
  "shap_weight_consistency": [
    1.0,
    1.0,
    1.0,
    1.0,
    1.0,
    1.0
  ],
  "shap_weight_sparsity": [
    0.0,
    0.0,
    0.0,
    0.0,
    0.0,
    0.0
  ],
  "shap_weight_faithfulness": [
    0.0,
    0.0,
    0.0,
    0.0,
    0.0,
    0.0
  ],
  "shap_weight_stability": [
    0.0,
    0.0,
    0.0,
    0.0,
    0.0,
    0.0
  ],
  "val_main_loss": [
    1.344405174255371,
    0.8657715320587158,
    0.5494222640991211,
    0.9933649897575378,
    1.4639214277267456,
    1.0311648845672607
  ]
}