{
  "total_loss": [
    3.0846264247710886,
    0.7105195805048331,
    0.8542363406755985,
    0.7628222138453753,
    0.7853791476824344
  ],
  "main_loss": [
    3.0846264247710886,
    0.7105195805048331,
    0.8541191067451086,
    0.7626119385927151,
    0.7852701995617304
  ],
  "shap_loss": [
    0.008779056823979586,
    0.009222654410852836,
    0.00934669535416059,
    0.009499132406348601,
    0.00967850262681261
  ],
  "shap_loss_normalized": [
    0.003580294310664519,
    0.0018455123809428934,
    0.0030421629661503127,
    0.004230647046381655,
    0.0025628388662321065
  ],
  "tikhonov_loss": [
    0.0,
    0.0,
    0.0,
    0.0,
    0.0
  ],
  "nonnegativity_loss": [
    0.0,
    0.0,
    0.0,
    0.0,
    0.0
  ],
  "tikhonov_lambda": [
    0.0,
    0.0,
    0.0,
    0.0,
    0.0
  ],
  "nonnegativity_lambda": [
    0.0,
    0.0,
    0.0,
    0.0,
    0.0
  ],
  "shap_scale_factor": [
    0.41790485156304213,
    0.20010465724751442,
    0.3246512369815537,
    0.4460161054825146,
    0.26369027900311526
  ],
  "shap_contribution": [
    0.0,
    0.0,
    0.00011723335149163644,
    0.00021027887179605805,
    0.00010894520416443881
  ],
  "tikhonov_contribution": [
    0.0,
    0.0,
    0.0,
    0.0,
    0.0
  ],
  "nonnegativity_contribution": [
    0.0,
    0.0,
    0.0,
    0.0,
    0.0
  ],
  "regularization_share": [
    3.50147513693525e-10,
    7.548746221556673e-10,
    0.00015784524278034012,
    0.00034032926269449506,
    0.00015837738299287322
  ],
  "accuracy_guard_loss": [
    0.0,
    0.0,
    0.0,
    0.0,
    0.0
  ],
  "accuracy_guard_contribution": [
    0.0,
    0.0,
    0.0,
    0.0,
    0.0
  ],
  "distill_loss": [
    0.0,
    0.0,
    0.0,
    0.0,
    0.0
  ],
  "distill_contribution": [
    0.0,
    0.0,
    0.0,
    0.0,
    0.0
  ],
  "gate_entropy": [
    0.0019005350082014233,
    0.0019006725573816742,
    0.0019009812788751263,
    0.0019012961136654783,
    0.0019015834386197801
  ],
  "gate_min": [
    0.9998998978199103,
    0.9998998641967773,
    0.99989976027073,
    0.9998996869111673,
    0.9998996043816591
  ],
  "gate_max": [
    0.9999000261991452,
    0.9999000414823874,
    0.9999000751055204,
    0.999900072048872,
    0.9999000965020596
  ],
  "gate_anchor_loss": [
    1.0006507371994571e-08,
    1.0008053235147157e-08,
    1.0011277482227307e-08,
    1.0014534364170931e-08,
    1.0017634402915158e-08
  ],
  "gate_anchor_contribution": [
    5.003253865341005e-10,
    5.004026665967916e-10,
    5.005638852135956e-10,
    5.007267335808654e-10,
    5.008817306786429e-10
  ],
  "q_err_entropy": [
    1.654717057179182,
    1.6691227203760393,
    1.6843628883361816,
    1.6869950569592989,
    1.690708780900026
  ],
  "q_err_gini": [
    0.7869425110327892,
    0.7835169449830667,
    0.7807730329342377,
    0.7796166034845206,
    0.7794118661146897
  ],
  "q_err_corr": [
    0.8882031001542744,
    0.8862329446352445,
    0.8772060290361062,
    0.8759695811149402,
    0.9010672080211151
  ],
  "p_q_corr": [
    0.9960316786399255,
    0.996269091581687,
    0.9956380862456101,
    0.9955461437885578,
    0.9951336261553642
  ],
  "ea_ratio": [
    0.0,
    0.0,
    0.00015789773356235132,
    0.00034056597826584504,
    0.00015840728827662623
  ],
  "main_grad_norm": [
    6146.170471191406,
    8183.24072265625,
    15171.92724609375,
    8742.26025390625,
    5432.4833984375
  ],
  "ea_grad_norm": [
    3.2466548681259155,
    1.1124199628829956,
    1.3385372161865234,
    1.7661998271942139,
    1.2544682025909424
  ],
  "ea_main_grad_ratio": [
    0.0014161552008697341,
    0.00014232521417652827,
    8.991378893255122e-05,
    0.00020013109214883526,
    0.00023199935438706335
  ],
  "ea_scale": [
    32.60690677857747,
    83.22946072345508,
    112.23761059379176,
    53.61693758668796,
    43.724607864686895
  ],
  "main_grad_params": [
    26.0,
    26.0,
    26.0,
    26.0,
    26.0
  ],
  "ea_grad_params": [
    26.0,
    26.0,
    26.0,
    26.0,
    26.0
  ],
  "grad_params_total": [
    26.0,
    26.0,
    26.0,
    26.0,
    26.0
  ],
  "rank_loss_raw": [
    0.0016022146177979617,
    0.0014708314914829456,
    0.0015140963891425575,
    0.0015295166552114563,
    0.001555423455265088
  ],
  "bottom_inv_loss_raw": [
    0.0,
    0.0,
    0.0,
    0.0,
    0.0
  ],
  "rank_pairs_count": [
    169.84615384615384,
    168.89743589743588,
    169.12820512820514,
    169.25641025641025,
    169.6153846153846
  ],
  "rank_violations_count": [
    41.46153846153846,
    39.205128205128204,
    40.43589743589744,
    39.92307692307692,
    40.256410256410255
  ],
  "rank_grad_norm": [
    1.160864233970642,
    1.503330148756504,
    1.687978982925415,
    1.0620590150356293,
    0.7356056571006775
  ],
  "rank_main_grad_ratio": [
    0.00030409601296371247,
    0.00020454804324156298,
    0.00010535613604089418,
    0.0001202169917667316,
    0.00013561975669967204
  ],
  "shap_clip_active": [
    0.0,
    0.0,
    0.0,
    0.0,
    0.0
  ],
  "epoch_accepted": [
    1.0,
    1.0,
    1.0,
    1.0,
    1.0
  ],
  "lr": [
    8e-05,
    8e-05,
    8e-05,
    8e-05,
    8e-05
  ],
  "adaptive_gamma": [
    0.00019999999999999996,
    0.0004285714285714286,
    0.000657142857142857,
    0.000885714285714286,
    0.0010000000000000002
  ],
  "convergence_slowdown": [
    0.41790485156304213,
    0.20010465724751442,
    0.3246512369815537,
    0.4460161054825146,
    0.26369027900311526
  ],
  "shap_consistency": [
    0.008779056823979586,
    0.009222654410852836,
    0.00934669535416059,
    0.009499132406348601,
    0.00967850262681261
  ],
  "shap_sparsity": [
    0.9472736716270447,
    0.9472736716270447,
    0.9472736655137478,
    0.9472736563438025,
    0.9472736502305056
  ],
  "shap_faithfulness": [
    0.062330411603817575,
    0.06792413863616112,
    0.07658246398354188,
    0.0745834605051921,
    0.07215117644041012
  ],
  "shap_stability": [
    0.0,
    0.0,
    0.0,
    0.0,
    0.0
  ],
  "shap_weight_consistency": [
    1.0,
    1.0,
    1.0,
    1.0,
    1.0
  ],
  "shap_weight_sparsity": [
    0.0,
    0.0,
    0.0,
    0.0,
    0.0
  ],
  "shap_weight_faithfulness": [
    0.0,
    0.0,
    0.0,
    0.0,
    0.0
  ],
  "shap_weight_stability": [
    0.0,
    0.0,
    0.0,
    0.0,
    0.0
  ],
  "val_main_loss": [
    0.8146400451660156,
    0.7892898917198181,
    0.5946498513221741,
    0.5766844153404236,
    0.7893356084823608
  ]
}