{
  "total_loss": [
    3.084759919307171,
    0.7108155893973815,
    0.7813704594587668,
    0.8990688064159491,
    0.9554761365438119
  ],
  "main_loss": [
    3.0846331983040542,
    0.710542272298764,
    0.7806793741690807,
    0.8976308970879285,
    0.9543621180913388
  ],
  "shap_loss": [
    0.421034384232301,
    0.5327889285026453,
    0.522963414589564,
    0.5079860855371524,
    0.505285789569219
  ],
  "shap_loss_normalized": [
    0.026274957228451967,
    0.004262422145798038,
    0.004351312246842262,
    0.01075343476035274,
    0.007799807565812117
  ],
  "tikhonov_loss": [
    0.0,
    0.0,
    0.0,
    0.0,
    0.0
  ],
  "nonnegativity_loss": [
    0.0,
    0.0,
    0.0,
    0.0,
    0.0
  ],
  "tikhonov_lambda": [
    0.0,
    0.0,
    0.0,
    0.0,
    0.0
  ],
  "nonnegativity_lambda": [
    0.0,
    0.0,
    0.0,
    0.0,
    0.0
  ],
  "shap_scale_factor": [
    0.07412455477875926,
    0.008089792008096109,
    0.008401575989505514,
    0.02108244325236688,
    0.015926313463563622
  ],
  "shap_contribution": [
    0.00012669200590701224,
    0.00027331141889310227,
    0.0006910874732196904,
    0.0014379063206247222,
    0.0011140199509473182
  ],
  "tikhonov_contribution": [
    0.0,
    0.0,
    0.0,
    0.0,
    0.0
  ],
  "nonnegativity_contribution": [
    0.0,
    0.0,
    0.0,
    0.0,
    0.0
  ],
  "regularization_share": [
    7.65841931995877e-05,
    0.00039745934258252503,
    0.0009690711143534798,
    0.002091367027374426,
    0.0013635300966696468
  ],
  "accuracy_guard_loss": [
    0.0,
    0.0,
    0.0,
    0.0,
    0.0
  ],
  "accuracy_guard_contribution": [
    0.0,
    0.0,
    0.0,
    0.0,
    0.0
  ],
  "distill_loss": [
    0.0,
    0.0,
    0.0,
    0.0,
    0.0
  ],
  "distill_contribution": [
    0.0,
    0.0,
    0.0,
    0.0,
    0.0
  ],
  "gate_entropy": [
    0.0019005350082014233,
    0.0019006725573816742,
    0.0019009843355235762,
    0.0019011983009150778,
    0.0019018829901678823
  ],
  "gate_min": [
    0.9998998978199103,
    0.9998998641967773,
    0.99989976027073,
    0.9998997113643548,
    0.9998995615885808
  ],
  "gate_max": [
    0.9999000261991452,
    0.9999000414823874,
    0.9999000751055204,
    0.9999001026153564,
    0.9999001026153564
  ],
  "gate_anchor_loss": [
    1.0006507371994571e-08,
    1.0008053235147157e-08,
    1.0011309729936084e-08,
    1.0013503712823189e-08,
    1.0020695361808917e-08
  ],
  "gate_anchor_contribution": [
    5.003253865341005e-10,
    5.004026665967916e-10,
    5.00565497883707e-10,
    5.006752021521685e-10,
    5.010347777693133e-10
  ],
  "q_err_entropy": [
    NaN,
    NaN,
    NaN,
    NaN,
    NaN
  ],
  "q_err_gini": [
    NaN,
    NaN,
    NaN,
    NaN,
    NaN
  ],
  "q_err_corr": [
    NaN,
    NaN,
    NaN,
    NaN,
    NaN
  ],
  "p_q_corr": [
    NaN,
    NaN,
    NaN,
    NaN,
    NaN
  ],
  "ea_ratio": [
    7.659269961853472e-05,
    0.00039763768496087345,
    0.0009700946512823113,
    0.002103561167575371,
    0.001365633935142213
  ],
  "main_grad_norm": [
    6145.918029785156,
    8184.29638671875,
    14559.97998046875,
    11213.25537109375,
    10342.13037109375
  ],
  "ea_grad_norm": [
    1.4782100915908813,
    0.5656273365020752,
    0.602221667766571,
    1.135434851050377,
    0.723775178194046
  ],
  "ea_main_grad_ratio": [
    0.00038386499375086473,
    7.024738301999968e-05,
    4.1379747773166465e-05,
    9.371344509923614e-05,
    6.999904801278936e-05
  ],
  "ea_scale": [
    35.674477545416536,
    145.64060744489984,
    241.64685590245725,
    157.2808512800438,
    142.85564523731753
  ],
  "main_grad_params": [
    26.0,
    26.0,
    26.0,
    26.0,
    26.0
  ],
  "ea_grad_params": [
    26.0,
    26.0,
    26.0,
    26.0,
    26.0
  ],
  "grad_params_total": [
    26.0,
    26.0,
    26.0,
    26.0,
    26.0
  ],
  "rank_loss_raw": [
    NaN,
    NaN,
    NaN,
    NaN,
    NaN
  ],
  "bottom_inv_loss_raw": [
    NaN,
    NaN,
    NaN,
    NaN,
    NaN
  ],
  "rank_pairs_count": [
    NaN,
    NaN,
    NaN,
    NaN,
    NaN
  ],
  "rank_violations_count": [
    NaN,
    NaN,
    NaN,
    NaN,
    NaN
  ],
  "rank_grad_norm": [
    NaN,
    NaN,
    NaN,
    NaN,
    NaN
  ],
  "rank_main_grad_ratio": [
    NaN,
    NaN,
    NaN,
    NaN,
    NaN
  ],
  "shap_clip_active": [
    0.0,
    0.0,
    0.0,
    0.0,
    0.0
  ],
  "epoch_accepted": [
    1.0,
    1.0,
    1.0,
    1.0,
    1.0
  ],
  "lr": [
    8e-05,
    8e-05,
    8e-05,
    8e-05,
    8e-05
  ],
  "adaptive_gamma": [
    0.00019999999999999996,
    0.0004285714285714286,
    0.000657142857142857,
    0.000885714285714286,
    0.0010000000000000002
  ],
  "convergence_slowdown": [
    0.41790485156304213,
    0.20010465724751442,
    0.20000000000000004,
    0.4023696760197895,
    0.21563983279076723
  ],
  "shap_consistency": [
    0.0,
    0.0,
    0.0,
    0.0,
    0.0
  ],
  "shap_sparsity": [
    0.421034384232301,
    0.5327889285026453,
    0.522963414589564,
    0.5079860855371524,
    0.505285789569219
  ],
  "shap_faithfulness": [
    0.0,
    0.0,
    0.0,
    0.0,
    0.0
  ],
  "shap_stability": [
    0.0,
    0.0,
    0.0,
    0.0,
    0.0
  ],
  "shap_weight_consistency": [
    0.0,
    0.0,
    0.0,
    0.0,
    0.0
  ],
  "shap_weight_sparsity": [
    1.0,
    1.0,
    1.0,
    1.0,
    1.0
  ],
  "shap_weight_faithfulness": [
    0.0,
    0.0,
    0.0,
    0.0,
    0.0
  ],
  "shap_weight_stability": [
    0.0,
    0.0,
    0.0,
    0.0,
    0.0
  ],
  "val_main_loss": [
    0.8148054480552673,
    0.7881233096122742,
    0.8178392648696899,
    0.605941116809845,
    0.7447865605354309
  ]
}