{
  "total_loss": [
    3.014554800895544,
    0.6297087317857987,
    0.49673830622281784,
    0.4183087746302287,
    0.40650783479213715,
    0.3958609532087277,
    0.380158082032815,
    0.3771167401319895,
    0.3770671483033743,
    0.3791591716118348,
    0.3771897680484332,
    0.3769963624385687,
    0.37599293352701724,
    0.3751780260831882,
    0.38520322549037445
  ],
  "main_loss": [
    2.7413702049316506,
    0.5732336754982288,
    0.4591472156536885,
    0.39252092058842,
    0.3833311605147826,
    0.3751604587603838,
    0.3693786607338832,
    0.36781552051886535,
    0.36848470645073134,
    0.36911194561383665,
    0.3677022992036281,
    0.36862488893362194,
    0.36798631113309127,
    0.36669356318620533,
    0.3718930991032185
  ],
  "shap_loss": [
    0.09696529041498135,
    0.09624138054175255,
    0.09703347793756387,
    0.08785509528257908,
    0.09236002159424317,
    0.09377792000006406,
    0.09619356863773786,
    0.09245717219817333,
    0.09463898130716422,
    0.09440004367094773,
    0.09175817572917694,
    0.09130969891945521,
    0.09256400893896054,
    0.090057539443175,
    0.09281797955433528
  ],
  "shap_loss_normalized": [
    0.04014374454243061,
    0.051313565709652044,
    0.0447516252215092,
    0.03724431361143406,
    0.024611750474342935,
    0.03256603798423058,
    0.04001299764674444,
    0.01879515274403951,
    0.018927796624409847,
    0.01888000912582263,
    0.01835163553746847,
    0.018261940099107914,
    0.018512802198529243,
    0.01801150807967553,
    0.018563596292948112
  ],
  "tikhonov_loss": [
    0.0,
    0.0,
    0.0,
    0.0,
    0.0,
    0.0,
    0.0,
    0.0,
    0.0,
    0.0,
    0.0,
    0.0,
    0.0,
    0.0,
    0.0
  ],
  "nonnegativity_loss": [
    0.0,
    0.0,
    0.0,
    0.0,
    0.0,
    0.0,
    0.0,
    0.0,
    0.0,
    0.0,
    0.0,
    0.0,
    0.0,
    0.0,
    0.0
  ],
  "tikhonov_lambda": [
    0.0,
    0.0,
    0.0,
    0.0,
    0.0,
    0.0,
    0.0,
    0.0,
    0.0,
    0.0,
    0.0,
    0.0,
    0.0,
    0.0,
    0.0
  ],
  "nonnegativity_lambda": [
    0.0,
    0.0,
    0.0,
    0.0,
    0.0,
    0.0,
    0.0,
    0.0,
    0.0,
    0.0,
    0.0,
    0.0,
    0.0,
    0.0,
    0.0
  ],
  "shap_scale_factor": [
    0.41790485156304213,
    0.5360806690246621,
    0.46381703153509063,
    0.41881687991409494,
    0.26984794814465146,
    0.34847989312709476,
    0.41481398786668844,
    0.2031955209438683,
    0.20000000000000004,
    0.20000000000000004,
    0.20000000000000004,
    0.20000000000000004,
    0.20000000000000004,
    0.20000000000000004,
    0.20000000000000004
  ],
  "shap_contribution": [
    0.0,
    0.0,
    0.0,
    0.0,
    0.0,
    0.0,
    3.040111961383492e-05,
    4.153412705002269e-05,
    3.174054673320662e-05,
    3.5187847830596955e-05,
    5.099367179075041e-05,
    0.00022402923787012696,
    0.00015410759545211942,
    0.00016273141274070487,
    0.0001156381461978293
  ],
  "tikhonov_contribution": [
    0.0,
    0.0,
    0.0,
    0.0,
    0.0,
    0.0,
    0.0,
    0.0,
    0.0,
    0.0,
    0.0,
    0.0,
    0.0,
    0.0,
    0.0
  ],
  "nonnegativity_contribution": [
    0.0,
    0.0,
    0.0,
    0.0,
    0.0,
    0.0,
    0.0,
    0.0,
    0.0,
    0.0,
    0.0,
    0.0,
    0.0,
    0.0,
    0.0
  ],
  "regularization_share": [
    0.08857808923506343,
    0.08857809003905291,
    0.07025804435227957,
    0.05834043675462716,
    0.053429597374688706,
    0.051725954975688375,
    0.026462822590128072,
    0.02033884451969362,
    0.0234846250672557,
    0.024771775230953617,
    0.024211172336917986,
    0.019793040659714458,
    0.01924522037945357,
    0.02211001312581858,
    0.03438570034336262
  ],
  "accuracy_guard_loss": [
    2.372660665940016,
    0.2040975361298292,
    0.09143664592351669,
    0.024686581049209986,
    0.014601620726096325,
    0.009014836870706998,
    0.0029581758456352428,
    0.002737959990134606,
    0.0019673544626969556,
    0.0038597178764832327,
    0.003693977227577796,
    0.002825705668865106,
    0.0015825430552164714,
    0.0017641010956886488,
    0.0075891499335949235
  ],
  "accuracy_guard_contribution": [
    0.2731845822089758,
    0.05647506120686348,
    0.03759109023480843,
    0.0257878561432545,
    0.02317667528031728,
    0.02070049387522233,
    0.010749020542089757,
    0.009259686924708195,
    0.008550702140499383,
    0.010012036762558497,
    0.009436475781676097,
    0.008147447346112667,
    0.00785251477589974,
    0.008321732473679079,
    0.013194488886839304
  ],
  "distill_loss": [
    0.0,
    0.0,
    0.0,
    0.0,
    0.0,
    0.0,
    0.0,
    0.0,
    0.0,
    0.0,
    0.0,
    0.0,
    0.0,
    0.0,
    0.0
  ],
  "distill_contribution": [
    0.0,
    0.0,
    0.0,
    0.0,
    0.0,
    0.0,
    0.0,
    0.0,
    0.0,
    0.0,
    0.0,
    0.0,
    0.0,
    0.0,
    0.0
  ],
  "gate_entropy": [
    0.0019005319515529734,
    0.0019002201734110713,
    0.0019002201734110713,
    0.0019002201734110713,
    0.0019002201734110713,
    0.0019002201734110713,
    0.0019002201734110713,
    0.0019002201734110713,
    0.0019002201734110713,
    0.0019002201734110713,
    0.0019002201734110713,
    0.0019002201734110713,
    0.0019002201734110713,
    0.0019002201734110713,
    0.0019002201734110713
  ],
  "gate_min": [
    0.9998998917066134,
    0.9998999834060669,
    0.9998999834060669,
    0.9998999834060669,
    0.9998999834060669,
    0.9998999834060669,
    0.9998999834060669,
    0.9998999834060669,
    0.9998999834060669,
    0.9998999834060669,
    0.9998999834060669,
    0.9998999834060669,
    0.9998999834060669,
    0.9998999834060669,
    0.9998999834060669
  ],
  "gate_max": [
    0.9999000506523328,
    0.9998999834060669,
    0.9998999834060669,
    0.9998999834060669,
    0.9998999834060669,
    0.9998999834060669,
    0.9998999834060669,
    0.9998999834060669,
    0.9998999834060669,
    0.9998999834060669,
    0.9998999834060669,
    0.9998999834060669,
    0.9998999834060669,
    0.9998999834060669,
    0.9998999834060669
  ],
  "gate_anchor_loss": [
    1.0006443263731713e-08,
    1.000331906197971e-08,
    1.000331906197971e-08,
    1.000331906197971e-08,
    1.000331906197971e-08,
    1.000331906197971e-08,
    1.000331906197971e-08,
    1.000331906197971e-08,
    1.000331906197971e-08,
    1.000331906197971e-08,
    1.000331906197971e-08,
    1.000331906197971e-08,
    1.000331906197971e-08,
    1.000331906197971e-08,
    1.000331906197971e-08
  ],
  "gate_anchor_contribution": [
    5.003221796975947e-10,
    5.001659642012157e-10,
    5.001659642012157e-10,
    5.001659642012157e-10,
    5.001659642012157e-10,
    5.001659642012157e-10,
    5.001659642012157e-10,
    5.001659642012157e-10,
    5.001659642012157e-10,
    5.001659642012157e-10,
    5.001659642012157e-10,
    5.001659642012157e-10,
    5.001659642012157e-10,
    5.001659642012157e-10,
    5.001659642012157e-10
  ],
  "q_err_entropy": [
    0.9771927717404488,
    0.9868988196055094,
    0.9472016516404275,
    1.0139482036615028,
    0.9833409465276278,
    0.9312080572812985,
    0.971159435235537,
    0.9589719848755078,
    0.9456914365291595,
    0.9706001724952307,
    0.9932776842361841,
    1.025038820046645,
    0.9873085006689414,
    1.0293193337244866,
    0.9586838101729368
  ],
  "q_err_gini": [
    0.8841313750315936,
    0.8829336151098593,
    0.886069118976593,
    0.8787859785251129,
    0.8814323651484954,
    0.8896458821418958,
    0.8841548378650959,
    0.8857721900328611,
    0.8879176867313874,
    0.8840315617047824,
    0.8801749394490168,
    0.8779053932581192,
    0.8830535534100655,
    0.8774128342286135,
    0.8863161297944876
  ],