{
  "total_loss": [
    4.235693147549262,
    0.5445747291430448,
    0.4655925975396083,
    0.4348123551179201,
    0.39694838264049626,
    0.3888101126903143,
    0.3807839735960349,
    0.3832958455269153,
    0.38286292935029054,
    0.375595680414102,
    0.3802837870824031,
    0.3768734335899353,
    0.3744826569006993,
    0.38211174347461796,
    0.37686837025177783
  ],
  "main_loss": [
    3.8513690340213285,
    0.49776247907907534,
    0.42992706558643246,
    0.4028558417772635,
    0.37820437168463683,
    0.3713593353063632,
    0.36973920197058946,
    0.3684325661414709,
    0.369452267121046,
    0.3686645963253119,
    0.36840693270548797,
    0.3684412168386655,
    0.36635965949449784,
    0.36925669740407896,
    0.36840125077810043
  ],
  "shap_loss": [
    0.0784547269726411,
    0.07933210292592263,
    0.0812838140827341,
    0.07836091649742463,
    0.07718902031103006,
    0.07985268012644389,
    0.07799233436488952,
    0.079933490890723,
    0.07938209682320937,
    0.07850404998335318,
    0.07952758918205897,
    0.07916994648388563,
    0.07783950886760767,
    0.07977497291106445,
    0.07943142761882299
  ],
  "shap_loss_normalized": [
    0.03201539403735063,
    0.030031888280063868,
    0.03616764723585966,
    0.036139981606258795,
    0.026906866992179018,
    0.015970536280805483,
    0.015598467139240641,
    0.015986698530375574,
    0.015876419824333146,
    0.01570081017099512,
    0.015905518132524613,
    0.015833989567815874,
    0.015567902099484434,
    0.015954994733851306,
    0.015886285790027335
  ],
  "tikhonov_loss": [
    0.0,
    0.0,
    0.0,
    0.0,
    0.0,
    0.0,
    0.0,
    0.0,
    0.0,
    0.0,
    0.0,
    0.0,
    0.0,
    0.0,
    0.0
  ],
  "nonnegativity_loss": [
    0.0,
    0.0,
    0.0,
    0.0,
    0.0,
    0.0,
    0.0,
    0.0,
    0.0,
    0.0,
    0.0,
    0.0,
    0.0,
    0.0,
    0.0
  ],
  "tikhonov_lambda": [
    0.0,
    0.0,
    0.0,
    0.0,
    0.0,
    0.0,
    0.0,
    0.0,
    0.0,
    0.0,
    0.0,
    0.0,
    0.0,
    0.0,
    0.0
  ],
  "nonnegativity_lambda": [
    0.0,
    0.0,
    0.0,
    0.0,
    0.0,
    0.0,
    0.0,
    0.0,
    0.0,
    0.0,
    0.0,
    0.0,
    0.0,
    0.0,
    0.0
  ],
  "shap_scale_factor": [
    0.41790485156304213,
    0.3758614424389993,
    0.4458285088036899,
    0.45117698751872654,
    0.34847989312709476,
    0.20000000000000004,
    0.20000000000000004,
    0.20000000000000004,
    0.20000000000000004,
    0.20000000000000004,
    0.20000000000000004,
    0.20000000000000004,
    0.20000000000000004,
    0.20000000000000004,
    0.20000000000000004
  ],
  "shap_contribution": [
    0.0,
    0.0,
    0.0,
    0.0,
    0.0,
    0.0,
    6.4173745426953056e-06,
    1.553108488503942e-05,
    1.7468922275535686e-05,
    3.054070328709293e-05,
    2.5433484727098123e-05,
    0.0001209730750512487,
    4.0585010841217205e-05,
    3.21411642592769e-05,
    3.8628893435088685e-05
  ],
  "tikhonov_contribution": [
    0.0,
    0.0,
    0.0,
    0.0,
    0.0,
    0.0,
    0.0,
    0.0,
    0.0,
    0.0,
    0.0,
    0.0,
    0.0,
    0.0,
    0.0
  ],
  "nonnegativity_contribution": [
    0.0,
    0.0,
    0.0,
    0.0,
    0.0,
    0.0,
    0.0,
    0.0,
    0.0,
    0.0,
    0.0,
    0.0,
    0.0,
    0.0,
    0.0
  ],
  "regularization_share": [
    0.0885780892128826,
    0.08391608496051466,
    0.07441703225597883,
    0.07098146359868683,
    0.0459373245810945,
    0.04317820970258595,
    0.02821375226012813,
    0.03646961800760284,
    0.0320822513312066,
    0.018978875615374115,
    0.031179209369330493,
    0.020579440827792686,
    0.019019930056074538,
    0.030536174361220414,
    0.020413089725228182
  ],
  "accuracy_guard_loss": [
    3.4831527265218587,
    0.12888844998983237,
    0.06179708930162283,
    0.03569578169248043,
    0.011895245466476832,
    0.0075575449527838295,
    0.003234715033800174,
    0.005133602099540906,
    0.0041628663356487565,
    0.0016299409744067069,
    0.003577763835589091,
    0.0022679147047874257,
    0.002273494616532937,
    0.0038986847950862004,
    0.0024948960695511256
  ],
  "accuracy_guard_contribution": [
    0.3843241383632024,
    0.04681225078037152,
    0.03566553319493929,
    0.03195651673162595,
    0.018744010621538527,
    0.01745077690634972,
    0.011038355481548186,
    0.014847749127791477,
    0.013393193769913454,
    0.0069005449230854325,
    0.01185141747387556,
    0.008311244444205211,
    0.008082412756406344,
    0.012822905985208658,
    0.008428490792329494
  ],
  "distill_loss": [
    0.0,
    0.0,
    0.0,
    0.0,
    0.0,
    0.0,
    0.0,
    0.0,
    0.0,
    0.0,
    0.0,
    0.0,
    0.0,
    0.0,
    0.0
  ],
  "distill_contribution": [
    0.0,
    0.0,
    0.0,
    0.0,
    0.0,
    0.0,
    0.0,
    0.0,
    0.0,
    0.0,
    0.0,
    0.0,
    0.0,
    0.0,
    0.0
  ],
  "gate_entropy": [
    0.001900308816216122,
    0.0019002201734110713,
    0.0019002201734110713,
    0.0019002201734110713,
    0.0019002201734110713,
    0.0019002201734110713,
    0.0019002201734110713,
    0.0019002201734110713,
    0.0019002201734110713,
    0.0019002201734110713,
    0.0019002201734110713,
    0.0019002201734110713,
    0.0019002201734110713,
    0.0019002201734110713,
    0.0019002201734110713
  ],
  "gate_min": [
    0.9998998886499649,
    0.9998999834060669,
    0.9998999834060669,
    0.9998999834060669,
    0.9998999834060669,
    0.9998999834060669,
    0.9998999834060669,
    0.9998999834060669,
    0.9998999834060669,
    0.9998999834060669,
    0.9998999834060669,
    0.9998999834060669,
    0.9998999834060669,
    0.9998999834060669,
    0.9998999834060669
  ],
  "gate_max": [
    0.9999000567656297,
    0.9998999834060669,
    0.9998999834060669,
    0.9998999834060669,
    0.9998999834060669,
    0.9998999834060669,
    0.9998999834060669,
    0.9998999834060669,
    0.9998999834060669,
    0.9998999834060669,
    0.9998999834060669,
    0.9998999834060669,
    0.9998999834060669,
    0.9998999834060669,
    0.9998999834060669
  ],
  "gate_anchor_loss": [
    1.0004223341479992e-08,
    1.000331906197971e-08,
    1.000331906197971e-08,
    1.000331906197971e-08,
    1.000331906197971e-08,
    1.000331906197971e-08,
    1.000331906197971e-08,
    1.000331906197971e-08,
    1.000331906197971e-08,
    1.000331906197971e-08,
    1.000331906197971e-08,
    1.000331906197971e-08,
    1.000331906197971e-08,
    1.000331906197971e-08,
    1.000331906197971e-08
  ],
  "gate_anchor_contribution": [
    5.002111801689378e-10,
    5.001659642012157e-10,
    5.001659642012157e-10,
    5.001659642012157e-10,
    5.001659642012157e-10,
    5.001659642012157e-10,
    5.001659642012157e-10,
    5.001659642012157e-10,
    5.001659642012157e-10,
    5.001659642012157e-10,
    5.001659642012157e-10,
    5.001659642012157e-10,
    5.001659642012157e-10,
    5.001659642012157e-10,
    5.001659642012157e-10
  ],
  "q_err_entropy": [
    1.3626750982724702,
    1.3126125182860937,
    1.322288806621845,
    1.313394191937569,
    1.3275415026224577,
    1.3365449217649608,
    1.339181600472866,
    1.308538589722071,
    1.3224990826386671,
    1.3451367769485865,
    1.3081962053592389,
    1.3443591197331746,
    1.3380767382108247,
    1.2958826071176774,
    1.3171608050664265
  ],
  "q_err_gini": [
    0.8376589539723519,
    0.8465426762898763,
    0.8438828663948255,
    0.8456525756762578,
    0.8434385275229429,
    0.8428819332367334,
    0.8430656408652281,
    0.8466299436031244,
    0.844947888300969,
    0.8415235494955992,
    0.8469093075165381,
    0.8416643723463401,
    0.8437763376113696,
    0.8487072464747306,
    0.8458878122843229
  ],