{
  "total_loss": [
    3.0535361476433582,
    0.6878544841057215,
    0.7792912828616607,
    0.9912936549920303,
    0.8443583509860895
  ],
  "main_loss": [
    3.051058052442013,
    0.6856863345855322,
    0.7781273523966471,
    0.9889426506482638,
    0.8431844589037772
  ],
  "shap_loss": [
    0.11667231202889712,
    0.10976053526004155,
    0.11205994586149852,
    0.11863323052724202,
    0.10893127971734756
  ],
  "shap_loss_normalized": [
    0.049561864051681295,
    0.043362962655149974,
    0.023278580859112434,
    0.04702003720479134,
    0.023477721744431898
  ],
  "tikhonov_loss": [
    0.0,
    0.0,
    0.0,
    0.0,
    0.0
  ],
  "nonnegativity_loss": [
    0.0,
    0.0,
    0.0,
    0.0,
    0.0
  ],
  "tikhonov_lambda": [
    0.0,
    0.0,
    0.0,
    0.0,
    0.0
  ],
  "nonnegativity_lambda": [
    0.0,
    0.0,
    0.0,
    0.0,
    0.0
  ],
  "shap_scale_factor": [
    0.41790485156304213,
    0.41008767245959044,
    0.2080264935984807,
    0.4023696760197895,
    0.21563983279076723
  ],
  "shap_contribution": [
    0.002478093252135202,
    0.002168148182905637,
    0.001163929056089658,
    0.002351001906507195,
    0.0011738861108031601
  ],
  "tikhonov_contribution": [
    0.0,
    0.0,
    0.0,
    0.0,
    0.0
  ],
  "nonnegativity_contribution": [
    0.0,
    0.0,
    0.0,
    0.0,
    0.0
  ],
  "regularization_share": [
    0.0016780149784876176,
    0.003630578915082128,
    0.0015788366391189111,
    0.0031303438897160277,
    0.001572214256501403
  ],
  "accuracy_guard_loss": [
    0.0,
    0.0,
    0.0,
    0.0,
    0.0
  ],
  "accuracy_guard_contribution": [
    0.0,
    0.0,
    0.0,
    0.0,
    0.0
  ],
  "distill_loss": [
    0.0,
    0.0,
    0.0,
    0.0,
    0.0
  ],
  "distill_contribution": [
    0.0,
    0.0,
    0.0,
    0.0,
    0.0
  ],
  "gate_entropy": [
    NaN,
    NaN,
    NaN,
    NaN,
    NaN
  ],
  "gate_min": [
    NaN,
    NaN,
    NaN,
    NaN,
    NaN
  ],
  "gate_max": [
    NaN,
    NaN,
    NaN,
    NaN,
    NaN
  ],
  "gate_anchor_loss": [
    0.0,
    0.0,
    0.0,
    0.0,
    0.0
  ],
  "gate_anchor_contribution": [
    0.0,
    0.0,
    0.0,
    0.0,
    0.0
  ],
  "q_err_entropy": [
    1.6896674174528856,
    1.6867604133410332,
    1.6701003435330513,
    1.674724422968351,
    1.6444534155038686
  ],
  "q_err_gini": [
    0.7794304872170473,
    0.7791733879309434,
    0.7835217790725904,
    0.7829468708771926,
    0.7884833461199051
  ],
  "q_err_corr": [
    0.9002400511189511,
    0.9033978810677161,
    0.835300380602861,
    0.8689795503249536,
    0.8880788546342117
  ],
  "p_q_corr": [
    -0.029517405269404825,
    0.06379338109101622,
    0.05224866790171617,
    -0.03726988769649791,
    0.060407763514190145
  ],
  "ea_ratio": [
    0.0016887516834779093,
    0.00364939212345351,
    0.0015815791288892238,
    0.0031513104682418113,
    0.0015751377273446475
  ],
  "main_grad_norm": [
    6330.461242675781,
    7662.88818359375,
    12808.4853515625,
    13281.3779296875,
    8836.728393554688
  ],
  "ea_grad_norm": [
    34.68001079559326,
    16.16134023666382,
    11.982425212860107,
    18.087653398513794,
    5.712092638015747
  ],
  "ea_main_grad_ratio": [
    0.015750919746397616,
    0.0022190878495306336,
    0.0009691030058950043,
    0.0012392822882773425,
    0.0008903911829091545
  ],
  "ea_scale": [
    1.0,
    1.0,
    1.0,
    1.0,
    1.0
  ],
  "main_grad_params": [
    25.0,
    25.0,
    25.0,
    25.0,
    25.0
  ],
  "ea_grad_params": [
    25.0,
    25.0,
    25.0,
    25.0,
    25.0
  ],
  "grad_params_total": [
    25.0,
    25.0,
    25.0,
    25.0,
    25.0
  ],
  "rank_loss_raw": [
    0.042172096335352995,
    0.03794609010219574,
    0.03910964020551779,
    0.04254493107780432,
    0.03825128279053248
  ],
  "bottom_inv_loss_raw": [
    0.0,
    0.0,
    0.0,
    0.0,
    0.0
  ],
  "rank_pairs_count": [
    170.6153846153846,
    170.43589743589743,
    170.74358974358975,
    170.71794871794873,
    170.6153846153846
  ],
  "rank_violations_count": [
    107.97435897435898,
    99.17948717948718,
    103.38461538461539,
    107.74358974358974,
    100.76923076923077
  ],
  "rank_grad_norm": [
    6.800550699234009,
    5.302100896835327,
    9.792582511901855,
    6.799333333969116,
    3.0659866333007812
  ],
  "rank_main_grad_ratio": [
    0.002614963176516295,
    0.0007137178033712052,
    0.0007780825084079821,
    0.00054353708636515,
    0.0004291109741201972
  ],
  "shap_clip_active": [
    0.0,
    0.0,
    0.0,
    0.0,
    0.0
  ],
  "epoch_accepted": [
    1.0,
    1.0,
    1.0,
    1.0,
    1.0
  ],
  "lr": [
    8e-05,
    8e-05,
    8e-05,
    8e-05,
    8e-05
  ],
  "adaptive_gamma": [
    0.05000000000000001,
    0.05000000000000001,
    0.05000000000000001,
    0.05000000000000001,
    0.05000000000000001
  ],
  "convergence_slowdown": [
    0.41790485156304213,
    0.41008767245959044,
    0.2080264935984807,
    0.4023696760197895,
    0.21563983279076723
  ],
  "shap_consistency": [
    0.11667231202889712,
    0.10976053526004155,
    0.11205994586149852,
    0.11863323052724202,
    0.10893127971734756
  ],
  "shap_sparsity": [
    0.0,
    0.0,
    0.0,
    0.0,
    0.0
  ],
  "shap_faithfulness": [
    0.0,
    0.0,
    0.0,
    0.0,
    0.0
  ],
  "shap_stability": [
    0.0,
    0.0,
    0.0,
    0.0,
    0.0
  ],
  "shap_weight_consistency": [
    1.0,
    1.0,
    1.0,
    1.0,
    1.0
  ],
  "shap_weight_sparsity": [
    0.0,
    0.0,
    0.0,
    0.0,
    0.0
  ],
  "shap_weight_faithfulness": [
    0.0,
    0.0,
    0.0,
    0.0,
    0.0
  ],
  "shap_weight_stability": [
    0.0,
    0.0,
    0.0,
    0.0,
    0.0
  ],
  "val_main_loss": [
    0.7110088467597961,
    0.8466026186943054,
    0.6870205402374268,
    0.5763059258460999,
    1.0021365880966187
  ]
}