{
  "total_loss": [
    3.40218201203224,
    0.785959032865671,
    0.9336684254499582,
    1.0950604211061428,
    0.7590994299986423,
    0.8354895107257061,
    0.8514786492555569
  ],
  "main_loss": [
    3.40218201203224,
    0.785959032865671,
    0.9336684254499582,
    1.0950604211061428,
    0.7590994299986423,
    0.8354895107257061,
    0.851425228210596
  ],
  "shap_loss": [
    0.013917497359216213,
    0.013180204141789522,
    0.013547775908731498,
    0.014331990494751014,
    0.012711645366671758,
    0.01426905188231896,
    0.013943652574641582
  ],
  "shap_loss_normalized": [
    0.005928326804095354,
    0.0039837010360012455,
    0.006832340463566093,
    0.0034728820543163097,
    0.005810268894912532,
    0.006565800963495023,
    0.0035048098816799047
  ],
  "tikhonov_loss": [
    0.0,
    0.0,
    0.0,
    0.0,
    0.0,
    0.0,
    0.0
  ],
  "nonnegativity_loss": [
    0.0,
    0.0,
    0.0,
    0.0,
    0.0,
    0.0,
    0.0
  ],
  "tikhonov_lambda": [
    0.0,
    0.0,
    0.0,
    0.0,
    0.0,
    0.0,
    0.0
  ],
  "nonnegativity_lambda": [
    0.0,
    0.0,
    0.0,
    0.0,
    0.0,
    0.0,
    0.0
  ],
  "shap_scale_factor": [
    0.41790485156304213,
    0.28282108611778944,
    0.49960213653310337,
    0.24225272361907157,
    0.4485527363712646,
    0.4682001128412489,
    0.24698645142972248
  ],
  "shap_contribution": [
    0.0,
    0.0,
    0.0,
    0.0,
    0.0,
    0.0,
    5.342065334190967e-05
  ],
  "tikhonov_contribution": [
    0.0,
    0.0,
    0.0,
    0.0,
    0.0,
    0.0,
    0.0
  ],
  "nonnegativity_contribution": [
    0.0,
    0.0,
    0.0,
    0.0,
    0.0,
    0.0,
    0.0
  ],
  "regularization_share": [
    3.371777703717125e-10,
    6.923199637661376e-10,
    6.187394023453093e-10,
    5.345651801379282e-10,
    7.410683512027478e-10,
    6.778455727128755e-10,
    7.28986190286045e-05
  ],
  "accuracy_guard_loss": [
    0.0,
    0.0,
    0.0,
    0.0,
    0.0,
    0.0,
    0.0
  ],
  "accuracy_guard_contribution": [
    0.0,
    0.0,
    0.0,
    0.0,
    0.0,
    0.0,
    0.0
  ],
  "distill_loss": [
    0.0,
    0.0,
    0.0,
    0.0,
    0.0,
    0.0,
    0.0
  ],
  "distill_contribution": [
    0.0,
    0.0,
    0.0,
    0.0,
    0.0,
    0.0,
    0.0
  ],
  "gate_entropy": [
    0.0019005288949045234,
    0.0019010179586565266,
    0.0019014825542958884,
    0.0019020937824956118,
    0.0019030840470431708,
    0.0019038236126876795,
    0.0019046244515965765
  ],
  "gate_min": [
    0.9998998917066134,
    0.9998997786106207,
    0.9998996930244641,
    0.9998995310220963,
    0.9998992742636265,
    0.999899032788399,
    0.9998988218796558
  ],
  "gate_max": [
    0.9999000231424967,
    0.9999001026153564,
    0.9999000689922235,
    0.9999001026153564,
    0.9999001026153564,
    0.9999001026153564,
    0.9999001026153564
  ],
  "gate_anchor_loss": [
    1.0006442944898435e-08,
    1.0011533482576432e-08,
    1.0016562713169664e-08,
    1.0022826648409113e-08,
    1.003329763431082e-08,
    1.0041261087569463e-08,
    1.0049631850341857e-08
  ],
  "gate_anchor_contribution": [
    5.003221654639662e-10,
    5.005767040194414e-10,
    5.008281453373505e-10,
    5.011413449460488e-10,
    5.016648862703021e-10,
    5.020630691814468e-10,
    5.024816061813763e-10
  ],
  "q_err_entropy": [
    0.8047717335896615,
    0.80757697728964,
    0.8283602473063346,
    0.8178437359822102,
    0.7719412583571214,
    0.8069440156985552,
    0.8254679594284449
  ],
  "q_err_gini": [
    0.9028799197612665,
    0.9028149384718674,
    0.9008953892267667,
    0.9021293154129615,
    0.9049193889666827,
    0.9032449355492225,
    0.9021730209008242
  ],
  "q_err_corr": [
    0.9045018592947408,
    0.933267510854281,
    0.9220631749202044,
    0.9481729544126071,
    0.9066255860603772,
    0.9207236384734129,
    0.9087312450775733
  ],
  "p_q_corr": [
    0.9775797189810337,
    0.9773566738153115,
    0.9764768634087,
    0.9761543671290079,
    0.9792018425770295,
    0.9770867580022568,
    0.9778773662371513
  ],
  "ea_ratio": [
    0.0,
    0.0,
    0.0,
    0.0,
    0.0,
    0.0,
    7.29075782846149e-05
  ],
  "main_grad_norm": [
    11542.542724609375,
    9635.5126953125,
    21317.28662109375,
    15987.30322265625,
    13291.735595703125,
    13787.67041015625,
    24642.51025390625
  ],
  "ea_grad_norm": [
    4.2388670444488525,
    1.6857225894927979,
    5.530462861061096,
    2.5169193744659424,
    1.0522975325584412,
    2.8706958293914795,
    2.5957343578338623
  ],
  "ea_main_grad_ratio": [
    0.001309386025919543,
    0.00017393041146351483,
    0.0003285594268186625,
    0.00015142785446497662,
    0.00010896208839659208,
    0.000214478716574776,
    0.00015960782007862188
  ],
  "ea_scale": [
    50.030219008799044,
    57.75421498214227,
    57.37668189202464,
    71.24750825988377,
    115.06393558871426,
    51.67710290300022,
    172.74797256635784
  ],
  "main_grad_params": [
    26.0,
    26.0,
    26.0,
    26.0,
    26.0,
    26.0,
    26.0
  ],
  "ea_grad_params": [
    26.0,
    26.0,
    26.0,
    26.0,
    26.0,
    26.0,
    26.0
  ],
  "grad_params_total": [
    26.0,
    26.0,
    26.0,
    26.0,
    26.0,
    26.0,
    26.0
  ],
  "rank_loss_raw": [
    0.0034097504581157598,
    0.0030058142012701584,
    0.003316835291349353,
    0.0032866345181201515,
    0.0031948570544138933,
    0.0034300542484300258,
    0.0032243510433592093
  ],
  "bottom_inv_loss_raw": [
    0.0,
    0.0,
    0.0,
    0.0,
    0.0,
    0.0,
    0.0
  ],
  "rank_pairs_count": [
    170.69230769230768,
    170.69230769230768,
    170.64102564102564,
    170.71794871794873,
    170.6153846153846,
    170.74358974358975,
    170.56410256410257
  ],
  "rank_violations_count": [
    49.87179487179487,
    47.15384615384615,
    48.69230769230769,
    49.02564102564103,
    48.333333333333336,
    49.61538461538461,
    48.256410256410255
  ],
  "rank_grad_norm": [
    1.427843302488327,
    2.3089383244514465,
    4.017852425575256,
    3.0504558086395264,
    2.252529501914978,
    2.440264582633972,
    3.7942835092544556
  ],
  "rank_main_grad_ratio": [
    0.0004010577299883038,
    0.0002282287271811302,
    0.00019615379000118672,
    0.000196422126977047,
    0.00024259553434733346,
    0.00017098841338203513,
    0.00017825548157189385
  ],
  "shap_clip_active": [
    0.0,
    0.0,
    0.0,
    0.0,
    0.0,
    0.0,
    0.0
  ],
  "epoch_accepted": [
    1.0,
    1.0,
    1.0,
    1.0,
    1.0,
    1.0,
    1.0
  ],
  "lr": [
    8e-05,
    8e-05,
    8e-05,
    8e-05,
    8e-05,
    8e-05,
    8e-05
  ],
  "adaptive_gamma": [
    0.00019999999999999996,
    0.0002761904761904763,
    0.00035238095238095254,
    0.0004285714285714286,
    0.0005047619047619046,
    0.0005809523809523808,
    0.000657142857142857
  ],
  "convergence_slowdown": [
    0.41790485156304213,
    0.28282108611778944,
    0.49960213653310337,
    0.24225272361907157,
    0.4485527363712646,
    0.4682001128412489,
    0.24698645142972248
  ],
  "shap_consistency": [
    0.013917497359216213,
    0.013180204141789522,
    0.013547775908731498,
    0.014331990494751014,
    0.012711645366671758,
    0.01426905188231896,
    0.013943652574641582
  ],
  "shap_sparsity": [
    0.9472736716270447,
    0.9472736716270447,
    0.9472736410605602,
    0.9472736104940757,
    0.9472734790581924,
    0.9472734423784109,
    0.9472734316801413
  ],
  "shap_faithfulness": [
    0.3463323062811142,
    0.3666741083829831,
    0.3586417910380241,
    0.37118616776588637,
    0.37014424877289015,
    0.37035515980842787,
    0.3569202232055175
  ],
  "shap_stability": [
    0.0,
    0.0,
    0.0,
    0.0,
    0.0,
    0.0,
    0.0
  ],
  "shap_weight_consistency": [
    1.0,
    1.0,
    1.0,
    1.0,
    1.0,
    1.0,
    1.0
  ],
  "shap_weight_sparsity": [
    0.0,
    0.0,
    0.0,
    0.0,
    0.0,
    0.0,
    0.0
  ],