{
  "total_loss": [
    3.014554800895544,
    0.6297087317857987,
    0.49673830622281784,
    0.4183087746302287,
    0.40650783479213715,
    0.3958609532087277,
    0.3801320344209671,
    0.3770797271759082,
    0.37704298014824206,
    0.3791348712566571,
    0.3771533530492049,
    0.37679074513606536,
    0.3758575568596522,
    0.37503300034082854,
    0.3851059296956429
  ],
  "main_loss": [
    2.7413702049316506,
    0.5732336754982288,
    0.4591472156536885,
    0.39252092058842,
    0.3833311605147826,
    0.3751604587603838,
    0.36937865156393784,
    0.36781549568359667,
    0.3684847106536229,
    0.3691118416877893,
    0.36770226023136043,
    0.3686248656266775,
    0.36798641085624695,
    0.36669354828504414,
    0.37189307770667934
  ],
  "shap_loss": [
    0.09696529041498135,
    0.09624138054175255,
    0.09703347793756387,
    0.08785509528257908,
    0.09236002159424317,
    0.09377792000006406,
    0.09619356710941364,
    0.09245717372649755,
    0.0946389845548532,
    0.0944000373666103,
    0.09175817802166328,
    0.09130970503275211,
    0.09256400645543368,
    0.09005754593855296,
    0.09281799025260486
  ],
  "shap_loss_normalized": [
    0.04014374454243061,
    0.051313565709652044,
    0.0447516252215092,
    0.03724431361143406,
    0.024611750474342935,
    0.03256603798423058,
    0.040012997694504567,
    0.018795153030600302,
    0.018927797340811826,
    0.0188800077407788,
    0.018351636110590056,
    0.018261941579672005,
    0.01851280162540766,
    0.018011509512479488,
    0.018563598442154054
  ],
  "tikhonov_loss": [
    0.0,
    0.0,
    0.0,
    0.0,
    0.0,
    0.0,
    0.0,
    0.0,
    0.0,
    0.0,
    0.0,
    0.0,
    0.0,
    0.0,
    0.0
  ],
  "nonnegativity_loss": [
    0.0,
    0.0,
    0.0,
    0.0,
    0.0,
    0.0,
    0.0,
    0.0,
    0.0,
    0.0,
    0.0,
    0.0,
    0.0,
    0.0,
    0.0
  ],
  "tikhonov_lambda": [
    0.0,
    0.0,
    0.0,
    0.0,
    0.0,
    0.0,
    0.0,
    0.0,
    0.0,
    0.0,
    0.0,
    0.0,
    0.0,
    0.0,
    0.0
  ],
  "nonnegativity_lambda": [
    0.0,
    0.0,
    0.0,
    0.0,
    0.0,
    0.0,
    0.0,
    0.0,
    0.0,
    0.0,
    0.0,
    0.0,
    0.0,
    0.0,
    0.0
  ],
  "shap_scale_factor": [
    0.41790485156304213,
    0.5360806690246621,
    0.46381703153509063,
    0.41881687991409494,
    0.26984794814465146,
    0.34847989312709476,
    0.41481398786668844,
    0.2031955209438683,
    0.20000000000000004,
    0.20000000000000004,
    0.20000000000000004,
    0.20000000000000004,
    0.20000000000000004,
    0.20000000000000004,
    0.20000000000000004
  ],
  "shap_contribution": [
    0.0,
    0.0,
    0.0,
    0.0,
    0.0,
    0.0,
    4.382375955640619e-06,
    4.594370985171573e-06,
    7.661251168965231e-06,
    1.114819560126097e-05,
    1.471043817265383e-05,
    1.8261942340102858e-05,
    1.8512802573520905e-05,
    1.8011510408728216e-05,
    1.8563599158556033e-05
  ],
  "tikhonov_contribution": [
    0.0,
    0.0,
    0.0,
    0.0,
    0.0,
    0.0,
    0.0,
    0.0,
    0.0,
    0.0,
    0.0,
    0.0,
    0.0,
    0.0,
    0.0
  ],
  "nonnegativity_contribution": [
    0.0,
    0.0,
    0.0,
    0.0,
    0.0,
    0.0,
    0.0,
    0.0,
    0.0,
    0.0,
    0.0,
    0.0,
    0.0,
    0.0,
    0.0
  ],
  "regularization_share": [
    0.08857808923506343,
    0.08857809003905291,
    0.07025804435227957,
    0.05834043675462716,
    0.053429597374688706,
    0.051725954975688375,
    0.02639105980806591,
    0.020246973905449835,
    0.02341990267306041,
    0.024706661326250545,
    0.024114371413369005,
    0.019232835297006486,
    0.01889737041502762,
    0.021722565700155246,
    0.03413506125814745
  ],
  "accuracy_guard_loss": [
    2.372660665940016,
    0.2040975361298292,
    0.09143664592351669,
    0.024686581049209986,
    0.014601620726096325,
    0.009014836870706998,
    0.002958169732338343,
    0.002737934008622781,
    0.0019673280991040743,
    0.003859631144083463,
    0.0036938954622317585,
    0.0028256896214607433,
    0.0015825720933767466,
    0.0017640139812078231,
    0.007589076574032123
  ],
  "accuracy_guard_contribution": [
    0.2731845822089758,
    0.05647506120686348,
    0.03759109023480843,
    0.0257878561432545,
    0.02317667528031728,
    0.02070049387522233,
    0.010749001199236283,
    0.009259639451136956,
    0.008550609581363507,
    0.01001188192421045,
    0.0094363851329455,
    0.008147614267774118,
    0.007852633698628498,
    0.008321442856238438,
    0.013194288771886092
  ],
  "distill_loss": [
    0.0,
    0.0,
    0.0,
    0.0,
    0.0,
    0.0,
    0.0,
    0.0,
    0.0,
    0.0,
    0.0,
    0.0,
    0.0,
    0.0,
    0.0
  ],
  "distill_contribution": [
    0.0,
    0.0,
    0.0,
    0.0,
    0.0,
    0.0,
    0.0,
    0.0,
    0.0,
    0.0,
    0.0,
    0.0,
    0.0,
    0.0,
    0.0
  ],
  "gate_entropy": [
    0.0019005319515529734,
    0.0019002201734110713,
    0.0019002201734110713,
    0.0019002201734110713,
    0.0019002201734110713,
    0.0019002201734110713,
    0.0019002201734110713,
    0.0019002201734110713,
    0.0019002201734110713,
    0.0019002201734110713,
    0.0019002201734110713,
    0.0019002201734110713,
    0.0019002201734110713,
    0.0019002201734110713,
    0.0019002201734110713
  ],
  "gate_min": [
    0.9998998917066134,
    0.9998999834060669,
    0.9998999834060669,
    0.9998999834060669,
    0.9998999834060669,
    0.9998999834060669,
    0.9998999834060669,
    0.9998999834060669,
    0.9998999834060669,
    0.9998999834060669,
    0.9998999834060669,
    0.9998999834060669,
    0.9998999834060669,
    0.9998999834060669,
    0.9998999834060669
  ],
  "gate_max": [
    0.9999000506523328,
    0.9998999834060669,
    0.9998999834060669,
    0.9998999834060669,
    0.9998999834060669,
    0.9998999834060669,
    0.9998999834060669,
    0.9998999834060669,
    0.9998999834060669,
    0.9998999834060669,
    0.9998999834060669,
    0.9998999834060669,
    0.9998999834060669,
    0.9998999834060669,
    0.9998999834060669
  ],
  "gate_anchor_loss": [
    1.0006443263731713e-08,
    1.000331906197971e-08,
    1.000331906197971e-08,
    1.000331906197971e-08,
    1.000331906197971e-08,
    1.000331906197971e-08,
    1.000331906197971e-08,
    1.000331906197971e-08,
    1.000331906197971e-08,
    1.000331906197971e-08,
    1.000331906197971e-08,
    1.000331906197971e-08,
    1.000331906197971e-08,
    1.000331906197971e-08,
    1.000331906197971e-08
  ],
  "gate_anchor_contribution": [
    5.003221796975947e-10,
    5.001659642012157e-10,
    5.001659642012157e-10,
    5.001659642012157e-10,
    5.001659642012157e-10,
    5.001659642012157e-10,
    5.001659642012157e-10,
    5.001659642012157e-10,
    5.001659642012157e-10,
    5.001659642012157e-10,
    5.001659642012157e-10,
    5.001659642012157e-10,
    5.001659642012157e-10,
    5.001659642012157e-10,
    5.001659642012157e-10
  ],
  "q_err_entropy": [
    0.9771927717404488,
    0.9868988196055094,
    0.9472016516404275,
    1.0139482036615028,
    0.9833409465276278,
    0.9312080572812985,
    0.9711594382921854,
    0.958971978762211,
    0.9456914342366732,
    0.9706001709669064,
    0.9932777041043991,
    1.0250388383865356,
    0.9873084869140234,
    1.0293193413661077,
    0.9586838040596399
  ],
  "q_err_gini": [
    0.8841313750315936,
    0.8829336151098593,
    0.886069118976593,
    0.8787859785251129,
    0.8814323651484954,
    0.8896458821418958,
    0.8841548439783927,
    0.885772188504537,
    0.887917683674739,
    0.8840315586481339,
    0.880174947090638,
    0.8779053947864435,
    0.8830535610516866,
    0.8774128174170469,
    0.8863161297944876
  ],