{
  "total_loss": [
    2.4628864282216782,
    0.8037314063463455,
    0.685215616837526,
    0.6316747894653907,
    1.3144426529224102,
    0.9408048460116754,
    0.8247228562831879
  ],
  "main_loss": [
    2.4628864282216782,
    0.8037314063463455,
    0.685215616837526,
    0.6316747894653907,
    1.3144426529224102,
    0.9408048460116754,
    0.8247228562831879
  ],
  "shap_loss": [
    0.0,
    0.0,
    0.0,
    0.0,
    0.0,
    0.0,
    0.0
  ],
  "shap_loss_normalized": [
    0.0,
    0.0,
    0.0,
    0.0,
    0.0,
    0.0,
    0.0
  ],
  "tikhonov_loss": [
    0.0,
    0.0,
    0.0,
    0.0,
    0.0,
    0.0,
    0.0
  ],
  "nonnegativity_loss": [
    0.0,
    0.0,
    0.0,
    0.0,
    0.0,
    0.0,
    0.0
  ],
  "tikhonov_lambda": [
    0.0,
    0.0,
    0.0,
    0.0,
    0.0,
    0.0,
    0.0
  ],
  "nonnegativity_lambda": [
    0.0,
    0.0,
    0.0,
    0.0,
    0.0,
    0.0,
    0.0
  ],
  "shap_scale_factor": [
    1752815.9874487503,
    1589986.7531909447,
    1463579.4090105158,
    1008458.6262317109,
    800000.0,
    800000.0,
    800000.0
  ],
  "shap_contribution": [
    0.0,
    0.0,
    0.0,
    0.0,
    0.0,
    0.0,
    0.0
  ],
  "tikhonov_contribution": [
    0.0,
    0.0,
    0.0,
    0.0,
    0.0,
    0.0,
    0.0
  ],
  "nonnegativity_contribution": [
    0.0,
    0.0,
    0.0,
    0.0,
    0.0,
    0.0,
    0.0
  ],
  "regularization_share": [
    5.368248572062427e-10,
    7.236127431695482e-10,
    8.004855777229318e-10,
    8.423247435312073e-10,
    5.516770973429813e-10,
    6.089538402736915e-10,
    6.755466032698429e-10
  ],
  "accuracy_guard_loss": [
    0.0,
    0.0,
    0.0,
    0.0,
    0.0,
    0.0,
    0.0
  ],
  "accuracy_guard_contribution": [
    0.0,
    0.0,
    0.0,
    0.0,
    0.0,
    0.0,
    0.0
  ],
  "distill_loss": [
    0.0,
    0.0,
    0.0,
    0.0,
    0.0,
    0.0,
    0.0
  ],
  "distill_contribution": [
    0.0,
    0.0,
    0.0,
    0.0,
    0.0,
    0.0,
    0.0
  ],
  "gate_entropy": [
    0.0019003332694037221,
    0.001900479988529323,
    0.0019005716879828237,
    0.0019009109759607757,
    0.0019013358411403038,
    0.0019022344420544612,
    0.0019029312325307191
  ],
  "gate_min": [
    0.9998999131031525,
    0.9998998641967773,
    0.9998997694406754,
    0.9998996746845734,
    0.9998994760024242,
    0.9998991275445009,
    0.9998989563721877
  ],
  "gate_max": [
    0.9999000781621689,
    0.9999001026153564,
    0.9999001056720049,
    0.9999001117853018,
    0.999900221824646,
    0.999900221824646,
    0.9999002340512398
  ],
  "gate_anchor_loss": [
    1.0004416622768403e-08,
    1.0006125523595516e-08,
    1.0006933697636027e-08,
    1.0010512510096083e-08,
    1.0014945454136418e-08,
    1.0024347642565946e-08,
    1.0031937036067061e-08
  ],
  "gate_anchor_contribution": [
    5.002208348391636e-10,
    5.003062778878112e-10,
    5.003467070862618e-10,
    5.005256366070344e-10,
    5.007472784002723e-10,
    5.01217390953147e-10,
    5.015968794165924e-10
  ],
  "q_err_entropy": [
    NaN,
    NaN,
    NaN,
    NaN,
    NaN,
    NaN,
    NaN
  ],
  "q_err_gini": [
    NaN,
    NaN,
    NaN,
    NaN,
    NaN,
    NaN,
    NaN
  ],
  "q_err_corr": [
    NaN,
    NaN,
    NaN,
    NaN,
    NaN,
    NaN,
    NaN
  ],
  "p_q_corr": [
    NaN,
    NaN,
    NaN,
    NaN,
    NaN,
    NaN,
    NaN
  ],
  "ea_ratio": [
    0.0,
    0.0,
    0.0,
    0.0,
    0.0,
    0.0,
    0.0
  ],
  "main_grad_norm": [
    6301.55029296875,
    7782.410888671875,
    10421.19384765625,
    9210.244873046875,
    18316.98681640625,
    14936.18212890625,
    12892.6103515625
  ],
  "ea_grad_norm": [
    0.0,
    0.0,
    0.0,
    0.0,
    0.0,
    0.0,
    0.0
  ],
  "ea_main_grad_ratio": [
    0.0,
    0.0,
    0.0,
    0.0,
    0.0,
    0.0,
    0.0
  ],
  "ea_scale": [
    10000.0,
    10000.0,
    10000.0,
    10000.0,
    10000.0,
    10000.0,
    10000.0
  ],
  "main_grad_params": [
    26.0,
    26.0,
    26.0,
    26.0,
    26.0,
    26.0,
    26.0
  ],
  "ea_grad_params": [
    0.0,
    0.0,
    0.0,
    0.0,
    0.0,
    0.0,
    0.0
  ],
  "grad_params_total": [
    26.0,
    26.0,
    26.0,
    26.0,
    26.0,
    26.0,
    26.0
  ],
  "rank_loss_raw": [
    NaN,
    NaN,
    NaN,
    NaN,
    NaN,
    NaN,
    NaN
  ],
  "bottom_inv_loss_raw": [
    NaN,
    NaN,
    NaN,
    NaN,
    NaN,
    NaN,
    NaN
  ],
  "rank_pairs_count": [
    NaN,
    NaN,
    NaN,
    NaN,
    NaN,
    NaN,
    NaN
  ],
  "rank_violations_count": [
    NaN,
    NaN,
    NaN,
    NaN,
    NaN,
    NaN,
    NaN
  ],
  "rank_grad_norm": [
    NaN,
    NaN,
    NaN,
    NaN,
    NaN,
    NaN,
    NaN
  ],
  "rank_main_grad_ratio": [
    NaN,
    NaN,
    NaN,
    NaN,
    NaN,
    NaN,
    NaN
  ],
  "shap_clip_active": [
    0.0,
    0.0,
    0.0,
    0.0,
    0.0,
    0.0,
    0.0
  ],
  "epoch_accepted": [
    1.0,
    1.0,
    1.0,
    1.0,
    1.0,
    1.0,
    1.0
  ],
  "lr": [
    8e-05,
    8e-05,
    8e-05,
    8e-05,
    8e-05,
    8e-05,
    8e-05
  ],
  "adaptive_gamma": [
    0.00019999999999999996,
    0.0002761904761904763,
    0.00035238095238095254,
    0.0004285714285714286,
    0.0005047619047619046,
    0.0005809523809523808,
    0.000657142857142857
  ],
  "convergence_slowdown": [
    0.4382039968621875,
    0.39749668829773616,
    0.365894852252629,
    0.2521146565579276,
    0.20000000000000004,
    0.20000000000000004,
    0.20000000000000004
  ],
  "shap_consistency": [
    0.0,
    0.0,
    0.0,
    0.0,
    0.0,
    0.0,
    0.0
  ],
  "shap_sparsity": [
    0.0,
    0.0,
    0.0,
    0.0,
    0.0,
    0.0,
    0.0
  ],
  "shap_faithfulness": [
    14.079335518372364,
    18.29966904566838,
    18.97558747805082,
    20.10548961468232,
    15.83272078098395,
    17.448891297364845,
    17.968556294074425
  ],
  "shap_stability": [
    0.0,
    0.0,
    0.0,
    0.0,
    0.0,
    0.0,
    0.0
  ],
  "shap_weight_consistency": [
    0.0,
    0.0,
    0.0,
    0.0,
    0.0,
    0.0,
    0.0
  ],
  "shap_weight_sparsity": [
    0.0,
    0.0,
    0.0,
    0.0,
    0.0,
    0.0,
    0.0
  ],
  "shap_weight_faithfulness": [
    0.0,
    0.0,
    0.0,
    0.0,
    0.0,
    0.0,
    0.0
  ],
  "shap_weight_stability": [
    0.0,
    0.0,
    0.0,
    0.0,
    0.0,
    0.0,
    0.0
  ],
  "val_main_loss": [
    0.9689150452613831,
    0.6875132322311401,
    0.47058790922164917,
    0.7855408787727356,
    1.1880589723587036,
    0.725996196269989,
    0.6433373689651489
  ]
}