{
  "total_loss": [
    3.7411828621839867,
    0.6744204316383753,
    0.5485718831037864,
    0.43645396217321736,
    0.4412279694508284,
    0.39737520806300336,
    0.3885199817327353,
    0.3956017066270877,
    0.39961291429324025,
    0.39476957000218904,
    0.3911436337691087,
    0.3960140958810464,
    0.39104752433605683,
    0.3920411517222722,
    0.3913118235575847
  ],
  "main_loss": [
    3.40218201203224,
    0.6142009252156967,
    0.5011314168954507,
    0.4058111860201909,
    0.40914270740288955,
    0.3803277783668958,
    0.3779269739603385,
    0.37949763811551607,
    0.38122787269262165,
    0.37769349225056476,
    0.3783376407928956,
    0.38106951193931776,
    0.3779944999095721,
    0.37931046271935487,
    0.38031789354788953
  ],
  "shap_loss": [
    0.10907296740855926,
    0.10887164106735817,
    0.10704249277328834,
    0.10666064344919644,
    0.10663997305509372,
    0.1063121769290704,
    0.10445624379775463,
    0.10627387941647799,
    0.10482251663238575,
    0.1074438098913584,
    0.11328768825683838,
    0.10961007995483203,
    0.11018670273896976,
    0.11253150839072007,
    0.11429056009420982
  ],
  "shap_loss_normalized": [
    0.04423664873227095,
    0.0697798056480212,
    0.04557125375438959,
    0.021400321083955277,
    0.04398739462097486,
    0.04642724728164,
    0.03279709696578674,
    0.021254776236720573,
    0.020964503765870363,
    0.02148876229348855,
    0.022657538023896705,
    0.021922016468567725,
    0.02203734094897906,
    0.030318440678410042,
    0.039488017320250854
  ],
  "tikhonov_loss": [
    0.0,
    0.0,
    0.0,
    0.0,
    0.0,
    0.0,
    0.0,
    0.0,
    0.0,
    0.0,
    0.0,
    0.0,
    0.0,
    0.0,
    0.0
  ],
  "nonnegativity_loss": [
    0.0,
    0.0,
    0.0,
    0.0,
    0.0,
    0.0,
    0.0,
    0.0,
    0.0,
    0.0,
    0.0,
    0.0,
    0.0,
    0.0,
    0.0
  ],
  "tikhonov_lambda": [
    0.0,
    0.0,
    0.0,
    0.0,
    0.0,
    0.0,
    0.0,
    0.0,
    0.0,
    0.0,
    0.0,
    0.0,
    0.0,
    0.0,
    0.0
  ],
  "nonnegativity_lambda": [
    0.0,
    0.0,
    0.0,
    0.0,
    0.0,
    0.0,
    0.0,
    0.0,
    0.0,
    0.0,
    0.0,
    0.0,
    0.0,
    0.0,
    0.0
  ],
  "shap_scale_factor": [
    0.41790485156304213,
    0.6375771844585396,
    0.4233915529574307,
    0.2006456647034155,
    0.4127114833251595,
    0.4355289392004737,
    0.31242983207703373,
    0.20000000000000004,
    0.20000000000000004,
    0.20000000000000004,
    0.20000000000000004,
    0.20000000000000004,
    0.20000000000000004,
    0.26952961568346184,
    0.34847989312709476
  ],
  "shap_contribution": [
    0.0,
    0.0,
    0.0,
    0.0,
    0.0,
    0.0,
    2.5840454327408224e-05,
    4.00701162736648e-05,
    0.00011843902029795572,
    0.00012606298733795158,
    0.00010036378546665686,
    0.000155568282375148,
    0.000341598701197654,
    0.0003720177501702729,
    0.00012224314167934397
  ],
  "tikhonov_contribution": [
    0.0,
    0.0,
    0.0,
    0.0,
    0.0,
    0.0,
    0.0,
    0.0,
    0.0,
    0.0,
    0.0,
    0.0,
    0.0,
    0.0,
    0.0
  ],
  "nonnegativity_contribution": [
    0.0,
    0.0,
    0.0,
    0.0,
    0.0,
    0.0,
    0.0,
    0.0,
    0.0,
    0.0,
    0.0,
    0.0,
    0.0,
    0.0,
    0.0
  ],
  "regularization_share": [
    0.08857809043804335,
    0.0885780899938942,
    0.08391608473984252,
    0.0672164166140564,
    0.07119846963224284,
    0.040852408872377476,
    0.023668799483484475,
    0.03930921028644844,
    0.04149424201396422,
    0.0416375244455704,
    0.03190076676810116,
    0.033185480103366145,
    0.031232598353438272,
    0.0314743974202987,
    0.027375106682265747
  ],
  "accuracy_guard_loss": [
    3.024862737991871,
    0.23660580393595573,
    0.12484859541440621,
    0.030733918532347068,
    0.035533829377247736,
    0.006556099041914329,
    0.00363576182952294,
    0.004526119583692306,
    0.006880119442939758,
    0.006632402921334291,
    0.0035993911516972077,
    0.006720918875474196,
    0.0038841191010597423,
    0.0035831007437828258,
    0.005466272433598836
  ],
  "accuracy_guard_contribution": [
    0.3390008645753066,
    0.060219512344935,
    0.047440467068018057,
    0.030642776869428463,
    0.032085259134570755,
    0.017047430746830426,
    0.010567167678322548,
    0.016064000339844287,
    0.018266600485031422,
    0.01695001631593093,
    0.012705632318288852,
    0.014789016583026985,
    0.012711426386466393,
    0.01235867052888259,
    0.010871690005446091
  ],
  "distill_loss": [
    0.0,
    0.0,
    0.0,
    0.0,
    0.0,
    0.0,
    0.0,
    0.0,
    0.0,
    0.0,
    0.0,
    0.0,
    0.0,
    0.0,
    0.0
  ],
  "distill_contribution": [
    0.0,
    0.0,
    0.0,
    0.0,
    0.0,
    0.0,
    0.0,
    0.0,
    0.0,
    0.0,
    0.0,
    0.0,
    0.0,
    0.0,
    0.0
  ],
  "gate_entropy": [
    0.0019005288949045234,
    0.0019002201734110713,
    0.0019002201734110713,
    0.0019002201734110713,
    0.0019002201734110713,
    0.0019002201734110713,
    0.0019002201734110713,
    0.0019002201734110713,
    0.0019002201734110713,
    0.0019002201734110713,
    0.0019002201734110713,
    0.0019002201734110713,
    0.0019002201734110713,
    0.0019002201734110713,
    0.0019002201734110713
  ],
  "gate_min": [
    0.9998998917066134,
    0.9998999834060669,
    0.9998999834060669,
    0.9998999834060669,
    0.9998999834060669,
    0.9998999834060669,
    0.9998999834060669,
    0.9998999834060669,
    0.9998999834060669,
    0.9998999834060669,
    0.9998999834060669,
    0.9998999834060669,
    0.9998999834060669,
    0.9998999834060669,
    0.9998999834060669
  ],
  "gate_max": [
    0.9999000231424967,
    0.9998999834060669,
    0.9998999834060669,
    0.9998999834060669,
    0.9998999834060669,
    0.9998999834060669,
    0.9998999834060669,
    0.9998999834060669,
    0.9998999834060669,
    0.9998999834060669,
    0.9998999834060669,
    0.9998999834060669,
    0.9998999834060669,
    0.9998999834060669,
    0.9998999834060669
  ],
  "gate_anchor_loss": [
    1.0006442944898435e-08,
    1.000331906197971e-08,
    1.000331906197971e-08,
    1.000331906197971e-08,
    1.000331906197971e-08,
    1.000331906197971e-08,
    1.000331906197971e-08,
    1.000331906197971e-08,
    1.000331906197971e-08,
    1.000331906197971e-08,
    1.000331906197971e-08,
    1.000331906197971e-08,
    1.000331906197971e-08,
    1.000331906197971e-08,
    1.000331906197971e-08
  ],
  "gate_anchor_contribution": [
    5.003221654639662e-10,
    5.001659642012157e-10,
    5.001659642012157e-10,
    5.001659642012157e-10,
    5.001659642012157e-10,
    5.001659642012157e-10,
    5.001659642012157e-10,
    5.001659642012157e-10,
    5.001659642012157e-10,
    5.001659642012157e-10,
    5.001659642012157e-10,
    5.001659642012157e-10,
    5.001659642012157e-10,
    5.001659642012157e-10,
    5.001659642012157e-10
  ],
  "q_err_entropy": [
    0.7853015347933158,
    0.8171767126291226,
    0.8546851384334075,
    0.8561959755726349,
    0.8177006535041027,
    0.8156474377864447,
    0.8605649669965109,
    0.8305894533793131,
    0.8345084809339963,
    0.8067034039741907,
    0.7544288811011192,
    0.8064890450392014,
    0.8058839944692758,
    0.7883865298368992,
    0.759495735168457
  ],
  "q_err_gini": [
    0.9050703797584925,
    0.9020491349391448,
    0.8978208868931501,
    0.8975875927851751,
    0.9021445237673246,
    0.902343057669126,
    0.8978612575775538,
    0.900555112423041,
    0.8988165091245602,
    0.9029390429839109,
    0.9091349152418283,
    0.9032033834701929,
    0.90403874256672,
    0.9052013128231733,
    0.9073302883368272
  ],