{
  "total_loss": [
    3.0846264247710886,
    0.7105195805048331,
    0.854578455289205,
    0.7648405547325428,
    1.0371549137127705
  ],
  "main_loss": [
    3.0846264247710886,
    0.7105195805048331,
    0.854115719978626,
    0.763799562668189,
    1.034902301354286
  ],
  "shap_loss": [
    0.47886558220936704,
    0.4837342714652037,
    0.4798580217055785,
    0.4820215044877468,
    0.481978660210585
  ],
  "shap_loss_normalized": [
    0.19944785420711225,
    0.09679766018421222,
    0.15595937367433158,
    0.2152570461233457,
    0.21256470928589502
  ],
  "tikhonov_loss": [
    0.0,
    0.0,
    0.0,
    0.0,
    0.0
  ],
  "nonnegativity_loss": [
    0.0,
    0.0,
    0.0,
    0.0,
    0.0
  ],
  "tikhonov_lambda": [
    0.0,
    0.0,
    0.0,
    0.0,
    0.0
  ],
  "nonnegativity_lambda": [
    0.0,
    0.0,
    0.0,
    0.0,
    0.0
  ],
  "shap_scale_factor": [
    0.41790485156304213,
    0.20010465724751442,
    0.3246512369815537,
    0.4460161054825146,
    0.44145483837650784
  ],
  "shap_contribution": [
    0.0,
    0.0,
    0.00046273712994148716,
    0.0010409940769955611,
    0.002252601996774618
  ],
  "tikhonov_contribution": [
    0.0,
    0.0,
    0.0,
    0.0,
    0.0
  ],
  "nonnegativity_contribution": [
    0.0,
    0.0,
    0.0,
    0.0,
    0.0
  ],
  "regularization_share": [
    3.50147513693525e-10,
    7.548746221556673e-10,
    0.0006298297424243436,
    0.0016829486920720987,
    0.0025888505920187575
  ],
  "accuracy_guard_loss": [
    0.0,
    0.0,
    0.0,
    0.0,
    0.0
  ],
  "accuracy_guard_contribution": [
    0.0,
    0.0,
    0.0,
    0.0,
    0.0
  ],
  "distill_loss": [
    0.0,
    0.0,
    0.0,
    0.0,
    0.0
  ],
  "distill_contribution": [
    0.0,
    0.0,
    0.0,
    0.0,
    0.0
  ],
  "gate_entropy": [
    0.0019005350082014233,
    0.0019006725573816742,
    0.0019009812788751263,
    0.0019012961136654783,
    0.00190152536229923
  ],
  "gate_min": [
    0.9998998978199103,
    0.9998998641967773,
    0.99989976027073,
    0.9998996869111673,
    0.9998995952117138
  ],
  "gate_max": [
    0.9999000261991452,
    0.9999000414823874,
    0.9999000751055204,
    0.999900072048872,
    0.9999000965020596
  ],
  "gate_anchor_loss": [
    1.0006507371994571e-08,
    1.0008053235147157e-08,
    1.0011277482227307e-08,
    1.0014534364170931e-08,
    1.0017023450031433e-08
  ],
  "gate_anchor_contribution": [
    5.003253865341005e-10,
    5.004026665967916e-10,
    5.005638852135956e-10,
    5.007267335808654e-10,
    5.008511810417487e-10
  ],
  "q_err_entropy": [
    1.654717057179182,
    1.6691227203760393,
    1.6843602504485693,
    1.68687803317339,
    1.6895780960718791
  ],
  "q_err_gini": [
    0.7869425110327892,
    0.7835169449830667,
    0.7807734165436182,
    0.779643008342156,
    0.7796662312287551
  ],
  "q_err_corr": [
    0.8882031001542744,
    0.8862329446352445,
    0.8772059831863794,
    0.8759729342582898,
    0.9006564678289951
  ],
  "p_q_corr": [
    -0.34026520374493724,
    -0.35532437608792233,
    -0.35794725784888637,
    -0.362990745367148,
    -0.359444586894451
  ],
  "ea_ratio": [
    0.0,
    0.0,
    0.0006307179835111571,
    0.001688630703705339,
    0.0026082739872762407
  ],
  "main_grad_norm": [
    6146.170471191406,
    8183.24072265625,
    15168.66748046875,
    8723.32568359375,
    10259.295654296875
  ],
  "ea_grad_norm": [
    40.71168899536133,
    13.897130012512207,
    17.235507488250732,
    18.975345611572266,
    12.552061080932617
  ],
  "ea_main_grad_ratio": [
    0.018461557839820186,
    0.0017754663841528704,
    0.0011543687938193627,
    0.0021474603839867264,
    0.001723017820458981
  ],
  "ea_scale": [
    3.0149575215761093,
    6.600832041894525,
    8.714724000535611,
    5.15483572424985,
    9.017752071215426
  ],
  "main_grad_params": [
    26.0,
    26.0,
    26.0,
    26.0,
    26.0
  ],
  "ea_grad_params": [
    26.0,
    26.0,
    26.0,
    26.0,
    26.0
  ],
  "grad_params_total": [
    26.0,
    26.0,
    26.0,
    26.0,
    26.0
  ],
  "rank_loss_raw": [
    0.04963325088222822,
    0.05182427473557301,
    0.0512347783988867,
    0.05158279511408928,
    0.05186082193484673
  ],
  "bottom_inv_loss_raw": [
    0.0,
    0.0,
    0.0,
    0.0,
    0.0
  ],
  "rank_pairs_count": [
    168.48717948717947,
    168.87179487179486,
    168.97435897435898,
    169.23076923076923,
    169.43589743589743
  ],
  "rank_violations_count": [
    118.3076923076923,
    121.35897435897436,
    121.3076923076923,
    121.07692307692308,
    121.94871794871794
  ],
  "rank_grad_norm": [
    9.708167552947998,
    11.98123025894165,
    14.805275440216064,
    8.680553436279297,
    7.223239421844482
  ],
  "rank_main_grad_ratio": [
    0.0033566681980681055,
    0.0015374486216984333,
    0.0009925693929961161,
    0.0009977108990919287,
    0.0008665965975955895
  ],
  "shap_clip_active": [
    0.0,
    0.0,
    0.0,
    0.0,
    0.0
  ],
  "epoch_accepted": [
    1.0,
    1.0,
    1.0,
    1.0,
    1.0
  ],
  "lr": [
    8e-05,
    8e-05,
    8e-05,
    8e-05,
    8e-05
  ],
  "adaptive_gamma": [
    0.00019999999999999996,
    0.0004285714285714286,
    0.000657142857142857,
    0.000885714285714286,
    0.0010000000000000002
  ],
  "convergence_slowdown": [
    0.41790485156304213,
    0.20010465724751442,
    0.3246512369815537,
    0.4460161054825146,
    0.44145483837650784
  ],
  "shap_consistency": [
    0.47886558220936704,
    0.4837342714652037,
    0.4798580217055785,
    0.4820215044877468,
    0.481978660210585
  ],
  "shap_sparsity": [
    0.9472736716270447,
    0.9472736716270447,
    0.9472736655137478,
    0.9472736685703962,
    0.9472736502305056
  ],
  "shap_faithfulness": [
    0.062330411603817575,
    0.06792413863616112,
    0.07658254536680686,
    0.0745752018231612,
    0.07202768067900951
  ],
  "shap_stability": [
    0.0,
    0.0,
    0.0,
    0.0,
    0.0
  ],
  "shap_weight_consistency": [
    1.0,
    1.0,
    1.0,
    1.0,
    1.0
  ],
  "shap_weight_sparsity": [
    0.0,
    0.0,
    0.0,
    0.0,
    0.0
  ],
  "shap_weight_faithfulness": [
    0.0,
    0.0,
    0.0,
    0.0,
    0.0
  ],
  "shap_weight_stability": [
    0.0,
    0.0,
    0.0,
    0.0,
    0.0
  ],
  "val_main_loss": [
    0.8146400451660156,
    0.7892898917198181,
    0.5961766242980957,
    0.5962332487106323,
    2.2685208320617676
  ]
}