{
  "total_loss": [
    2.2413936173304534,
    0.8521640423016671,
    0.6566611039332855,
    0.7294932091847445,
    0.7744191151398879,
    0.7885774801938962,
    0.7818111219467261,
    0.6563191360388047,
    0.6815342933703692,
    0.7600620014545245
  ],
  "main_loss": [
    2.2413880679851923,
    0.8521592173820887,
    0.6566558357996818,
    0.7294818690189948,
    0.7744117807119321,
    0.7885717719029157,
    0.7818024082061572,
    0.6563077492591662,
    0.6815266693249727,
    0.7600539227326711
  ],
  "shap_loss": [
    0.05554530167808899,
    0.05814709781836241,
    0.05561977424300634,
    0.055419169939481296,
    0.056796215379085295,
    0.05873125457228758,
    0.056710012925741,
    0.05661360155313443,
    0.057991050756894626,
    0.05652333996616877
  ],
  "shap_loss_normalized": [
    0.027993499277493894,
    0.01873962242060747,
    0.016755894256325867,
    0.03053623046248387,
    0.017106366510956716,
    0.011746251167586217,
    0.016050277050966635,
    0.01897854560938401,
    0.011598210363911513,
    0.011304668186662288
  ],
  "tikhonov_loss": [
    0.0,
    0.0,
    0.0,
    0.0,
    0.0,
    0.0,
    0.0,
    0.0,
    0.0,
    0.0
  ],
  "nonnegativity_loss": [
    0.0,
    0.0,
    0.0,
    0.0,
    0.0,
    0.0,
    0.0,
    0.0,
    0.0,
    0.0
  ],
  "tikhonov_lambda": [
    0.0,
    0.0,
    0.0,
    0.0,
    0.0,
    0.0,
    0.0,
    0.0,
    0.0,
    0.0
  ],
  "nonnegativity_lambda": [
    0.0,
    0.0,
    0.0,
    0.0,
    0.0,
    0.0,
    0.0,
    0.0,
    0.0,
    0.0
  ],
  "shap_scale_factor": [
    0.5094962287027754,
    0.3233272679744696,
    0.3055796767335228,
    0.5513366416514371,
    0.30247508094581194,
    0.20000000000000004,
    0.28271642887027504,
    0.3352930799402816,
    0.20000000000000004,
    0.20000000000000004
  ],
  "shap_contribution": [
    5.598699687699338e-06,
    4.818759885566602e-06,
    5.266138189724118e-06,
    1.134202886113109e-05,
    7.331299836247733e-06,
    5.705322057390451e-06,
    8.713007784349313e-06,
    1.1387127904946772e-05,
    7.621680885140682e-06,
    8.0747629512282e-06
  ],
  "tikhonov_contribution": [
    0.0,
    0.0,
    0.0,
    0.0,
    0.0,
    0.0,
    0.0,
    0.0,
    0.0,
    0.0
  ],
  "nonnegativity_contribution": [
    0.0,
    0.0,
    0.0,
    0.0,
    0.0,
    0.0,
    0.0,
    0.0,
    0.0,
    0.0
  ],
  "regularization_share": [
    6.068353038208923e-06,
    6.249545571826043e-06,
    8.703566952458332e-06,
    1.829823018172371e-05,
    1.0671030140542504e-05,
    8.41713604181785e-06,
    1.3130332376818706e-05,
    1.9670477742693838e-05,
    1.2764077904062785e-05,
    1.2028560237320698e-05
  ],
  "accuracy_guard_loss": [
    0.0,
    0.0,
    0.0,
    0.0,
    0.0,
    0.0,
    0.0,
    0.0,
    0.0,
    0.0
  ],
  "accuracy_guard_contribution": [
    0.0,
    0.0,
    0.0,
    0.0,
    0.0,
    0.0,
    0.0,
    0.0,
    0.0,
    0.0
  ],
  "distill_loss": [
    0.0,
    0.0,
    0.0,
    0.0,
    0.0,
    0.0,
    0.0,
    0.0,
    0.0,
    0.0
  ],
  "distill_contribution": [
    0.0,
    0.0,
    0.0,
    0.0,
    0.0,
    0.0,
    0.0,
    0.0,
    0.0,
    0.0
  ],
  "gate_entropy": [
    0.0019004371954510228,
    0.0019006114244126738,
    0.0019007764834289749,
    0.001900947655742176,
    0.001900947655742176,
    0.0019012441357167868,
    0.0019013235309662728,
    0.0019018553639165102,
    0.0019020601593626614,
    0.0019024300138251139
  ],
  "gate_min": [
    0.9998999131031525,
    0.9998998641967773,
    0.999899855026832,
    0.9998997144210033,
    0.9998995982683622,
    0.9998994148694552,
    0.9998992161873059,
    0.9998990144485083,
    0.9998988677293826,
    0.9998987179536086
  ],
  "gate_max": [
    0.9999000598222781,
    0.9999001026153564,
    0.9999001026153564,
    0.9999001026153564,
    0.9999001362384894,
    0.9999001790315677,
    0.9999002982408572,
    0.9999003410339355,
    0.9999003410339355,
    0.9999003410339355
  ],
  "gate_anchor_loss": [
    1.0005542582492721e-08,
    1.0007413177339831e-08,
    1.0009120711738607e-08,
    1.001092590021594e-08,
    1.0010994677108952e-08,
    1.0014062103763512e-08,
    1.0014920266307387e-08,
    1.0020445146006423e-08,
    1.0022876910198146e-08,
    1.0026505733935373e-08
  ],
  "gate_anchor_contribution": [
    5.002771331100521e-10,
    5.003706708232395e-10,
    5.00456058360736e-10,
    5.005463137991867e-10,
    5.005497441036602e-10,
    5.00703102910795e-10,
    5.007460187241483e-10,
    5.010222664098435e-10,
    5.011438443712171e-10,
    5.013252889741492e-10
  ],
  "q_err_entropy": [
    1.4832702691738422,
    1.4683872430752485,
    1.4853845681899633,
    1.5134704265839014,
    1.4671378471912482,
    1.4954680876854138,
    1.4818844428429236,
    1.4700439251386201,
    1.5003865040265596,
    1.485826654311938
  ],
  "q_err_gini": [
    0.813119385486994,
    0.817103291169191,
    0.8128457680726663,
    0.8069126055790827,
    0.8179441721011431,
    0.8109100078925108,
    0.8137998183568319,
    0.8178710127488161,
    0.8087131671416454,
    0.8128263858648447
  ],
  "q_err_corr": [
    0.809534172478475,
    0.7679657332408123,
    0.7264451724596512,
    0.7730388595507696,
    0.7409582978639847,
    0.8121397403570322,
    0.7204367636870115,
    0.7542022879307086,
    0.781754005031708,
    0.7319393253479248
  ],
  "p_q_corr": [
    0.826928653778174,
    0.8192967711350857,
    0.8293629242823675,
    0.8306069465783926,
    0.8250091320429093,
    0.8172184580411667,
    0.8252485745992416,
    0.8255262818091955,
    0.819842570867294,
    0.8257684524242694
  ],
  "ea_ratio": [
    6.067918575033615e-06,
    6.2489410707619245e-06,
    8.702855567231056e-06,
    1.829794976005453e-05,
    1.0670426152687585e-05,
    8.416480894970262e-06,
    1.3129985057812286e-05,
    1.9670127923559332e-05,
    1.2763426534197955e-05,
    1.202798170524124e-05
  ],
  "main_grad_norm": [
    9420.657104492188,
    13881.98193359375,
    9086.64990234375,
    13917.048828125,
    19976.946533203125,
    7408.30712890625,
    10346.16552734375,
    7029.611572265625,
    17935.3408203125,
    9214.276123046875
  ],
  "ea_grad_norm": [
    14.730733394622803,
    10.802640438079834,
    4.8481422662734985,
    5.8595805168151855,
    14.380011320114136,
    5.973291397094727,
    5.510529041290283,
    4.697138071060181,
    3.3811949491500854,
    6.907949686050415
  ],
  "ea_main_grad_ratio": [
    0.002999560607821657,
    0.0007904027227760395,
    0.0005253510195874378,
    0.00046850965338874674,
    0.0007496350794436651,
    0.000813756347760596,
    0.0005366412008244983,
    0.0006618139630403383,
    0.00019079948813848798,
    0.0007325819871502096
  ],
  "ea_scale": [
    1.0,
    1.0,
    1.0,
    1.0,
    1.0,
    1.0,
    1.0,
    1.0,
    1.0,
    1.0
  ],
  "main_grad_params": [
    26.0,
    26.0,
    26.0,
    26.0,
    26.0,
    26.0,
    26.0,
    26.0,
    26.0,
    26.0
  ],
  "ea_grad_params": [
    26.0,
    26.0,
    26.0,
    26.0,
    26.0,
    26.0,
    26.0,
    26.0,
    26.0,
    26.0
  ],
  "grad_params_total": [
    26.0,
    26.0,
    26.0,
    26.0,
    26.0,
    26.0,
    26.0,
    26.0,
    26.0,
    26.0
  ],
  "rank_loss_raw": [
    0.006936098532512402,
    0.007147792523774581,
    0.007493443106516049,
    0.007502073696695077,
    0.007577576387960177,
    0.007277051273446817,
    0.007606234520864792,
    0.0074236588552594185,
    0.007518606761900278,
    0.00747069469294869
  ],
  "bottom_inv_loss_raw": [
    0.0,
    0.0,
    0.0,
    0.0,
    0.0,
    0.0,
    0.0,
    0.0,
    0.0,
    0.0
  ],
  "rank_pairs_count": [
    170.4102564102564,
    170.64102564102564,
    170.87179487179486,
    170.64102564102564,
    170.74358974358975,
    170.84615384615384,
    170.94871794871796,
    170.87179487179486,
    170.82051282051282,
    170.92307692307693
  ],