{
  "total_loss": [
    2.9351769914993873,
    0.5309321177311432,
    0.44782249056375945,
    0.43657075671049267,
    0.40426680254630554,
    0.38991011182467145,
    0.36999890437492955,
    0.36570978241089064,
    0.36333355689660096,
    0.36715872547565365,
    0.3748213763420398,
    0.3676159080022421,
    0.36712744793830776,
    0.37136869782056564,
    0.369941607881815
  ],
  "main_loss": [
    2.669298700797252,
    0.4850896092561575,
    0.4108001956572899,
    0.40265200076959073,
    0.37961980127371275,
    0.36855415503184,
    0.3582507727237848,
    0.35787645211586583,
    0.3562684177588194,
    0.35747559253986066,
    0.3605697628779289,
    0.35806490595524126,
    0.3572364227894025,
    0.3581002339338645,
    0.3580159823863934
  ],
  "shap_loss": [
    0.08591586542435181,
    0.09711537586572842,
    0.1011818507925058,
    0.09253975634391491,
    0.10078292034375362,
    0.09455229743168904,
    0.087113917638094,
    0.09293114508573826,
    0.08950459479521482,
    0.08894000374353848,
    0.09068623834695572,
    0.09163979249886978,
    0.09096973886092503,
    0.09293089329432218,
    0.08486915074097805
  ],
  "shap_loss_normalized": [
    0.03695411483446757,
    0.05614193605306821,
    0.0450264156724398,
    0.04188088571222929,
    0.043094647713960745,
    0.019663637193540733,
    0.017422783976564042,
    0.01858622934191655,
    0.01790091932679598,
    0.017788001097356662,
    0.018137248041920174,
    0.01832795876245468,
    0.018193948082625866,
    0.01858617905049752,
    0.01697383052072464
  ],
  "tikhonov_loss": [
    0.0,
    0.0,
    0.0,
    0.0,
    0.0,
    0.0,
    0.0,
    0.0,
    0.0,
    0.0,
    0.0,
    0.0,
    0.0,
    0.0,
    0.0
  ],
  "nonnegativity_loss": [
    0.0,
    0.0,
    0.0,
    0.0,
    0.0,
    0.0,
    0.0,
    0.0,
    0.0,
    0.0,
    0.0,
    0.0,
    0.0,
    0.0,
    0.0
  ],
  "tikhonov_lambda": [
    0.0,
    0.0,
    0.0,
    0.0,
    0.0,
    0.0,
    0.0,
    0.0,
    0.0,
    0.0,
    0.0,
    0.0,
    0.0,
    0.0,
    0.0
  ],
  "nonnegativity_lambda": [
    0.0,
    0.0,
    0.0,
    0.0,
    0.0,
    0.0,
    0.0,
    0.0,
    0.0,
    0.0,
    0.0,
    0.0,
    0.0,
    0.0,
    0.0
  ],
  "shap_scale_factor": [
    0.41790485156304213,
    0.588856737995063,
    0.43502034219842184,
    0.4512156663218758,
    0.4165630919795245,
    0.2080264935984807,
    0.20000000000000004,
    0.20000000000000004,
    0.20000000000000004,
    0.20000000000000004,
    0.20000000000000004,
    0.20000000000000004,
    0.20000000000000004,
    0.20000000000000004,
    0.20000000000000004
  ],
  "shap_contribution": [
    0.0,
    0.0,
    0.0,
    0.0,
    0.0,
    0.0,
    6.207125447988987e-05,
    0.00018510010359489406,
    0.00019266218273864628,
    0.0002336480709998749,
    0.000954435635298395,
    0.000853039124288047,
    0.0009481755356925229,
    0.0008738579732986788,
    0.0006898749949565778
  ],
  "tikhonov_contribution": [
    0.0,
    0.0,
    0.0,
    0.0,
    0.0,
    0.0,
    0.0,
    0.0,
    0.0,
    0.0,
    0.0,
    0.0,
    0.0,
    0.0,
    0.0
  ],
  "nonnegativity_contribution": [
    0.0,
    0.0,
    0.0,
    0.0,
    0.0,
    0.0,
    0.0,
    0.0,
    0.0,
    0.0,
    0.0,
    0.0,
    0.0,
    0.0,
    0.0
  ],
  "regularization_share": [
    0.08857808987867503,
    0.08389257444523797,
    0.08158508286280537,
    0.07520882735789643,
    0.05738151654885501,
    0.05287579275952023,
    0.029045958092397815,
    0.01959798118270483,
    0.01644082149744915,
    0.025489822981254462,
    0.03535554016777494,
    0.02357634849202092,
    0.02713649744498656,
    0.03206941058168749,
    0.033217145508255635
  ],
  "accuracy_guard_loss": [
    2.311178302153563,
    0.12734017234582168,
    0.05395918702467894,
    0.045444006339097634,
    0.025088528027901284,
    0.016379349124737274,
    0.0036225895851086346,
    0.00208247089997316,
    0.002241130822744125,
    0.0024537963744921563,
    0.004817725756229498,
    0.00287364308650677,
    0.002812860103753897,
    0.004257189157681587,
    0.002999004263144273
  ],
  "accuracy_guard_contribution": [
    0.26587830665401924,
    0.045842508236185096,
    0.03702229786759768,
    0.03391875689610457,
    0.024647000460670546,
    0.02135595727043274,
    0.011686063634279447,
    0.007648231652684701,
    0.006872477439733652,
    0.009449483014834233,
    0.013297177469119048,
    0.008697964155521149,
    0.00894284463272645,
    0.012394607831270266,
    0.011235749731079126
  ],
  "distill_loss": [
    0.0,
    0.0,
    0.0,
    0.0,
    0.0,
    0.0,
    0.0,
    0.0,
    0.0,
    0.0,
    0.0,
    0.0,
    0.0,
    0.0,
    0.0
  ],
  "distill_contribution": [
    0.0,
    0.0,
    0.0,
    0.0,
    0.0,
    0.0,
    0.0,
    0.0,
    0.0,
    0.0,
    0.0,
    0.0,
    0.0,
    0.0,
    0.0
  ],
  "gate_entropy": [
    0.0019002629664893716,
    0.0019002201734110713,
    0.0019002201734110713,
    0.0019002201734110713,
    0.0019002201734110713,
    0.0019002201734110713,
    0.0019002201734110713,
    0.0019002201734110713,
    0.0019002201734110713,
    0.0019002201734110713,
    0.0019002201734110713,
    0.0019002201734110713,
    0.0019002201734110713,
    0.0019002201734110713,
    0.0019002201734110713
  ],
  "gate_min": [
    0.9998999100465041,
    0.9998999834060669,
    0.9998999834060669,
    0.9998999834060669,
    0.9998999834060669,
    0.9998999834060669,
    0.9998999834060669,
    0.9998999834060669,
    0.9998999834060669,
    0.9998999834060669,
    0.9998999834060669,
    0.9998999834060669,
    0.9998999834060669,
    0.9998999834060669,
    0.9998999834060669
  ],
  "gate_max": [
    0.9999000598222781,
    0.9998999834060669,
    0.9998999834060669,
    0.9998999834060669,
    0.9998999834060669,
    0.9998999834060669,
    0.9998999834060669,
    0.9998999834060669,
    0.9998999834060669,
    0.9998999834060669,
    0.9998999834060669,
    0.9998999834060669,
    0.9998999834060669,
    0.9998999834060669,
    0.9998999834060669
  ],
  "gate_anchor_loss": [
    1.0003773444949706e-08,
    1.000331906197971e-08,
    1.000331906197971e-08,
    1.000331906197971e-08,
    1.000331906197971e-08,
    1.000331906197971e-08,
    1.000331906197971e-08,
    1.000331906197971e-08,
    1.000331906197971e-08,
    1.000331906197971e-08,
    1.000331906197971e-08,
    1.000331906197971e-08,
    1.000331906197971e-08,
    1.000331906197971e-08,
    1.000331906197971e-08
  ],
  "gate_anchor_contribution": [
    5.001886824956978e-10,
    5.001659642012157e-10,
    5.001659642012157e-10,
    5.001659642012157e-10,
    5.001659642012157e-10,
    5.001659642012157e-10,
    5.001659642012157e-10,
    5.001659642012157e-10,
    5.001659642012157e-10,
    5.001659642012157e-10,
    5.001659642012157e-10,
    5.001659642012157e-10,
    5.001659642012157e-10,
    5.001659642012157e-10,
    5.001659642012157e-10
  ],
  "q_err_entropy": [
    1.1225829598231194,
    1.032615073216267,
    0.9558957402522748,
    1.1840740927518942,
    1.0371236812609892,
    1.0657916932533948,
    1.1042429621403034,
    1.0356034743480194,
    1.1615690268003023,
    1.11934906626359,
    1.0337928101802483,
    1.1682154543888874,
    1.028540435891885,
    1.0340346579368298,
    1.1220522874440901
  ],
  "q_err_gini": [
    0.8540317507890555,
    0.8625880342263442,
    0.8717190210635846,
    0.8425105825448648,
    0.8614207383913871,
    0.8516007845218365,
    0.8527406805600876,
    0.861190968599075,
    0.846369859499809,
    0.8511535540605203,
    0.8549347290625939,
    0.8427049334232624,
    0.8609698353669583,
    0.8576069351954337,
    0.8480522877130753
  ],