{
  "total_loss": [
    3.6593687679523077,
    0.596601107945809,
    0.48302254386437243,
    0.4163192900327536,
    0.4152896033647733,
    0.3780398063170604,
    0.37080161120647037,
    0.3745792057269659,
    0.37785966044817215,
    0.3768795629342397,
    0.3719024505370703,
    0.37763762894349223
  ],
  "main_loss": [
    3.327688691707758,
    0.5433655755642133,
    0.44244604691480977,
    0.3861825443231143,
    0.3860716231358357,
    0.3616985659568738,
    0.3595975561019702,
    0.36056378178107434,
    0.36140241301976717,
    0.3595329721768697,
    0.3585596955739535,
    0.36238247308975613
  ],
  "shap_loss": [
    0.08104041992471768,
    0.08195735475955865,
    0.0889884481827418,
    0.08762164356616828,
    0.08217732703838593,
    0.08860971683110946,
    0.0897928577585098,
    0.09589745409977742,
    0.08039013592478557,
    0.08707312590036637,
    0.0775794180539938,
    0.07669506680506927
  ],
  "shap_loss_normalized": [
    0.03497126044180149,
    0.04276154238062027,
    0.04120761051009863,
    0.04672655276954174,
    0.03351419939635656,
    0.026885769855326567,
    0.0400857475036994,
    0.019278579654219825,
    0.01607802729958143,
    0.017414625566930342,
    0.015515883835271383,
    0.0153390135950385
  ],
  "tikhonov_loss": [
    0.0,
    0.0,
    0.0,
    0.0,
    0.0,
    0.0,
    0.0,
    0.0,
    0.0,
    0.0,
    0.0,
    0.0
  ],
  "nonnegativity_loss": [
    0.0,
    0.0,
    0.0,
    0.0,
    0.0,
    0.0,
    0.0,
    0.0,
    0.0,
    0.0,
    0.0,
    0.0
  ],
  "tikhonov_lambda": [
    0.0,
    0.0,
    0.0,
    0.0,
    0.0,
    0.0,
    0.0,
    0.0,
    0.0,
    0.0,
    0.0,
    0.0
  ],
  "nonnegativity_lambda": [
    0.0,
    0.0,
    0.0,
    0.0,
    0.0,
    0.0,
    0.0,
    0.0,
    0.0,
    0.0,
    0.0,
    0.0
  ],
  "shap_scale_factor": [
    0.41790485156304213,
    0.5394329584218037,
    0.4560584828017798,
    0.528245911189904,
    0.41998474198809477,
    0.2963436369900164,
    0.44688690937189435,
    0.20109159558412898,
    0.20000000000000004,
    0.20000000000000004,
    0.20000000000000004,
    0.20000000000000004
  ],
  "shap_contribution": [
    0.0,
    0.0,
    0.0,
    0.0,
    6.561381348710244e-05,
    6.937103619118436e-05,
    0.00010961222216839161,
    9.050718411648025e-05,
    0.00015408772425218605,
    0.00012953998632908153,
    5.015843588551387e-05,
    7.801908642972987e-05
  ],
  "tikhonov_contribution": [
    0.0,
    0.0,
    0.0,
    0.0,
    0.0,
    0.0,
    0.0,
    0.0,
    0.0,
    0.0,
    0.0,
    0.0
  ],
  "nonnegativity_contribution": [
    0.0,
    0.0,
    0.0,
    0.0,
    0.0,
    0.0,
    0.0,
    0.0,
    0.0,
    0.0,
    0.0,
    0.0
  ],
  "regularization_share": [
    0.08857808978525249,
    0.08857808848063667,
    0.08233893014133017,
    0.0679853258598571,
    0.06872540986542591,
    0.04095622315688283,
    0.027362550824435113,
    0.036707683195144655,
    0.03960766471610192,
    0.04279168773930564,
    0.035334650054043855,
    0.03576503195351974
  ],
  "accuracy_guard_loss": [
    2.969536374012629,
    0.18513885293251428,
    0.0846178168669725,
    0.030107277708175856,
    0.03140449409301464,
    0.0066445722029759334,
    0.004335848948894403,
    0.0044901508551377515,
    0.0059469624971732115,
    0.006656224528948466,
    0.0035310777334066536,
    0.0076477355681932885
  ],
  "accuracy_guard_contribution": [
    0.33168010069773746,
    0.053235528942866206,
    0.040576495039157376,
    0.030136744467875898,
    0.029152367741633683,
    0.01627187268474163,
    0.011094442449319057,
    0.013924917683769494,
    0.016303158914431546,
    0.01721705176318303,
    0.013292595553092467,
    0.015177137719897123
  ],
  "distill_loss": [
    0.0,
    0.0,
    0.0,
    0.0,
    0.0,
    0.0,
    0.0,
    0.0,
    0.0,
    0.0,
    0.0,
    0.0
  ],
  "distill_contribution": [
    0.0,
    0.0,
    0.0,
    0.0,
    0.0,
    0.0,
    0.0,
    0.0,
    0.0,
    0.0,
    0.0,
    0.0
  ],
  "gate_entropy": [
    0.0019003730058335722,
    0.0019002201734110713,
    0.0019002201734110713,
    0.0019002201734110713,
    0.0019002201734110713,
    0.0019002201734110713,
    0.0019002201734110713,
    0.0019002201734110713,
    0.0019002201734110713,
    0.0019002201734110713,
    0.0019002201734110713,
    0.0019002201734110713
  ],
  "gate_min": [
    0.9998998978199103,
    0.9998999834060669,
    0.9998999834060669,
    0.9998999834060669,
    0.9998999834060669,
    0.9998999834060669,
    0.9998999834060669,
    0.9998999834060669,
    0.9998999834060669,
    0.9998999834060669,
    0.9998999834060669,
    0.9998999834060669
  ],
  "gate_max": [
    0.9999000812188173,
    0.9998999834060669,
    0.9998999834060669,
    0.9998999834060669,
    0.9998999834060669,
    0.9998999834060669,
    0.9998999834060669,
    0.9998999834060669,
    0.9998999834060669,
    0.9998999834060669,
    0.9998999834060669,
    0.9998999834060669
  ],
  "gate_anchor_loss": [
    1.0004802092202553e-08,
    1.000331906197971e-08,
    1.000331906197971e-08,
    1.000331906197971e-08,
    1.000331906197971e-08,
    1.000331906197971e-08,
    1.000331906197971e-08,
    1.000331906197971e-08,
    1.000331906197971e-08,
    1.000331906197971e-08,
    1.000331906197971e-08,
    1.000331906197971e-08
  ],
  "gate_anchor_contribution": [
    5.002401214058093e-10,
    5.001659642012157e-10,
    5.001659642012157e-10,
    5.001659642012157e-10,
    5.001659642012157e-10,
    5.001659642012157e-10,
    5.001659642012157e-10,
    5.001659642012157e-10,
    5.001659642012157e-10,
    5.001659642012157e-10,
    5.001659642012157e-10,
    5.001659642012157e-10
  ],
  "q_err_entropy": [
    0.7575909216434528,
    0.828794756760964,
    0.7889331651803775,
    0.7806219569383523,
    0.7623508121722784,
    0.794351781407992,
    0.6920413281290959,
    0.7187548363820101,
    0.9144017394536581,
    0.8034691837353584,
    0.9258631616830826,
    0.9020062371706351
  ],
  "q_err_gini": [
    0.8947408153460576,
    0.8939077609624618,
    0.8949774243892767,
    0.897067768451495,
    0.9002286822367938,
    0.8928209313979516,
    0.9031331615570264,
    0.9027043886673756,
    0.8809997149002857,
    0.8956847145007207,
    0.8790763356746771,
    0.884561667075524
  ],
  "q_err_corr": [
    0.5745226447715571,
    0.6704364214450694,
    0.6149404887348796,
    0.5698429721479232,
    0.603805198513258,
    0.5337328864500309,
    0.5960112605243921,
    0.6746108018411084,
    0.5245559250410551,
    0.5987062108440276,
    0.5939716467968165,
    0.4976532432035758
  ],
  "p_q_corr": [
    0.741970976193746,
    0.7407207030516404,
    0.7182136819912837,
    0.7222081606204693,
    0.7402127782503763,
    0.7192075374798897,
    0.7154472424433782,
    0.6971176251386985,
    0.7456771028347504,
    0.7241433965854156,
    0.7546499616060501,
    0.7576897297150049
  ],
  "ea_ratio": [
    0.0,
    0.0,
    0.0,
    0.0,
    0.00018456358091684824,
    0.00020876622781939566,
    0.00032963444298216834,
    0.0002586941461628064,
    0.00044261620720275317,
    0.00037517009873110324,
    0.00014459678603975006,
    0.00022665553730733407
  ],
  "main_grad_norm": [
    12672.725952148438,
    4804.097900390625,
    4894.0634765625,
    1982.8395385742188,
    5653.074951171875,
    2674.2930908203125,
    5297.12060546875,
    3096.3070068359375,
    6098.8955078125,
    3213.265869140625,
    1962.2581176757812,
    3541.4130859375
  ],
  "ea_grad_norm": [
    8.099173545837402,
    7.524896025657654,
    14.546485900878906,
    9.766723394393921,
    3.961929678916931,
    3.4777179956436157,
    10.807682514190674,
    5.615781307220459,
    6.071807384490967,
    4.441192984580994,
    5.968658685684204,
    6.4573585987091064
  ],