{
  "total_loss": [
    3.328090330729118,
    0.7796745842848068,
    0.9373545937049084,
    0.9652441480220892,
    0.8331559338630774,
    0.9614773889382681,
    0.949225168961745,
    0.8151459350035741,
    0.8434000794704144,
    0.9573914439250262
  ],
  "main_loss": [
    3.3279098853086815,
    0.7793737611709497,
    0.936997903463168,
    0.9648439853619306,
    0.831103917879936,
    0.9611261830880091,
    0.948699414730072,
    0.8142487215690124,
    0.8425216262157147,
    0.9563310811152825
  ],
  "shap_loss": [
    0.42194673266166294,
    0.5145377661937323,
    0.4940979480743408,
    0.48757483791082334,
    0.5019822388123243,
    0.4945947031180064,
    0.4923176001279782,
    0.5040546411123031,
    0.5038627271468823,
    0.48881473449560314
  ],
  "shap_loss_normalized": [
    0.03046394772350024,
    0.007841630665680919,
    0.005133037676270573,
    0.004208850328070231,
    0.0045641910296697645,
    0.008177895218324967,
    0.0052111364113023645,
    0.004795430944516108,
    0.0047522213560743974,
    0.009514110150914162
  ],
  "tikhonov_loss": [
    0.0,
    0.0,
    0.0,
    0.0,
    0.0,
    0.0,
    0.0,
    0.0,
    0.0,
    0.0
  ],
  "nonnegativity_loss": [
    0.0,
    0.0,
    0.0,
    0.0,
    0.0,
    0.0,
    0.0,
    0.0,
    0.0,
    0.0
  ],
  "tikhonov_lambda": [
    0.0,
    0.0,
    0.0,
    0.0,
    0.0,
    0.0,
    0.0,
    0.0,
    0.0,
    0.0
  ],
  "nonnegativity_lambda": [
    0.0,
    0.0,
    0.0,
    0.0,
    0.0,
    0.0,
    0.0,
    0.0,
    0.0,
    0.0
  ],
  "shap_scale_factor": [
    0.09105154661745417,
    0.015006694303314272,
    0.01093698739434932,
    0.008774772075469502,
    0.009067883007481983,
    0.01680564231666896,
    0.01080837153865586,
    0.009631318865247901,
    0.00958848334966027,
    0.019588956906818254
  ],
  "shap_contribution": [
    0.00018049162052846394,
    0.00030082421765725414,
    0.00035668499558829726,
    0.00040016404520242644,
    0.0020520075094492105,
    0.0003512096512937345,
    0.0005257502951933882,
    0.0008972084660154695,
    0.0008784511651939306,
    0.001060365799229401
  ],
  "tikhonov_contribution": [
    0.0,
    0.0,
    0.0,
    0.0,
    0.0,
    0.0,
    0.0,
    0.0,
    0.0,
    0.0
  ],
  "nonnegativity_contribution": [
    0.0,
    0.0,
    0.0,
    0.0,
    0.0,
    0.0,
    0.0,
    0.0,
    0.0,
    0.0
  ],
  "regularization_share": [
    0.00010178705050350942,
    0.000523437888806051,
    0.0004161054911934724,
    0.000490468285146298,
    0.003052261983746326,
    0.0004387679957019422,
    0.0007040728156069083,
    0.0012239331183024503,
    0.0012223278104123954,
    0.0014026376172998796
  ],
  "accuracy_guard_loss": [
    0.0,
    0.0,
    0.0,
    0.0,
    0.0,
    0.0,
    0.0,
    0.0,
    0.0,
    0.0
  ],
  "accuracy_guard_contribution": [
    0.0,
    0.0,
    0.0,
    0.0,
    0.0,
    0.0,
    0.0,
    0.0,
    0.0,
    0.0
  ],
  "distill_loss": [
    0.0,
    0.0,
    0.0,
    0.0,
    0.0,
    0.0,
    0.0,
    0.0,
    0.0,
    0.0
  ],
  "distill_contribution": [
    0.0,
    0.0,
    0.0,
    0.0,
    0.0,
    0.0,
    0.0,
    0.0,
    0.0,
    0.0
  ],
  "gate_entropy": [
    0.0019003699491851223,
    0.0019006878406239243,
    0.0019010485251410268,
    0.001901604757548716,
    0.0019024055367574478,
    0.001902839527107202,
    0.0019035179478426774,
    0.0019045144122523756,
    0.001905144037057956,
    0.0019058989545999046
  ],
  "gate_min": [
    0.9998998978199103,
    0.9998998366869413,
    0.9998997174776517,
    0.9998995738151746,
    0.9998994179261036,
    0.9998992803769234,
    0.9998990541849381,
    0.9998988127097105,
    0.9998986568206396,
    0.9998984673084357
  ],
  "gate_max": [
    0.9999000812188173,
    0.9999001026153564,
    0.9999001026153564,
    0.9999001026153564,
    0.9999001484650832,
    0.9999001790315677,
    0.9999002034847553,
    0.999900221824646,
    0.999900221824646,
    0.999900221824646
  ],
  "gate_anchor_loss": [
    1.0004769935588998e-08,
    1.0008183524089185e-08,
    1.0011988343796347e-08,
    1.0017733127362577e-08,
    1.0026160323625332e-08,
    1.0030859334036881e-08,
    1.0038022470217957e-08,
    1.004843672656983e-08,
    1.0055300022825938e-08,
    1.0063338470226531e-08
  ],
  "gate_anchor_contribution": [
    5.002385130057865e-10,
    5.004091855986541e-10,
    5.005994294307379e-10,
    5.008866612075626e-10,
    5.013080250061163e-10,
    5.015429681252069e-10,
    5.01901126072951e-10,
    5.024218491387572e-10,
    5.027650133822175e-10,
    5.031669440077516e-10
  ],
  "q_err_entropy": [
    NaN,
    NaN,
    NaN,
    NaN,
    NaN,
    NaN,
    NaN,
    NaN,
    NaN,
    NaN
  ],
  "q_err_gini": [
    NaN,
    NaN,
    NaN,
    NaN,
    NaN,
    NaN,
    NaN,
    NaN,
    NaN,
    NaN
  ],
  "q_err_corr": [
    NaN,
    NaN,
    NaN,
    NaN,
    NaN,
    NaN,
    NaN,
    NaN,
    NaN,
    NaN
  ],
  "p_q_corr": [
    NaN,
    NaN,
    NaN,
    NaN,
    NaN,
    NaN,
    NaN,
    NaN,
    NaN,
    NaN
  ],
  "ea_ratio": [
    0.00010179945848694143,
    0.0005243215184283401,
    0.0004162969935583906,
    0.0004908033521272815,
    0.003105338830769492,
    0.00043899581177333277,
    0.0007047370305278888,
    0.0012256073189350085,
    0.001224049575214919,
    0.001406339871046396
  ],
  "main_grad_norm": [
    12665.068603515625,
    8325.2412109375,
    26737.1298828125,
    10631.02001953125,
    14774.407958984375,
    14688.2236328125,
    17504.16455078125,
    24495.41748046875,
    17009.352294921875,
    10868.6396484375
  ],
  "ea_grad_norm": [
    2.5979244709014893,
    1.3629421144723892,
    1.2115305960178375,
    0.46242062747478485,
    0.22923891246318817,
    1.9379103779792786,
    0.9285723567008972,
    0.7799773812294006,
    0.5727316439151764,
    0.6576290130615234
  ],
  "ea_main_grad_ratio": [
    0.0002943184261148814,
    0.00018190136402880324,
    4.560789655343571e-05,
    4.626923480283604e-05,
    2.3486240962846154e-05,
    0.00012181686382959562,
    5.5192239323966565e-05,
    3.2194725916149217e-05,
    3.632868655694042e-05,
    6.165178999726315e-05
  ],
  "ea_scale": [
    41.02245303724021,
    146.16898811290437,
    219.48503790936317,
    252.9570113994382,
    956.4678756459208,
    107.5425059783351,
    185.31529505981948,
    311.12622672492023,
    280.1816670512192,
    165.29770116727772
  ],
  "main_grad_params": [
    26.0,
    26.0,
    26.0,
    26.0,
    26.0,
    26.0,
    26.0,
    26.0,
    26.0,
    26.0
  ],
  "ea_grad_params": [
    26.0,
    26.0,
    26.0,
    26.0,
    26.0,
    26.0,
    26.0,
    26.0,
    26.0,
    26.0
  ],
  "grad_params_total": [
    26.0,
    26.0,
    26.0,
    26.0,
    26.0,
    26.0,
    26.0,
    26.0,
    26.0,
    26.0
  ],
  "rank_loss_raw": [
    NaN,
    NaN,
    NaN,
    NaN,
    NaN,
    NaN,
    NaN,
    NaN,
    NaN,
    NaN
  ],
  "bottom_inv_loss_raw": [
    NaN,
    NaN,
    NaN,
    NaN,
    NaN,
    NaN,
    NaN,
    NaN,
    NaN,
    NaN
  ],
  "rank_pairs_count": [
    NaN,
    NaN,
    NaN,
    NaN,
    NaN,
    NaN,
    NaN,
    NaN,
    NaN,
    NaN
  ],
  "rank_violations_count": [
    NaN,
    NaN,
    NaN,
    NaN,
    NaN,
    NaN,
    NaN,
    NaN,
    NaN,
    NaN
  ],
  "rank_grad_norm": [
    NaN,
    NaN,
    NaN,
    NaN,
    NaN,
    NaN,
    NaN,
    NaN,
    NaN,
    NaN
  ],
  "rank_main_grad_ratio": [
    NaN,
    NaN,
    NaN,
    NaN,
    NaN,
    NaN,
    NaN,
    NaN,
    NaN,
    NaN
  ],
  "shap_clip_active": [
    0.0,
    0.0,
    0.0,
    0.0,
    0.0,
    0.0,
    0.0,
    0.0,
    0.0,
    0.0
  ],
  "epoch_accepted": [
    1.0,
    1.0,
    1.0,
    1.0,
    1.0,
    1.0,
    1.0,
    1.0,
    1.0,
    1.0
  ],
  "lr": [
    8e-05,
    8e-05,
    8e-05,
    8e-05,
    8e-05,
    8e-05,
    8e-05,
    8e-05,
    8e-05,
    8e-05
  ],