{
  "total_loss": [
    2.778909456271392,
    0.9000569841800592,
    0.8672189949414669,
    0.8416662628834064,
    1.4431040638532393
  ],
  "main_loss": [
    2.777874102959266,
    0.8996985952059428,
    0.8668322639587598,
    0.8414165988946573,
    1.442692715388078
  ],
  "shap_loss": [
    0.41175563365985185,
    0.5158860950897901,
    0.5223033137810535,
    0.5227679694310213,
    0.4675532831595494
  ],
  "shap_loss_normalized": [
    0.02070764688631663,
    0.0071678086757086795,
    0.007734631116573627,
    0.0049932716736713284,
    0.008226856446036926
  ],
  "tikhonov_loss": [
    0.0,
    0.0,
    0.0,
    0.0,
    0.0
  ],
  "nonnegativity_loss": [
    0.0,
    0.0,
    0.0,
    0.0,
    0.0
  ],
  "tikhonov_lambda": [
    0.0,
    0.0,
    0.0,
    0.0,
    0.0
  ],
  "nonnegativity_lambda": [
    0.0,
    0.0,
    0.0,
    0.0,
    0.0
  ],
  "shap_scale_factor": [
    0.056386153203848544,
    0.013803074403450948,
    0.01477790059241737,
    0.009691111541232342,
    0.0180802412527271
  ],
  "shap_contribution": [
    0.0010353823614796288,
    0.0003583904386360724,
    0.0003867315610524458,
    0.0002496635868924503,
    0.00041134283021211816
  ],
  "tikhonov_contribution": [
    0.0,
    0.0,
    0.0,
    0.0,
    0.0
  ],
  "nonnegativity_contribution": [
    0.0,
    0.0,
    0.0,
    0.0,
    0.0
  ],
  "regularization_share": [
    0.00047924398909957765,
    0.0005140705909012674,
    0.0005706391814444161,
    0.0003313882196960124,
    0.0003948487305907987
  ],
  "accuracy_guard_loss": [
    0.0,
    0.0,
    0.0,
    0.0,
    0.0
  ],
  "accuracy_guard_contribution": [
    0.0,
    0.0,
    0.0,
    0.0,
    0.0
  ],
  "distill_loss": [
    0.0,
    0.0,
    0.0,
    0.0,
    0.0
  ],
  "distill_contribution": [
    0.0,
    0.0,
    0.0,
    0.0,
    0.0
  ],
  "gate_entropy": [
    NaN,
    NaN,
    NaN,
    NaN,
    NaN
  ],
  "gate_min": [
    NaN,
    NaN,
    NaN,
    NaN,
    NaN
  ],
  "gate_max": [
    NaN,
    NaN,
    NaN,
    NaN,
    NaN
  ],
  "gate_anchor_loss": [
    0.0,
    0.0,
    0.0,
    0.0,
    0.0
  ],
  "gate_anchor_contribution": [
    0.0,
    0.0,
    0.0,
    0.0,
    0.0
  ],
  "q_err_entropy": [
    NaN,
    NaN,
    NaN,
    NaN,
    NaN
  ],
  "q_err_gini": [
    NaN,
    NaN,
    NaN,
    NaN,
    NaN
  ],
  "q_err_corr": [
    NaN,
    NaN,
    NaN,
    NaN,
    NaN
  ],
  "p_q_corr": [
    NaN,
    NaN,
    NaN,
    NaN,
    NaN
  ],
  "ea_ratio": [
    0.0004795336152220933,
    0.0005145702777484145,
    0.0005711576116319078,
    0.00033151029343478,
    0.00039505346070748207
  ],
  "main_grad_norm": [
    15906.146789550781,
    25687.35498046875,
    11933.552734375,
    7544.48876953125,
    27171.5478515625
  ],
  "ea_grad_norm": [
    1.8683398365974426,
    0.9491048753261566,
    1.0228534936904907,
    0.662644162774086,
    0.9781103134155273
  ],
  "ea_main_grad_ratio": [
    0.0003626290701795934,
    4.545701354413552e-05,
    8.64553948111615e-05,
    8.898678353052615e-05,
    4.0796849978271395e-05
  ],
  "ea_scale": [
    1.0,
    1.0,
    1.0,
    1.0,
    1.0
  ],
  "main_grad_params": [
    25.0,
    25.0,
    25.0,
    25.0,
    25.0
  ],
  "ea_grad_params": [
    25.0,
    25.0,
    25.0,
    25.0,
    25.0
  ],
  "grad_params_total": [
    25.0,
    25.0,
    25.0,
    25.0,
    25.0
  ],
  "rank_loss_raw": [
    NaN,
    NaN,
    NaN,
    NaN,
    NaN
  ],
  "bottom_inv_loss_raw": [
    NaN,
    NaN,
    NaN,
    NaN,
    NaN
  ],
  "rank_pairs_count": [
    NaN,
    NaN,
    NaN,
    NaN,
    NaN
  ],
  "rank_violations_count": [
    NaN,
    NaN,
    NaN,
    NaN,
    NaN
  ],
  "rank_grad_norm": [
    NaN,
    NaN,
    NaN,
    NaN,
    NaN
  ],
  "rank_main_grad_ratio": [
    NaN,
    NaN,
    NaN,
    NaN,
    NaN
  ],
  "shap_clip_active": [
    0.0,
    0.0,
    0.0,
    0.0,
    0.0
  ],
  "epoch_accepted": [
    1.0,
    1.0,
    1.0,
    1.0,
    1.0
  ],
  "lr": [
    8e-05,
    8e-05,
    8e-05,
    8e-05,
    8e-05
  ],
  "adaptive_gamma": [
    0.05000000000000001,
    0.05000000000000001,
    0.05000000000000001,
    0.05000000000000001,
    0.05000000000000001
  ],
  "convergence_slowdown": [
    0.41790485156304213,
    0.3247558942290681,
    0.4260582478743332,
    0.20031833246118966,
    0.20000000000000004
  ],
  "shap_consistency": [
    0.0,
    0.0,
    0.0,
    0.0,
    0.0
  ],
  "shap_sparsity": [
    0.41175563365985185,
    0.5158860950897901,
    0.5223033137810535,
    0.5227679694310213,
    0.4675532831595494
  ],
  "shap_faithfulness": [
    0.0,
    0.0,
    0.0,
    0.0,
    0.0
  ],
  "shap_stability": [
    0.0,
    0.0,
    0.0,
    0.0,
    0.0
  ],
  "shap_weight_consistency": [
    0.0,
    0.0,
    0.0,
    0.0,
    0.0
  ],
  "shap_weight_sparsity": [
    1.0,
    1.0,
    1.0,
    1.0,
    1.0
  ],
  "shap_weight_faithfulness": [
    0.0,
    0.0,
    0.0,
    0.0,
    0.0
  ],
  "shap_weight_stability": [
    0.0,
    0.0,
    0.0,
    0.0,
    0.0
  ],
  "val_main_loss": [
    1.4214922189712524,
    0.6136335730552673,
    0.9187312126159668,
    1.5914300680160522,
    0.9168607592582703
  ]
}