{
  "total_loss": [
    3.40218201203224,
    0.785959032865671,
    0.9336684254499582,
    1.0950604211061428,
    0.7590994299986423,
    0.8354895107257061,
    0.8514651289353004
  ],
  "main_loss": [
    3.40218201203224,
    0.785959032865671,
    0.9336684254499582,
    1.0950604211061428,
    0.7590994299986423,
    0.8354895107257061,
    0.8514271225684729
  ],
  "shap_loss": [
    0.009296398968077622,
    0.00943839397185888,
    0.009652247604651328,
    0.009581006346986843,
    0.00931870440642039,
    0.009291767154653102,
    0.00928577459536684
  ],
  "shap_loss_normalized": [
    0.003929749441643556,
    0.0028303878334088204,
    0.0048257071489038374,
    0.00231060540327468,
    0.004249654940138452,
    0.00435991090340301,
    0.0023096912086774143
  ],
  "tikhonov_loss": [
    0.0,
    0.0,
    0.0,
    0.0,
    0.0,
    0.0,
    0.0
  ],
  "nonnegativity_loss": [
    0.0,
    0.0,
    0.0,
    0.0,
    0.0,
    0.0,
    0.0
  ],
  "tikhonov_lambda": [
    0.0,
    0.0,
    0.0,
    0.0,
    0.0,
    0.0,
    0.0
  ],
  "nonnegativity_lambda": [
    0.0,
    0.0,
    0.0,
    0.0,
    0.0,
    0.0,
    0.0
  ],
  "shap_scale_factor": [
    0.41790485156304213,
    0.28282108611778944,
    0.49960213653310337,
    0.24225272361907157,
    0.4485527363712646,
    0.4682001128412489,
    0.24698645142972248
  ],
  "shap_contribution": [
    0.0,
    0.0,
    0.0,
    0.0,
    0.0,
    0.0,
    3.800696695412999e-05
  ],
  "tikhonov_contribution": [
    0.0,
    0.0,
    0.0,
    0.0,
    0.0,
    0.0,
    0.0
  ],
  "nonnegativity_contribution": [
    0.0,
    0.0,
    0.0,
    0.0,
    0.0,
    0.0,
    0.0
  ],
  "regularization_share": [
    3.371777703717125e-10,
    6.923199637661376e-10,
    6.187394023453093e-10,
    5.345651801379282e-10,
    7.410683512027478e-10,
    6.778455727128755e-10,
    5.0669355735541555e-05
  ],
  "accuracy_guard_loss": [
    0.0,
    0.0,
    0.0,
    0.0,
    0.0,
    0.0,
    0.0
  ],
  "accuracy_guard_contribution": [
    0.0,
    0.0,
    0.0,
    0.0,
    0.0,
    0.0,
    0.0
  ],
  "distill_loss": [
    0.0,
    0.0,
    0.0,
    0.0,
    0.0,
    0.0,
    0.0
  ],
  "distill_contribution": [
    0.0,
    0.0,
    0.0,
    0.0,
    0.0,
    0.0,
    0.0
  ],
  "gate_entropy": [
    0.0019005288949045234,
    0.0019010179586565266,
    0.0019014825542958884,
    0.0019020937824956118,
    0.0019030840470431708,
    0.0019038236126876795,
    0.0019046244515965765
  ],
  "gate_min": [
    0.9998998917066134,
    0.9998997786106207,
    0.9998996930244641,
    0.9998995310220963,
    0.9998992742636265,
    0.999899032788399,
    0.9998988218796558
  ],
  "gate_max": [
    0.9999000231424967,
    0.9999001026153564,
    0.9999000689922235,
    0.9999001026153564,
    0.9999001026153564,
    0.9999001026153564,
    0.9999001026153564
  ],
  "gate_anchor_loss": [
    1.0006442944898435e-08,
    1.0011533482576432e-08,
    1.0016562713169664e-08,
    1.0022826648409113e-08,
    1.003329763431082e-08,
    1.0041261087569463e-08,
    1.0049631850341857e-08
  ],
  "gate_anchor_contribution": [
    5.003221654639662e-10,
    5.005767040194414e-10,
    5.008281453373505e-10,
    5.011413449460488e-10,
    5.016648862703021e-10,
    5.020630691814468e-10,
    5.024816061813763e-10
  ],
  "q_err_entropy": [
    0.7853015347933158,
    0.8185924956431756,
    0.8579705571516966,
    0.8591615358988444,
    0.8212027511535547,
    0.8204488922388126,
    0.8661191295354794
  ],
  "q_err_gini": [
    0.9050703797584925,
    0.9019365448218125,
    0.8975076461449648,
    0.8972500455685151,
    0.9018174073635004,
    0.9019053700642709,
    0.8972289134294559
  ],
  "q_err_corr": [
    0.9445863021047491,
    0.9159139287777436,
    0.9392628501623105,
    0.9433882679694738,
    0.9184823578748947,
    0.8876317701278589,
    0.8927212342237815
  ],
  "p_q_corr": [
    0.9942242640715379,
    0.9937111261563424,
    0.9931170283219753,
    0.9932349828573374,
    0.9940573343863854,
    0.9939171045254438,
    0.994274480220599
  ],
  "ea_ratio": [
    0.0,
    0.0,
    0.0,
    0.0,
    0.0,
    0.0,
    5.067245063354419e-05
  ],
  "main_grad_norm": [
    11542.542724609375,
    9635.5126953125,
    21317.28662109375,
    15987.30322265625,
    13291.735595703125,
    13787.67041015625,
    24642.59033203125
  ],
  "ea_grad_norm": [
    3.4119460582733154,
    1.5380330681800842,
    3.766990065574646,
    1.5639781951904297,
    1.0220295786857605,
    2.29299134016037,
    1.8487768173217773
  ],
  "ea_main_grad_ratio": [
    0.0009720668525602676,
    0.00015651185479009252,
    0.00021742716944548015,
    9.500189313968761e-05,
    9.657339565811644e-05,
    0.0001726854252727574,
    0.00010549828145950007
  ],
  "ea_scale": [
    49.273537835903085,
    66.56418496278913,
    72.94776967134254,
    109.60807626231706,
    116.32561269617439,
    68.8685331487119,
    174.17818281096405
  ],
  "main_grad_params": [
    26.0,
    26.0,
    26.0,
    26.0,
    26.0,
    26.0,
    26.0
  ],
  "ea_grad_params": [
    26.0,
    26.0,
    26.0,
    26.0,
    26.0,
    26.0,
    26.0
  ],
  "grad_params_total": [
    26.0,
    26.0,
    26.0,
    26.0,
    26.0,
    26.0,
    26.0
  ],
  "rank_loss_raw": [
    0.0022252162721437905,
    0.002077551391453315,
    0.0020519108780158255,
    0.0019942490795913795,
    0.0020335977150795935,
    0.001992287636639025,
    0.0019574318057260453
  ],
  "bottom_inv_loss_raw": [
    0.0,
    0.0,
    0.0,
    0.0,
    0.0,
    0.0,
    0.0
  ],
  "rank_pairs_count": [
    170.05128205128204,
    170.12820512820514,
    170.02564102564102,
    169.89743589743588,
    169.94871794871796,
    169.46153846153845,
    169.74358974358975
  ],
  "rank_violations_count": [
    45.205128205128204,
    44.46153846153846,
    44.30769230769231,
    44.205128205128204,
    44.43589743589744,
    44.0,
    43.46153846153846
  ],
  "rank_grad_norm": [
    1.7562756836414337,
    2.196595311164856,
    1.6461648344993591,
    0.6765724122524261,
    1.9441209435462952,
    1.9502466917037964,
    3.2037456035614014
  ],
  "rank_main_grad_ratio": [
    0.0005328112691674354,
    0.00022935576413349884,
    7.547068545087996e-05,
    4.596255246128883e-05,
    0.0002192043813899017,
    0.0001441991327479065,
    0.00012716367516370214
  ],
  "shap_clip_active": [
    0.0,
    0.0,
    0.0,
    0.0,
    0.0,
    0.0,
    0.0
  ],
  "epoch_accepted": [
    1.0,
    1.0,
    1.0,
    1.0,
    1.0,
    1.0,
    1.0
  ],
  "lr": [
    8e-05,
    8e-05,
    8e-05,
    8e-05,
    8e-05,
    8e-05,
    8e-05
  ],
  "adaptive_gamma": [
    0.00019999999999999996,
    0.0002761904761904763,
    0.00035238095238095254,
    0.0004285714285714286,
    0.0005047619047619046,
    0.0005809523809523808,
    0.000657142857142857
  ],
  "convergence_slowdown": [
    0.41790485156304213,
    0.28282108611778944,
    0.49960213653310337,
    0.24225272361907157,
    0.4485527363712646,
    0.4682001128412489,
    0.24698645142972248
  ],
  "shap_consistency": [
    0.009296398968077622,
    0.00943839397185888,
    0.009652247604651328,
    0.009581006346986843,
    0.00931870440642039,
    0.009291767154653102,
    0.00928577459536684
  ],
  "shap_sparsity": [
    0.9472736685703962,
    0.9472736716270447,
    0.9472736471738571,
    0.9472736013241303,
    0.9472734882281377,
    0.9472734393217624,
    0.9472734362651141
  ],
  "shap_faithfulness": [
    0.35613866799916977,
    0.3656323682039212,
    0.35511610752496964,
    0.3539372453322777,
    0.35665554648790604,
    0.3519146992610051,
    0.34422416870410627
  ],
  "shap_stability": [
    0.0,
    0.0,
    0.0,
    0.0,
    0.0,
    0.0,
    0.0
  ],
  "shap_weight_consistency": [
    1.0,
    1.0,
    1.0,
    1.0,
    1.0,
    1.0,
    1.0
  ],
  "shap_weight_sparsity": [
    0.0,
    0.0,
    0.0,
    0.0,
    0.0,
    0.0,
    0.0
  ],