{
  "total_loss": [
    3.0631897418926926,
    0.7381864373500531,
    1.2291573530588396,
    1.0425011485050886,
    0.6996039839891287
  ],
  "main_loss": [
    3.0631897418926926,
    0.7381864373500531,
    1.2291573530588396,
    1.0425011485050886,
    0.6996039839891287
  ],
  "shap_loss": [
    0.0,
    0.0,
    0.0,
    0.0,
    0.0
  ],
  "shap_loss_normalized": [
    0.0,
    0.0,
    0.0,
    0.0,
    0.0
  ],
  "tikhonov_loss": [
    0.0,
    0.0,
    0.0,
    0.0,
    0.0
  ],
  "nonnegativity_loss": [
    0.0,
    0.0,
    0.0,
    0.0,
    0.0
  ],
  "tikhonov_lambda": [
    0.0,
    0.0,
    0.0,
    0.0,
    0.0
  ],
  "nonnegativity_lambda": [
    0.0,
    0.0,
    0.0,
    0.0,
    0.0
  ],
  "shap_scale_factor": [
    1671619.406252169,
    800418.6289900576,
    800000.0,
    1178728.963344348,
    1930568.1738386005
  ],
  "shap_contribution": [
    0.0,
    0.0,
    0.0,
    0.0,
    0.0
  ],
  "tikhonov_contribution": [
    0.0,
    0.0,
    0.0,
    0.0,
    0.0
  ],
  "nonnegativity_contribution": [
    0.0,
    0.0,
    0.0,
    0.0,
    0.0
  ],
  "regularization_share": [
    0.0,
    0.0,
    0.0,
    0.0,
    0.0
  ],
  "accuracy_guard_loss": [
    0.0,
    0.0,
    0.0,
    0.0,
    0.0
  ],
  "accuracy_guard_contribution": [
    0.0,
    0.0,
    0.0,
    0.0,
    0.0
  ],
  "distill_loss": [
    0.0,
    0.0,
    0.0,
    0.0,
    0.0
  ],
  "distill_contribution": [
    0.0,
    0.0,
    0.0,
    0.0,
    0.0
  ],
  "gate_entropy": [
    NaN,
    NaN,
    NaN,
    NaN,
    NaN
  ],
  "gate_min": [
    NaN,
    NaN,
    NaN,
    NaN,
    NaN
  ],
  "gate_max": [
    NaN,
    NaN,
    NaN,
    NaN,
    NaN
  ],
  "gate_anchor_loss": [
    0.0,
    0.0,
    0.0,
    0.0,
    0.0
  ],
  "gate_anchor_contribution": [
    0.0,
    0.0,
    0.0,
    0.0,
    0.0
  ],
  "q_err_entropy": [
    NaN,
    NaN,
    NaN,
    NaN,
    NaN
  ],
  "q_err_gini": [
    NaN,
    NaN,
    NaN,
    NaN,
    NaN
  ],
  "q_err_corr": [
    NaN,
    NaN,
    NaN,
    NaN,
    NaN
  ],
  "p_q_corr": [
    NaN,
    NaN,
    NaN,
    NaN,
    NaN
  ],
  "ea_ratio": [
    0.0,
    0.0,
    0.0,
    0.0,
    0.0
  ],
  "main_grad_norm": [
    6303.387512207031,
    8198.191650390625,
    17079.42578125,
    14151.779052734375,
    10915.793212890625
  ],
  "ea_grad_norm": [
    0.0,
    0.0,
    0.0,
    0.0,
    0.0
  ],
  "ea_main_grad_ratio": [
    0.0,
    0.0,
    0.0,
    0.0,
    0.0
  ],
  "ea_scale": [
    1.0,
    1.0,
    1.0,
    1.0,
    1.0
  ],
  "main_grad_params": [
    25.0,
    25.0,
    25.0,
    25.0,
    25.0
  ],
  "ea_grad_params": [
    0.0,
    0.0,
    0.0,
    0.0,
    0.0
  ],
  "grad_params_total": [
    25.0,
    25.0,
    25.0,
    25.0,
    25.0
  ],
  "rank_loss_raw": [
    NaN,
    NaN,
    NaN,
    NaN,
    NaN
  ],
  "bottom_inv_loss_raw": [
    NaN,
    NaN,
    NaN,
    NaN,
    NaN
  ],
  "rank_pairs_count": [
    NaN,
    NaN,
    NaN,
    NaN,
    NaN
  ],
  "rank_violations_count": [
    NaN,
    NaN,
    NaN,
    NaN,
    NaN
  ],
  "rank_grad_norm": [
    NaN,
    NaN,
    NaN,
    NaN,
    NaN
  ],
  "rank_main_grad_ratio": [
    NaN,
    NaN,
    NaN,
    NaN,
    NaN
  ],
  "shap_clip_active": [
    0.0,
    0.0,
    0.0,
    0.0,
    0.0
  ],
  "epoch_accepted": [
    1.0,
    1.0,
    1.0,
    1.0,
    1.0
  ],
  "lr": [
    8e-05,
    8e-05,
    8e-05,
    8e-05,
    8e-05
  ],
  "adaptive_gamma": [
    0.05000000000000001,
    0.05000000000000001,
    0.05000000000000001,
    0.05000000000000001,
    0.05000000000000001
  ],
  "convergence_slowdown": [
    0.41790485156304213,
    0.20010465724751442,
    0.20000000000000004,
    0.294682240836087,
    0.4826420434596501
  ],
  "shap_consistency": [
    0.0,
    0.0,
    0.0,
    0.0,
    0.0
  ],
  "shap_sparsity": [
    0.0,
    0.0,
    0.0,
    0.0,
    0.0
  ],
  "shap_faithfulness": [
    52.01158911142594,
    90.27711474589812,
    83.58378215936514,
    79.67363652204855,
    102.95304358311189
  ],
  "shap_stability": [
    0.0,
    0.0,
    0.0,
    0.0,
    0.0
  ],
  "shap_weight_consistency": [
    0.0,
    0.0,
    0.0,
    0.0,
    0.0
  ],
  "shap_weight_sparsity": [
    0.0,
    0.0,
    0.0,
    0.0,
    0.0
  ],
  "shap_weight_faithfulness": [
    0.0,
    0.0,
    0.0,
    0.0,
    0.0
  ],
  "shap_weight_stability": [
    0.0,
    0.0,
    0.0,
    0.0,
    0.0
  ],
  "val_main_loss": [
    0.7795407176017761,
    1.152992844581604,
    0.5642130374908447,
    0.709464967250824,
    1.23885178565979
  ]
}