{
  "total_loss": [
    3.7411828621839867,
    0.6744204316383753,
    0.5485718831037864,
    0.43645396217321736,
    0.4412279694508284,
    0.39737520806300336,
    0.3885221519531348,
    0.39563263685275346,
    0.39965251852304506,
    0.39476501903472805,
    0.39117097701781833,
    0.39599285141015667,
    0.39112867414951324,
    0.3920719952155382,
    0.3914167407231453
  ],
  "main_loss": [
    3.40218201203224,
    0.6142009252156967,
    0.5011314168954507,
    0.4058111860201909,
    0.40914270740288955,
    0.3803277783668958,
    0.37792697166785216,
    0.37949764346465087,
    0.3812278264608139,
    0.3776934414337843,
    0.3783376251275723,
    0.38106952072718203,
    0.3779945488159473,
    0.379310470360976,
    0.3803178927837274
  ],
  "shap_loss": [
    0.11554780010229503,
    0.11120493366168095,
    0.10853515966580464,
    0.10801088962799464,
    0.1116083317842239,
    0.11204900993750645,
    0.10796304047107697,
    0.11107870707145104,
    0.11031152766484481,
    0.11312527362352763,
    0.1176835705454533,
    0.11304677182283157,
    0.11322211225827535,
    0.11435386901482558,
    0.11663493724205555
  ],
  "shap_loss_normalized": [
    0.04777162259396834,
    0.07113797972217584,
    0.04657122263541588,
    0.021673655328460228,
    0.045492492425136075,
    0.05024225030763027,
    0.033317805148470096,
    0.022215741662642896,
    0.022062305910274003,
    0.02262505516409874,
    0.023536714414755504,
    0.02260935488037574,
    0.02264442266179965,
    0.030175358224182557,
    0.040624066996268735
  ],
  "tikhonov_loss": [
    0.0,
    0.0,
    0.0,
    0.0,
    0.0,
    0.0,
    0.0,
    0.0,
    0.0,
    0.0,
    0.0,
    0.0,
    0.0,
    0.0,
    0.0
  ],
  "nonnegativity_loss": [
    0.0,
    0.0,
    0.0,
    0.0,
    0.0,
    0.0,
    0.0,
    0.0,
    0.0,
    0.0,
    0.0,
    0.0,
    0.0,
    0.0,
    0.0
  ],
  "tikhonov_lambda": [
    0.0,
    0.0,
    0.0,
    0.0,
    0.0,
    0.0,
    0.0,
    0.0,
    0.0,
    0.0,
    0.0,
    0.0,
    0.0,
    0.0,
    0.0
  ],
  "nonnegativity_lambda": [
    0.0,
    0.0,
    0.0,
    0.0,
    0.0,
    0.0,
    0.0,
    0.0,
    0.0,
    0.0,
    0.0,
    0.0,
    0.0,
    0.0,
    0.0
  ],
  "shap_scale_factor": [
    0.41790485156304213,
    0.6375771844585396,
    0.4233915529574307,
    0.2006456647034155,
    0.4127114833251595,
    0.4355289392004737,
    0.31242983207703373,
    0.20000000000000004,
    0.20000000000000004,
    0.20000000000000004,
    0.20000000000000004,
    0.20000000000000004,
    0.20000000000000004,
    0.26952961568346184,
    0.34847989312709476
  ],
  "shap_contribution": [
    0.0,
    0.0,
    0.0,
    0.0,
    0.0,
    0.0,
    2.802265473105646e-05,
    7.114521437100708e-05,
    0.00015796471901315576,
    0.00012140131524901312,
    0.00012774308225533998,
    0.00013429909794910764,
    0.0004225983276951294,
    0.00040264284232249245,
    0.00022706716210963443
  ],
  "tikhonov_contribution": [
    0.0,
    0.0,
    0.0,
    0.0,
    0.0,
    0.0,
    0.0,
    0.0,
    0.0,
    0.0,
    0.0,
    0.0,
    0.0,
    0.0,
    0.0
  ],
  "nonnegativity_contribution": [
    0.0,
    0.0,
    0.0,
    0.0,
    0.0,
    0.0,
    0.0,
    0.0,
    0.0,
    0.0,
    0.0,
    0.0,
    0.0,
    0.0,
    0.0
  ],
  "regularization_share": [
    0.08857809043804335,
    0.0885780899938942,
    0.08391608473984252,
    0.0672164166140564,
    0.07119846963224284,
    0.040852408872377476,
    0.023674446744830338,
    0.039387345921280646,
    0.04157353588335633,
    0.04162326076820105,
    0.031971196053072644,
    0.03312787006448321,
    0.03143550764088684,
    0.03156085497113137,
    0.02765394319245348
  ],
  "accuracy_guard_loss": [
    3.024862737991871,
    0.23660580393595573,
    0.12484859541440621,
    0.030733918532347068,
    0.035533829377247736,
    0.006556099041914329,
    0.0036357748202788523,
    0.004526085960559356,
    0.006880121735426096,
    0.006632402157172179,
    0.0035993861846434763,
    0.006720931866230109,
    0.0038841550166790304,
    0.0035831374235642264,
    0.0054663075850560116
  ],
  "accuracy_guard_contribution": [
    0.3390008645753066,
    0.060219512344935,
    0.047440467068018057,
    0.030642776869428463,
    0.032085259134570755,
    0.017047430746830426,
    0.010567157696454953,
    0.01606385089839116,
    0.018266728004583947,
    0.016950177219815742,
    0.012705611208310494,
    0.014789029048421444,
    0.012711527208105112,
    0.012358880195862208,
    0.010871783472024478
  ],
  "distill_loss": [
    0.0,
    0.0,
    0.0,
    0.0,
    0.0,
    0.0,
    0.0,
    0.0,
    0.0,
    0.0,
    0.0,
    0.0,
    0.0,
    0.0,
    0.0
  ],
  "distill_contribution": [
    0.0,
    0.0,
    0.0,
    0.0,
    0.0,
    0.0,
    0.0,
    0.0,
    0.0,
    0.0,
    0.0,
    0.0,
    0.0,
    0.0,
    0.0
  ],
  "gate_entropy": [
    0.0019005288949045234,
    0.0019002201734110713,
    0.0019002201734110713,
    0.0019002201734110713,
    0.0019002201734110713,
    0.0019002201734110713,
    0.0019002201734110713,
    0.0019002201734110713,
    0.0019002201734110713,
    0.0019002201734110713,
    0.0019002201734110713,
    0.0019002201734110713,
    0.0019002201734110713,
    0.0019002201734110713,
    0.0019002201734110713
  ],
  "gate_min": [
    0.9998998917066134,
    0.9998999834060669,
    0.9998999834060669,
    0.9998999834060669,
    0.9998999834060669,
    0.9998999834060669,
    0.9998999834060669,
    0.9998999834060669,
    0.9998999834060669,
    0.9998999834060669,
    0.9998999834060669,
    0.9998999834060669,
    0.9998999834060669,
    0.9998999834060669,
    0.9998999834060669
  ],
  "gate_max": [
    0.9999000231424967,
    0.9998999834060669,
    0.9998999834060669,
    0.9998999834060669,
    0.9998999834060669,
    0.9998999834060669,
    0.9998999834060669,
    0.9998999834060669,
    0.9998999834060669,
    0.9998999834060669,
    0.9998999834060669,
    0.9998999834060669,
    0.9998999834060669,
    0.9998999834060669,
    0.9998999834060669
  ],
  "gate_anchor_loss": [
    1.0006442944898435e-08,
    1.000331906197971e-08,
    1.000331906197971e-08,
    1.000331906197971e-08,
    1.000331906197971e-08,
    1.000331906197971e-08,
    1.000331906197971e-08,
    1.000331906197971e-08,
    1.000331906197971e-08,
    1.000331906197971e-08,
    1.000331906197971e-08,
    1.000331906197971e-08,
    1.000331906197971e-08,
    1.000331906197971e-08,
    1.000331906197971e-08
  ],
  "gate_anchor_contribution": [
    5.003221654639662e-10,
    5.001659642012157e-10,
    5.001659642012157e-10,
    5.001659642012157e-10,
    5.001659642012157e-10,
    5.001659642012157e-10,
    5.001659642012157e-10,
    5.001659642012157e-10,
    5.001659642012157e-10,
    5.001659642012157e-10,
    5.001659642012157e-10,
    5.001659642012157e-10,
    5.001659642012157e-10,
    5.001659642012157e-10,
    5.001659642012157e-10
  ],
  "q_err_entropy": [
    0.7853015347933158,
    0.8171767126291226,
    0.8546851384334075,
    0.8561959755726349,
    0.8177006535041027,
    0.8156474377864447,
    0.8605649654681866,
    0.830589451850989,
    0.8345084778773479,
    0.8067033993892181,
    0.754428892563551,
    0.8064890435108771,
    0.8058839975259243,
    0.7883865336577097,
    0.7594957336401328
  ],
  "q_err_gini": [
    0.9050703797584925,
    0.9020491349391448,
    0.8978208868931501,
    0.8975875927851751,
    0.9021445237673246,
    0.902343057669126,
    0.8978612545209054,
    0.9005551108947167,
    0.8988165152378571,
    0.9029390429839109,
    0.9091349137135041,
    0.9032033849985172,
    0.9040387410383958,
    0.9052013067098764,
    0.9073302852801788
  ],