{
  "total_loss": [
    3.7411828621839867,
    0.6744204316383753,
    0.5485718831037864,
    0.43645396217321736,
    0.4412279694508284,
    0.39737520806300336,
    0.38849791960838514,
    0.39556682339081395,
    0.39950336821568316,
    0.39465599602613693,
    0.39106144316685504,
    0.395880462649541,
    0.39072721585249287,
    0.3916994107839389,
    0.39122912287712097
  ],
  "main_loss": [
    3.40218201203224,
    0.6142009252156967,
    0.5011314168954507,
    0.4058111860201909,
    0.40914270740288955,
    0.3803277783668958,
    0.3779269808377975,
    0.3794976266530844,
    0.3812279269481317,
    0.3776934613019992,
    0.378337670595218,
    0.38106953448210007,
    0.3779942935858017,
    0.3793103809540088,
    0.3803178866704305
  ],
  "shap_loss": [
    0.10907296740855926,
    0.10887164106735817,
    0.10704249277328834,
    0.10666064344919644,
    0.10663997305509372,
    0.1063121769290704,
    0.1044562462812815,
    0.1062738740673432,
    0.10482251510406151,
    0.10744380970031787,
    0.11328768921204102,
    0.1096100954291148,
    0.11018670732394242,
    0.1125314976924505,
    0.11429055340779133
  ],
  "shap_loss_normalized": [
    0.04423664873227095,
    0.0697798056480212,
    0.04557125375438959,
    0.021400321083955277,
    0.04398739462097486,
    0.04642724728164,
    0.03279709744338806,
    0.021254775138237536,
    0.020964503431549437,
    0.02148876243676895,
    0.022657538214937236,
    0.02192201957297631,
    0.0220373419041817,
    0.03031843924560608,
    0.039488014502403065
  ],
  "tikhonov_loss": [
    0.0,
    0.0,
    0.0,
    0.0,
    0.0,
    0.0,
    0.0,
    0.0,
    0.0,
    0.0,
    0.0,
    0.0,
    0.0,
    0.0,
    0.0
  ],
  "nonnegativity_loss": [
    0.0,
    0.0,
    0.0,
    0.0,
    0.0,
    0.0,
    0.0,
    0.0,
    0.0,
    0.0,
    0.0,
    0.0,
    0.0,
    0.0,
    0.0
  ],
  "tikhonov_lambda": [
    0.0,
    0.0,
    0.0,
    0.0,
    0.0,
    0.0,
    0.0,
    0.0,
    0.0,
    0.0,
    0.0,
    0.0,
    0.0,
    0.0,
    0.0
  ],
  "nonnegativity_lambda": [
    0.0,
    0.0,
    0.0,
    0.0,
    0.0,
    0.0,
    0.0,
    0.0,
    0.0,
    0.0,
    0.0,
    0.0,
    0.0,
    0.0,
    0.0
  ],
  "shap_scale_factor": [
    0.41790485156304213,
    0.6375771844585396,
    0.4233915529574307,
    0.2006456647034155,
    0.4127114833251595,
    0.4355289392004737,
    0.31242983207703373,
    0.20000000000000004,
    0.20000000000000004,
    0.20000000000000004,
    0.20000000000000004,
    0.20000000000000004,
    0.20000000000000004,
    0.26952961568346184,
    0.34847989312709476
  ],
  "shap_contribution": [
    0.0,
    0.0,
    0.0,
    0.0,
    0.0,
    0.0,
    3.59206305452412e-06,
    5.195611976934089e-06,
    8.485632301576865e-06,
    1.2688603209636103e-05,
    1.8161994469268488e-05,
    2.1922020515865788e-05,
    2.203734285826496e-05,
    3.031844076199027e-05,
    3.9488016390793906e-05
  ],
  "tikhonov_contribution": [
    0.0,
    0.0,
    0.0,
    0.0,
    0.0,
    0.0,
    0.0,
    0.0,
    0.0,
    0.0,
    0.0,
    0.0,
    0.0,
    0.0,
    0.0
  ],
  "nonnegativity_contribution": [
    0.0,
    0.0,
    0.0,
    0.0,
    0.0,
    0.0,
    0.0,
    0.0,
    0.0,
    0.0,
    0.0,
    0.0,
    0.0,
    0.0,
    0.0
  ],
  "regularization_share": [
    0.08857809043804335,
    0.0885780899938942,
    0.08391608473984252,
    0.0672164166140564,
    0.07119846963224284,
    0.040852408872377476,
    0.02361033965786229,
    0.039222093901875185,
    0.041217010706833083,
    0.041349092850759904,
    0.03169176514709482,
    0.03283243052017368,
    0.030410769648667565,
    0.030548332698482897,
    0.027161332218923497
  ],
  "accuracy_guard_loss": [
    3.024862737991871,
    0.23660580393595573,
    0.12484859541440621,
    0.030733918532347068,
    0.035533829377247736,
    0.006556099041914329,
    0.0036357839902242026,
    0.0045261302819618815,
    0.006880205793258471,
    0.006632314278529241,
    0.003599402232047839,
    0.006720948677796584,
    0.003884016703336667,
    0.0035830816397300134,
    0.005466275490247286
  ],
  "accuracy_guard_contribution": [
    0.3390008645753066,
    0.060219512344935,
    0.047440467068018057,
    0.030642776869428463,
    0.032085259134570755,
    0.017047430746830426,
    0.010567349835466117,
    0.016064001342807062,
    0.018266957253217697,
    0.016949846385381162,
    0.012705609202384949,
    0.014789012045814441,
    0.012710884261207703,
    0.012358713751802078,
    0.01087174641016202
  ],
  "distill_loss": [
    0.0,
    0.0,
    0.0,
    0.0,
    0.0,
    0.0,
    0.0,
    0.0,
    0.0,
    0.0,
    0.0,
    0.0,
    0.0,
    0.0,
    0.0
  ],
  "distill_contribution": [
    0.0,
    0.0,
    0.0,
    0.0,
    0.0,
    0.0,
    0.0,
    0.0,
    0.0,
    0.0,
    0.0,
    0.0,
    0.0,
    0.0,
    0.0
  ],
  "gate_entropy": [
    0.0019005288949045234,
    0.0019002201734110713,
    0.0019002201734110713,
    0.0019002201734110713,
    0.0019002201734110713,
    0.0019002201734110713,
    0.0019002201734110713,
    0.0019002201734110713,
    0.0019002201734110713,
    0.0019002201734110713,
    0.0019002201734110713,
    0.0019002201734110713,
    0.0019002201734110713,
    0.0019002201734110713,
    0.0019002201734110713
  ],
  "gate_min": [
    0.9998998917066134,
    0.9998999834060669,
    0.9998999834060669,
    0.9998999834060669,
    0.9998999834060669,
    0.9998999834060669,
    0.9998999834060669,
    0.9998999834060669,
    0.9998999834060669,
    0.9998999834060669,
    0.9998999834060669,
    0.9998999834060669,
    0.9998999834060669,
    0.9998999834060669,
    0.9998999834060669
  ],
  "gate_max": [
    0.9999000231424967,
    0.9998999834060669,
    0.9998999834060669,
    0.9998999834060669,
    0.9998999834060669,
    0.9998999834060669,
    0.9998999834060669,
    0.9998999834060669,
    0.9998999834060669,
    0.9998999834060669,
    0.9998999834060669,
    0.9998999834060669,
    0.9998999834060669,
    0.9998999834060669,
    0.9998999834060669
  ],
  "gate_anchor_loss": [
    1.0006442944898435e-08,
    1.000331906197971e-08,
    1.000331906197971e-08,
    1.000331906197971e-08,
    1.000331906197971e-08,
    1.000331906197971e-08,
    1.000331906197971e-08,
    1.000331906197971e-08,
    1.000331906197971e-08,
    1.000331906197971e-08,
    1.000331906197971e-08,
    1.000331906197971e-08,
    1.000331906197971e-08,
    1.000331906197971e-08,
    1.000331906197971e-08
  ],
  "gate_anchor_contribution": [
    5.003221654639662e-10,
    5.001659642012157e-10,
    5.001659642012157e-10,
    5.001659642012157e-10,
    5.001659642012157e-10,
    5.001659642012157e-10,
    5.001659642012157e-10,
    5.001659642012157e-10,
    5.001659642012157e-10,
    5.001659642012157e-10,
    5.001659642012157e-10,
    5.001659642012157e-10,
    5.001659642012157e-10,
    5.001659642012157e-10,
    5.001659642012157e-10
  ],
  "q_err_entropy": [
    0.7853015347933158,
    0.8171767126291226,
    0.8546851384334075,
    0.8561959755726349,
    0.8177006535041027,
    0.8156474377864447,
    0.8605649700531592,
    0.8305894556717995,
    0.8345084824623206,
    0.8067033978608938,
    0.754428886450254,
    0.8064890442750393,
    0.8058839852993305,
    0.7883865306010613,
    0.7594957015453241
  ],
  "q_err_gini": [
    0.9050703797584925,
    0.9020491349391448,
    0.8978208868931501,
    0.8975875927851751,
    0.9021445237673246,
    0.902343057669126,
    0.8978612560492295,
    0.9005551093663925,
    0.8988165106528845,
    0.9029390490972079,
    0.9091349167701526,
    0.9032033834701929,
    0.9040387471516927,
    0.9052013143514975,
    0.9073302699969366
  ],