{
  "total_loss": [
    3.8513690340213285,
    0.6821334698261359,
    0.9582355824800638,
    0.7456498115490644,
    0.7560496001671522,
    0.7211139072210361,
    0.7890817286112369
  ],
  "main_loss": [
    3.8513690340213285,
    0.6821334698261359,
    0.9582355824800638,
    0.7456498115490644,
    0.7560496001671522,
    0.7211139072210361,
    0.7890402384293385
  ],
  "shap_loss": [
    0.09196309076669888,
    0.09214472942627393,
    0.0905580963843908,
    0.09172326097121605,
    0.08908832741853519,
    0.0896535527247649,
    0.09405926366647084
  ],
  "shap_loss_normalized": [
    0.038120320066809654,
    0.03523566879523106,
    0.021904960417976745,
    0.01834465267184453,
    0.01781766584668404,
    0.017930710879273903,
    0.018811853220447514
  ],
  "tikhonov_loss": [
    0.0,
    0.0,
    0.0,
    0.0,
    0.0,
    0.0,
    0.0
  ],
  "nonnegativity_loss": [
    0.0,
    0.0,
    0.0,
    0.0,
    0.0,
    0.0,
    0.0
  ],
  "tikhonov_lambda": [
    0.0,
    0.0,
    0.0,
    0.0,
    0.0,
    0.0,
    0.0
  ],
  "nonnegativity_lambda": [
    0.0,
    0.0,
    0.0,
    0.0,
    0.0,
    0.0,
    0.0
  ],
  "shap_scale_factor": [
    0.41790485156304213,
    0.3758614424389993,
    0.24225272361907157,
    0.20000000000000004,
    0.20000000000000004,
    0.20000000000000004,
    0.20000000000000004
  ],
  "shap_contribution": [
    0.0,
    0.0,
    0.0,
    0.0,
    0.0,
    0.0,
    4.149143471575091e-05
  ],
  "tikhonov_contribution": [
    0.0,
    0.0,
    0.0,
    0.0,
    0.0,
    0.0,
    0.0
  ],
  "nonnegativity_contribution": [
    0.0,
    0.0,
    0.0,
    0.0,
    0.0,
    0.0,
    0.0
  ],
  "regularization_share": [
    3.8552944565404987e-10,
    7.993252556080635e-10,
    6.328619884248117e-10,
    7.599603014848064e-10,
    7.319193651857119e-10,
    7.938062816718576e-10,
    5.806308267238816e-05
  ],
  "accuracy_guard_loss": [
    0.0,
    0.0,
    0.0,
    0.0,
    0.0,
    0.0,
    0.0
  ],
  "accuracy_guard_contribution": [
    0.0,
    0.0,
    0.0,
    0.0,
    0.0,
    0.0,
    0.0
  ],
  "distill_loss": [
    0.0,
    0.0,
    0.0,
    0.0,
    0.0,
    0.0,
    0.0
  ],
  "distill_contribution": [
    0.0,
    0.0,
    0.0,
    0.0,
    0.0,
    0.0,
    0.0
  ],
  "gate_entropy": [
    0.001900308816216122,
    0.0019004280255056727,
    0.001900767313483625,
    0.001901094374867777,
    0.0019013480766891288,
    0.0019017546019779567,
    0.0019021060389394944
  ],
  "gate_min": [
    0.9998998886499649,
    0.9998998366869413,
    0.9998997969505115,
    0.9998997021944095,
    0.9998995890984168,
    0.999899427096049,
    0.9998992681503296
  ],
  "gate_max": [
    0.9999000567656297,
    0.9999001026153564,
    0.9999001026153564,
    0.9999001026153564,
    0.9999001026153564,
    0.9999001301251925,
    0.9999001148419503
  ],
  "gate_anchor_loss": [
    1.0004223341479992e-08,
    1.0005449392080068e-08,
    1.000899099214172e-08,
    1.0012439629528776e-08,
    1.0015118580606842e-08,
    1.0019512854725212e-08,
    1.0023006037676087e-08
  ],
  "gate_anchor_contribution": [
    5.002111801689378e-10,
    5.0027248583034e-10,
    5.004495678261305e-10,
    5.006219911553063e-10,
    5.007559338697758e-10,
    5.009756427362606e-10,
    5.011503164021054e-10
  ],
  "q_err_entropy": [
    1.2049696369048877,
    1.234125601939666,
    1.225605166875399,
    1.2068313192098568,
    1.2311064707927215,
    1.219064637636527,
    1.1961325636276832
  ],
  "q_err_gini": [
    0.8590863194221106,
    0.8549329821880047,
    0.8577819099793067,
    0.8594102645531679,
    0.8556671142578125,
    0.8572805462739407,
    0.8607828540679736
  ],
  "q_err_corr": [
    0.9297262775270563,
    0.9407369800103016,
    0.9317291226142492,
    0.9452011462969657,
    0.93131523560255,
    0.9337575603754092,
    0.9455022827172891
  ],
  "p_q_corr": [
    0.680054077735314,
    0.6807788793857281,
    0.6866241540664282,
    0.6847122311592102,
    0.6942767898241679,
    0.692559390495985,
    0.6769794286825718
  ],
  "ea_ratio": [
    0.0,
    0.0,
    0.0,
    0.0,
    0.0,
    0.0,
    5.806687318582613e-05
  ],
  "main_grad_norm": [
    8625.074676513672,
    12871.580078125,
    12418.6474609375,
    17928.72998046875,
    17271.91015625,
    16638.51220703125,
    16151.488525390625
  ],
  "ea_grad_norm": [
    13.735065460205078,
    5.132607698440552,
    13.639023542404175,
    8.042123079299927,
    4.697951555252075,
    5.745827078819275,
    7.121701955795288
  ],
  "ea_main_grad_ratio": [
    0.010826786051991928,
    0.0004251059807668684,
    0.0010299233843874506,
    0.0006085635974891591,
    0.0002893896431218502,
    0.00035772418775709396,
    0.0006332776691364217
  ],
  "ea_scale": [
    9.013816938927636,
    25.288391919511948,
    9.863203571282718,
    24.975676612002964,
    39.94010403506512,
    28.065037532955547,
    20.264707686352423
  ],
  "main_grad_params": [
    26.0,
    26.0,
    26.0,
    26.0,
    26.0,
    26.0,
    26.0
  ],
  "ea_grad_params": [
    26.0,
    26.0,
    26.0,
    26.0,
    26.0,
    26.0,
    26.0
  ],
  "grad_params_total": [
    26.0,
    26.0,
    26.0,
    26.0,
    26.0,
    26.0,
    26.0
  ],
  "rank_loss_raw": [
    0.010566388615048848,
    0.010931572184348717,
    0.01120326512803634,
    0.0109940706155239,
    0.010936730278608127,
    0.010780842186739812,
    0.010554458540028486
  ],
  "rank_pairs_count": [
    170.6153846153846,
    170.71794871794873,
    170.87179487179486,
    170.89743589743588,
    170.87179487179486,
    170.69230769230768,
    170.66666666666666
  ],
  "rank_violations_count": [
    61.05128205128205,
    60.84615384615385,
    62.717948717948715,
    61.64102564102564,
    62.02564102564103,
    60.94871794871795,
    60.02564102564103
  ],
  "rank_grad_norm": [
    4.472063064575195,
    4.736195802688599,
    8.726471900939941,
    8.084912300109863,
    5.516258239746094,
    6.6563379764556885,
    5.718043327331543
  ],
  "rank_main_grad_ratio": [
    0.0023064156917160924,
    0.0003875901441160257,
    0.0007712233098709565,
    0.0005662758278107018,
    0.00032933401817736665,
    0.000429248714149924,
    0.0005443773811850559
  ],
  "shap_clip_active": [
    0.0,
    0.0,
    0.0,
    0.0,
    0.0,
    0.0,
    0.0
  ],
  "epoch_accepted": [
    1.0,
    1.0,
    1.0,
    1.0,
    1.0,
    1.0,
    1.0
  ],
  "lr": [
    8e-05,
    8e-05,
    8e-05,
    8e-05,
    8e-05,
    8e-05,
    8e-05
  ],
  "adaptive_gamma": [
    0.00019999999999999996,
    0.0002761904761904763,
    0.00035238095238095254,
    0.0004285714285714286,
    0.0005047619047619046,
    0.0005809523809523808,
    0.000657142857142857
  ],
  "convergence_slowdown": [
    0.41790485156304213,
    0.3758614424389993,
    0.24225272361907157,
    0.20000000000000004,
    0.20000000000000004,
    0.20000000000000004,
    0.20000000000000004
  ],
  "shap_consistency": [
    0.09196309076669888,
    0.09214472942627393,
    0.0905580963843908,
    0.09172326097121605,
    0.08908832741853519,
    0.0896535527247649,
    0.09405926366647084
  ],
  "shap_sparsity": [
    0.9472736716270447,
    0.9472736716270447,
    0.9472736716270447,
    0.9472736655137478,
    0.9472736471738571,
    0.9472736380039117,
    0.9472736288339664
  ],
  "shap_faithfulness": [
    0.20000427044354951,
    0.19407388758965027,
    0.1947284432557913,
    0.18684025490895295,
    0.19010995557674995,
    0.18751307863455552,
    0.19140750169754028
  ],
  "shap_stability": [
    0.0,
    0.0,
    0.0,
    0.0,
    0.0,
    0.0,
    0.0
  ],
  "shap_weight_consistency": [
    1.0,
    1.0,
    1.0,
    1.0,
    1.0,
    1.0,
    1.0
  ],
  "shap_weight_sparsity": [
    0.0,
    0.0,
    0.0,
    0.0,
    0.0,
    0.0,
    0.0
  ],
  "shap_weight_faithfulness": [
    0.0,
    0.0,
    0.0,
    0.0,
    0.0,
    0.0,
    0.0
  ],
  "shap_weight_stability": [
    0.0,
    0.0,
    0.0,
    0.0,
    0.0,
    0.0,
    0.0
  ],