{
  "total_loss": [
    2.241219061307418,
    0.8249215048093063,
    0.651026922922868,
    0.6775843462882898,
    0.7537447657340612,
    0.836646535457709,
    0.8175532321135203,
    0.6627906698447007,
    0.7906373548202026,
    0.6919583533054743
  ],
  "main_loss": [
    2.241219061307418,
    0.8249215048093063,
    0.651026922922868,
    0.6775843462882898,
    0.7537447657340612,
    0.836646535457709,
    0.8175532321135203,
    0.6627906698447007,
    0.790608788912113,
    0.6918794268216842
  ],
  "shap_loss": [
    0.013005377139705114,
    0.013102448067795008,
    0.013313052841486076,
    0.012861140740987582,
    0.012464020914660815,
    0.012939995154738426,
    0.013528749824334413,
    0.012625105273074064,
    0.0134516663204592,
    0.0133862652314397
  ],
  "shap_loss_normalized": [
    0.006620075087994337,
    0.0043171343739884785,
    0.00401214924820054,
    0.003983331677050163,
    0.002492804229498292,
    0.002587999073931804,
    0.0027057500078510014,
    0.002525021101180942,
    0.002690333320806997,
    0.005501612585085707
  ],
  "tikhonov_loss": [
    0.0,
    0.0,
    0.0,
    0.0,
    0.0,
    0.0,
    0.0,
    0.0,
    0.0,
    0.0
  ],
  "nonnegativity_loss": [
    0.0,
    0.0,
    0.0,
    0.0,
    0.0,
    0.0,
    0.0,
    0.0,
    0.0,
    0.0
  ],
  "tikhonov_lambda": [
    0.0,
    0.0,
    0.0,
    0.0,
    0.0,
    0.0,
    0.0,
    0.0,
    0.0,
    0.0
  ],
  "nonnegativity_lambda": [
    0.0,
    0.0,
    0.0,
    0.0,
    0.0,
    0.0,
    0.0,
    0.0,
    0.0,
    0.0
  ],
  "shap_scale_factor": [
    0.5094962287027754,
    0.3233272679744696,
    0.3055796767335228,
    0.31242983207703373,
    0.20000000000000004,
    0.20000000000000004,
    0.20000000000000004,
    0.20000000000000004,
    0.20000000000000004,
    0.41769117634936703
  ],
  "shap_contribution": [
    0.0,
    0.0,
    0.0,
    0.0,
    0.0,
    0.0,
    0.0,
    0.0,
    2.8564084179659123e-05,
    7.8934308476164e-05
  ],
  "tikhonov_contribution": [
    0.0,
    0.0,
    0.0,
    0.0,
    0.0,
    0.0,
    0.0,
    0.0,
    0.0,
    0.0
  ],
  "nonnegativity_contribution": [
    0.0,
    0.0,
    0.0,
    0.0,
    0.0,
    0.0,
    0.0,
    0.0,
    0.0,
    0.0
  ],
  "regularization_share": [
    5.153644279007473e-10,
    6.651112461564647e-10,
    8.085160181580848e-10,
    8.052483316608177e-10,
    7.297399077202152e-10,
    6.832939252251983e-10,
    7.215450030776593e-10,
    8.083183427394417e-10,
    3.9337053605151086e-05,
    0.00014273245014478558
  ],
  "accuracy_guard_loss": [
    0.0,
    0.0,
    0.0,
    0.0,
    0.0,
    0.0,
    0.0,
    0.0,
    0.0,
    0.0
  ],
  "accuracy_guard_contribution": [
    0.0,
    0.0,
    0.0,
    0.0,
    0.0,
    0.0,
    0.0,
    0.0,
    0.0,
    0.0
  ],
  "distill_loss": [
    0.0,
    0.0,
    0.0,
    0.0,
    0.0,
    0.0,
    0.0,
    0.0,
    0.0,
    0.0
  ],
  "distill_contribution": [
    0.0,
    0.0,
    0.0,
    0.0,
    0.0,
    0.0,
    0.0,
    0.0,
    0.0,
    0.0
  ],
  "gate_entropy": [
    0.0019004371954510228,
    0.001900623651006474,
    0.0019007153504599745,
    0.0019009018060154258,
    0.0019009843355235762,
    0.001901363350976354,
    0.0019018920556379433,
    0.0019022007651913625,
    0.0019028273781236166,
    0.0019031177597263684
  ],
  "gate_min": [
    0.9998999131031525,
    0.9998998641967773,
    0.9998998519701835,
    0.9998997449874878,
    0.9998996685712765,
    0.9998994484925882,
    0.9998992345271966,
    0.9998990511282896,
    0.9998988585594373,
    0.9998986965570694
  ],
  "gate_max": [
    0.9999000598222781,
    0.9999001026153564,
    0.9999001026153564,
    0.999900072048872,
    0.9999001026153564,
    0.9999001515217316,
    0.999900221824646,
    0.999900221824646,
    0.999900221824646,
    0.999900221824646
  ],
  "gate_anchor_loss": [
    1.0005542582492721e-08,
    1.0007541803794048e-08,
    1.0008507094319624e-08,
    1.0010406976280779e-08,
    1.0011377208722175e-08,
    1.0015219741851466e-08,
    1.0020906748272806e-08,
    1.0024084992265577e-08,
    1.0030744121354182e-08,
    1.0033954658603342e-08
  ],
  "gate_anchor_contribution": [
    5.002771331100521e-10,
    5.003771044233309e-10,
    5.004253592707423e-10,
    5.005203616243046e-10,
    5.005688698303036e-10,
    5.007610024648921e-10,
    5.010453533553042e-10,
    5.012042703943765e-10,
    5.015372120458331e-10,
    5.016977332148397e-10
  ],
  "q_err_entropy": [
    1.4880181459280162,
    1.4733138390076466,
    1.456868024972769,
    1.4875116623364961,
    1.4665933205531194,
    1.4739567988958113,
    1.4625727580143855,
    1.5019828875859578,
    1.4926777955813286,
    1.4784861038892696
  ],
  "q_err_gini": [
    0.8125685652097067,
    0.813068437270629,
    0.8183543407000028,
    0.8107808186457708,
    0.8159434245182917,
    0.8144669334093729,
    0.817500637127803,
    0.8087549576392541,
    0.8110574881235758,
    0.8142849802970886
  ],
  "q_err_corr": [
    0.789857807128053,
    0.7479707801189178,
    0.697515450991117,
    0.7334907427430153,
    0.7917143255472183,
    0.7117532522250445,
    0.7499527029502087,
    0.7851235031699523,
    0.7976985184045938,
    0.779764419946915
  ],
  "p_q_corr": [
    0.9797486617014959,
    0.9799298048019409,
    0.9807729873901758,
    0.9817506059622153,
    0.9807016268754617,
    0.9781709374525608,
    0.9781063795089722,
    0.9814966932321206,
    0.9802138560857528,
    0.9802705767827157
  ],
  "ea_ratio": [
    0.0,
    0.0,
    0.0,
    0.0,
    0.0,
    0.0,
    0.0,
    0.0,
    3.9338145702808666e-05,
    0.00014277736555903594
  ],
  "main_grad_norm": [
    9421.014038085938,
    13829.88134765625,
    12370.68505859375,
    11807.779296875,
    11622.572021484375,
    12979.90869140625,
    19829.7021484375,
    15774.74951171875,
    24579.744140625,
    6921.581787109375
  ],
  "ea_grad_norm": [
    3.1752108335494995,
    2.041652798652649,
    1.2770017981529236,
    2.3296918272972107,
    1.13226617872715,
    0.6385282427072525,
    1.0572081804275513,
    0.5407855808734894,
    1.9368197321891785,
    1.9271498024463654
  ],
  "ea_main_grad_ratio": [
    0.0005060737022936435,
    0.0001479287596171908,
    0.00010531494054689204,
    0.00021132981436921118,
    0.00014218286885240344,
    4.9039925503397e-05,
    5.3297251060168967e-05,
    4.4775100851932136e-05,
    8.080987770063157e-05,
    0.00026331992515658554
  ],
  "ea_scale": [
    28.10363847238745,
    67.64382984067839,
    96.09558987525443,
    76.63963549318784,
    180.97689116048852,
    203.8826054215764,
    188.29267334838508,
    288.0312804896772,
    130.78278104960836,
    65.64253234495507
  ],
  "main_grad_params": [
    26.0,
    26.0,
    26.0,
    26.0,
    26.0,
    26.0,
    26.0,
    26.0,
    26.0,
    26.0
  ],
  "ea_grad_params": [
    26.0,
    26.0,
    26.0,
    26.0,
    26.0,
    26.0,
    26.0,
    26.0,
    26.0,
    26.0
  ],
  "grad_params_total": [
    26.0,
    26.0,
    26.0,
    26.0,
    26.0,
    26.0,
    26.0,
    26.0,
    26.0,
    26.0
  ],
  "rank_loss_raw": [
    0.003760027060380731,
    0.0035927673348058495,
    0.0036068445740219876,
    0.0033406182162415907,
    0.0035980952342446796,
    0.0034437394068122674,
    0.003628291112060348,
    0.0034977237825305797,
    0.0032961467364564156,
    0.003499500743017938
  ],
  "bottom_inv_loss_raw": [
    0.0,
    0.0,
    0.0,
    0.0,
    0.0,
    0.0,
    0.0,
    0.0,
    0.0,
    0.0
  ],
  "rank_pairs_count": [
    170.64102564102564,
    170.6153846153846,
    170.56410256410257,
    170.5897435897436,
    170.66666666666666,
    170.5897435897436,
    170.51282051282053,
    170.46153846153845,
    170.69230769230768,
    170.56410256410257
  ],