{
  "total_loss": [
    2.241219061307418,
    0.8249215048093063,
    0.651026922922868,
    0.6775843462882898,
    0.7537447657340612,
    0.836646535457709,
    0.8175532321135203,
    0.6627906698447007,
    0.7909194116409008,
    0.6155008887633299
  ],
  "main_loss": [
    2.241219061307418,
    0.8249215048093063,
    0.651026922922868,
    0.6775843462882898,
    0.7537447657340612,
    0.836646535457709,
    0.8175532321135203,
    0.6627906698447007,
    0.7906005413104327,
    0.6152854141516563
  ],
  "shap_loss": [
    0.04528640826734213,
    0.04196903548943691,
    0.04192664550665098,
    0.04182796254276465,
    0.043528532466063134,
    0.04395383094938902,
    0.04436719288619665,
    0.04184236558966148,
    0.04623991671280983,
    0.04388458267427408
  ],
  "shap_loss_normalized": [
    0.023063479063029472,
    0.0136947234471639,
    0.013503676769920649,
    0.013009904853951855,
    0.008705706598284917,
    0.008790766247189961,
    0.008873438713355707,
    0.008368473368672988,
    0.009247983495394388,
    0.01794166476107561
  ],
  "tikhonov_loss": [
    0.0,
    0.0,
    0.0,
    0.0,
    0.0,
    0.0,
    0.0,
    0.0,
    0.0,
    0.0
  ],
  "nonnegativity_loss": [
    0.0,
    0.0,
    0.0,
    0.0,
    0.0,
    0.0,
    0.0,
    0.0,
    0.0,
    0.0
  ],
  "tikhonov_lambda": [
    0.0,
    0.0,
    0.0,
    0.0,
    0.0,
    0.0,
    0.0,
    0.0,
    0.0,
    0.0
  ],
  "nonnegativity_lambda": [
    0.0,
    0.0,
    0.0,
    0.0,
    0.0,
    0.0,
    0.0,
    0.0,
    0.0,
    0.0
  ],
  "shap_scale_factor": [
    0.5094962287027754,
    0.3233272679744696,
    0.3055796767335228,
    0.31242983207703373,
    0.20000000000000004,
    0.20000000000000004,
    0.20000000000000004,
    0.20000000000000004,
    0.20000000000000004,
    0.41769117634936703
  ],
  "shap_contribution": [
    0.0,
    0.0,
    0.0,
    0.0,
    0.0,
    0.0,
    0.0,
    0.0,
    0.0003188734952299199,
    0.00021547217441436189
  ],
  "tikhonov_contribution": [
    0.0,
    0.0,
    0.0,
    0.0,
    0.0,
    0.0,
    0.0,
    0.0,
    0.0,
    0.0
  ],
  "nonnegativity_contribution": [
    0.0,
    0.0,
    0.0,
    0.0,
    0.0,
    0.0,
    0.0,
    0.0,
    0.0,
    0.0
  ],
  "regularization_share": [
    5.153644279007473e-10,
    6.651112461564647e-10,
    8.085160181580848e-10,
    8.052483316608177e-10,
    7.297399077202152e-10,
    6.832939252251983e-10,
    7.215450030776593e-10,
    8.083183427394417e-10,
    0.0004365511665393279,
    0.00038667117490753095
  ],
  "accuracy_guard_loss": [
    0.0,
    0.0,
    0.0,
    0.0,
    0.0,
    0.0,
    0.0,
    0.0,
    0.0,
    0.0
  ],
  "accuracy_guard_contribution": [
    0.0,
    0.0,
    0.0,
    0.0,
    0.0,
    0.0,
    0.0,
    0.0,
    0.0,
    0.0
  ],
  "distill_loss": [
    0.0,
    0.0,
    0.0,
    0.0,
    0.0,
    0.0,
    0.0,
    0.0,
    0.0,
    0.0
  ],
  "distill_contribution": [
    0.0,
    0.0,
    0.0,
    0.0,
    0.0,
    0.0,
    0.0,
    0.0,
    0.0,
    0.0
  ],
  "gate_entropy": [
    0.0019004371954510228,
    0.001900623651006474,
    0.0019007153504599745,
    0.0019009018060154258,
    0.0019009843355235762,
    0.001901363350976354,
    0.0019018920556379433,
    0.0019022007651913625,
    0.0019028273781236166,
    0.0019031238730232685
  ],
  "gate_min": [
    0.9998999131031525,
    0.9998998641967773,
    0.9998998519701835,
    0.9998997449874878,
    0.9998996685712765,
    0.9998994484925882,
    0.9998992345271966,
    0.9998990511282896,
    0.9998988585594373,
    0.9998986965570694
  ],
  "gate_max": [
    0.9999000598222781,
    0.9999001026153564,
    0.9999001026153564,
    0.999900072048872,
    0.9999001026153564,
    0.9999001515217316,
    0.999900221824646,
    0.999900221824646,
    0.999900221824646,
    0.999900221824646
  ],
  "gate_anchor_loss": [
    1.0005542582492721e-08,
    1.0007541803794048e-08,
    1.0008507094319624e-08,
    1.0010406976280779e-08,
    1.0011377208722175e-08,
    1.0015219741851466e-08,
    1.0020906748272806e-08,
    1.0024084992265577e-08,
    1.0030744121354182e-08,
    1.0033987566752481e-08
  ],
  "gate_anchor_contribution": [
    5.002771331100521e-10,
    5.003771044233309e-10,
    5.004253592707423e-10,
    5.005203616243046e-10,
    5.005688698303036e-10,
    5.007610024648921e-10,
    5.010453533553042e-10,
    5.012042703943765e-10,
    5.015372120458331e-10,
    5.01699375775571e-10
  ],
  "q_err_entropy": [
    1.4917050844583757,
    1.4950170822632618,
    1.4899885471050556,
    1.4983768310302343,
    1.4890069717015975,
    1.4907148373432648,
    1.4921712508568397,
    1.4956277639437945,
    1.4895137976377437,
    1.4796078602472942
  ],
  "q_err_gini": [
    0.8117778606903858,
    0.8105757496295831,
    0.8122204725558941,
    0.8090489491438254,
    0.8115069163151276,
    0.8106843768022,
    0.8111515060449258,
    0.8088620213361887,
    0.8121473666949149,
    0.813467148022774
  ],
  "q_err_corr": [
    0.8138754634480727,
    0.781141051879296,
    0.742075210198378,
    0.8252832973614718,
    0.8198821514080732,
    0.8045129733972061,
    0.8691145892326648,
    0.8217576612264682,
    0.7608849704265594,
    0.7131103307772906
  ],
  "p_q_corr": [
    0.8560955356328915,
    0.8683954095229124,
    0.8678140747241485,
    0.8682165818336682,
    0.8629799775588207,
    0.8607937189248892,
    0.8596681845493805,
    0.8675140662071033,
    0.8546649737235827,
    0.8616685393529061
  ],
  "ea_ratio": [
    0.0,
    0.0,
    0.0,
    0.0,
    0.0,
    0.0,
    0.0,
    0.0,
    0.0004368874707814449,
    0.0003868908576968795
  ],
  "main_grad_norm": [
    9421.014038085938,
    13829.88134765625,
    12370.68505859375,
    11807.779296875,
    11622.572021484375,
    12979.90869140625,
    19829.7021484375,
    15774.74951171875,
    24580.060546875,
    7460.36572265625
  ],
  "ea_grad_norm": [
    7.537161350250244,
    5.60780668258667,
    4.21249794960022,
    2.0266176760196686,
    0.35916603170335293,
    1.865522563457489,
    0.08048093505203724,
    1.8761858902871609,
    1.3396145403385162,
    1.1193482875823975
  ],
  "ea_main_grad_ratio": [
    0.0018057520344532667,
    0.0004057613801916705,
    0.00035393272742679106,
    0.00016354395625692102,
    4.940676936162085e-05,
    0.00015953819188446847,
    4.051760616656975e-06,
    0.0002367833577734834,
    5.9685498412259105e-05,
    0.0001496166808492035
  ],
  "ea_scale": [
    36.830945663885615,
    24.640996671587367,
    29.401808965962246,
    79.12353232774336,
    1597.3175578297369,
    80.63262985513705,
    2653.354206153589,
    1511.645297910342,
    416.5478072168972,
    66.89092778868738
  ],
  "main_grad_params": [
    26.0,
    26.0,
    26.0,
    26.0,
    26.0,
    26.0,
    26.0,
    26.0,
    26.0,
    26.0
  ],
  "ea_grad_params": [
    26.0,
    26.0,
    26.0,
    26.0,
    26.0,
    26.0,
    26.0,
    26.0,
    26.0,
    26.0
  ],
  "grad_params_total": [
    26.0,
    26.0,
    26.0,
    26.0,
    26.0,
    26.0,
    26.0,
    26.0,
    26.0,
    26.0
  ],
  "rank_loss_raw": [
    0.005863148814592606,
    0.005406812531873584,
    0.005392362005435503,
    0.00578315284413596,
    0.0057640242903756024,
    0.005788937503567491,
    0.005569742879090019,
    0.005414354495513134,
    0.006020805052218911,
    0.005970520892729744
  ],
  "bottom_inv_loss_raw": [
    0.0,
    0.0,
    0.0,
    0.0,
    0.0,
    0.0,
    0.0,
    0.0,
    0.0,
    0.0
  ],
  "rank_pairs_count": [
    170.7948717948718,
    170.66666666666666,
    170.66666666666666,
    170.66666666666666,
    170.64102564102564,
    170.74358974358975,
    170.64102564102564,
    170.76923076923077,
    170.51282051282053,
    170.84615384615384
  ],