{
  "total_loss": [
    4.230438435688997,
    0.6400908797215192,
    0.47210498803701156,
    0.44490679257955307,
    0.42386790957206333,
    0.408532583178618,
    0.40092500738608533,
    0.39185283734248233,
    0.40588682431441087,
    0.39313724828072083,
    0.3969077345652458,
    0.3956786951957605,
    0.39289388366234607,
    0.39579846003116703,
    0.3934236589150551
  ],
  "main_loss": [
    3.846947330694932,
    0.5836931558755728,
    0.4317282705734938,
    0.4110192839915936,
    0.39818691672422946,
    0.3873181461523741,
    0.38275481340212697,
    0.3808950094076303,
    0.38616734666702074,
    0.3818860344397716,
    0.3819775596643106,
    0.3809917462177766,
    0.38026580138084215,
    0.3823267832780496,
    0.38138010028081065
  ],
  "shap_loss": [
    0.11374300852035865,
    0.11257147597960937,
    0.10784036685258915,
    0.11347882392314765,
    0.11801427889328736,
    0.1151015634338061,
    0.1101602547061749,
    0.10845506917207669,
    0.11550396680831909,
    0.11284343478007194,
    0.11239759432963836,
    0.11374642451604207,
    0.11256133249172798,
    0.11353869831714875,
    0.1179799810051918
  ],
  "shap_loss_normalized": [
    0.04706885422078463,
    0.0506719621614768,
    0.05965279028392755,
    0.05821749338736901,
    0.024219288180271786,
    0.04750503742924103,
    0.022067196189593047,
    0.02169101417828829,
    0.023100793791505005,
    0.022568687175710995,
    0.02247951929576886,
    0.022749285237529338,
    0.02251226693773881,
    0.02270774008371891,
    0.023595996535359286
  ],
  "tikhonov_loss": [
    0.0,
    0.0,
    0.0,
    0.0,
    0.0,
    0.0,
    0.0,
    0.0,
    0.0,
    0.0,
    0.0,
    0.0,
    0.0,
    0.0,
    0.0
  ],
  "nonnegativity_loss": [
    0.0,
    0.0,
    0.0,
    0.0,
    0.0,
    0.0,
    0.0,
    0.0,
    0.0,
    0.0,
    0.0,
    0.0,
    0.0,
    0.0,
    0.0
  ],
  "tikhonov_lambda": [
    0.0,
    0.0,
    0.0,
    0.0,
    0.0,
    0.0,
    0.0,
    0.0,
    0.0,
    0.0,
    0.0,
    0.0,
    0.0,
    0.0,
    0.0
  ],
  "nonnegativity_lambda": [
    0.0,
    0.0,
    0.0,
    0.0,
    0.0,
    0.0,
    0.0,
    0.0,
    0.0,
    0.0,
    0.0,
    0.0,
    0.0,
    0.0,
    0.0
  ],
  "shap_scale_factor": [
    0.41790485156304213,
    0.4560584828017798,
    0.5551470727064503,
    0.5168498997938926,
    0.20529802548539722,
    0.41769117634936703,
    0.20031833246118966,
    0.20000000000000004,
    0.20000000000000004,
    0.20000000000000004,
    0.20000000000000004,
    0.20000000000000004,
    0.20000000000000004,
    0.20000000000000004,
    0.20000000000000004
  ],
  "shap_contribution": [
    0.0,
    0.0,
    0.0,
    0.0,
    0.0,
    0.0,
    4.4653085774954e-05,
    0.00016572319164436357,
    0.000183706610233714,
    0.000219675273864339,
    0.0001622178791037116,
    0.00028566463525072695,
    0.0003190865820028986,
    0.00019693073968832882,
    0.00025495794939044386
  ],
  "tikhonov_contribution": [
    0.0,
    0.0,
    0.0,
    0.0,
    0.0,
    0.0,
    0.0,
    0.0,
    0.0,
    0.0,
    0.0,
    0.0,
    0.0,
    0.0,
    0.0
  ],
  "nonnegativity_contribution": [
    0.0,
    0.0,
    0.0,
    0.0,
    0.0,
    0.0,
    0.0,
    0.0,
    0.0,
    0.0,
    0.0,
    0.0,
    0.0,
    0.0,
    0.0
  ],
  "regularization_share": [
    0.08857808938413848,
    0.08624874358202367,
    0.08443439101708974,
    0.07459974502630372,
    0.05641950657095523,
    0.04963598372725974,
    0.04484555576783646,
    0.02726056480294212,
    0.04545122317417371,
    0.02717110591746575,
    0.034862784985319514,
    0.033407590878378066,
    0.030260301413883448,
    0.03176158583410482,
    0.029653210461957426
  ],
  "accuracy_guard_loss": [
    3.465288120966691,
    0.20285269618034363,
    0.052081771003894314,
    0.03160743835644844,
    0.019934041377825614,
    0.008219443834744967,
    0.005620695841618073,
    0.0035349890971795106,
    0.008398901193569869,
    0.0030343203972547483,
    0.006579687198003133,
    0.004428551747248723,
    0.003075763201102232,
    0.006327795676695995,
    0.003952051966618269
  ],
  "accuracy_guard_contribution": [
    0.3834910742365397,
    0.05639772995924338,
    0.04037671903960216,
    0.03388750882676014,
    0.025680992083671767,
    0.02121443884112896,
    0.01812554165147818,
    0.010792104575114373,
    0.019535768777132034,
    0.011031538057021605,
    0.014767958233371759,
    0.014401285694195675,
    0.012308996552840257,
    0.013274747687272536,
    0.011788601485582499
  ],
  "distill_loss": [
    0.0,
    0.0,
    0.0,
    0.0,
    0.0,
    0.0,
    0.0,
    0.0,
    0.0,
    0.0,
    0.0,
    0.0,
    0.0,
    0.0,
    0.0
  ],
  "distill_contribution": [
    0.0,
    0.0,
    0.0,
    0.0,
    0.0,
    0.0,
    0.0,
    0.0,
    0.0,
    0.0,
    0.0,
    0.0,
    0.0,
    0.0,
    0.0
  ],
  "gate_entropy": [
    0.0019005686313343735,
    0.0019002201734110713,
    0.0019002201734110713,
    0.0019002201734110713,
    0.0019002201734110713,
    0.0019002201734110713,
    0.0019002201734110713,
    0.0019002201734110713,
    0.0019002201734110713,
    0.0019002201734110713,
    0.0019002201734110713,
    0.0019002201734110713,
    0.0019002201734110713,
    0.0019002201734110713,
    0.0019002201734110713
  ],
  "gate_min": [
    0.9998998947632618,
    0.9998999834060669,
    0.9998999834060669,
    0.9998999834060669,
    0.9998999834060669,
    0.9998999834060669,
    0.9998999834060669,
    0.9998999834060669,
    0.9998999834060669,
    0.9998999834060669,
    0.9998999834060669,
    0.9998999834060669,
    0.9998999834060669,
    0.9998999834060669,
    0.9998999834060669
  ],
  "gate_max": [
    0.9999000231424967,
    0.9998999834060669,
    0.9998999834060669,
    0.9998999834060669,
    0.9998999834060669,
    0.9998999834060669,
    0.9998999834060669,
    0.9998999834060669,
    0.9998999834060669,
    0.9998999834060669,
    0.9998999834060669,
    0.9998999834060669,
    0.9998999834060669,
    0.9998999834060669,
    0.9998999834060669
  ],
  "gate_anchor_loss": [
    1.00068296896657e-08,
    1.000331906197971e-08,
    1.000331906197971e-08,
    1.000331906197971e-08,
    1.000331906197971e-08,
    1.000331906197971e-08,
    1.000331906197971e-08,
    1.000331906197971e-08,
    1.000331906197971e-08,
    1.000331906197971e-08,
    1.000331906197971e-08,
    1.000331906197971e-08,
    1.000331906197971e-08,
    1.000331906197971e-08,
    1.000331906197971e-08
  ],
  "gate_anchor_contribution": [
    5.003414947314975e-10,
    5.001659642012157e-10,
    5.001659642012157e-10,
    5.001659642012157e-10,
    5.001659642012157e-10,
    5.001659642012157e-10,
    5.001659642012157e-10,
    5.001659642012157e-10,
    5.001659642012157e-10,
    5.001659642012157e-10,
    5.001659642012157e-10,
    5.001659642012157e-10,
    5.001659642012157e-10,
    5.001659642012157e-10,
    5.001659642012157e-10
  ],
  "q_err_entropy": [
    0.8997089985089425,
    0.8646077399070446,
    0.8595841710384076,
    0.894183771732526,
    0.8311218840953631,
    0.874509184788435,
    0.899959935591771,
    0.8852478984074715,
    0.8811056384673486,
    0.8234659907145377,
    0.8638600386106051,
    0.8985066566711817,
    0.8342820253127661,
    0.8450618065320529,
    0.8376352420220008
  ],
  "q_err_gini": [
    0.8894365766109564,
    0.8942179160240369,
    0.8940840409352229,
    0.8917169463940156,
    0.8986477011289352,
    0.8922586349340585,
    0.8906705517035264,
    0.8898392701760317,
    0.893225032549638,
    0.8989902367958655,
    0.8945394295912522,
    0.8910174171129862,
    0.8955504313493386,
    0.8959131088012304,
    0.8972441783318152
  ],