{
  "total_loss": [
    4.14280675466244,
    0.7729894900933291,
    0.83159472544988,
    0.762903936398335,
    0.7762012046117049,
    0.6861984301836063,
    0.7441245493216392,
    0.6875620117554297,
    0.8260228633880615,
    0.8690295891884046
  ],
  "main_loss": [
    4.14280675466244,
    0.7729894900933291,
    0.83159472544988,
    0.762903936398335,
    0.7762012046117049,
    0.6861984301836063,
    0.7441245493216392,
    0.6875620117554297,
    0.8259853216317984,
    0.868972272444994
  ],
  "shap_loss": [
    0.09777656904397866,
    0.09180643180241951,
    0.08758782805540623,
    0.0875979476632216,
    0.0923443690706522,
    0.0916587838377708,
    0.09126611455128743,
    0.09513905013983066,
    0.0937347045311561,
    0.09398633260757495
  ],
  "shap_loss_normalized": [
    0.04072461468287003,
    0.018371182756546218,
    0.017517566060026486,
    0.017519589991141588,
    0.03868927266926338,
    0.018489207117221296,
    0.0182532233496507,
    0.019027810496015426,
    0.018746941326520383,
    0.01879726689404402
  ],
  "tikhonov_loss": [
    0.0,
    0.0,
    0.0,
    0.0,
    0.0,
    0.0,
    0.0,
    0.0,
    0.0,
    0.0
  ],
  "nonnegativity_loss": [
    0.0,
    0.0,
    0.0,
    0.0,
    0.0,
    0.0,
    0.0,
    0.0,
    0.0,
    0.0
  ],
  "tikhonov_lambda": [
    0.0,
    0.0,
    0.0,
    0.0,
    0.0,
    0.0,
    0.0,
    0.0,
    0.0,
    0.0
  ],
  "nonnegativity_lambda": [
    0.0,
    0.0,
    0.0,
    0.0,
    0.0,
    0.0,
    0.0,
    0.0,
    0.0,
    0.0
  ],
  "shap_scale_factor": [
    0.41790485156304213,
    0.20010465724751442,
    0.20000000000000004,
    0.20000000000000004,
    0.4163481126566271,
    0.20166139615392956,
    0.20000000000000004,
    0.20000000000000004,
    0.20000000000000004,
    0.20000000000000004
  ],
  "shap_contribution": [
    0.0,
    0.0,
    0.0,
    0.0,
    0.0,
    0.0,
    0.0,
    0.0,
    3.7534540238900656e-05,
    5.73104347821731e-05
  ],
  "tikhonov_contribution": [
    0.0,
    0.0,
    0.0,
    0.0,
    0.0,
    0.0,
    0.0,
    0.0,
    0.0,
    0.0
  ],
  "nonnegativity_contribution": [
    0.0,
    0.0,
    0.0,
    0.0,
    0.0,
    0.0,
    0.0,
    0.0,
    0.0,
    0.0
  ],
  "regularization_share": [
    2.992990643731949e-10,
    6.998865279198111e-10,
    6.600180449256595e-10,
    7.045791417958728e-10,
    7.305680200690386e-10,
    7.898241168672301e-10,
    7.253689863151422e-10,
    8.067232191237637e-10,
    5.054543166751669e-05,
    7.729646554853509e-05
  ],
  "accuracy_guard_loss": [
    0.0,
    0.0,
    0.0,
    0.0,
    0.0,
    0.0,
    0.0,
    0.0,
    0.0,
    0.0
  ],
  "accuracy_guard_contribution": [
    0.0,
    0.0,
    0.0,
    0.0,
    0.0,
    0.0,
    0.0,
    0.0,
    0.0,
    0.0
  ],
  "distill_loss": [
    0.0,
    0.0,
    0.0,
    0.0,
    0.0,
    0.0,
    0.0,
    0.0,
    0.0,
    0.0
  ],
  "distill_contribution": [
    0.0,
    0.0,
    0.0,
    0.0,
    0.0,
    0.0,
    0.0,
    0.0,
    0.0,
    0.0
  ],
  "gate_entropy": [
    0.0019004310821541226,
    0.0019006144810611238,
    0.001901063808383277,
    0.0019015100790569798,
    0.0019020112529874612,
    0.001902573676302265,
    0.0019034079652136336,
    0.0019039519919225802,
    0.0019046519644176348,
    0.0019053947299909897
  ],
  "gate_min": [
    0.9998998947632618,
    0.9998998030638083,
    0.9998997449874878,
    0.9998996410614405,
    0.9998994484925882,
    0.9998993017734625,
    0.9998991122612586,
    0.9998988982958671,
    0.9998986415373974,
    0.9998984245153574
  ],
  "gate_max": [
    0.9999000170291998,
    0.9999001026153564,
    0.9999000414823874,
    0.999900072048872,
    0.9999000537089813,
    0.999900072048872,
    0.9999001026153564,
    0.9999001026153564,
    0.9999001209552472,
    0.9999002095980521
  ],
  "gate_anchor_loss": [
    1.0005477062253913e-08,
    1.0007411127697324e-08,
    1.0012050083583418e-08,
    1.001682256229194e-08,
    1.0022021594379975e-08,
    1.0028003020560542e-08,
    1.0036826435493705e-08,
    1.0042609661243846e-08,
    1.0050005386301855e-08,
    1.005793096672173e-08
  ],
  "gate_anchor_contribution": [
    5.002738693390322e-10,
    5.003705612242999e-10,
    5.006025223982155e-10,
    5.008411349467387e-10,
    5.011010893978661e-10,
    5.01400164976983e-10,
    5.018413391397121e-10,
    5.021305009965642e-10,
    5.025002892421727e-10,
    5.028965548835556e-10
  ],
  "q_err_entropy": [
    1.154501389234494,
    1.2060503317759588,
    1.229317267735799,
    1.2199449340502422,
    1.1749326082376332,
    1.2002429091013396,
    1.1940399591739361,
    1.13751166447615,
    1.173643952760941,
    1.1619024964479299
  ],
  "q_err_gini": [
    0.8665980987059765,
    0.8586576901949369,
    0.8565246692070594,
    0.8574370909959842,
    0.8639993468920389,
    0.858956671678103,
    0.8629730878732144,
    0.8688192214721289,
    0.8640855428500053,
    0.8665823691930526
  ],
  "q_err_corr": [
    0.9405714257767326,
    0.8971999730819311,
    0.9220521434759482,
    0.9034302311065869,
    0.947267322968214,
    0.9039817895644751,
    0.9405944332098349,
    0.9069697902752802,
    0.9173721487705524,
    0.9437163854256655
  ],
  "p_q_corr": [
    0.6660174100826948,
    0.6878955455926749,
    0.7026664736943368,
    0.7026157058202304,
    0.6866309321843661,
    0.6894351350955474,
    0.6900839102573884,
    0.6777536838482587,
    0.6817780305177737,
    0.6810003106410687
  ],
  "ea_ratio": [
    0.0,
    0.0,
    0.0,
    0.0,
    0.0,
    0.0,
    0.0,
    0.0,
    5.0547792899380555e-05,
    7.730281308445577e-05
  ],
  "main_grad_norm": [
    24511.489501953125,
    20169.2080078125,
    20534.3798828125,
    12645.71826171875,
    9236.40576171875,
    11426.208984375,
    13650.0673828125,
    8364.78662109375,
    10068.130859375,
    9275.50048828125
  ],
  "ea_grad_norm": [
    30.124427795410156,
    10.876373052597046,
    8.853425741195679,
    3.304637908935547,
    10.884543180465698,
    7.518820524215698,
    7.963520765304565,
    6.498779773712158,
    4.585289001464844,
    5.427021741867065
  ],
  "ea_main_grad_ratio": [
    0.00942176713459271,
    0.0006893505905367367,
    0.0004535831882996782,
    0.0002643340332620781,
    0.0011338543708626996,
    0.0006899591079686266,
    0.000587918696212684,
    0.0007841734219284707,
    0.0004650669002124014,
    0.0005916898153405274
  ],
  "ea_scale": [
    12.47117930484026,
    16.142850102499235,
    26.420161338644103,
    38.430953129553124,
    10.23762950280854,
    14.861864016757963,
    18.354855303690645,
    12.766004165761192,
    24.291076764044615,
    17.080214717030735
  ],
  "main_grad_params": [
    26.0,
    26.0,
    26.0,
    26.0,
    26.0,
    26.0,
    26.0,
    26.0,
    26.0,
    26.0
  ],
  "ea_grad_params": [
    26.0,
    26.0,
    26.0,
    26.0,
    26.0,
    26.0,
    26.0,
    26.0,
    26.0,
    26.0
  ],
  "grad_params_total": [
    26.0,
    26.0,
    26.0,
    26.0,
    26.0,
    26.0,
    26.0,
    26.0,
    26.0,
    26.0
  ],
  "rank_loss_raw": [
    0.01050866710451933,
    0.010884206956968857,
    0.011136606861001406,
    0.011057947165308854,
    0.01089232481825046,
    0.010915761813521385,
    0.010853328933127416,
    0.010721517296937795,
    0.010718458666442296,
    0.010652928565366145
  ],
  "bottom_inv_loss_raw": [
    0.0,
    0.0,
    0.0,
    0.0,
    0.0,
    0.0,
    0.0,
    0.0,
    0.0,
    0.0
  ],
  "rank_pairs_count": [
    170.82051282051282,
    170.5897435897436,
    170.3846153846154,
    170.76923076923077,
    170.82051282051282,
    170.33333333333334,
    170.53846153846155,
    170.25641025641025,
    170.30769230769232,
    170.6153846153846
  ],
  "rank_violations_count": [
    63.17948717948718,
    63.48717948717949,
    63.61538461538461,
    63.94871794871795,
    63.35897435897436,
    62.51282051282051,
    63.61538461538461,
    62.64102564102564,
    62.02564102564103,
    62.97435897435897
  ],