{
  "total_loss": [
    3.6684205134709678,
    0.7026748313353612,
    0.8743284237690461,
    0.6733453755195324,
    0.7835085804645832
  ],
  "main_loss": [
    3.668192227681478,
    0.7025120823811262,
    0.8740540658816313,
    0.6724756665718861,
    0.7822320040984031
  ],
  "shap_loss": [
    0.4384248119134169,
    0.5408861468999814,
    0.5130892579372113,
    0.5432899112884815,
    0.5290686167203463
  ],
  "shap_loss_normalized": [
    0.03656680615714345,
    0.0065967281384823415,
    0.008818854231578417,
    0.004242373516974159,
    0.005143711988169413
  ],
  "tikhonov_loss": [
    0.0,
    0.0,
    0.0,
    0.0,
    0.0
  ],
  "nonnegativity_loss": [
    0.0,
    0.0,
    0.0,
    0.0,
    0.0
  ],
  "tikhonov_lambda": [
    0.0,
    0.0,
    0.0,
    0.0,
    0.0
  ],
  "nonnegativity_lambda": [
    0.0,
    0.0,
    0.0,
    0.0,
    0.0
  ],
  "shap_scale_factor": [
    0.10458423271376596,
    0.012412452302941695,
    0.01722433055853286,
    0.007839921472475423,
    0.009810080150936427
  ],
  "shap_contribution": [
    0.00022827095968890577,
    0.00016274922120665462,
    0.0002743680961430073,
    0.000869709548379223,
    0.001276570091692683
  ],
  "tikhonov_contribution": [
    0.0,
    0.0,
    0.0,
    0.0,
    0.0
  ],
  "nonnegativity_contribution": [
    0.0,
    0.0,
    0.0,
    0.0,
    0.0
  ],
  "regularization_share": [
    0.00016547320247955764,
    0.00026070071751036763,
    0.00034831532279156277,
    0.0013580574449409894,
    0.0018295794258586346
  ],
  "accuracy_guard_loss": [
    0.0,
    0.0,
    0.0,
    0.0,
    0.0
  ],
  "accuracy_guard_contribution": [
    0.0,
    0.0,
    0.0,
    0.0,
    0.0
  ],
  "distill_loss": [
    0.0,
    0.0,
    0.0,
    0.0,
    0.0
  ],
  "distill_contribution": [
    0.0,
    0.0,
    0.0,
    0.0,
    0.0
  ],
  "gate_entropy": [
    0.0019004310821541226,
    0.0019008345597495253,
    0.0019010026754142765,
    0.0019010454684925766,
    0.001901082148273977
  ],
  "gate_min": [
    0.9998998947632618,
    0.9998998641967773,
    0.9998997663840269,
    0.9998996869111673,
    0.9998996257781982
  ],
  "gate_max": [
    0.9999000751055204,
    0.9999001026153564,
    0.9999000628789266,
    0.9998999834060669,
    0.999900099558708
  ],
  "gate_anchor_loss": [
    1.0005413910490892e-08,
    1.000972849906335e-08,
    1.0011565434225735e-08,
    1.0011986681308535e-08,
    1.0012411959354932e-08
  ],
  "gate_anchor_contribution": [
    5.002707080501377e-10,
    5.004864400408138e-10,
    5.005782939157473e-10,
    5.005993539925067e-10,
    5.006206047998882e-10
  ],
  "q_err_entropy": [
    NaN,
    NaN,
    NaN,
    NaN,
    NaN
  ],
  "q_err_gini": [
    NaN,
    NaN,
    NaN,
    NaN,
    NaN
  ],
  "q_err_corr": [
    NaN,
    NaN,
    NaN,
    NaN,
    NaN
  ],
  "p_q_corr": [
    NaN,
    NaN,
    NaN,
    NaN,
    NaN
  ],
  "ea_ratio": [
    0.00016553044198912967,
    0.00026079618188445096,
    0.0003484975672901596,
    0.001360341760282142,
    0.0018332690546790569
  ],
  "main_grad_norm": [
    11573.840942382812,
    11246.83642578125,
    10529.155517578125,
    13838.62255859375,
    14182.376953125
  ],
  "ea_grad_norm": [
    2.1565167903900146,
    1.7151163816452026,
    2.0174142122268677,
    0.5862836539745331,
    0.5600711703300476
  ],
  "ea_main_grad_ratio": [
    0.00029973828331446073,
    0.00023910203417147589,
    0.00035475403677517485,
    4.663012025773458e-05,
    3.894314463371967e-05
  ],
  "ea_scale": [
    43.31539927821791,
    94.7226674424578,
    67.84149698545356,
    261.8159068391661,
    258.9691365349857
  ],
  "main_grad_params": [
    26.0,
    26.0,
    26.0,
    26.0,
    26.0
  ],
  "ea_grad_params": [
    26.0,
    26.0,
    26.0,
    26.0,
    26.0
  ],
  "grad_params_total": [
    26.0,
    26.0,
    26.0,
    26.0,
    26.0
  ],
  "rank_loss_raw": [
    NaN,
    NaN,
    NaN,
    NaN,
    NaN
  ],
  "bottom_inv_loss_raw": [
    NaN,
    NaN,
    NaN,
    NaN,
    NaN
  ],
  "rank_pairs_count": [
    NaN,
    NaN,
    NaN,
    NaN,
    NaN
  ],
  "rank_violations_count": [
    NaN,
    NaN,
    NaN,
    NaN,
    NaN
  ],
  "rank_grad_norm": [
    NaN,
    NaN,
    NaN,
    NaN,
    NaN
  ],
  "rank_main_grad_ratio": [
    NaN,
    NaN,
    NaN,
    NaN,
    NaN
  ],
  "shap_clip_active": [
    0.0,
    0.0,
    0.0,
    0.0,
    0.0
  ],
  "epoch_accepted": [
    1.0,
    1.0,
    1.0,
    1.0,
    1.0
  ],
  "lr": [
    8e-05,
    8e-05,
    8e-05,
    8e-05,
    8e-05
  ],
  "adaptive_gamma": [
    0.00019999999999999996,
    0.00039047619047619065,
    0.0005809523809523808,
    0.0007714285714285716,
    0.0009619047619047619
  ],
  "convergence_slowdown": [
    0.5094962287027754,
    0.3233272679744696,
    0.41790485156304213,
    0.20010465724751442,
    0.20000000000000004
  ],
  "shap_consistency": [
    0.0,
    0.0,
    0.0,
    0.0,
    0.0
  ],
  "shap_sparsity": [
    0.4384248119134169,
    0.5408861468999814,
    0.5130892579372113,
    0.5432899112884815,
    0.5290686167203463
  ],
  "shap_faithfulness": [
    0.0,
    0.0,
    0.0,
    0.0,
    0.0
  ],
  "shap_stability": [
    0.0,
    0.0,
    0.0,
    0.0,
    0.0
  ],
  "shap_weight_consistency": [
    0.0,
    0.0,
    0.0,
    0.0,
    0.0
  ],
  "shap_weight_sparsity": [
    1.0,
    1.0,
    1.0,
    1.0,
    1.0
  ],
  "shap_weight_faithfulness": [
    0.0,
    0.0,
    0.0,
    0.0,
    0.0
  ],
  "shap_weight_stability": [
    0.0,
    0.0,
    0.0,
    0.0,
    0.0
  ],
  "val_main_loss": [
    0.6135005950927734,
    0.4232358932495117,
    0.7900113463401794,
    0.7744714021682739,
    0.8741059899330139
  ]
}