{
  "total_loss": [
    4.238479354442695,
    0.5441267635577764,
    0.46707126880303407,
    0.43480919683590913,
    0.3974199577783927,
    0.3888136652799753,
    0.38094853781736815,
    0.3833012481530507,
    0.3829992436445676,
    0.3755247142070379,
    0.380383102557598,
    0.3767863000050569,
    0.3746706606485905,
    0.38217450563724226,
    0.3768824017964877
  ],
  "main_loss": [
    3.8539019387501936,
    0.4973551508707878,
    0.43086483157598054,
    0.40291343820400727,
    0.37847776749195194,
    0.3713586368621924,
    0.3697487031802153,
    0.3684446815496836,
    0.36949285368124646,
    0.3686723296458905,
    0.36840796623474514,
    0.3684370238811542,
    0.36638666956852645,
    0.369268658833626,
    0.3684096275231777
  ],
  "shap_loss": [
    0.09196360466571954,
    0.09030252408522826,
    0.08948906874045348,
    0.09159179165577278,
    0.08846727854166275,
    0.08948247344830097,
    0.09383574873209,
    0.09205330545321488,
    0.09387946147949268,
    0.09041389784751794,
    0.09553327163060506,
    0.09316794574260712,
    0.09036304782598446,
    0.09273106509294265,
    0.08887462738232735
  ],
  "shap_loss_normalized": [
    0.03812093015473623,
    0.03427042898077231,
    0.03975394406379797,
    0.04070054863890012,
    0.03088035912085802,
    0.01789649511472537,
    0.018767150071186896,
    0.018410661281683505,
    0.0187758927543958,
    0.01808277985606438,
    0.019106654689098015,
    0.018633589435082216,
    0.018072610076230306,
    0.018546213324253377,
    0.017774925997050908
  ],
  "tikhonov_loss": [
    0.0,
    0.0,
    0.0,
    0.0,
    0.0,
    0.0,
    0.0,
    0.0,
    0.0,
    0.0,
    0.0,
    0.0,
    0.0,
    0.0,
    0.0
  ],
  "nonnegativity_loss": [
    0.0,
    0.0,
    0.0,
    0.0,
    0.0,
    0.0,
    0.0,
    0.0,
    0.0,
    0.0,
    0.0,
    0.0,
    0.0,
    0.0,
    0.0
  ],
  "tikhonov_lambda": [
    0.0,
    0.0,
    0.0,
    0.0,
    0.0,
    0.0,
    0.0,
    0.0,
    0.0,
    0.0,
    0.0,
    0.0,
    0.0,
    0.0,
    0.0
  ],
  "nonnegativity_lambda": [
    0.0,
    0.0,
    0.0,
    0.0,
    0.0,
    0.0,
    0.0,
    0.0,
    0.0,
    0.0,
    0.0,
    0.0,
    0.0,
    0.0,
    0.0
  ],
  "shap_scale_factor": [
    0.41790485156304213,
    0.3758614424389993,
    0.4458285088036899,
    0.45117698751872654,
    0.34847989312709476,
    0.20000000000000004,
    0.20000000000000004,
    0.20000000000000004,
    0.20000000000000004,
    0.20000000000000004,
    0.20000000000000004,
    0.20000000000000004,
    0.20000000000000004,
    0.20000000000000004,
    0.20000000000000004
  ],
  "shap_contribution": [
    0.0,
    0.0,
    0.0,
    0.0,
    0.0,
    0.0,
    7.4055163121300166e-06,
    2.8240927629387723e-05,
    2.5636010319337798e-05,
    4.736906050358159e-05,
    4.3595952238553226e-05,
    8.642682335518587e-05,
    7.240784235853844e-05,
    5.003940289801297e-05,
    5.089190642301662e-05
  ],
  "tikhonov_contribution": [
    0.0,
    0.0,
    0.0,
    0.0,
    0.0,
    0.0,
    0.0,
    0.0,
    0.0,
    0.0,
    0.0,
    0.0,
    0.0,
    0.0,
    0.0
  ],
  "nonnegativity_contribution": [
    0.0,
    0.0,
    0.0,
    0.0,
    0.0,
    0.0,
    0.0,
    0.0,
    0.0,
    0.0,
    0.0,
    0.0,
    0.0,
    0.0,
    0.0
  ],
  "regularization_share": [
    0.0885780895203219,
    0.08391608418568278,
    0.07538191945709394,
    0.07080492794676548,
    0.04634199054390708,
    0.04315143117007236,
    0.02858834684602174,
    0.03647144756830064,
    0.03230103188961012,
    0.018740598471401578,
    0.03147097195211863,
    0.02038022442652418,
    0.019426240940831098,
    0.030647032805672023,
    0.020425820688512637
  ],
  "accuracy_guard_loss": [
    3.485684031859422,
    0.12848293704864305,
    0.06277937040879177,
    0.0357246016844725,
    0.012153724065193763,
    0.00752870547465789,
    0.003252078325320513,
    0.005138634489132808,
    0.004210154215494792,
    0.001613027010208521,
    0.003576243152985206,
    0.002244001779800806,
    0.002325498904937353,
    0.0039149079567346815,
    0.002518770022270007
  ],
  "accuracy_guard_contribution": [
    0.3845774239072433,
    0.046771617558522105,
    0.03620643751361431,
    0.03189575996918556,
    0.018942191146123104,
    0.0174550285610633,
    0.011192425703391051,
    0.014828325655215826,
    0.013480754616932992,
    0.006805015584597221,
    0.01193154202057765,
    0.008262848720336571,
    0.008211585000539437,
    0.012855807558084145,
    0.008421880503495535
  ],
  "distill_loss": [
    0.0,
    0.0,
    0.0,
    0.0,
    0.0,
    0.0,
    0.0,
    0.0,
    0.0,
    0.0,
    0.0,
    0.0,
    0.0,
    0.0,
    0.0
  ],
  "distill_contribution": [
    0.0,
    0.0,
    0.0,
    0.0,
    0.0,
    0.0,
    0.0,
    0.0,
    0.0,
    0.0,
    0.0,
    0.0,
    0.0,
    0.0,
    0.0
  ],
  "gate_entropy": [
    NaN,
    NaN,
    NaN,
    NaN,
    NaN,
    NaN,
    NaN,
    NaN,
    NaN,
    NaN,
    NaN,
    NaN,
    NaN,
    NaN,
    NaN
  ],
  "gate_min": [
    NaN,
    NaN,
    NaN,
    NaN,
    NaN,
    NaN,
    NaN,
    NaN,
    NaN,
    NaN,
    NaN,
    NaN,
    NaN,
    NaN,
    NaN
  ],
  "gate_max": [
    NaN,
    NaN,
    NaN,
    NaN,
    NaN,
    NaN,
    NaN,
    NaN,
    NaN,
    NaN,
    NaN,
    NaN,
    NaN,
    NaN,
    NaN
  ],
  "gate_anchor_loss": [
    0.0,
    0.0,
    0.0,
    0.0,
    0.0,
    0.0,
    0.0,
    0.0,
    0.0,
    0.0,
    0.0,
    0.0,
    0.0,
    0.0,
    0.0
  ],
  "gate_anchor_contribution": [
    0.0,
    0.0,
    0.0,
    0.0,
    0.0,
    0.0,
    0.0,
    0.0,
    0.0,
    0.0,
    0.0,
    0.0,
    0.0,
    0.0,
    0.0
  ],
  "q_err_entropy": [
    1.2049699486830296,
    1.2389302803919866,
    1.2230015718019926,
    1.2067643266457777,
    1.238544218051128,
    1.2191871817295368,
    1.1958721295381203,
    1.2006752506280556,
    1.1851183328873072,
    1.2227112268790221,
    1.159851549527584,
    1.2254284834250426,
    1.2007394005090763,
    1.2040387392044067,
    1.2126980592042973
  ],
  "q_err_gini": [
    0.8590861788162818,
    0.854255430209331,
    0.8581253060927758,
    0.8593503313186841,
    0.8546410814309732,
    0.8572222957244287,
    0.8607808473782662,
    0.8602173465948838,
    0.8620593333855654,
    0.8558496542465992,
    0.8661000514641787,
    0.8565387083933904,
    0.8600370562993563,
    0.860344240298638,
    0.8582633932431539
  ],
  "q_err_corr": [
    0.9297255356060831,
    0.9395972261062036,
    0.9322915887221311,
    0.9450333011456025,
    0.9298528035481771,
    0.9340025675602448,
    0.9453142208930774,
    0.9505840738614401,
    0.9411342571943234,
    0.9273150104742783,
    0.9531989770057874,
    0.9491726970061277,
    0.9318181643119225,
    0.9154200064830291,
    0.9143207226044092
  ],
  "p_q_corr": [
    0.6800476908683777,
    0.6901637560281998,
    0.6927074484336071,
    0.6859503739919418,
    0.6966152542676681,
    0.693340873106932,
    0.6790406810931671,
    0.68427157554871,
    0.6785366535186768,
    0.6899544260440729,
    0.6728376287680405,
    0.6809849112461774,
    0.6901355034265763,
    0.6822942220247709,
    0.695382683705061
  ],
  "ea_ratio": [
    0.0,
    0.0,
    0.0,
    0.0,
    0.0,
    0.0,
    2.0961570347329445e-05,
    7.920741457686138e-05,
    7.244554749027324e-05,
    0.0001334763734261147,
    0.00012386542780754657,
    0.00024014090330381758,
    0.0002020790151362188,
    0.00013967531804855054,
    0.0001429758968954094
  ],
  "main_grad_norm": [
    8619.445068359375,
    4332.7763671875,
    2068.3748779296875,
    2062.6416625976562,
    3178.2771606445312,
    2387.2743530273438,
    2315.1339111328125,
    2906.7879638671875,
    2101.7754516601562,
    2746.670166015625,
    1605.9657592773438,
    2495.22509765625,
    2135.1371459960938,
    1787.0637817382812,
    1610.0225830078125
  ],