{
  "total_loss": [
    4.235693147549262,
    0.5445747291430448,
    0.4655925975396083,
    0.4348123551179201,
    0.39694838264049626,
    0.3888101126903143,
    0.38078518708546955,
    0.38329870769610774,
    0.3828640629847844,
    0.3755995615934714,
    0.38028917022240466,
    0.3768556928023314,
    0.3744874268006056,
    0.3821175495783488,
    0.3768757551144331
  ],
  "main_loss": [
    3.8513690340213285,
    0.49776247907907534,
    0.42992706558643246,
    0.4028558417772635,
    0.37820437168463683,
    0.3713593353063632,
    0.3697392107584538,
    0.3684325409241212,
    0.3694522480169932,
    0.36866462727387744,
    0.3684070266974278,
    0.3684412573392575,
    0.36635970992919725,
    0.36925669740407896,
    0.36840129433534086
  ],
  "shap_loss": [
    0.0942967482484304,
    0.09281901580591996,
    0.09503856864877236,
    0.09362722374498844,
    0.09315240471504438,
    0.09459585677354763,
    0.09258308901618688,
    0.09395342098119167,
    0.09360942103637335,
    0.09332269043303452,
    0.09333279308600304,
    0.09421315841758862,
    0.09272674179803102,
    0.09396695125943576,
    0.0932465992294825
  ],
  "shap_loss_normalized": [
    0.038786173487703,
    0.034805380106449894,
    0.04245306180121425,
    0.04289576380800169,
    0.03240160734201662,
    0.0189191717415666,
    0.01851661820322848,
    0.018790684741897844,
    0.018721884635921855,
    0.01866453844241989,
    0.018666559084055897,
    0.018842632153955024,
    0.018545348841983538,
    0.018793390442927677,
    0.018649320285289716
  ],
  "tikhonov_loss": [
    0.0,
    0.0,
    0.0,
    0.0,
    0.0,
    0.0,
    0.0,
    0.0,
    0.0,
    0.0,
    0.0,
    0.0,
    0.0,
    0.0,
    0.0
  ],
  "nonnegativity_loss": [
    0.0,
    0.0,
    0.0,
    0.0,
    0.0,
    0.0,
    0.0,
    0.0,
    0.0,
    0.0,
    0.0,
    0.0,
    0.0,
    0.0,
    0.0
  ],
  "tikhonov_lambda": [
    0.0,
    0.0,
    0.0,
    0.0,
    0.0,
    0.0,
    0.0,
    0.0,
    0.0,
    0.0,
    0.0,
    0.0,
    0.0,
    0.0,
    0.0
  ],
  "nonnegativity_lambda": [
    0.0,
    0.0,
    0.0,
    0.0,
    0.0,
    0.0,
    0.0,
    0.0,
    0.0,
    0.0,
    0.0,
    0.0,
    0.0,
    0.0,
    0.0
  ],
  "shap_scale_factor": [
    0.41790485156304213,
    0.3758614424389993,
    0.4458285088036899,
    0.45117698751872654,
    0.34847989312709476,
    0.20000000000000004,
    0.20000000000000004,
    0.20000000000000004,
    0.20000000000000004,
    0.20000000000000004,
    0.20000000000000004,
    0.20000000000000004,
    0.20000000000000004,
    0.20000000000000004,
    0.20000000000000004
  ],
  "shap_contribution": [
    0.0,
    0.0,
    0.0,
    0.0,
    0.0,
    0.0,
    7.527222689345646e-06,
    1.848646668524732e-05,
    1.8589256050733802e-05,
    3.440089225338082e-05,
    3.0542377352013806e-05,
    0.00010311854426758006,
    4.514422282507159e-05,
    3.790312617778769e-05,
    4.5900872686242787e-05
  ],
  "tikhonov_contribution": [
    0.0,
    0.0,
    0.0,
    0.0,
    0.0,
    0.0,
    0.0,
    0.0,
    0.0,
    0.0,
    0.0,
    0.0,
    0.0,
    0.0,
    0.0
  ],
  "nonnegativity_contribution": [
    0.0,
    0.0,
    0.0,
    0.0,
    0.0,
    0.0,
    0.0,
    0.0,
    0.0,
    0.0,
    0.0,
    0.0,
    0.0,
    0.0,
    0.0
  ],
  "regularization_share": [
    0.0885780892128826,
    0.08391608496051466,
    0.07441703225597883,
    0.07098146359868683,
    0.0459373245810945,
    0.04317820970258595,
    0.028217067386544132,
    0.03647708954251889,
    0.03208535535357708,
    0.01898926365060815,
    0.031193088689038768,
    0.020531354344796887,
    0.01903221119778558,
    0.030551495190401186,
    0.02043297267118342
  ],
  "accuracy_guard_loss": [
    3.4831527265218587,
    0.12888844998983237,
    0.06179708930162283,
    0.03569578169248043,
    0.011895245466476832,
    0.0075575449527838295,
    0.0032347406332309428,
    0.005133577264272249,
    0.0041628648073245315,
    0.0016299619888648009,
    0.0035778326101792166,
    0.0022679429787855884,
    0.002273496144857162,
    0.003898682502599863,
    0.0024949327493325258
  ],
  "accuracy_guard_contribution": [
    0.3843241383632024,
    0.04681225078037152,
    0.03566553319493929,
    0.03195651673162595,
    0.018744010621538527,
    0.01745077690634972,
    0.011038449760048818,
    0.014847679254718317,
    0.013393223667756105,
    0.0069005319323295206,
    0.011851600538461637,
    0.008311314651599297,
    0.00808257017380152,
    0.01282295068869224,
    0.008428558134115659
  ],
  "distill_loss": [
    0.0,
    0.0,
    0.0,
    0.0,
    0.0,
    0.0,
    0.0,
    0.0,
    0.0,
    0.0,
    0.0,
    0.0,
    0.0,
    0.0,
    0.0
  ],
  "distill_contribution": [
    0.0,
    0.0,
    0.0,
    0.0,
    0.0,
    0.0,
    0.0,
    0.0,
    0.0,
    0.0,
    0.0,
    0.0,
    0.0,
    0.0,
    0.0
  ],
  "gate_entropy": [
    0.001900308816216122,
    0.0019002201734110713,
    0.0019002201734110713,
    0.0019002201734110713,
    0.0019002201734110713,
    0.0019002201734110713,
    0.0019002201734110713,
    0.0019002201734110713,
    0.0019002201734110713,
    0.0019002201734110713,
    0.0019002201734110713,
    0.0019002201734110713,
    0.0019002201734110713,
    0.0019002201734110713,
    0.0019002201734110713
  ],
  "gate_min": [
    0.9998998886499649,
    0.9998999834060669,
    0.9998999834060669,
    0.9998999834060669,
    0.9998999834060669,
    0.9998999834060669,
    0.9998999834060669,
    0.9998999834060669,
    0.9998999834060669,
    0.9998999834060669,
    0.9998999834060669,
    0.9998999834060669,
    0.9998999834060669,
    0.9998999834060669,
    0.9998999834060669
  ],
  "gate_max": [
    0.9999000567656297,
    0.9998999834060669,
    0.9998999834060669,
    0.9998999834060669,
    0.9998999834060669,
    0.9998999834060669,
    0.9998999834060669,
    0.9998999834060669,
    0.9998999834060669,
    0.9998999834060669,
    0.9998999834060669,
    0.9998999834060669,
    0.9998999834060669,
    0.9998999834060669,
    0.9998999834060669
  ],
  "gate_anchor_loss": [
    1.0004223341479992e-08,
    1.000331906197971e-08,
    1.000331906197971e-08,
    1.000331906197971e-08,
    1.000331906197971e-08,
    1.000331906197971e-08,
    1.000331906197971e-08,
    1.000331906197971e-08,
    1.000331906197971e-08,
    1.000331906197971e-08,
    1.000331906197971e-08,
    1.000331906197971e-08,
    1.000331906197971e-08,
    1.000331906197971e-08,
    1.000331906197971e-08
  ],
  "gate_anchor_contribution": [
    5.002111801689378e-10,
    5.001659642012157e-10,
    5.001659642012157e-10,
    5.001659642012157e-10,
    5.001659642012157e-10,
    5.001659642012157e-10,
    5.001659642012157e-10,
    5.001659642012157e-10,
    5.001659642012157e-10,
    5.001659642012157e-10,
    5.001659642012157e-10,
    5.001659642012157e-10,
    5.001659642012157e-10,
    5.001659642012157e-10,
    5.001659642012157e-10
  ],
  "q_err_entropy": [
    1.104367271447793,
    1.0975452386415923,
    1.0969045192767413,
    1.0985265144935021,
    1.0969217710005932,
    1.0989826245185657,
    1.0969981917968163,
    1.0974011100255525,
    1.0970760920108893,
    1.1000933066392555,
    1.0961559216181438,
    1.0976751706539056,
    1.0952032239009173,
    1.0992820721406202,
    1.0957174209448008
  ],
  "q_err_gini": [
    0.8718256293199002,
    0.8721369749460465,
    0.8728665617796091,
    0.8721410632133484,
    0.872054289548825,
    0.8716453481943179,
    0.872441441584856,
    0.8722506899100083,
    0.8722907044948676,
    0.8716937120144184,
    0.8724334316375928,
    0.871857287027897,
    0.8732581673524319,
    0.8717656991420648,
    0.8727906621419467
  ],