{
  "total_loss": [
    2.842017961618228,
    0.9056975230192527,
    0.757355843599026,
    0.8358307541945041,
    0.9062748192212521,
    0.9078344679795779
  ],
  "main_loss": [
    2.8322409941599918,
    0.9009211682356321,
    0.7466626182580606,
    0.8289106457661359,
    0.9015331658033224,
    0.9030850735994486
  ],
  "shap_loss": [
    0.46906091311039066,
    0.47738373508820164,
    0.47434579485502,
    0.47282699132576966,
    0.47416587288563067,
    0.47494002565359456
  ],
  "shap_loss_normalized": [
    0.19553890499549034,
    0.0955272078132018,
    0.21386455305111715,
    0.13840203751356173,
    0.09483317553232877,
    0.0949880070029161
  ],
  "tikhonov_loss": [
    0.0,
    0.0,
    0.0,
    0.0,
    0.0,
    0.0
  ],
  "nonnegativity_loss": [
    0.0,
    0.0,
    0.0,
    0.0,
    0.0,
    0.0
  ],
  "tikhonov_lambda": [
    0.0,
    0.0,
    0.0,
    0.0,
    0.0,
    0.0
  ],
  "nonnegativity_lambda": [
    0.0,
    0.0,
    0.0,
    0.0,
    0.0,
    0.0
  ],
  "shap_scale_factor": [
    0.41790485156304213,
    0.20010465724751442,
    0.44930247396310746,
    0.29335827182900287,
    0.20000000000000004,
    0.20000000000000004
  ],
  "shap_contribution": [
    0.009776945452755079,
    0.004776360443196235,
    0.010693227788672233,
    0.006920102016570477,
    0.004741658886464743,
    0.004749400445666068
  ],
  "tikhonov_contribution": [
    0.0,
    0.0,
    0.0,
    0.0,
    0.0,
    0.0
  ],
  "nonnegativity_contribution": [
    0.0,
    0.0,
    0.0,
    0.0,
    0.0,
    0.0
  ],
  "regularization_share": [
    0.006626440572689548,
    0.006150624064860836,
    0.016920444805653648,
    0.009180117583036593,
    0.00603602752527131,
    0.005834208707172852
  ],
  "accuracy_guard_loss": [
    0.0,
    0.0,
    0.0,
    0.0,
    0.0,
    0.0
  ],
  "accuracy_guard_contribution": [
    0.0,
    0.0,
    0.0,
    0.0,
    0.0,
    0.0
  ],
  "distill_loss": [
    0.0,
    0.0,
    0.0,
    0.0,
    0.0,
    0.0
  ],
  "distill_contribution": [
    0.0,
    0.0,
    0.0,
    0.0,
    0.0,
    0.0
  ],
  "gate_entropy": [
    0.0019003852324273724,
    0.0019008284464526253,
    0.0019012808304232282,
    0.0019017332143938313,
    0.0019026347167360096,
    0.0019035301744364775
  ],
  "gate_min": [
    0.9998998978199103,
    0.9998997847239176,
    0.999899699137761,
    0.9998995524186355,
    0.9998993445665408,
    0.9998990908647195
  ],
  "gate_max": [
    0.9999000689922235,
    0.9999001026153564,
    0.9999001026153564,
    0.9999001026153564,
    0.9999001026153564,
    0.9999001484650832
  ],
  "gate_anchor_loss": [
    1.0004963512936882e-08,
    1.0009568558626388e-08,
    1.0014435002056953e-08,
    1.0019115884519218e-08,
    1.0028514246949399e-08,
    1.0038027753740863e-08
  ],
  "gate_anchor_contribution": [
    5.002481861797292e-10,
    5.004784450116736e-10,
    5.00721761774423e-10,
    5.009558067515539e-10,
    5.014257257270808e-10,
    5.019013965118929e-10
  ],
  "q_err_entropy": [
    0.9661903518896836,
    0.9019770553478828,
    0.8396829744944205,
    0.8623282588445224,
    0.8415001600216596,
    0.8731401104193467
  ],
  "q_err_gini": [
    0.8818098795719636,
    0.8864944944014916,
    0.8925919364660214,
    0.8904974032671024,
    0.8922176544482892,
    0.8933291985438421
  ],
  "q_err_corr": [
    0.5559373614133188,
    0.4573719288067271,
    0.42092837405522376,
    0.4781546822916239,
    0.42512755903104943,
    0.5053401040510298
  ],
  "p_q_corr": [
    -0.24428929655979842,
    -0.26609373207275683,
    -0.26267494605137753,
    -0.24268734951814017,
    -0.24378297879145697,
    -0.25157355383420604
  ],
  "ea_ratio": [
    0.006734232570474537,
    0.006193698992809424,
    0.017449885547065582,
    0.009278213109773321,
    0.006077936038565941,
    0.0058720771175546525
  ],
  "main_grad_norm": [
    9890.987182617188,
    11855.84814453125,
    15307.5234375,
    16001.897705078125,
    10121.765625,
    12410.334716796875
  ],
  "ea_grad_norm": [
    19.45389413833618,
    9.196574449539185,
    8.486213684082031,
    9.497496843338013,
    3.912399411201477,
    3.9285048246383667
  ],
  "ea_main_grad_ratio": [
    0.005661848660631753,
    0.0007678610495891608,
    0.000571004138913719,
    0.0006225842281249316,
    0.0003813357990114322,
    0.0003632871753633498
  ],
  "ea_scale": [
    1.0,
    1.0,
    1.0,
    1.0,
    1.0,
    1.0
  ],
  "main_grad_params": [
    26.0,
    26.0,
    26.0,
    26.0,
    26.0,
    26.0
  ],
  "ea_grad_params": [
    26.0,
    26.0,
    26.0,
    26.0,
    26.0,
    26.0
  ],
  "grad_params_total": [
    26.0,
    26.0,
    26.0,
    26.0,
    26.0,
    26.0
  ],
  "rank_loss_raw": [
    0.04888887206713358,
    0.050776378657573305,
    0.04690810636832164,
    0.04984630978642366,
    0.04793057332818325,
    0.04966030480005802
  ],
  "bottom_inv_loss_raw": [
    0.0,
    0.0,
    0.0,
    0.0,
    0.0,
    0.0
  ],
  "rank_pairs_count": [
    135.30769230769232,
    129.05128205128204,
    140.69230769230768,
    134.12820512820514,
    136.64102564102564,
    136.87179487179486
  ],
  "rank_violations_count": [
    91.74358974358974,
    89.07692307692308,
    91.48717948717949,
    91.15384615384616,
    90.12820512820512,
    93.56410256410257
  ],
  "rank_grad_norm": [
    13.916247367858887,
    17.81170654296875,
    18.0225248336792,
    12.339210510253906,
    10.945125102996826,
    10.785921096801758
  ],
  "rank_main_grad_ratio": [
    0.0031278033513325865,
    0.0014964329676890886,
    0.0012025148117569165,
    0.0011465948755037315,
    0.001057965193374328,
    0.0009713081422868873
  ],
  "shap_clip_active": [
    0.0,
    0.0,
    0.0,
    0.0,
    0.0,
    0.0
  ],
  "epoch_accepted": [
    1.0,
    1.0,
    1.0,
    1.0,
    1.0,
    1.0
  ],
  "lr": [
    8e-05,
    8e-05,
    8e-05,
    8e-05,
    8e-05,
    8e-05
  ],
  "adaptive_gamma": [
    0.05000000000000001,
    0.05000000000000001,
    0.05000000000000001,
    0.05000000000000001,
    0.05000000000000001,
    0.05000000000000001
  ],
  "convergence_slowdown": [
    0.41790485156304213,
    0.20010465724751442,
    0.44930247396310746,
    0.29335827182900287,
    0.20000000000000004,
    0.20000000000000004
  ],
  "shap_consistency": [
    0.46906091311039066,
    0.47738373508820164,
    0.47434579485502,
    0.47282699132576966,
    0.47416587288563067,
    0.47494002565359456
  ],
  "shap_sparsity": [
    0.9472736716270447,
    0.9472736716270447,
    0.9472736655137478,
    0.9472736257773179,
    0.9472735432478098,
    0.9472734760015439
  ],
  "shap_faithfulness": [
    0.3226329676615886,
    0.2979172896116208,
    0.29599092518671966,
    0.3321482745500711,
    0.32692399009680134,
    0.319664335785768
  ],
  "shap_stability": [
    0.0,
    0.0,
    0.0,
    0.0,
    0.0,
    0.0
  ],
  "shap_weight_consistency": [
    1.0,
    1.0,
    1.0,
    1.0,
    1.0,
    1.0
  ],
  "shap_weight_sparsity": [
    0.0,
    0.0,
    0.0,
    0.0,
    0.0,
    0.0
  ],
  "shap_weight_faithfulness": [
    0.0,
    0.0,
    0.0,
    0.0,
    0.0,
    0.0
  ],
  "shap_weight_stability": [
    0.0,
    0.0,
    0.0,
    0.0,
    0.0,
    0.0
  ],
  "val_main_loss": [
    1.3386727571487427,
    0.8338251709938049,
    1.24678635597229,
    0.666938066482544,
    0.5469793081283569,
    1.6505327224731445
  ]
}