{
  "total_loss": [
    2.6565927809629684,
    0.9926554675285633,
    0.7909888915526562,
    0.7549534944387583,
    1.090905881080872,
    0.7711572585961758,
    0.95737501902458,
    0.7930097763354962,
    1.0050268326050196,
    0.9376799021011744,
    0.934767444164325,
    0.7626631932380872,
    0.7614346513381371,
    0.8563971611169668,
    0.7802537030134445,
    0.9077228124325092,
    1.0127635009777851,
    0.7888454267611871,
    0.9355453543173962,
    0.6441981249894851
  ],
  "main_loss": [
    2.6541793132439637,
    0.9914345084092556,
    0.788744541314932,
    0.7536318386212374,
    1.0884200854179187,
    0.7699922346151792,
    0.9562711272484217,
    0.7918831415665455,
    1.0038452072021289,
    0.9365250911468115,
    0.9336113776916113,
    0.7614827981361976,
    0.7602969591434185,
    0.8552154592978649,
    0.7790483198104761,
    0.906545170606711,
    1.0115848519863226,
    0.787708947291741,
    0.9343952337900797,
    0.6429295310607324
  ],
  "shap_loss": [
    0.11792457466706252,
    0.12203048991087155,
    0.11546784830399048,
    0.12115043917527565,
    0.11884822562719002,
    0.11550265512405297,
    0.1103894259685125,
    0.11266331145396599,
    0.11816327636822677,
    0.11548077544340721,
    0.11560579847830993,
    0.11803978872604859,
    0.11376932072333801,
    0.11817013892607811,
    0.12053792866376731,
    0.11776456561608192,
    0.11786494213037002,
    0.11364795009677227,
    0.11501178947778848,
    0.11598541186406063
  ],
  "shap_loss_normalized": [
    0.04826969385911257,
    0.024419129515687626,
    0.044887046162516646,
    0.0264331009477759,
    0.04971577852773361,
    0.023300522580169715,
    0.02207788550414336,
    0.022532662615562096,
    0.023632655588862222,
    0.023096155542402696,
    0.02312116000132683,
    0.023607958108186722,
    0.022753864550628722,
    0.023634028191176746,
    0.02410758621035478,
    0.02355291345753731,
    0.023572988760394927,
    0.022729590368003417,
    0.023002358296742804,
    0.025371853906947833
  ],
  "tikhonov_loss": [
    0.0,
    0.0,
    0.0,
    0.0,
    0.0,
    0.0,
    0.0,
    0.0,
    0.0,
    0.0,
    0.0,
    0.0,
    0.0,
    0.0,
    0.0,
    0.0,
    0.0,
    0.0,
    0.0,
    0.0
  ],
  "nonnegativity_loss": [
    0.0,
    0.0,
    0.0,
    0.0,
    0.0,
    0.0,
    0.0,
    0.0,
    0.0,
    0.0,
    0.0,
    0.0,
    0.0,
    0.0,
    0.0,
    0.0,
    0.0,
    0.0,
    0.0,
    0.0
  ],
  "tikhonov_lambda": [
    0.0,
    0.0,
    0.0,
    0.0,
    0.0,
    0.0,
    0.0,
    0.0,
    0.0,
    0.0,
    0.0,
    0.0,
    0.0,
    0.0,
    0.0,
    0.0,
    0.0,
    0.0,
    0.0,
    0.0
  ],
  "nonnegativity_lambda": [
    0.0,
    0.0,
    0.0,
    0.0,
    0.0,
    0.0,
    0.0,
    0.0,
    0.0,
    0.0,
    0.0,
    0.0,
    0.0,
    0.0,
    0.0,
    0.0,
    0.0,
    0.0,
    0.0,
    0.0
  ],
  "shap_scale_factor": [
    0.41790485156304213,
    0.20010465724751442,
    0.3999564030182811,
    0.21805310579227552,
    0.4163481126566271,
    0.20166139615392956,
    0.20000000000000004,
    0.20000000000000004,
    0.20000000000000004,
    0.20000000000000004,
    0.20000000000000004,
    0.20000000000000004,
    0.20000000000000004,
    0.20000000000000004,
    0.20000000000000004,
    0.20000000000000004,
    0.20000000000000004,
    0.20000000000000004,
    0.20000000000000004,
    0.22051282051282056
  ],
  "shap_contribution": [
    0.0024134847410142613,
    0.001220956488022915,
    0.0022443523481249427,
    0.0013216550712688612,
    0.002485788967579794,
    0.0011650261346800013,
    0.00110389429401272,
    0.0011266331480911528,
    0.001181632796756159,
    0.0011548078021942042,
    0.0011560580206628984,
    0.0011803979271998964,
    0.001137693237978965,
    0.0011817014310508966,
    0.0012053793418603258,
    0.0011776456883989084,
    0.0011786494571237992,
    0.001136479535116217,
    0.0011501179303591831,
    0.0012685927243019717
  ],
  "tikhonov_contribution": [
    0.0,
    0.0,
    0.0,
    0.0,
    0.0,
    0.0,
    0.0,
    0.0,
    0.0,
    0.0,
    0.0,
    0.0,
    0.0,
    0.0,
    0.0,
    0.0,
    0.0,
    0.0,
    0.0,
    0.0
  ],
  "nonnegativity_contribution": [
    0.0,
    0.0,
    0.0,
    0.0,
    0.0,
    0.0,
    0.0,
    0.0,
    0.0,
    0.0,
    0.0,
    0.0,
    0.0,
    0.0,
    0.0,
    0.0,
    0.0,
    0.0,
    0.0,
    0.0
  ],
  "regularization_share": [
    0.0016146340771440938,
    0.0014076655681648663,
    0.0031597550136064625,
    0.0019681037773148246,
    0.003534554092289706,
    0.001711473242757446,
    0.0012795010103037027,
    0.0016371479923161147,
    0.0013378380116057366,
    0.0013779637955499307,
    0.0015301035724292606,
    0.0017489855696189594,
    0.0017440825494184698,
    0.001551710904176647,
    0.001793841399382085,
    0.0014673705182388786,
    0.0013529293650240259,
    0.0015972327568394486,
    0.0014515464371691953,
    0.002330688268775424
  ],
  "accuracy_guard_loss": [
    0.0,
    0.0,
    0.0,
    0.0,
    0.0,
    0.0,
    0.0,
    0.0,
    0.0,
    0.0,
    0.0,
    0.0,
    0.0,
    0.0,
    0.0,
    0.0,
    0.0,
    0.0,
    0.0,
    0.0
  ],
  "accuracy_guard_contribution": [
    0.0,
    0.0,
    0.0,
    0.0,
    0.0,
    0.0,
    0.0,
    0.0,
    0.0,
    0.0,
    0.0,
    0.0,
    0.0,
    0.0,
    0.0,
    0.0,
    0.0,
    0.0,
    0.0,
    0.0
  ],
  "distill_loss": [
    0.0,
    0.0,
    0.0,
    0.0,
    0.0,
    0.0,
    0.0,
    0.0,
    0.0,
    0.0,
    0.0,
    0.0,
    0.0,
    0.0,
    0.0,
    0.0,
    0.0,
    0.0,
    0.0,
    0.0
  ],
  "distill_contribution": [
    0.0,
    0.0,
    0.0,
    0.0,
    0.0,
    0.0,
    0.0,
    0.0,
    0.0,
    0.0,
    0.0,
    0.0,
    0.0,
    0.0,
    0.0,
    0.0,
    0.0,
    0.0,
    0.0,
    0.0
  ],
  "gate_entropy": [
    NaN,
    NaN,
    NaN,
    NaN,
    NaN,
    NaN,
    NaN,
    NaN,
    NaN,
    NaN,
    NaN,
    NaN,
    NaN,
    NaN,
    NaN,
    NaN,
    NaN,
    NaN,
    NaN,
    NaN
  ],
  "gate_min": [
    NaN,
    NaN,
    NaN,
    NaN,
    NaN,
    NaN,
    NaN,
    NaN,
    NaN,
    NaN,
    NaN,
    NaN,
    NaN,
    NaN,
    NaN,
    NaN,
    NaN,
    NaN,
    NaN,
    NaN
  ],
  "gate_max": [
    NaN,
    NaN,
    NaN,
    NaN,
    NaN,
    NaN,
    NaN,
    NaN,
    NaN,
    NaN,
    NaN,
    NaN,
    NaN,
    NaN,
    NaN,
    NaN,
    NaN,
    NaN,
    NaN,
    NaN
  ],
  "gate_anchor_loss": [
    0.0,
    0.0,
    0.0,
    0.0,
    0.0,
    0.0,
    0.0,
    0.0,
    0.0,
    0.0,
    0.0,
    0.0,
    0.0,
    0.0,
    0.0,
    0.0,
    0.0,
    0.0,
    0.0,
    0.0
  ],
  "gate_anchor_contribution": [
    0.0,
    0.0,
    0.0,
    0.0,
    0.0,
    0.0,
    0.0,
    0.0,
    0.0,
    0.0,
    0.0,
    0.0,
    0.0,
    0.0,
    0.0,
    0.0,
    0.0,
    0.0,
    0.0,
    0.0
  ],
  "q_err_entropy": [
    0.581948479016622,
    0.6009677396370814,
    0.5768530407013037,
    0.5540571984572288,
    0.5830601950486501,
    0.5790104415172186,
    0.5648479599219102,
    0.5404596649683439,
    0.6107949186594058,
    0.5565978762431022,
    0.5807030116900419,
    0.5952408275543115,
    0.5971855009213473,
    0.5736832053233416,
    0.6061413700763996,
    0.6170277473254081,
    0.5806391009917626,
    0.5956123746358432,
    0.5891080315296466,
    0.573191720705766
  ],
  "q_err_gini": [
    0.9198975272667713,
    0.9189714178060874,
    0.9207040575834421,
    0.9219422263976855,
    0.9196789371661651,
    0.9206680258115133,
    0.9216195069826566,
    0.9236874259435214,
    0.9176234434812497,
    0.9215165590628599,
    0.9208162671480423,
    0.9188469923459567,
    0.9187940068733997,
    0.9211804270744324,
    0.9175405334203671,
    0.9174439677825341,
    0.9205613273840684,
    0.9188036383726658,
    0.9190020041588025,
    0.9214627024454948
  ],