{
  "total_loss": [
    2.671616996710117,
    0.6020219822724661,
    0.5159384615910358,
    0.459633815747041,
    0.46767896490219313,
    0.41610206778232867,
    0.4040747835085942,
    0.396648889932877,
    0.401809981236091,
    0.39498843787572324,
    0.4095745996022836,
    0.40553142092166805,
    0.40312808752059937,
    0.4104147637501741,
    0.402419470059566
  ],
  "main_loss": [
    2.429489477322652,
    0.5490131439306797,
    0.47293226764752316,
    0.4259742498397827,
    0.43392237103902376,
    0.39773733417193097,
    0.39245518277852964,
    0.3900528508119094,
    0.3915807436674069,
    0.38929318541135544,
    0.3942656723352579,
    0.39254791537920636,
    0.39306601652732265,
    0.3951189433917021,
    0.3920468657444685
  ],
  "shap_loss": [
    0.08378133407005897,
    0.08049778430125652,
    0.08217542885969846,
    0.08110751803868856,
    0.08518354021585904,
    0.08404530470187847,
    0.083875739803681,
    0.08370662327760305,
    0.08472443333803079,
    0.08592785550997807,
    0.08479061799171643,
    0.08366449482930012,
    0.08509599035366988,
    0.08375134261754844,
    0.08398875212058043
  ],
  "shap_loss_normalized": [
    0.035109297348520696,
    0.017892609135462686,
    0.04496595908242922,
    0.03400634534848042,
    0.017132052483084876,
    0.01680906128902466,
    0.016775148323713206,
    0.016741324884769242,
    0.016944886973271005,
    0.01718557148407667,
    0.016958123956544276,
    0.016732899233316764,
    0.01701919853878327,
    0.01675026894857486,
    0.01679775068679681
  ],
  "tikhonov_loss": [
    0.0,
    0.0,
    0.0,
    0.0,
    0.0,
    0.0,
    0.0,
    0.0,
    0.0,
    0.0,
    0.0,
    0.0,
    0.0,
    0.0,
    0.0
  ],
  "nonnegativity_loss": [
    0.0,
    0.0,
    0.0,
    0.0,
    0.0,
    0.0,
    0.0,
    0.0,
    0.0,
    0.0,
    0.0,
    0.0,
    0.0,
    0.0,
    0.0
  ],
  "tikhonov_lambda": [
    0.0,
    0.0,
    0.0,
    0.0,
    0.0,
    0.0,
    0.0,
    0.0,
    0.0,
    0.0,
    0.0,
    0.0,
    0.0,
    0.0,
    0.0
  ],
  "nonnegativity_lambda": [
    0.0,
    0.0,
    0.0,
    0.0,
    0.0,
    0.0,
    0.0,
    0.0,
    0.0,
    0.0,
    0.0,
    0.0,
    0.0,
    0.0,
    0.0
  ],
  "shap_scale_factor": [
    0.41790485156304213,
    0.22061747776033494,
    0.5477517077595979,
    0.4229118192203336,
    0.20109159558412898,
    0.20000000000000004,
    0.20000000000000004,
    0.20000000000000004,
    0.20000000000000004,
    0.20000000000000004,
    0.20000000000000004,
    0.20000000000000004,
    0.20000000000000004,
    0.20000000000000004,
    0.20000000000000004
  ],
  "shap_contribution": [
    0.0,
    0.0,
    0.0,
    0.0,
    0.0,
    0.0,
    1.5932179196216824e-05,
    2.3709309551542483e-05,
    0.00010601853239514197,
    7.305872266162903e-05,
    0.00011003599390208434,
    9.673547957880565e-05,
    0.00015357184355917314,
    0.00015794934715347318,
    0.0001776415240153885
  ],
  "tikhonov_contribution": [
    0.0,
    0.0,
    0.0,
    0.0,
    0.0,
    0.0,
    0.0,
    0.0,
    0.0,
    0.0,
    0.0,
    0.0,
    0.0,
    0.0,
    0.0
  ],
  "nonnegativity_contribution": [
    0.0,
    0.0,
    0.0,
    0.0,
    0.0,
    0.0,
    0.0,
    0.0,
    0.0,
    0.0,
    0.0,
    0.0,
    0.0,
    0.0,
    0.0
  ],
  "regularization_share": [
    0.08857808995629737,
    0.08682014460772208,
    0.08158508227515651,
    0.06897074783002126,
    0.06912655122568598,
    0.0438881548728383,
    0.02786470479319329,
    0.015930950352584097,
    0.022385254904406945,
    0.014789041173356403,
    0.03400136780019721,
    0.02894094251242327,
    0.02432282225843102,
    0.03375249321773831,
    0.024716951908662754
  ],
  "accuracy_guard_loss": [
    2.0375390641200237,
    0.1574584941069285,
    0.08207803200452755,
    0.03563018945547251,
    0.04388792927448566,
    0.006338082827054537,
    0.00499836985881512,
    0.0016807867930485653,
    0.003742761336840116,
    0.0013884856150700496,
    0.006690377608323708,
    0.003976103587028308,
    0.00393185325157948,
    0.005671999011284266,
    0.002644414320970193
  ],
  "accuracy_guard_contribution": [
    0.24212751623529655,
    0.05300884015667133,
    0.043006195853918024,
    0.03365956724454195,
    0.03375659376764909,
    0.018364734470080107,
    0.011603668045539122,
    0.0065723308959068395,
    0.01012321819479649,
    0.005622193073997131,
    0.015198892842118557,
    0.012886768111433739,
    0.009908496808165159,
    0.01513787139302645,
    0.010194962509931663
  ],
  "distill_loss": [
    0.0,
    0.0,
    0.0,
    0.0,
    0.0,
    0.0,
    0.0,
    0.0,
    0.0,
    0.0,
    0.0,
    0.0,
    0.0,
    0.0,
    0.0
  ],
  "distill_contribution": [
    0.0,
    0.0,
    0.0,
    0.0,
    0.0,
    0.0,
    0.0,
    0.0,
    0.0,
    0.0,
    0.0,
    0.0,
    0.0,
    0.0,
    0.0
  ],
  "gate_entropy": [
    0.0019003332694037221,
    0.0019002201734110713,
    0.0019002201734110713,
    0.0019002201734110713,
    0.0019002201734110713,
    0.0019002201734110713,
    0.0019002201734110713,
    0.0019002201734110713,
    0.0019002201734110713,
    0.0019002201734110713,
    0.0019002201734110713,
    0.0019002201734110713,
    0.0019002201734110713,
    0.0019002201734110713,
    0.0019002201734110713
  ],
  "gate_min": [
    0.9998999222730979,
    0.9998999834060669,
    0.9998999834060669,
    0.9998999834060669,
    0.9998999834060669,
    0.9998999834060669,
    0.9998999834060669,
    0.9998999834060669,
    0.9998999834060669,
    0.9998999834060669,
    0.9998999834060669,
    0.9998999834060669,
    0.9998999834060669,
    0.9998999834060669,
    0.9998999834060669
  ],
  "gate_max": [
    0.9999000139725513,
    0.9998999834060669,
    0.9998999834060669,
    0.9998999834060669,
    0.9998999834060669,
    0.9998999834060669,
    0.9998999834060669,
    0.9998999834060669,
    0.9998999834060669,
    0.9998999834060669,
    0.9998999834060669,
    0.9998999834060669,
    0.9998999834060669,
    0.9998999834060669,
    0.9998999834060669
  ],
  "gate_anchor_loss": [
    1.0004414459256868e-08,
    1.000331906197971e-08,
    1.000331906197971e-08,
    1.000331906197971e-08,
    1.000331906197971e-08,
    1.000331906197971e-08,
    1.000331906197971e-08,
    1.000331906197971e-08,
    1.000331906197971e-08,
    1.000331906197971e-08,
    1.000331906197971e-08,
    1.000331906197971e-08,
    1.000331906197971e-08,
    1.000331906197971e-08,
    1.000331906197971e-08
  ],
  "gate_anchor_contribution": [
    5.002207366271267e-10,
    5.001659642012157e-10,
    5.001659642012157e-10,
    5.001659642012157e-10,
    5.001659642012157e-10,
    5.001659642012157e-10,
    5.001659642012157e-10,
    5.001659642012157e-10,
    5.001659642012157e-10,
    5.001659642012157e-10,
    5.001659642012157e-10,
    5.001659642012157e-10,
    5.001659642012157e-10,
    5.001659642012157e-10,
    5.001659642012157e-10
  ],
  "q_err_entropy": [
    0.9051795869301527,
    0.9019548113529499,
    0.9305882217028202,
    0.9469121419466459,
    0.9270862570175757,
    0.8913682806186187,
    0.9443970169776525,
    0.9351734266831324,
    0.8863717103615786,
    0.8735024883196905,
    0.8955011230248672,
    0.9177287740585132,
    0.901383237196849,
    0.9651653231718601,
    0.9038695035836636
  ],
  "q_err_gini": [
    0.8879888241107647,
    0.887439244832748,
    0.8851865835678883,
    0.8843044073153765,
    0.8873376861596719,
    0.8889981187306918,
    0.8833543062210083,
    0.8835638883786324,
    0.8928293142563257,
    0.8924750425876715,
    0.8897836666840774,
    0.8881373695838146,
    0.889248938132555,
    0.8812658022611569,
    0.8890481086877676
  ],