{
  "total_loss": [
    3.3279083585127807,
    0.7792687607117188,
    0.9574774098701966,
    0.8355912612034724,
    1.055245231359433,
    0.8128285629627032,
    0.7535731295744578,
    0.7728652136448102,
    0.8378612979864463,
    0.8604593032445663
  ],
  "main_loss": [
    3.3279083585127807,
    0.7792687607117188,
    0.9574774098701966,
    0.8355912612034724,
    1.055245231359433,
    0.8128285629627032,
    0.7535731295744578,
    0.7728652136448102,
    0.8378482766640492,
    0.8604324345405285
  ],
  "shap_loss": [
    0.008189058910386685,
    0.008548128227583872,
    0.00863609249249865,
    0.008829615449007506,
    0.008767314231357513,
    0.008958952071575018,
    0.008472333196550608,
    0.00884295104501339,
    0.008686621876385732,
    0.008538554649417981
  ],
  "shap_loss_normalized": [
    0.0033496185862578643,
    0.00416963882983113,
    0.0019815164940574993,
    0.0017659231208455868,
    0.0017534628605995423,
    0.0025982609591805018,
    0.002754166919308213,
    0.0017685902406437658,
    0.001737324401545219,
    0.0017077109704797084
  ],
  "tikhonov_loss": [
    0.0,
    0.0,
    0.0,
    0.0,
    0.0,
    0.0,
    0.0,
    0.0,
    0.0,
    0.0
  ],
  "nonnegativity_loss": [
    0.0,
    0.0,
    0.0,
    0.0,
    0.0,
    0.0,
    0.0,
    0.0,
    0.0,
    0.0
  ],
  "tikhonov_lambda": [
    0.0,
    0.0,
    0.0,
    0.0,
    0.0,
    0.0,
    0.0,
    0.0,
    0.0,
    0.0
  ],
  "nonnegativity_lambda": [
    0.0,
    0.0,
    0.0,
    0.0,
    0.0,
    0.0,
    0.0,
    0.0,
    0.0,
    0.0
  ],
  "shap_scale_factor": [
    0.41790485156304213,
    0.4912019947379955,
    0.230141420703171,
    0.20000000000000004,
    0.20000000000000004,
    0.294682240836087,
    0.3233272679744696,
    0.20000000000000004,
    0.20000000000000004,
    0.20000000000000004
  ],
  "shap_contribution": [
    0.0,
    0.0,
    0.0,
    0.0,
    0.0,
    0.0,
    0.0,
    0.0,
    1.3020885536463586e-05,
    2.6860636376696697e-05
  ],
  "tikhonov_contribution": [
    0.0,
    0.0,
    0.0,
    0.0,
    0.0,
    0.0,
    0.0,
    0.0,
    0.0,
    0.0
  ],
  "nonnegativity_contribution": [
    0.0,
    0.0,
    0.0,
    0.0,
    0.0,
    0.0,
    0.0,
    0.0,
    0.0,
    0.0
  ],
  "regularization_share": [
    4.1671378201492805e-10,
    7.898707634637785e-10,
    6.456567540477374e-10,
    6.738883912175614e-10,
    6.083965568990217e-10,
    6.923510727430979e-10,
    7.234432491491899e-10,
    7.353332992954213e-10,
    1.69668328220726e-05,
    3.6452908797766136e-05
  ],
  "accuracy_guard_loss": [
    0.0,
    0.0,
    0.0,
    0.0,
    0.0,
    0.0,
    0.0,
    0.0,
    0.0,
    0.0
  ],
  "accuracy_guard_contribution": [
    0.0,
    0.0,
    0.0,
    0.0,
    0.0,
    0.0,
    0.0,
    0.0,
    0.0,
    0.0
  ],
  "distill_loss": [
    0.0,
    0.0,
    0.0,
    0.0,
    0.0,
    0.0,
    0.0,
    0.0,
    0.0,
    0.0
  ],
  "distill_contribution": [
    0.0,
    0.0,
    0.0,
    0.0,
    0.0,
    0.0,
    0.0,
    0.0,
    0.0,
    0.0
  ],
  "gate_entropy": [
    0.0019003699491851223,
    0.0019006878406239243,
    0.0019010454684925766,
    0.0019015436245797153,
    0.0019022282750274127,
    0.0019030014996249706,
    0.0019037166299919288,
    0.001904508301940484,
    0.0019053854316902848,
    0.001906296184573036
  ],
  "gate_min": [
    0.9998998978199103,
    0.9998998366869413,
    0.9998997144210033,
    0.9998995799284714,
    0.9998994637758304,
    0.9998992253572513,
    0.999898993051969,
    0.9998988371628982,
    0.9998986293108035,
    0.9998984245153574
  ],
  "gate_max": [
    0.9999000812188173,
    0.9999001026153564,
    0.9999001026153564,
    0.9999001026153564,
    0.9999001026153564,
    0.9999001026153564,
    0.9999001026153564,
    0.9999001026153564,
    0.9999001026153564,
    0.9999001026153564
  ],
  "gate_anchor_loss": [
    1.0004769935588998e-08,
    1.0008183524089185e-08,
    1.0011956232730403e-08,
    1.0017088059318013e-08,
    1.0024347619792142e-08,
    1.0032400414690283e-08,
    1.0040139568737244e-08,
    1.004840288469466e-08,
    1.0057686558239672e-08,
    1.0067468112723441e-08
  ],
  "gate_anchor_contribution": [
    5.002385130057865e-10,
    5.004091855986541e-10,
    5.005978238774407e-10,
    5.008544120754229e-10,
    5.012173895297841e-10,
    5.016200375301958e-10,
    5.020069886850747e-10,
    5.024201539136004e-10,
    5.028843509704618e-10,
    5.033734170230749e-10
  ],
  "q_err_entropy": [
    0.7575913360103582,
    0.8276963243499781,
    0.7859580898896242,
    0.7782636575209789,
    0.7589872764089168,
    0.7943571622555072,
    0.6923161991513692,
    0.7265658523791876,
    0.9174378040509347,
    0.8090580335030189
  ],
  "q_err_gini": [
    0.8947406869668227,
    0.8940404393734076,
    0.8952068915733924,
    0.897229688289838,
    0.9004349479308495,
    0.8926845926504868,
    0.903130523669414,
    0.9019522223717127,
    0.8806899067683097,
    0.8949585984914731
  ],
  "q_err_corr": [
    0.574521764218317,
    0.6698063468912807,
    0.6161528981040016,
    0.5711903947357757,
    0.6057077280860633,
    0.5351876903516359,
    0.5968551664637067,
    0.6750959570471866,
    0.522732825913968,
    0.5978783914485039
  ],
  "p_q_corr": [
    0.9965838484275036,
    0.9969294988192045,
    0.996185241601406,
    0.9959000838108552,
    0.9961482485135397,
    0.9955625457641406,
    0.9969216157228519,
    0.9954966642917731,
    0.9964552032641876,
    0.9969829244491382
  ],
  "ea_ratio": [
    0.0,
    0.0,
    0.0,
    0.0,
    0.0,
    0.0,
    0.0,
    0.0,
    1.696649607579158e-05,
    3.645394145934962e-05
  ],
  "main_grad_norm": [
    12665.049072265625,
    8323.1728515625,
    26485.5888671875,
    10744.3388671875,
    5388.054931640625,
    15718.458984375,
    19865.55615234375,
    9131.17041015625,
    9643.5927734375,
    11770.86181640625
  ],
  "ea_grad_norm": [
    4.172429203987122,
    3.774750769138336,
    2.057808518409729,
    0.9015425145626068,
    0.7744932770729065,
    0.9961596131324768,
    2.883368134498596,
    1.0359772145748138,
    1.0563369393348694,
    1.31733238697052
  ],
  "ea_main_grad_ratio": [
    0.0008461524218100344,
    0.0005103328433803654,
    7.888748467962554e-05,
    8.481194642575322e-05,
    0.00013886693618374332,
    6.317582552951232e-05,
    0.0001609385623073291,
    0.00011309482944879675,
    0.00011017031258400208,
    0.0001359966771520134
  ],
  "ea_scale": [
    43.45901275519553,
    83.75098022191118,
    127.29632138059478,
    123.27342576436774,
    74.97042073402748,
    159.03457546706892,
    76.08122718829803,
    88.5621582114997,
    91.31382180060402,
    89.95385657380108
  ],
  "main_grad_params": [
    26.0,
    26.0,
    26.0,
    26.0,
    26.0,
    26.0,
    26.0,
    26.0,
    26.0,
    26.0
  ],
  "ea_grad_params": [
    26.0,
    26.0,
    26.0,
    26.0,
    26.0,
    26.0,
    26.0,
    26.0,
    26.0,
    26.0
  ],
  "grad_params_total": [
    26.0,
    26.0,
    26.0,
    26.0,
    26.0,
    26.0,
    26.0,
    26.0,
    26.0,
    26.0
  ],
  "rank_loss_raw": [
    0.002196275682833332,
    0.0023244256959654964,
    0.002477757937203233,
    0.0024654839325170866,
    0.0024001262485025786,
    0.00251873200520491,
    0.0025248467856540512,
    0.0025764842254993245,
    0.002416360914372863,
    0.0023121756997007206
  ],
  "bottom_inv_loss_raw": [
    0.0,
    0.0,
    0.0,
    0.0,
    0.0,
    0.0,
    0.0,
    0.0,
    0.0,
    0.0
  ],
  "rank_pairs_count": [
    169.82051282051282,
    170.12820512820514,
    169.97435897435898,
    169.87179487179486,
    170.2051282051282,
    170.33333333333334,
    170.28205128205127,
    170.02564102564102,
    170.35897435897436,
    169.6153846153846
  ],