{
  "total_loss": [
    3.014554800895544,
    0.6297087317857987,
    0.49673830622281784,
    0.4183087746302287,
    0.40650783479213715,
    0.3958609532087277,
    0.3801431781970538,
    0.37709334645515835,
    0.37705191052876985,
    0.3791416910214302,
    0.37716289017445004,
    0.37687831085461837,
    0.3759176654693408,
    0.375086893255894,
    0.3851510622562506
  ],
  "main_loss": [
    2.7413702049316506,
    0.5732336754982288,
    0.4591472156536885,
    0.39252092058842,
    0.3833311605147826,
    0.3751604587603838,
    0.3693786328419661,
    0.36781552548591906,
    0.3684846988091102,
    0.3691118741646791,
    0.36770228430246693,
    0.3686248774711902,
    0.36798641773370594,
    0.3666935593653948,
    0.3718931380754862
  ],
  "shap_loss": [
    0.09384452322354683,
    0.08322596511779687,
    0.0821202922707949,
    0.08231826011951153,
    0.08294897239941817,
    0.08462774256865184,
    0.084853667479295,
    0.08442072895092842,
    0.08287485860861264,
    0.08495699576078317,
    0.07964272223986112,
    0.08249716040415642,
    0.0857045604632451,
    0.08570797856037433,
    0.08287148082103485
  ],
  "shap_loss_normalized": [
    0.041137680459098935,
    0.045060228604154706,
    0.038350929673283525,
    0.03398937932573832,
    0.022501891884857263,
    0.02993963159716282,
    0.0349946670855085,
    0.01714810989319514,
    0.016574972046491426,
    0.016991399347973175,
    0.01592854477274112,
    0.0164994324485843,
    0.017140912393537853,
    0.017141595936547488,
    0.016574296622704238
  ],
  "tikhonov_loss": [
    0.0,
    0.0,
    0.0,
    0.0,
    0.0,
    0.0,
    0.0,
    0.0,
    0.0,
    0.0,
    0.0,
    0.0,
    0.0,
    0.0,
    0.0
  ],
  "nonnegativity_loss": [
    0.0,
    0.0,
    0.0,
    0.0,
    0.0,
    0.0,
    0.0,
    0.0,
    0.0,
    0.0,
    0.0,
    0.0,
    0.0,
    0.0,
    0.0
  ],
  "tikhonov_lambda": [
    0.0,
    0.0,
    0.0,
    0.0,
    0.0,
    0.0,
    0.0,
    0.0,
    0.0,
    0.0,
    0.0,
    0.0,
    0.0,
    0.0,
    0.0
  ],
  "nonnegativity_lambda": [
    0.0,
    0.0,
    0.0,
    0.0,
    0.0,
    0.0,
    0.0,
    0.0,
    0.0,
    0.0,
    0.0,
    0.0,
    0.0,
    0.0,
    0.0
  ],
  "shap_scale_factor": [
    0.41790485156304213,
    0.5360806690246621,
    0.46381703153509063,
    0.41881687991409494,
    0.26984794814465146,
    0.34847989312709476,
    0.41481398786668844,
    0.2031955209438683,
    0.20000000000000004,
    0.20000000000000004,
    0.20000000000000004,
    0.20000000000000004,
    0.20000000000000004,
    0.20000000000000004,
    0.20000000000000004
  ],
  "shap_contribution": [
    0.0,
    0.0,
    0.0,
    0.0,
    0.0,
    0.0,
    1.5553608148202795e-05,
    1.8201048579869213e-05,
    1.6542233401522913e-05,
    1.7780756304721133e-05,
    2.413119592603881e-05,
    0.00010587960274185603,
    7.851428213493469e-05,
    7.160238405609001e-05,
    6.35305537472073e-05
  ],
  "tikhonov_contribution": [
    0.0,
    0.0,
    0.0,
    0.0,
    0.0,
    0.0,
    0.0,
    0.0,
    0.0,
    0.0,
    0.0,
    0.0,
    0.0,
    0.0,
    0.0
  ],
  "nonnegativity_contribution": [
    0.0,
    0.0,
    0.0,
    0.0,
    0.0,
    0.0,
    0.0,
    0.0,
    0.0,
    0.0,
    0.0,
    0.0,
    0.0,
    0.0,
    0.0
  ],
  "regularization_share": [
    0.08857808923506343,
    0.08857809003905291,
    0.07025804435227957,
    0.05834043675462716,
    0.053429597374688706,
    0.051725954975688375,
    0.026421604344345716,
    0.020280017234241807,
    0.023444057949722666,
    0.024724752584433764,
    0.024139536029168223,
    0.019470876409973904,
    0.019051305997043282,
    0.02186673720974735,
    0.03424999545356132
  ],
  "accuracy_guard_loss": [
    2.372660665940016,
    0.2040975361298292,
    0.09143664592351669,
    0.024686581049209986,
    0.014601620726096325,
    0.009014836870706998,
    0.0029581494820423615,
    0.0027379500560271433,
    0.0019673468210758306,
    0.0038596834891881696,
    0.0036939397836342836,
    0.0028256911497849682,
    0.001582617943103497,
    0.001764094218229636,
    0.0075891529902433735
  ],
  "accuracy_guard_contribution": [
    0.2731845822089758,
    0.05647506120686348,
    0.03759109023480843,
    0.0257878561432545,
    0.02317667528031728,
    0.02070049387522233,
    0.010748991647209877,
    0.009259622257489424,
    0.008550667705444189,
    0.010012037001359157,
    0.009436472056385798,
    0.008147554519848946,
    0.007852731893459955,
    0.00832173180503723,
    0.013194393891936693
  ],
  "distill_loss": [
    0.0,
    0.0,
    0.0,
    0.0,
    0.0,
    0.0,
    0.0,
    0.0,
    0.0,
    0.0,
    0.0,
    0.0,
    0.0,
    0.0,
    0.0
  ],
  "distill_contribution": [
    0.0,
    0.0,
    0.0,
    0.0,
    0.0,
    0.0,
    0.0,
    0.0,
    0.0,
    0.0,
    0.0,
    0.0,
    0.0,
    0.0,
    0.0
  ],
  "gate_entropy": [
    0.0019005319515529734,
    0.0019002201734110713,
    0.0019002201734110713,
    0.0019002201734110713,
    0.0019002201734110713,
    0.0019002201734110713,
    0.0019002201734110713,
    0.0019002201734110713,
    0.0019002201734110713,
    0.0019002201734110713,
    0.0019002201734110713,
    0.0019002201734110713,
    0.0019002201734110713,
    0.0019002201734110713,
    0.0019002201734110713
  ],
  "gate_min": [
    0.9998998917066134,
    0.9998999834060669,
    0.9998999834060669,
    0.9998999834060669,
    0.9998999834060669,
    0.9998999834060669,
    0.9998999834060669,
    0.9998999834060669,
    0.9998999834060669,
    0.9998999834060669,
    0.9998999834060669,
    0.9998999834060669,
    0.9998999834060669,
    0.9998999834060669,
    0.9998999834060669
  ],
  "gate_max": [
    0.9999000506523328,
    0.9998999834060669,
    0.9998999834060669,
    0.9998999834060669,
    0.9998999834060669,
    0.9998999834060669,
    0.9998999834060669,
    0.9998999834060669,
    0.9998999834060669,
    0.9998999834060669,
    0.9998999834060669,
    0.9998999834060669,
    0.9998999834060669,
    0.9998999834060669,
    0.9998999834060669
  ],
  "gate_anchor_loss": [
    1.0006443263731713e-08,
    1.000331906197971e-08,
    1.000331906197971e-08,
    1.000331906197971e-08,
    1.000331906197971e-08,
    1.000331906197971e-08,
    1.000331906197971e-08,
    1.000331906197971e-08,
    1.000331906197971e-08,
    1.000331906197971e-08,
    1.000331906197971e-08,
    1.000331906197971e-08,
    1.000331906197971e-08,
    1.000331906197971e-08,
    1.000331906197971e-08
  ],
  "gate_anchor_contribution": [
    5.003221796975947e-10,
    5.001659642012157e-10,
    5.001659642012157e-10,
    5.001659642012157e-10,
    5.001659642012157e-10,
    5.001659642012157e-10,
    5.001659642012157e-10,
    5.001659642012157e-10,
    5.001659642012157e-10,
    5.001659642012157e-10,
    5.001659642012157e-10,
    5.001659642012157e-10,
    5.001659642012157e-10,
    5.001659642012157e-10,
    5.001659642012157e-10
  ],
  "q_err_entropy": [
    1.3378714796824334,
    1.3679204216370215,
    1.40671422237005,
    1.3613282839457195,
    1.3811604334757879,
    1.332992101326967,
    1.334879144644126,
    1.3509322282595513,
    1.360777544669616,
    1.319480877656203,
    1.3377401737066417,
    1.3877363877418714,
    1.3263445145044572,
    1.378278435804905,
    1.3928945003411708
  ],
  "q_err_gini": [
    0.8330100820614741,
    0.8309222551492544,
    0.8225135619823749,
    0.83037319397315,
    0.8271221701915448,
    0.8334797880588434,
    0.832261106906793,
    0.8298345773647993,
    0.8304810783801935,
    0.8355787763228784,
    0.8347206971584222,
    0.8258563570487194,
    0.83474823144766,
    0.8284957531170968,
    0.824629158545763
  ],