{
  "total_loss": [
    4.143069816705508,
    0.7732148338586856,
    0.8070984452198713,
    0.6966375838487576,
    1.024880201388628,
    0.7008249163627625,
    0.8374598584113977,
    0.812759287082232,
    0.8431792679505471,
    0.7957650583523971
  ],
  "main_loss": [
    4.142806209050692,
    0.7730029997153159,
    0.8066438138484955,
    0.6960893395619515,
    1.0244513780642779,
    0.7004928458959628,
    0.8369119442426242,
    0.812082147751099,
    0.8425700328288934,
    0.7949755780207806
  ],
  "shap_loss": [
    0.3957043022681505,
    0.5257629117904565,
    0.5187370922320929,
    0.5374637238490276,
    0.5009334079730206,
    0.5364526303914877,
    0.5160021957678672,
    0.5197266111007104,
    0.5152871578167646,
    0.5217334918486767
  ],
  "shap_loss_normalized": [
    0.03494082634838728,
    0.004086008784958186,
    0.0034927126282873824,
    0.006975098029495432,
    0.006277523719920562,
    0.00631750200707943,
    0.004283477540295093,
    0.00444658565072295,
    0.004556637866279254,
    0.004732004748896146
  ],
  "tikhonov_loss": [
    0.0,
    0.0,
    0.0,
    0.0,
    0.0,
    0.0,
    0.0,
    0.0,
    0.0,
    0.0
  ],
  "nonnegativity_loss": [
    0.0,
    0.0,
    0.0,
    0.0,
    0.0,
    0.0,
    0.0,
    0.0,
    0.0,
    0.0
  ],
  "tikhonov_lambda": [
    0.0,
    0.0,
    0.0,
    0.0,
    0.0,
    0.0,
    0.0,
    0.0,
    0.0,
    0.0
  ],
  "nonnegativity_lambda": [
    0.0,
    0.0,
    0.0,
    0.0,
    0.0,
    0.0,
    0.0,
    0.0,
    0.0,
    0.0
  ],
  "shap_scale_factor": [
    0.10640405843045425,
    0.007835490380746725,
    0.00677466171917412,
    0.01300010202266245,
    0.012450121783506515,
    0.011683748965125378,
    0.00837904930910272,
    0.00863291128938165,
    0.008924669759436074,
    0.009137356557572017
  ],
  "shap_contribution": [
    0.0002636179110712151,
    0.00021183464764945736,
    0.0004546295400732794,
    0.0005482417592504182,
    0.0004288233194995719,
    0.0003320717645319513,
    0.0005479142180261895,
    0.0006771392788952932,
    0.000609235996261048,
    0.0007894803689291271
  ],
  "tikhonov_contribution": [
    0.0,
    0.0,
    0.0,
    0.0,
    0.0,
    0.0,
    0.0,
    0.0,
    0.0,
    0.0
  ],
  "nonnegativity_contribution": [
    0.0,
    0.0,
    0.0,
    0.0,
    0.0,
    0.0,
    0.0,
    0.0,
    0.0,
    0.0
  ],
  "regularization_share": [
    0.00013653103475360173,
    0.000293585540711415,
    0.0006057866329816195,
    0.0008406811497893393,
    0.0005860018614941453,
    0.00048283483331453106,
    0.0006861828336740628,
    0.0009166351767160547,
    0.0008046724929041321,
    0.0010894499303362472
  ],
  "accuracy_guard_loss": [
    0.0,
    0.0,
    0.0,
    0.0,
    0.0,
    0.0,
    0.0,
    0.0,
    0.0,
    0.0
  ],
  "accuracy_guard_contribution": [
    0.0,
    0.0,
    0.0,
    0.0,
    0.0,
    0.0,
    0.0,
    0.0,
    0.0,
    0.0
  ],
  "distill_loss": [
    0.0,
    0.0,
    0.0,
    0.0,
    0.0,
    0.0,
    0.0,
    0.0,
    0.0,
    0.0
  ],
  "distill_contribution": [
    0.0,
    0.0,
    0.0,
    0.0,
    0.0,
    0.0,
    0.0,
    0.0,
    0.0,
    0.0
  ],
  "gate_entropy": [
    0.0019004310821541226,
    0.0019006144810611238,
    0.0019010454684925766,
    0.0019013664165798288,
    0.0019016506072754662,
    0.0019022893960563801,
    0.0019028302079114395,
    0.0019035454576787276,
    0.0019043890926509332,
    0.0019051685380056882
  ],
  "gate_min": [
    0.9998998947632618,
    0.9998998030638083,
    0.9998997449874878,
    0.9998996380047921,
    0.9998994729457757,
    0.9998992742636265,
    0.999899087808071,
    0.9998988096530621,
    0.9998985223281078,
    0.9998982716829349
  ],
  "gate_max": [
    0.9999000170291998,
    0.9999001026153564,
    0.9999000445390359,
    0.9999001026153564,
    0.9999000934454111,
    0.9999001026153564,
    0.9999001026153564,
    0.9999001026153564,
    0.9999000475956843,
    0.9999001026153564
  ],
  "gate_anchor_loss": [
    1.0005477062253913e-08,
    1.0007411127697324e-08,
    1.0011953613742756e-08,
    1.001531193021667e-08,
    1.001828944588659e-08,
    1.002495527047405e-08,
    1.0030790557143868e-08,
    1.0038202132770598e-08,
    1.0047391932688791e-08,
    1.005557574529074e-08
  ],
  "gate_anchor_contribution": [
    5.002738693390322e-10,
    5.003705612242999e-10,
    5.005976986215097e-10,
    5.007656070437186e-10,
    5.009144808345065e-10,
    5.01247769786499e-10,
    5.01539542090822e-10,
    5.019101146093619e-10,
    5.023696060286343e-10,
    5.027787958047142e-10
  ],
  "q_err_entropy": [
    NaN,
    NaN,
    NaN,
    NaN,
    NaN,
    NaN,
    NaN,
    NaN,
    NaN,
    NaN
  ],
  "q_err_gini": [
    NaN,
    NaN,
    NaN,
    NaN,
    NaN,
    NaN,
    NaN,
    NaN,
    NaN,
    NaN
  ],
  "q_err_corr": [
    NaN,
    NaN,
    NaN,
    NaN,
    NaN,
    NaN,
    NaN,
    NaN,
    NaN,
    NaN
  ],
  "p_q_corr": [
    NaN,
    NaN,
    NaN,
    NaN,
    NaN,
    NaN,
    NaN,
    NaN,
    NaN,
    NaN
  ],
  "ea_ratio": [
    0.00013655997601092214,
    0.0002937004892140603,
    0.0006062075315126911,
    0.0008415203945985875,
    0.0005867229511540455,
    0.0004831012230193338,
    0.0006869651027581989,
    0.0009175509397979253,
    0.0008054335612075356,
    0.001090763750163695
  ],
  "main_grad_norm": [
    24511.542236328125,
    20168.606689453125,
    20629.1875,
    13184.314697265625,
    9813.34716796875,
    15342.98193359375,
    14344.472534179688,
    15362.5341796875,
    11061.364501953125,
    10706.447265625
  ],
  "ea_grad_norm": [
    2.691723346710205,
    0.9107333570718765,
    0.5293500572443008,
    0.5035372376441956,
    0.5687366873025894,
    1.46376433968544,
    0.5821872055530548,
    0.5932322889566422,
    0.5486626029014587,
    0.46077486872673035
  ],
  "ea_main_grad_ratio": [
    0.00030175186451651844,
    6.036986430078234e-05,
    2.6597080675904552e-05,
    4.846468197735172e-05,
    6.29621424450469e-05,
    0.00011648999790833104,
    8.380180512047557e-05,
    3.9525884038617225e-05,
    5.422121667869711e-05,
    4.2830903979758394e-05
  ],
  "ea_scale": [
    63.895963368600185,
    191.32180937336943,
    414.2909603998759,
    249.53308900239944,
    182.92613997620137,
    132.6295217204638,
    224.01183799015902,
    254.47170704704192,
    203.59167158070935,
    233.4463536368506
  ],
  "main_grad_params": [
    26.0,
    26.0,
    26.0,
    26.0,
    26.0,
    26.0,
    26.0,
    26.0,
    26.0,
    26.0
  ],
  "ea_grad_params": [
    26.0,
    26.0,
    26.0,
    26.0,
    26.0,
    26.0,
    26.0,
    26.0,
    26.0,
    26.0
  ],
  "grad_params_total": [
    26.0,
    26.0,
    26.0,
    26.0,
    26.0,
    26.0,
    26.0,
    26.0,
    26.0,
    26.0
  ],
  "rank_loss_raw": [
    NaN,
    NaN,
    NaN,
    NaN,
    NaN,
    NaN,
    NaN,
    NaN,
    NaN,
    NaN
  ],
  "bottom_inv_loss_raw": [
    NaN,
    NaN,
    NaN,
    NaN,
    NaN,
    NaN,
    NaN,
    NaN,
    NaN,
    NaN
  ],
  "rank_pairs_count": [
    NaN,
    NaN,
    NaN,
    NaN,
    NaN,
    NaN,
    NaN,
    NaN,
    NaN,
    NaN
  ],
  "rank_violations_count": [
    NaN,
    NaN,
    NaN,
    NaN,
    NaN,
    NaN,
    NaN,
    NaN,
    NaN,
    NaN
  ],
  "rank_grad_norm": [
    NaN,
    NaN,
    NaN,
    NaN,
    NaN,
    NaN,
    NaN,
    NaN,
    NaN,
    NaN
  ],
  "rank_main_grad_ratio": [
    NaN,
    NaN,
    NaN,
    NaN,
    NaN,
    NaN,
    NaN,
    NaN,
    NaN,
    NaN
  ],
  "shap_clip_active": [
    0.0,
    0.0,
    0.0,
    0.0,
    0.0,
    0.0,
    0.0,
    0.0,
    0.0,
    0.0
  ],
  "epoch_accepted": [
    1.0,
    1.0,
    1.0,
    1.0,
    1.0,
    1.0,
    1.0,
    1.0,
    1.0,
    1.0
  ],
  "lr": [
    8e-05,
    8e-05,
    8e-05,
    8e-05,
    8e-05,
    8e-05,
    8e-05,
    8e-05,
    8e-05,
    8e-05
  ],