{
  "total_loss": [
    4.235693147549262,
    0.5445747291430448,
    0.4655925975396083,
    0.4348123551179201,
    0.39694838264049626,
    0.3888101126903143,
    0.38078492153913546,
    0.38330830251559234,
    0.3828723785968927,
    0.3756172076249734,
    0.380301574865977,
    0.376844333532529,
    0.3745143222503173,
    0.38213274570611805,
    0.3768815803222167
  ],
  "main_loss": [
    3.8513690340213285,
    0.49776247907907534,
    0.42992706558643246,
    0.4028558417772635,
    0.37820437168463683,
    0.3713593353063632,
    0.3697391622341596,
    0.36843256193857926,
    0.36945236569795853,
    0.36866457034380007,
    0.36840707331131667,
    0.3684412550467711,
    0.36635961211644685,
    0.36925683266077286,
    0.36840131878852844
  ],
  "shap_loss": [
    0.1089951617595477,
    0.10129478268134288,
    0.09973967839510013,
    0.0958404663281563,
    0.09983538186702973,
    0.10053840680764271,
    0.09638136950058815,
    0.09621540151345424,
    0.10012412548829348,
    0.09659747874889618,
    0.0969821606308986,
    0.09802026626391289,
    0.09743541631943141,
    0.09873589739585534,
    0.09907418947953445
  ],
  "shap_loss_normalized": [
    0.04556664872245911,
    0.03835596292255781,
    0.04439542261071694,
    0.043579558722483806,
    0.03466848145501736,
    0.0201076817436096,
    0.019276274415927056,
    0.01924308069432393,
    0.0200248254606357,
    0.019319496045892056,
    0.01939643236498038,
    0.019604053682623766,
    0.01948708353134302,
    0.019747179861252125,
    0.019814838201571733
  ],
  "tikhonov_loss": [
    0.0,
    0.0,
    0.0,
    0.0,
    0.0,
    0.0,
    0.0,
    0.0,
    0.0,
    0.0,
    0.0,
    0.0,
    0.0,
    0.0,
    0.0
  ],
  "nonnegativity_loss": [
    0.0,
    0.0,
    0.0,
    0.0,
    0.0,
    0.0,
    0.0,
    0.0,
    0.0,
    0.0,
    0.0,
    0.0,
    0.0,
    0.0,
    0.0
  ],
  "tikhonov_lambda": [
    0.0,
    0.0,
    0.0,
    0.0,
    0.0,
    0.0,
    0.0,
    0.0,
    0.0,
    0.0,
    0.0,
    0.0,
    0.0,
    0.0,
    0.0
  ],
  "nonnegativity_lambda": [
    0.0,
    0.0,
    0.0,
    0.0,
    0.0,
    0.0,
    0.0,
    0.0,
    0.0,
    0.0,
    0.0,
    0.0,
    0.0,
    0.0,
    0.0
  ],
  "shap_scale_factor": [
    0.41790485156304213,
    0.3758614424389993,
    0.4458285088036899,
    0.45117698751872654,
    0.34847989312709476,
    0.20000000000000004,
    0.20000000000000004,
    0.20000000000000004,
    0.20000000000000004,
    0.20000000000000004,
    0.20000000000000004,
    0.20000000000000004,
    0.20000000000000004,
    0.20000000000000004,
    0.20000000000000004
  ],
  "shap_contribution": [
    0.0,
    0.0,
    0.0,
    0.0,
    0.0,
    0.0,
    7.4841190885658416e-06,
    2.7967173641977402e-05,
    2.640636203301629e-05,
    5.2206342307050734e-05,
    4.277482292262646e-05,
    9.150490083042174e-05,
    7.251834736402649e-05,
    5.2755287190218674e-05,
    5.180353111474035e-05
  ],
  "tikhonov_contribution": [
    0.0,
    0.0,
    0.0,
    0.0,
    0.0,
    0.0,
    0.0,
    0.0,
    0.0,
    0.0,
    0.0,
    0.0,
    0.0,
    0.0,
    0.0
  ],
  "nonnegativity_contribution": [
    0.0,
    0.0,
    0.0,
    0.0,
    0.0,
    0.0,
    0.0,
    0.0,
    0.0,
    0.0,
    0.0,
    0.0,
    0.0,
    0.0,
    0.0
  ],
  "regularization_share": [
    0.0885780892128826,
    0.08391608496051466,
    0.07441703225597883,
    0.07098146359868683,
    0.0459373245810945,
    0.04317820970258595,
    0.02821631045666057,
    0.03650256577239217,
    0.03210742971436629,
    0.01903699596285035,
    0.03122606579531236,
    0.02049906290947611,
    0.019105125144734496,
    0.030591210100736798,
    0.020447628943774145
  ],
  "accuracy_guard_loss": [
    3.4831527265218587,
    0.12888844998983237,
    0.06179708930162283,
    0.03569578169248043,
    0.011895245466476832,
    0.0075575449527838295,
    0.0032346951655852487,
    0.005133561216867887,
    0.004163006941477458,
    0.0016299340969476944,
    0.0035778662333121668,
    0.0022680117533757137,
    0.002273464050048437,
    0.003898794834430401,
    0.002494915173603938
  ],
  "accuracy_guard_contribution": [
    0.3843241383632024,
    0.04681225078037152,
    0.03566553319493929,
    0.03195651673162595,
    0.018744010621538527,
    0.01745077690634972,
    0.011038274862445317,
    0.014847774918262776,
    0.013393604698089452,
    0.00690043177933265,
    0.011851727437132444,
    0.008311572269751476,
    0.00808219258219768,
    0.012823156821422087,
    0.008428458984081563
  ],
  "distill_loss": [
    0.0,
    0.0,
    0.0,
    0.0,
    0.0,
    0.0,
    0.0,
    0.0,
    0.0,
    0.0,
    0.0,
    0.0,
    0.0,
    0.0,
    0.0
  ],
  "distill_contribution": [
    0.0,
    0.0,
    0.0,
    0.0,
    0.0,
    0.0,
    0.0,
    0.0,
    0.0,
    0.0,
    0.0,
    0.0,
    0.0,
    0.0,
    0.0
  ],
  "gate_entropy": [
    0.001900308816216122,
    0.0019002201734110713,
    0.0019002201734110713,
    0.0019002201734110713,
    0.0019002201734110713,
    0.0019002201734110713,
    0.0019002201734110713,
    0.0019002201734110713,
    0.0019002201734110713,
    0.0019002201734110713,
    0.0019002201734110713,
    0.0019002201734110713,
    0.0019002201734110713,
    0.0019002201734110713,
    0.0019002201734110713
  ],
  "gate_min": [
    0.9998998886499649,
    0.9998999834060669,
    0.9998999834060669,
    0.9998999834060669,
    0.9998999834060669,
    0.9998999834060669,
    0.9998999834060669,
    0.9998999834060669,
    0.9998999834060669,
    0.9998999834060669,
    0.9998999834060669,
    0.9998999834060669,
    0.9998999834060669,
    0.9998999834060669,
    0.9998999834060669
  ],
  "gate_max": [
    0.9999000567656297,
    0.9998999834060669,
    0.9998999834060669,
    0.9998999834060669,
    0.9998999834060669,
    0.9998999834060669,
    0.9998999834060669,
    0.9998999834060669,
    0.9998999834060669,
    0.9998999834060669,
    0.9998999834060669,
    0.9998999834060669,
    0.9998999834060669,
    0.9998999834060669,
    0.9998999834060669
  ],
  "gate_anchor_loss": [
    1.0004223341479992e-08,
    1.000331906197971e-08,
    1.000331906197971e-08,
    1.000331906197971e-08,
    1.000331906197971e-08,
    1.000331906197971e-08,
    1.000331906197971e-08,
    1.000331906197971e-08,
    1.000331906197971e-08,
    1.000331906197971e-08,
    1.000331906197971e-08,
    1.000331906197971e-08,
    1.000331906197971e-08,
    1.000331906197971e-08,
    1.000331906197971e-08
  ],
  "gate_anchor_contribution": [
    5.002111801689378e-10,
    5.001659642012157e-10,
    5.001659642012157e-10,
    5.001659642012157e-10,
    5.001659642012157e-10,
    5.001659642012157e-10,
    5.001659642012157e-10,
    5.001659642012157e-10,
    5.001659642012157e-10,
    5.001659642012157e-10,
    5.001659642012157e-10,
    5.001659642012157e-10,
    5.001659642012157e-10,
    5.001659642012157e-10,
    5.001659642012157e-10
  ],
  "q_err_entropy": [
    1.0966167740332775,
    1.1290239982115917,
    1.1272960289930687,
    1.1958965139511304,
    1.1245717131174529,
    1.1268262633910546,
    1.1698471842667995,
    1.1595164583279536,
    1.1298276002590473,
    1.1529011176182673,
    1.178765981625288,
    1.139329114021399,
    1.1502999311838396,
    1.133259892463684,
    1.1467561018772614
  ],
  "q_err_gini": [
    0.8729250813141848,
    0.8686078389485677,
    0.8695974456958282,
    0.8607222162760221,
    0.8700587948163351,
    0.8692755286510174,
    0.8640715602116708,
    0.8654672518754617,
    0.8681560112879827,
    0.8652824606650915,
    0.8631243736315997,
    0.8677740937624222,
    0.8657728968522488,
    0.8679243738834674,
    0.8661115857271048
  ],