{
  "total_loss": [
    3.3279153406620026,
    0.7792425163281269,
    0.9622489534891568,
    0.8529407297953581,
    0.8236132898391821,
    1.308459752645248,
    0.8180135840024704,
    0.9420098219162378,
    0.7717016759591225,
    1.2586678877854958
  ],
  "main_loss": [
    3.3279083569844565,
    0.7792324668321854,
    0.9622424672811459,
    0.8529341900959994,
    0.8236061976506159,
    1.3084510870468922,
    0.8180037759817563,
    0.941998289181636,
    0.7716821890610915,
    1.2586514093937018
  ],
  "shap_loss": [
    0.08104035850518788,
    0.08220519985143955,
    0.08933845773721352,
    0.0881214038683818,
    0.08279008112656765,
    0.08912519728526092,
    0.0903534797521738,
    0.09613086951848789,
    0.08075174374076036,
    0.08736536632745694
  ],
  "shap_loss_normalized": [
    0.03497124587496122,
    0.039121043987763233,
    0.020644226756233435,
    0.017624281131877348,
    0.01655801667425877,
    0.01782503977226905,
    0.01807069639938,
    0.01922617437174687,
    0.029653600440957606,
    0.023067827718571212
  ],
  "tikhonov_loss": [
    0.0,
    0.0,
    0.0,
    0.0,
    0.0,
    0.0,
    0.0,
    0.0,
    0.0,
    0.0
  ],
  "nonnegativity_loss": [
    0.0,
    0.0,
    0.0,
    0.0,
    0.0,
    0.0,
    0.0,
    0.0,
    0.0,
    0.0
  ],
  "tikhonov_lambda": [
    0.0,
    0.0,
    0.0,
    0.0,
    0.0,
    0.0,
    0.0,
    0.0,
    0.0,
    0.0
  ],
  "nonnegativity_lambda": [
    0.0,
    0.0,
    0.0,
    0.0,
    0.0,
    0.0,
    0.0,
    0.0,
    0.0,
    0.0
  ],
  "shap_scale_factor": [
    0.41790485156304213,
    0.4912019947379955,
    0.230141420703171,
    0.20000000000000004,
    0.20000000000000004,
    0.20000000000000004,
    0.20000000000000004,
    0.20000000000000004,
    0.3543192298074413,
    0.26369027900311526
  ],
  "shap_contribution": [
    6.994249052019231e-06,
    1.0059696752507127e-05,
    6.488185590569628e-06,
    6.546161808401872e-06,
    7.096292800922992e-06,
    8.657876570885912e-06,
    9.809807031557191e-06,
    1.1535705244825342e-05,
    1.9486651161479622e-05,
    1.6477019459834526e-05
  ],
  "tikhonov_contribution": [
    0.0,
    0.0,
    0.0,
    0.0,
    0.0,
    0.0,
    0.0,
    0.0,
    0.0,
    0.0
  ],
  "nonnegativity_contribution": [
    0.0,
    0.0,
    0.0,
    0.0,
    0.0,
    0.0,
    0.0,
    0.0,
    0.0,
    0.0
  ],
  "regularization_share": [
    5.1902223165452266e-06,
    1.747927788784223e-05,
    7.891823186587705e-06,
    8.723099142621797e-06,
    9.741815181986057e-06,
    7.944598127406652e-06,
    1.3542793342765903e-05,
    1.4514946303111985e-05,
    3.0000053603763583e-05,
    1.546956241442164e-05
  ],
  "accuracy_guard_loss": [
    0.0,
    0.0,
    0.0,
    0.0,
    0.0,
    0.0,
    0.0,
    0.0,
    0.0,
    0.0
  ],
  "accuracy_guard_contribution": [
    0.0,
    0.0,
    0.0,
    0.0,
    0.0,
    0.0,
    0.0,
    0.0,
    0.0,
    0.0
  ],
  "distill_loss": [
    0.0,
    0.0,
    0.0,
    0.0,
    0.0,
    0.0,
    0.0,
    0.0,
    0.0,
    0.0
  ],
  "distill_contribution": [
    0.0,
    0.0,
    0.0,
    0.0,
    0.0,
    0.0,
    0.0,
    0.0,
    0.0,
    0.0
  ],
  "gate_entropy": [
    0.0019003699491851223,
    0.0019006878406239243,
    0.0019010454684925766,
    0.001901577250697674,
    0.0019022221617305125,
    0.0019032307154236313,
    0.0019041659573140817,
    0.0019049086960223622,
    0.0019060180594141667,
    0.0019068708314966315
  ],
  "gate_min": [
    0.9998998978199103,
    0.9998998366869413,
    0.9998997144210033,
    0.9998995799284714,
    0.9998994607191819,
    0.9998992039607122,
    0.9998989227490548,
    0.999898665990585,
    0.9998984611951388,
    0.999898265569638
  ],
  "gate_max": [
    0.9999000812188173,
    0.9999001026153564,
    0.9999001026153564,
    0.9999001026153564,
    0.9999001026153564,
    0.9999001576350286,
    0.999900221824646,
    0.999900221824646,
    0.9999001820882162,
    0.9999002034847553
  ],
  "gate_anchor_loss": [
    1.0004769935588998e-08,
    1.0008183524089185e-08,
    1.0011956232730403e-08,
    1.0017410035382058e-08,
    1.0024348599065783e-08,
    1.0034705123820377e-08,
    1.0044962673615688e-08,
    1.0052678211226207e-08,
    1.0064449649750994e-08,
    1.0073544619542528e-08
  ],
  "gate_anchor_contribution": [
    5.002385130057865e-10,
    5.004091855986541e-10,
    5.005978238774407e-10,
    5.008705060391915e-10,
    5.012174407708468e-10,
    5.017352715633376e-10,
    5.022481476297403e-10,
    5.026339216635406e-10,
    5.032224978598685e-10,
    5.036772309771264e-10
  ],
  "q_err_entropy": [
    0.7575913598904243,
    0.8276969704490441,
    0.78598292133747,
    0.7780586504019223,
    0.7587624559035668,
    0.7934359569962208,
    0.6924832000946387,
    0.7209766992391684,
    0.9159733164004791,
    0.8078828706191137
  ],
  "q_err_gini": [
    0.894740702250065,
    0.8940403828254113,
    0.8952036041479844,
    0.8972561542804425,
    0.9004658460617065,
    0.8929300369360508,
    0.9030831731282748,
    0.9024977347789667,
    0.8809403395041441,
    0.8951371128742511
  ],
  "q_err_corr": [
    0.5745217447708312,
    0.6698063949857337,
    0.6161547742816859,
    0.5713321253454361,
    0.6058469041584967,
    0.5342929377101171,
    0.5973743804706595,
    0.6762919122806917,
    0.5242670478944021,
    0.5991316897173723
  ],
  "p_q_corr": [
    0.7419714041245289,
    0.739654677036481,
    0.7163651753694583,
    0.7197963091043326,
    0.7376223756716802,
    0.7164902442540878,
    0.712954703049782,
    0.6953202379055512,
    0.7436542694385235,
    0.7225369872191013
  ],
  "ea_ratio": [
    5.189909054537659e-06,
    1.7478996760007412e-05,
    7.89124983851089e-06,
    8.722517828246988e-06,
    9.741227994452809e-06,
    7.944213901002793e-06,
    1.354230234704655e-05,
    1.4514574594124077e-05,
    3.0001106540275476e-05,
    1.546938195436572e-05
  ],
  "main_grad_norm": [
    12665.016845703125,
    8322.896240234375,
    26457.396484375,
    10374.29931640625,
    7845.67578125,
    24758.9912109375,
    19324.14111328125,
    24862.0771484375,
    15533.09521484375,
    28348.1982421875
  ],
  "ea_grad_norm": [
    8.099430084228516,
    10.639512479305267,
    4.533416271209717,
    2.169491171836853,
    2.792581558227539,
    2.2484309673309326,
    4.083797574043274,
    2.796943485736847,
    5.50869083404541,
    5.9283082485198975
  ],
  "ea_main_grad_ratio": [
    0.0015647395371137169,
    0.0014455314932455346,
    0.00018732456499198153,
    0.00021033047292518992,
    0.0003522968715196899,
    9.013999056288276e-05,
    0.00020162833354475524,
    0.00011499725253131954,
    0.0003546493331772478,
    0.00020860927495759804
  ],
  "ea_scale": [
    1.0,
    1.0,
    1.0,
    1.0,
    1.0,
    1.0,
    1.0,
    1.0,
    1.0,
    1.0
  ],
  "main_grad_params": [
    26.0,
    26.0,
    26.0,
    26.0,
    26.0,
    26.0,
    26.0,
    26.0,
    26.0,
    26.0
  ],
  "ea_grad_params": [
    26.0,
    26.0,
    26.0,
    26.0,
    26.0,
    26.0,
    26.0,
    26.0,
    26.0,
    26.0
  ],
  "grad_params_total": [
    26.0,
    26.0,
    26.0,
    26.0,
    26.0,
    26.0,
    26.0,
    26.0,
    26.0,
    26.0
  ],
  "rank_loss_raw": [
    0.00938374287663744,
    0.008954646746413065,
    0.009522278578235554,
    0.009417071866874512,
    0.00912778110553821,
    0.009497047019883608,
    0.009014436258719517,
    0.00865334901624383,
    0.008944027197475616,
    0.009387667314746441
  ],
  "bottom_inv_loss_raw": [
    0.0,
    0.0,
    0.0,
    0.0,
    0.0,
    0.0,
    0.0,
    0.0,
    0.0,
    0.0
  ],
  "rank_pairs_count": [
    170.30769230769232,
    170.6153846153846,
    170.51282051282053,
    170.71794871794873,
    170.69230769230768,
    170.66666666666666,
    170.84615384615384,
    170.53846153846155,
    170.56410256410257,
    170.82051282051282
  ],