{
  "total_loss": [
    2.4628864282216782,
    0.8037314063463455,
    0.685215616837526,
    0.6316747894653907,
    1.3144426529224102,
    0.9408048460116754,
    0.8283757651463534
  ],
  "main_loss": [
    2.4628864282216782,
    0.8037314063463455,
    0.685215616837526,
    0.6316747894653907,
    1.3144426529224102,
    0.9408048460116754,
    0.8247236838707557
  ],
  "shap_loss": [
    0.09688951801031064,
    0.0970793204047741,
    0.09596714434715417,
    0.09684539548097512,
    0.09548875517570056,
    0.09426343928162868,
    0.09998243751052098
  ],
  "shap_loss_normalized": [
    0.04231918622285892,
    0.038099090759761825,
    0.03602008363948418,
    0.024621665716553345,
    0.01909775143632522,
    0.018852688312434997,
    0.019996487750456884
  ],
  "tikhonov_loss": [
    0.0,
    0.0,
    0.0,
    0.0,
    0.0,
    0.0,
    0.0
  ],
  "nonnegativity_loss": [
    0.0,
    0.0,
    0.0,
    0.0,
    0.0,
    0.0,
    0.0
  ],
  "tikhonov_lambda": [
    0.0,
    0.0,
    0.0,
    0.0,
    0.0,
    0.0,
    0.0
  ],
  "nonnegativity_lambda": [
    0.0,
    0.0,
    0.0,
    0.0,
    0.0,
    0.0,
    0.0
  ],
  "shap_scale_factor": [
    0.4382039968621875,
    0.39749668829773616,
    0.365894852252629,
    0.2521146565579276,
    0.20000000000000004,
    0.20000000000000004,
    0.20000000000000004
  ],
  "shap_contribution": [
    0.0,
    0.0,
    0.0,
    0.0,
    0.0,
    0.0,
    0.0036520807144160452
  ],
  "tikhonov_contribution": [
    0.0,
    0.0,
    0.0,
    0.0,
    0.0,
    0.0,
    0.0
  ],
  "nonnegativity_contribution": [
    0.0,
    0.0,
    0.0,
    0.0,
    0.0,
    0.0,
    0.0
  ],
  "regularization_share": [
    5.368248572062427e-10,
    7.236127431695482e-10,
    8.004855777229318e-10,
    8.423247435312073e-10,
    5.516770973429813e-10,
    6.089538402736915e-10,
    0.00481631206828576
  ],
  "accuracy_guard_loss": [
    0.0,
    0.0,
    0.0,
    0.0,
    0.0,
    0.0,
    0.0
  ],
  "accuracy_guard_contribution": [
    0.0,
    0.0,
    0.0,
    0.0,
    0.0,
    0.0,
    0.0
  ],
  "distill_loss": [
    0.0,
    0.0,
    0.0,
    0.0,
    0.0,
    0.0,
    0.0
  ],
  "distill_contribution": [
    0.0,
    0.0,
    0.0,
    0.0,
    0.0,
    0.0,
    0.0
  ],
  "gate_entropy": [
    0.0019003332694037221,
    0.001900479988529323,
    0.0019005716879828237,
    0.0019009109759607757,
    0.0019013358411403038,
    0.0019022344420544612,
    0.0019029312325307191
  ],
  "gate_min": [
    0.9998999131031525,
    0.9998998641967773,
    0.9998997694406754,
    0.9998996746845734,
    0.9998994760024242,
    0.9998991275445009,
    0.9998989563721877
  ],
  "gate_max": [
    0.9999000781621689,
    0.9999001026153564,
    0.9999001056720049,
    0.9999001117853018,
    0.999900221824646,
    0.999900221824646,
    0.9999002340512398
  ],
  "gate_anchor_loss": [
    1.0004416622768403e-08,
    1.0006125523595516e-08,
    1.0006933697636027e-08,
    1.0010512510096083e-08,
    1.0014945454136418e-08,
    1.0024347642565946e-08,
    1.0031937036067061e-08
  ],
  "gate_anchor_contribution": [
    5.002208348391636e-10,
    5.003062778878112e-10,
    5.003467070862618e-10,
    5.005256366070344e-10,
    5.007472784002723e-10,
    5.01217390953147e-10,
    5.015968794165924e-10
  ],
  "q_err_entropy": [
    0.9478726616272559,
    0.9231153879410181,
    0.9066074322431515,
    0.9555541781278757,
    0.9283937903550955,
    0.973103662331899,
    0.9093522169651129
  ],
  "q_err_gini": [
    0.8835485531733587,
    0.8871137423393054,
    0.8883493863619291,
    0.88296366807742,
    0.8849174120487311,
    0.8808697660764059,
    0.8875797406221048
  ],
  "q_err_corr": [
    0.9863136002891942,
    0.9781703031980075,
    0.9844510219036005,
    0.9837777094963269,
    0.9835048027527638,
    0.9809543154178522,
    0.9906646456473913
  ],
  "p_q_corr": [
    0.6961185641777821,
    0.6985029440659744,
    0.7043428833668048,
    0.6995677367234842,
    0.7034535667835138,
    0.7074685173156934,
    0.6886978286963242
  ],
  "ea_ratio": [
    0.0,
    0.0,
    0.0,
    0.0,
    0.0,
    0.0,
    0.004856879622914279
  ],
  "main_grad_norm": [
    6301.55029296875,
    7782.410888671875,
    10421.19384765625,
    9210.244873046875,
    18316.98681640625,
    14936.18212890625,
    12894.75732421875
  ],
  "ea_grad_norm": [
    8.226292371749878,
    0.6714623719453812,
    4.621590584516525,
    0.8153437972068787,
    0.1836640015244484,
    0.17994613200426102,
    0.19375814497470856
  ],
  "ea_main_grad_ratio": [
    0.0016702531471129445,
    9.000288003642524e-05,
    0.0007311647325572711,
    7.809976338035806e-05,
    1.1286935100496349e-05,
    1.5186009117940442e-05,
    1.566541098759649e-05
  ],
  "ea_scale": [
    6.982843284816734,
    112.3627988620687,
    87.3575481639922,
    137.25369594409722,
    1925.4579554208922,
    804.6636807229653,
    1667.7052084075897
  ],
  "main_grad_params": [
    26.0,
    26.0,
    26.0,
    26.0,
    26.0,
    26.0,
    26.0
  ],
  "ea_grad_params": [
    26.0,
    26.0,
    26.0,
    26.0,
    26.0,
    26.0,
    26.0
  ],
  "grad_params_total": [
    26.0,
    26.0,
    26.0,
    26.0,
    26.0,
    26.0,
    26.0
  ],
  "rank_loss_raw": [
    0.0068483571462237686,
    0.006524174456269695,
    0.0062577163454336235,
    0.006695045838848903,
    0.006613070025849037,
    0.006494319705197062,
    0.0068879360034584235
  ],
  "bottom_inv_loss_raw": [
    0.0,
    0.0,
    0.0,
    0.0,
    0.0,
    0.0,
    0.0
  ],
  "rank_pairs_count": [
    170.23076923076923,
    170.28205128205127,
    170.51282051282053,
    170.5897435897436,
    170.64102564102564,
    170.51282051282053,
    170.43589743589743
  ],
  "rank_violations_count": [
    55.05128205128205,
    53.38461538461539,
    52.87179487179487,
    53.53846153846154,
    54.0,
    54.35897435897436,
    53.64102564102564
  ],
  "rank_grad_norm": [
    4.151301860809326,
    0.869091659784317,
    4.752505779266357,
    2.7759936451911926,
    2.366159200668335,
    1.277638852596283,
    2.142675280570984
  ],
  "rank_main_grad_ratio": [
    0.0009523080451987668,
    0.0001339950818582577,
    0.0005968456179180502,
    0.0003141494178992819,
    0.00013797442428190225,
    8.48361891860382e-05,
    0.00016684213035321623
  ],
  "shap_clip_active": [
    0.0,
    0.0,
    0.0,
    0.0,
    0.02564102564102564,
    0.0,
    0.0
  ],
  "epoch_accepted": [
    1.0,
    1.0,
    1.0,
    1.0,
    1.0,
    1.0,
    1.0
  ],
  "lr": [
    8e-05,
    8e-05,
    8e-05,
    8e-05,
    8e-05,
    8e-05,
    8e-05
  ],
  "adaptive_gamma": [
    0.00019999999999999996,
    0.0002761904761904763,
    0.00035238095238095254,
    0.0004285714285714286,
    0.0005047619047619046,
    0.0005809523809523808,
    0.000657142857142857
  ],
  "convergence_slowdown": [
    0.4382039968621875,
    0.39749668829773616,
    0.365894852252629,
    0.2521146565579276,
    0.20000000000000004,
    0.20000000000000004,
    0.20000000000000004
  ],
  "shap_consistency": [
    0.09688951801031064,
    0.0970793204047741,
    0.09596714434715417,
    0.09684539548097512,
    0.09548875517570056,
    0.09426343928162868,
    0.09998243751052098
  ],
  "shap_sparsity": [
    0.9472736716270447,
    0.9472736716270447,
    0.9472736716270447,
    0.9472736716270447,
    0.9472736655137478,
    0.9472736441172086,
    0.9472736227206695
  ],
  "shap_faithfulness": [
    0.15626342231646562,
    0.1660528832521194,
    0.1725126760892379,
    0.16676552593708038,
    0.17425808883630312,
    0.1735178495828922,
    0.1730266958475113
  ],
  "shap_stability": [
    0.0,
    0.0,
    0.0,
    0.0,
    0.0,
    0.0,
    0.0
  ],
  "shap_weight_consistency": [
    1.0,
    1.0,
    1.0,
    1.0,
    1.0,
    1.0,
    1.0
  ],
  "shap_weight_sparsity": [
    0.0,
    0.0,
    0.0,
    0.0,
    0.0,
    0.0,
    0.0
  ],
  "shap_weight_faithfulness": [
    0.0,
    0.0,
    0.0,
    0.0,
    0.0,
    0.0,
    0.0
  ],