{
  "total_loss": [
    3.014554800895544,
    0.6297087317857987,
    0.49673830622281784,
    0.4183087746302287,
    0.40650783479213715,
    0.3958609532087277,
    0.3801422065649277,
    0.3770903501755152,
    0.3770547444239641,
    0.3791460742553075,
    0.37716165146766567,
    0.3768717444095856,
    0.3759517409862616,
    0.375165405181738,
    0.3851436223739233
  ],
  "main_loss": [
    2.7413702049316506,
    0.5732336754982288,
    0.4591472156536885,
    0.39252092058842,
    0.3833311605147826,
    0.3751604587603838,
    0.3693786477431273,
    0.3678155140234874,
    0.3684847377813779,
    0.36911187263635487,
    0.36770227016546786,
    0.3686249252313223,
    0.3679863543082506,
    0.36669357885152865,
    0.3718930994852995
  ],
  "shap_loss": [
    0.01394951423534598,
    0.014132112025832519,
    0.013731737645008625,
    0.013263073522979632,
    0.013388085907372909,
    0.013036411052617507,
    0.012515461072325706,
    0.012418412531797703,
    0.013525734297358073,
    0.012819862136474023,
    0.013059141054653969,
    0.013436585819969574,
    0.012383023873926738,
    0.013289504171086427,
    0.013662381431995293
  ],
  "shap_loss_normalized": [
    0.005799084582413809,
    0.007614428237176094,
    0.006329069917018597,
    0.0055123869484911365,
    0.003521984317698158,
    0.004539386375257984,
    0.0051336218185054185,
    0.0025249381298915697,
    0.002705146916783773,
    0.002563972467890917,
    0.0026118282694369555,
    0.0026873171968290056,
    0.002476604816575463,
    0.002657900880783414,
    0.002732476338935204
  ],
  "tikhonov_loss": [
    0.0,
    0.0,
    0.0,
    0.0,
    0.0,
    0.0,
    0.0,
    0.0,
    0.0,
    0.0,
    0.0,
    0.0,
    0.0,
    0.0,
    0.0
  ],
  "nonnegativity_loss": [
    0.0,
    0.0,
    0.0,
    0.0,
    0.0,
    0.0,
    0.0,
    0.0,
    0.0,
    0.0,
    0.0,
    0.0,
    0.0,
    0.0,
    0.0
  ],
  "tikhonov_lambda": [
    0.0,
    0.0,
    0.0,
    0.0,
    0.0,
    0.0,
    0.0,
    0.0,
    0.0,
    0.0,
    0.0,
    0.0,
    0.0,
    0.0,
    0.0
  ],
  "nonnegativity_lambda": [
    0.0,
    0.0,
    0.0,
    0.0,
    0.0,
    0.0,
    0.0,
    0.0,
    0.0,
    0.0,
    0.0,
    0.0,
    0.0,
    0.0,
    0.0
  ],
  "shap_scale_factor": [
    0.41790485156304213,
    0.5360806690246621,
    0.46381703153509063,
    0.41881687991409494,
    0.26984794814465146,
    0.34847989312709476,
    0.41481398786668844,
    0.2031955209438683,
    0.20000000000000004,
    0.20000000000000004,
    0.20000000000000004,
    0.20000000000000004,
    0.20000000000000004,
    0.20000000000000004,
    0.20000000000000004
  ],
  "shap_contribution": [
    0.0,
    0.0,
    0.0,
    0.0,
    0.0,
    0.0,
    1.455563012360728e-05,
    1.5134788216714813e-05,
    1.924038247708291e-05,
    2.213536297345761e-05,
    2.2949889497771765e-05,
    9.918268141262114e-05,
    0.00011278423904187571,
    0.00014954751214902036,
    5.615451328384761e-05
  ],
  "tikhonov_contribution": [
    0.0,
    0.0,
    0.0,
    0.0,
    0.0,
    0.0,
    0.0,
    0.0,
    0.0,
    0.0,
    0.0,
    0.0,
    0.0,
    0.0,
    0.0
  ],
  "nonnegativity_contribution": [
    0.0,
    0.0,
    0.0,
    0.0,
    0.0,
    0.0,
    0.0,
    0.0,
    0.0,
    0.0,
    0.0,
    0.0,
    0.0,
    0.0,
    0.0
  ],
  "regularization_share": [
    0.08857808923506343,
    0.08857809003905291,
    0.07025804435227957,
    0.05834043675462716,
    0.053429597374688706,
    0.051725954975688375,
    0.026418981206872968,
    0.020273439169185316,
    0.02345071157021774,
    0.024736533432824264,
    0.02413680676848683,
    0.019456582025906343,
    0.019135175444070025,
    0.022077759597251403,
    0.0342327800416505
  ],
  "accuracy_guard_loss": [
    2.372660665940016,
    0.2040975361298292,
    0.09143664592351669,
    0.024686581049209986,
    0.014601620726096325,
    0.009014836870706998,
    0.0029581586519877114,
    0.0027379683959178436,
    0.001967371274263431,
    0.003859676229648101,
    0.003693929849526821,
    0.00282573585326855,
    0.001582577442511534,
    0.0017642157200055246,
    0.007589112107570355
  ],
  "accuracy_guard_contribution": [
    0.2731845822089758,
    0.05647506120686348,
    0.03759109023480843,
    0.0257878561432545,
    0.02317667528031728,
    0.02070049387522233,
    0.010749003921563808,
    0.009259699055781731,
    0.008550767428599872,
    0.010012066182799829,
    0.009436429740908818,
    0.008147635712073399,
    0.007852604278387168,
    0.008322279327190839,
    0.013194370823792921
  ],
  "distill_loss": [
    0.0,
    0.0,
    0.0,
    0.0,
    0.0,
    0.0,
    0.0,
    0.0,
    0.0,
    0.0,
    0.0,
    0.0,
    0.0,
    0.0,
    0.0
  ],
  "distill_contribution": [
    0.0,
    0.0,
    0.0,
    0.0,
    0.0,
    0.0,
    0.0,
    0.0,
    0.0,
    0.0,
    0.0,
    0.0,
    0.0,
    0.0,
    0.0
  ],
  "gate_entropy": [
    0.0019005319515529734,
    0.0019002201734110713,
    0.0019002201734110713,
    0.0019002201734110713,
    0.0019002201734110713,
    0.0019002201734110713,
    0.0019002201734110713,
    0.0019002201734110713,
    0.0019002201734110713,
    0.0019002201734110713,
    0.0019002201734110713,
    0.0019002201734110713,
    0.0019002201734110713,
    0.0019002201734110713,
    0.0019002201734110713
  ],
  "gate_min": [
    0.9998998917066134,
    0.9998999834060669,
    0.9998999834060669,
    0.9998999834060669,
    0.9998999834060669,
    0.9998999834060669,
    0.9998999834060669,
    0.9998999834060669,
    0.9998999834060669,
    0.9998999834060669,
    0.9998999834060669,
    0.9998999834060669,
    0.9998999834060669,
    0.9998999834060669,
    0.9998999834060669
  ],
  "gate_max": [
    0.9999000506523328,
    0.9998999834060669,
    0.9998999834060669,
    0.9998999834060669,
    0.9998999834060669,
    0.9998999834060669,
    0.9998999834060669,
    0.9998999834060669,
    0.9998999834060669,
    0.9998999834060669,
    0.9998999834060669,
    0.9998999834060669,
    0.9998999834060669,
    0.9998999834060669,
    0.9998999834060669
  ],
  "gate_anchor_loss": [
    1.0006443263731713e-08,
    1.000331906197971e-08,
    1.000331906197971e-08,
    1.000331906197971e-08,
    1.000331906197971e-08,
    1.000331906197971e-08,
    1.000331906197971e-08,
    1.000331906197971e-08,
    1.000331906197971e-08,
    1.000331906197971e-08,
    1.000331906197971e-08,
    1.000331906197971e-08,
    1.000331906197971e-08,
    1.000331906197971e-08,
    1.000331906197971e-08
  ],
  "gate_anchor_contribution": [
    5.003221796975947e-10,
    5.001659642012157e-10,
    5.001659642012157e-10,
    5.001659642012157e-10,
    5.001659642012157e-10,
    5.001659642012157e-10,
    5.001659642012157e-10,
    5.001659642012157e-10,
    5.001659642012157e-10,
    5.001659642012157e-10,
    5.001659642012157e-10,
    5.001659642012157e-10,
    5.001659642012157e-10,
    5.001659642012157e-10,
    5.001659642012157e-10
  ],
  "q_err_entropy": [
    0.9947798817585676,
    0.9766572194221692,
    0.9442941210208795,
    0.9557950909321125,
    0.9556621710459391,
    0.9935773702768179,
    0.9614538244712048,
    0.963668806430621,
    0.966895247117067,
    0.9808311920899612,
    0.9655354924691029,
    0.98013580762423,
    0.9694945491277255,
    0.9924594530692468,
    0.9716935921937991
  ],
  "q_err_gini": [
    0.8824394054901905,
    0.8847171710087702,
    0.8873485525449117,
    0.8863676297358978,
    0.8860116891371899,
    0.8825931457372812,
    0.8867014524264213,
    0.8856135530349536,
    0.8849746982256571,
    0.8836865577942286,
    0.8869337256138141,
    0.8834373110379928,
    0.884428300918677,
    0.882225268926376,
    0.8841817424847529
  ],