{
  "total_loss": [
    3.014554800895544,
    0.6297087317857987,
    0.49673830622281784,
    0.4183087746302287,
    0.40650783479213715,
    0.3958609532087277,
    0.38014078254883105,
    0.3771208142622923,
    0.3770772348611783,
    0.3794852330898627,
    0.3773862704252585,
    0.38444050191304624,
    0.37605167619692975,
    0.37580842620287186,
    0.3857593054954822
  ],
  "main_loss": [
    2.7413702049316506,
    0.5732336754982288,
    0.4591472156536885,
    0.39252092058842,
    0.3833311605147826,
    0.3751604587603838,
    0.3693786504176947,
    0.36781551134892,
    0.3684847331964053,
    0.369111853150221,
    0.3677022457122803,
    0.3686251353759032,
    0.36798639060595095,
    0.36669363922033554,
    0.37189328861542237
  ],
  "shap_loss": [
    0.0805460305359119,
    0.07663022019924262,
    0.07107677525625779,
    0.07360706268212734,
    0.08116505457422672,
    0.07053987328440715,
    0.07343699768758737,
    0.07617819548035279,
    0.06992047251417087,
    0.07131402691205342,
    0.0730366798547598,
    0.0696411257944046,
    0.07905377161044341,
    0.07633397871485123,
    0.07233323987859946
  ],
  "shap_loss_normalized": [
    0.03256914676286471,
    0.04163680389189185,
    0.033262363551423334,
    0.031233811201766517,
    0.022432014202842347,
    0.0251313553024561,
    0.02969298843676463,
    0.015481362023796791,
    0.013984094827603072,
    0.01426280571673161,
    0.014607336169156509,
    0.013928225395293573,
    0.01581075459193343,
    0.015266795976994893,
    0.01446664830048879
  ],
  "tikhonov_loss": [
    0.0,
    0.0,
    0.0,
    0.0,
    0.0,
    0.0,
    0.0,
    0.0,
    0.0,
    0.0,
    0.0,
    0.0,
    0.0,
    0.0,
    0.0
  ],
  "nonnegativity_loss": [
    0.0,
    0.0,
    0.0,
    0.0,
    0.0,
    0.0,
    0.0,
    0.0,
    0.0,
    0.0,
    0.0,
    0.0,
    0.0,
    0.0,
    0.0
  ],
  "tikhonov_lambda": [
    0.0,
    0.0,
    0.0,
    0.0,
    0.0,
    0.0,
    0.0,
    0.0,
    0.0,
    0.0,
    0.0,
    0.0,
    0.0,
    0.0,
    0.0
  ],
  "nonnegativity_lambda": [
    0.0,
    0.0,
    0.0,
    0.0,
    0.0,
    0.0,
    0.0,
    0.0,
    0.0,
    0.0,
    0.0,
    0.0,
    0.0,
    0.0,
    0.0
  ],
  "shap_scale_factor": [
    0.41790485156304213,
    0.5360806690246621,
    0.46381703153509063,
    0.41881687991409494,
    0.26984794814465146,
    0.34847989312709476,
    0.41481398786668844,
    0.2031955209438683,
    0.20000000000000004,
    0.20000000000000004,
    0.20000000000000004,
    0.20000000000000004,
    0.20000000000000004,
    0.20000000000000004,
    0.20000000000000004
  ],
  "shap_contribution": [
    0.0,
    0.0,
    0.0,
    0.0,
    0.0,
    0.0,
    1.311023796892513e-05,
    4.559357395149933e-05,
    4.175332753966825e-05,
    0.00036138014193289937,
    0.0002475766316190577,
    0.007666782403621488,
    0.00021201018101307383,
    0.0007928837692769519,
    0.000671165744932249
  ],
  "tikhonov_contribution": [
    0.0,
    0.0,
    0.0,
    0.0,
    0.0,
    0.0,
    0.0,
    0.0,
    0.0,
    0.0,
    0.0,
    0.0,
    0.0,
    0.0,
    0.0
  ],
  "nonnegativity_contribution": [
    0.0,
    0.0,
    0.0,
    0.0,
    0.0,
    0.0,
    0.0,
    0.0,
    0.0,
    0.0,
    0.0,
    0.0,
    0.0,
    0.0,
    0.0
  ],
  "regularization_share": [
    0.08857808923506343,
    0.08857809003905291,
    0.07025804435227957,
    0.05834043675462716,
    0.053429597374688706,
    0.051725954975688375,
    0.02641592315670909,
    0.020347904984903083,
    0.023510334485535696,
    0.02563824284216651,
    0.024745879864762295,
    0.03857691048491593,
    0.019387443151963668,
    0.02375988164266756,
    0.03578643149144551
  ],
  "accuracy_guard_loss": [
    2.372660665940016,
    0.2040975361298292,
    0.09143664592351669,
    0.024686581049209986,
    0.014601620726096325,
    0.009014836870706998,
    0.0029581754635541867,
    0.002737972216728406,
    0.0019673628684801934,
    0.0038596743192428197,
    0.0036939588876870964,
    0.0028260678817064334,
    0.0015827868229303604,
    0.0017641095014718862,
    0.007589333332501925
  ],
  "accuracy_guard_contribution": [
    0.2731845822089758,
    0.05647506120686348,
    0.03759109023480843,
    0.0257878561432545,
    0.02317667528031728,
    0.02070049387522233,
    0.010749020542089757,
    0.009259710613733683,
    0.008550747942466002,
    0.010011998697733268,
    0.009436447698718462,
    0.00814858828790677,
    0.007853276741046172,
    0.008321901831107262,
    0.013194849857917199
  ],
  "distill_loss": [
    0.0,
    0.0,
    0.0,
    0.0,
    0.0,
    0.0,
    0.0,
    0.0,
    0.0,
    0.0,
    0.0,
    0.0,
    0.0,
    0.0,
    0.0
  ],
  "distill_contribution": [
    0.0,
    0.0,
    0.0,
    0.0,
    0.0,
    0.0,
    0.0,
    0.0,
    0.0,
    0.0,
    0.0,
    0.0,
    0.0,
    0.0,
    0.0
  ],
  "gate_entropy": [
    0.0019005319515529734,
    0.0019002201734110713,
    0.0019002201734110713,
    0.0019002201734110713,
    0.0019002201734110713,
    0.0019002201734110713,
    0.0019002201734110713,
    0.0019002201734110713,
    0.0019002201734110713,
    0.0019002201734110713,
    0.0019002201734110713,
    0.0019002201734110713,
    0.0019002201734110713,
    0.0019002201734110713,
    0.0019002201734110713
  ],
  "gate_min": [
    0.9998998917066134,
    0.9998999834060669,
    0.9998999834060669,
    0.9998999834060669,
    0.9998999834060669,
    0.9998999834060669,
    0.9998999834060669,
    0.9998999834060669,
    0.9998999834060669,
    0.9998999834060669,
    0.9998999834060669,
    0.9998999834060669,
    0.9998999834060669,
    0.9998999834060669,
    0.9998999834060669
  ],
  "gate_max": [
    0.9999000506523328,
    0.9998999834060669,
    0.9998999834060669,
    0.9998999834060669,
    0.9998999834060669,
    0.9998999834060669,
    0.9998999834060669,
    0.9998999834060669,
    0.9998999834060669,
    0.9998999834060669,
    0.9998999834060669,
    0.9998999834060669,
    0.9998999834060669,
    0.9998999834060669,
    0.9998999834060669
  ],
  "gate_anchor_loss": [
    1.0006443263731713e-08,
    1.000331906197971e-08,
    1.000331906197971e-08,
    1.000331906197971e-08,
    1.000331906197971e-08,
    1.000331906197971e-08,
    1.000331906197971e-08,
    1.000331906197971e-08,
    1.000331906197971e-08,
    1.000331906197971e-08,
    1.000331906197971e-08,
    1.000331906197971e-08,
    1.000331906197971e-08,
    1.000331906197971e-08,
    1.000331906197971e-08
  ],
  "gate_anchor_contribution": [
    5.003221796975947e-10,
    5.001659642012157e-10,
    5.001659642012157e-10,
    5.001659642012157e-10,
    5.001659642012157e-10,
    5.001659642012157e-10,
    5.001659642012157e-10,
    5.001659642012157e-10,
    5.001659642012157e-10,
    5.001659642012157e-10,
    5.001659642012157e-10,
    5.001659642012157e-10,
    5.001659642012157e-10,
    5.001659642012157e-10,
    5.001659642012157e-10
  ],
  "q_err_entropy": [
    0.9818407587516003,
    0.9874897079590039,
    0.9796134554422818,
    0.9644613036742578,
    0.9382708577009348,
    1.006089591062986,
    0.9677053185609671,
    0.9917738300103408,
    0.9874629653417147,
    0.9522471473767207,
    0.9830177418696575,
    0.9659963678091,
    0.9929335361871964,
    0.9685287200487577,
    0.9734701453111111
  ],
  "q_err_gini": [
    0.8835898515505668,
    0.8821573074047382,
    0.8836990793546041,
    0.8856318944539779,
    0.8897056931104416,
    0.8804669150939355,
    0.8851070388769492,
    0.8829724803949014,
    0.8822834659845401,
    0.8856524641697223,
    0.8833986673599634,
    0.8855822193316925,
    0.8824792137512794,
    0.8854348628948896,
    0.8842907058886993
  ],