{
  "total_loss": [
    3.40218201203224,
    0.785959032865671,
    0.9336684254499582,
    1.0950604211061428,
    0.7590994299986423,
    0.8354895107257061,
    0.8514981032946171
  ],
  "main_loss": [
    3.40218201203224,
    0.785959032865671,
    0.9336684254499582,
    1.0950604211061428,
    0.7590994299986423,
    0.8354895107257061,
    0.8514263140849578
  ],
  "shap_loss": [
    0.08762472113355613,
    0.0920340888775312,
    0.09996015874621196,
    0.09407481111777134,
    0.09527124340335529,
    0.09410672195446797,
    0.09680169983169971
  ],
  "shap_loss_normalized": [
    0.036327007346046276,
    0.02538262957181686,
    0.04959141477369345,
    0.022719897353687346,
    0.04443506578890941,
    0.04406798654832901,
    0.023764890833542898
  ],
  "tikhonov_loss": [
    0.0,
    0.0,
    0.0,
    0.0,
    0.0,
    0.0,
    0.0
  ],
  "nonnegativity_loss": [
    0.0,
    0.0,
    0.0,
    0.0,
    0.0,
    0.0,
    0.0
  ],
  "tikhonov_lambda": [
    0.0,
    0.0,
    0.0,
    0.0,
    0.0,
    0.0,
    0.0
  ],
  "nonnegativity_lambda": [
    0.0,
    0.0,
    0.0,
    0.0,
    0.0,
    0.0,
    0.0
  ],
  "shap_scale_factor": [
    0.41790485156304213,
    0.28282108611778944,
    0.49960213653310337,
    0.24225272361907157,
    0.4485527363712646,
    0.4682001128412489,
    0.24698645142972248
  ],
  "shap_contribution": [
    0.0,
    0.0,
    0.0,
    0.0,
    0.0,
    0.0,
    7.179532454196866e-05
  ],
  "tikhonov_contribution": [
    0.0,
    0.0,
    0.0,
    0.0,
    0.0,
    0.0,
    0.0
  ],
  "nonnegativity_contribution": [
    0.0,
    0.0,
    0.0,
    0.0,
    0.0,
    0.0,
    0.0
  ],
  "regularization_share": [
    3.371777703717125e-10,
    6.923199637661376e-10,
    6.187394023453093e-10,
    5.345651801379282e-10,
    7.410683512027478e-10,
    6.778455727128755e-10,
    9.423969800537781e-05
  ],
  "accuracy_guard_loss": [
    0.0,
    0.0,
    0.0,
    0.0,
    0.0,
    0.0,
    0.0
  ],
  "accuracy_guard_contribution": [
    0.0,
    0.0,
    0.0,
    0.0,
    0.0,
    0.0,
    0.0
  ],
  "distill_loss": [
    0.0,
    0.0,
    0.0,
    0.0,
    0.0,
    0.0,
    0.0
  ],
  "distill_contribution": [
    0.0,
    0.0,
    0.0,
    0.0,
    0.0,
    0.0,
    0.0
  ],
  "gate_entropy": [
    0.0019005288949045234,
    0.0019010179586565266,
    0.0019014825542958884,
    0.0019020937824956118,
    0.0019030840470431708,
    0.0019038236126876795,
    0.0019046244515965765
  ],
  "gate_min": [
    0.9998998917066134,
    0.9998997786106207,
    0.9998996930244641,
    0.9998995310220963,
    0.9998992742636265,
    0.999899032788399,
    0.9998988218796558
  ],
  "gate_max": [
    0.9999000231424967,
    0.9999001026153564,
    0.9999000689922235,
    0.9999001026153564,
    0.9999001026153564,
    0.9999001026153564,
    0.9999001026153564
  ],
  "gate_anchor_loss": [
    1.0006442944898435e-08,
    1.0011533482576432e-08,
    1.0016562713169664e-08,
    1.0022826648409113e-08,
    1.003329763431082e-08,
    1.0041261087569463e-08,
    1.0049631850341857e-08
  ],
  "gate_anchor_contribution": [
    5.003221654639662e-10,
    5.005767040194414e-10,
    5.008281453373505e-10,
    5.011413449460488e-10,
    5.016648862703021e-10,
    5.020630691814468e-10,
    5.024816061813763e-10
  ],
  "q_err_entropy": [
    0.8054868502494617,
    0.832901480106207,
    0.7606159035976117,
    0.8284855790627308,
    0.821000045690781,
    0.8364238731372051,
    0.7852425063267733
  ],
  "q_err_gini": [
    0.9022968640694251,
    0.9007064256912622,
    0.9069828100693531,
    0.9004771464910263,
    0.9023938882045257,
    0.9001194391495142,
    0.9053334868871249
  ],
  "q_err_corr": [
    0.9174659832527763,
    0.941987679554866,
    0.9326078456181747,
    0.9273985502047416,
    0.9516635613563733,
    0.9132446677256854,
    0.9127561457646198
  ],
  "p_q_corr": [
    0.714049620506091,
    0.7007482403363937,
    0.6752039759587019,
    0.6960745484401019,
    0.6898579459923965,
    0.6939018215888586,
    0.6865518689155579
  ],
  "ea_ratio": [
    0.0,
    0.0,
    0.0,
    0.0,
    0.0,
    0.0,
    9.425313286416125e-05
  ],
  "main_grad_norm": [
    11542.542724609375,
    9635.5126953125,
    21317.28662109375,
    15987.30322265625,
    13291.735595703125,
    13787.67041015625,
    24642.63134765625
  ],
  "ea_grad_norm": [
    5.357338711619377,
    6.71534538269043,
    9.634485721588135,
    1.266596868634224,
    8.259288549423218,
    2.6737749502062798,
    11.041146039962769
  ],
  "ea_main_grad_ratio": [
    0.0020528497971980695,
    0.0007032118100021252,
    0.00038037062476368305,
    7.170462103834163e-05,
    0.0007453621375621989,
    0.0001793711368962864,
    0.0006407075655077964
  ],
  "ea_scale": [
    304.7867834847507,
    14.29194227771572,
    43.30516915662382,
    309.84153802520257,
    14.452853766371353,
    301.25161898245057,
    30.907201605904863
  ],
  "main_grad_params": [
    26.0,
    26.0,
    26.0,
    26.0,
    26.0,
    26.0,
    26.0
  ],
  "ea_grad_params": [
    26.0,
    26.0,
    26.0,
    26.0,
    26.0,
    26.0,
    26.0
  ],
  "grad_params_total": [
    26.0,
    26.0,
    26.0,
    26.0,
    26.0,
    26.0,
    26.0
  ],
  "rank_loss_raw": [
    0.00693805998740479,
    0.007330828179151584,
    0.007791305056367165,
    0.007397323011014706,
    0.007547125106868453,
    0.0074462370994763495,
    0.0075252234774570055
  ],
  "bottom_inv_loss_raw": [
    0.0,
    0.0,
    0.0,
    0.0,
    0.0,
    0.0,
    0.0
  ],
  "rank_pairs_count": [
    170.35897435897436,
    170.4102564102564,
    170.3846153846154,
    170.25641025641025,
    170.33333333333334,
    170.25641025641025,
    170.28205128205127
  ],
  "rank_violations_count": [
    54.07692307692308,
    54.48717948717949,
    54.84615384615385,
    54.69230769230769,
    54.43589743589744,
    54.717948717948715,
    54.43589743589744
  ],
  "rank_grad_norm": [
    2.148530125617981,
    5.213473558425903,
    5.555042624473572,
    1.43128103017807,
    6.63266396522522,
    3.196405827999115,
    5.368044376373291
  ],
  "rank_main_grad_ratio": [
    0.0006043124140993963,
    0.0005447525197592066,
    0.00022480135108177455,
    9.557289960857527e-05,
    0.0006034934803083229,
    0.00022150496525714892,
    0.00027736381600995224
  ],
  "shap_clip_active": [
    0.0,
    0.0,
    0.0,
    0.0,
    0.0,
    0.0,
    0.0
  ],
  "epoch_accepted": [
    1.0,
    1.0,
    1.0,
    1.0,
    1.0,
    1.0,
    1.0
  ],
  "lr": [
    8e-05,
    8e-05,
    8e-05,
    8e-05,
    8e-05,
    8e-05,
    8e-05
  ],
  "adaptive_gamma": [
    0.00019999999999999996,
    0.0002761904761904763,
    0.00035238095238095254,
    0.0004285714285714286,
    0.0005047619047619046,
    0.0005809523809523808,
    0.000657142857142857
  ],
  "convergence_slowdown": [
    0.41790485156304213,
    0.28282108611778944,
    0.49960213653310337,
    0.24225272361907157,
    0.4485527363712646,
    0.4682001128412489,
    0.24698645142972248
  ],
  "shap_consistency": [
    0.08762472113355613,
    0.0920340888775312,
    0.09996015874621196,
    0.09407481111777134,
    0.09527124340335529,
    0.09410672195446797,
    0.09680169983169971
  ],
  "shap_sparsity": [
    0.9472736685703962,
    0.9472736624570993,
    0.9472736502305056,
    0.9472735921541849,
    0.9472734882281377,
    0.9472734515483563,
    0.9472734332084656
  ],
  "shap_faithfulness": [
    0.34996632505685854,
    0.36013892675057435,
    0.3733823658564152,
    0.36944244458125186,
    0.36170770877446884,
    0.35847020607728225,
    0.3762461298551315
  ],
  "shap_stability": [
    0.0,
    0.0,
    0.0,
    0.0,
    0.0,
    0.0,
    0.0
  ],
  "shap_weight_consistency": [
    1.0,
    1.0,
    1.0,
    1.0,
    1.0,
    1.0,
    1.0
  ],
  "shap_weight_sparsity": [
    0.0,
    0.0,
    0.0,
    0.0,
    0.0,
    0.0,
    0.0
  ],
  "shap_weight_faithfulness": [
    0.0,
    0.0,
    0.0,
    0.0,
    0.0,
    0.0,
    0.0
  ],