{
  "total_loss": [
    3.40218201203224,
    0.785959032865671,
    0.9336684254499582,
    1.0950604211061428,
    0.7590994299986423,
    0.8354895107257061,
    0.85185107588768
  ],
  "main_loss": [
    3.40218201203224,
    0.785959032865671,
    0.9336684254499582,
    1.0950604211061428,
    0.7590994299986423,
    0.8354895107257061,
    0.8514271256251212
  ],
  "shap_loss": [
    0.48647730625592744,
    0.4879334889925443,
    0.48727936775256425,
    0.48759885629018146,
    0.48758500814437866,
    0.4871063156005664,
    0.4873450306745676
  ],
  "shap_loss_normalized": [
    0.2026590823363035,
    0.13809167803862157,
    0.24343641790059897,
    0.11812479201799785,
    0.21860462694596022,
    0.22813891848692527,
    0.12039705824393493
  ],
  "tikhonov_loss": [
    0.0,
    0.0,
    0.0,
    0.0,
    0.0,
    0.0,
    0.0
  ],
  "nonnegativity_loss": [
    0.0,
    0.0,
    0.0,
    0.0,
    0.0,
    0.0,
    0.0
  ],
  "tikhonov_lambda": [
    0.0,
    0.0,
    0.0,
    0.0,
    0.0,
    0.0,
    0.0
  ],
  "nonnegativity_lambda": [
    0.0,
    0.0,
    0.0,
    0.0,
    0.0,
    0.0,
    0.0
  ],
  "shap_scale_factor": [
    0.41790485156304213,
    0.28282108611778944,
    0.49960213653310337,
    0.24225272361907157,
    0.4485527363712646,
    0.4682001128412489,
    0.24698645142972248
  ],
  "shap_contribution": [
    0.0,
    0.0,
    0.0,
    0.0,
    0.0,
    0.0,
    0.0004239503752428274
  ],
  "tikhonov_contribution": [
    0.0,
    0.0,
    0.0,
    0.0,
    0.0,
    0.0,
    0.0
  ],
  "nonnegativity_contribution": [
    0.0,
    0.0,
    0.0,
    0.0,
    0.0,
    0.0,
    0.0
  ],
  "regularization_share": [
    3.371777703717125e-10,
    6.923199637661376e-10,
    6.187394023453093e-10,
    5.345651801379282e-10,
    7.410683512027478e-10,
    6.778455727128755e-10,
    0.0005664325643498726
  ],
  "accuracy_guard_loss": [
    0.0,
    0.0,
    0.0,
    0.0,
    0.0,
    0.0,
    0.0
  ],
  "accuracy_guard_contribution": [
    0.0,
    0.0,
    0.0,
    0.0,
    0.0,
    0.0,
    0.0
  ],
  "distill_loss": [
    0.0,
    0.0,
    0.0,
    0.0,
    0.0,
    0.0,
    0.0
  ],
  "distill_contribution": [
    0.0,
    0.0,
    0.0,
    0.0,
    0.0,
    0.0,
    0.0
  ],
  "gate_entropy": [
    0.0019005288949045234,
    0.0019010179586565266,
    0.0019014825542958884,
    0.0019020937824956118,
    0.0019030840470431708,
    0.0019038236126876795,
    0.0019046244515965765
  ],
  "gate_min": [
    0.9998998917066134,
    0.9998997786106207,
    0.9998996930244641,
    0.9998995310220963,
    0.9998992742636265,
    0.999899032788399,
    0.9998988218796558
  ],
  "gate_max": [
    0.9999000231424967,
    0.9999001026153564,
    0.9999000689922235,
    0.9999001026153564,
    0.9999001026153564,
    0.9999001026153564,
    0.9999001026153564
  ],
  "gate_anchor_loss": [
    1.0006442944898435e-08,
    1.0011533482576432e-08,
    1.0016562713169664e-08,
    1.0022826648409113e-08,
    1.003329763431082e-08,
    1.0041261087569463e-08,
    1.0049631850341857e-08
  ],
  "gate_anchor_contribution": [
    5.003221654639662e-10,
    5.005767040194414e-10,
    5.008281453373505e-10,
    5.011413449460488e-10,
    5.016648862703021e-10,
    5.020630691814468e-10,
    5.024816061813763e-10
  ],
  "q_err_entropy": [
    0.7853015347933158,
    0.8185924956431756,
    0.8579705571516966,
    0.8591615358988444,
    0.8212027511535547,
    0.8204488922388126,
    0.8661191692719092
  ],
  "q_err_gini": [
    0.9050703797584925,
    0.9019365448218125,
    0.8975076461449648,
    0.8972500455685151,
    0.9018174073635004,
    0.9019053700642709,
    0.8972289134294559
  ],
  "q_err_corr": [
    0.9445863021047491,
    0.9159139287777436,
    0.9392628501623105,
    0.9433882679694738,
    0.9184823578748947,
    0.8876317701278589,
    0.8927212189405392
  ],
  "p_q_corr": [
    -0.19186339546472597,
    -0.19280648842836037,
    -0.1962924423890236,
    -0.19798784951368967,
    -0.19740519271447107,
    -0.1979559587362485,
    -0.2035184254248937
  ],
  "ea_ratio": [
    0.0,
    0.0,
    0.0,
    0.0,
    0.0,
    0.0,
    0.0005668047226022165
  ],
  "main_grad_norm": [
    11542.542724609375,
    9635.5126953125,
    21317.28662109375,
    15987.30322265625,
    13291.735595703125,
    13787.67041015625,
    24642.70166015625
  ],
  "ea_grad_norm": [
    18.573850750923157,
    4.8260602951049805,
    10.04898452758789,
    3.6784238815307617,
    4.753639221191406,
    10.186557292938232,
    6.963841676712036
  ],
  "ea_main_grad_ratio": [
    0.006665083315795245,
    0.0005026167719514986,
    0.0005500178948682857,
    0.0002272452444397145,
    0.0005065062305046418,
    0.0007697463345978498,
    0.00034025576580158987
  ],
  "ea_scale": [
    26.987551049688918,
    19.900800452535073,
    23.060159697193043,
    44.25554647396774,
    25.809282914660546,
    16.029700897871663,
    34.63510597799578
  ],
  "main_grad_params": [
    26.0,
    26.0,
    26.0,
    26.0,
    26.0,
    26.0,
    26.0
  ],
  "ea_grad_params": [
    26.0,
    26.0,
    26.0,
    26.0,
    26.0,
    26.0,
    26.0
  ],
  "grad_params_total": [
    26.0,
    26.0,
    26.0,
    26.0,
    26.0,
    26.0,
    26.0
  ],
  "rank_loss_raw": [
    0.05576261132955551,
    0.05732488871002809,
    0.056229718698140904,
    0.05693130061412469,
    0.056302522333004534,
    0.05498655340992487,
    0.05662576070962808
  ],
  "bottom_inv_loss_raw": [
    0.0,
    0.0,
    0.0,
    0.0,
    0.0,
    0.0,
    0.0
  ],
  "rank_pairs_count": [
    110.87179487179488,
    108.35897435897436,
    109.33333333333333,
    109.51282051282051,
    109.94871794871794,
    112.05128205128206,
    112.3076923076923
  ],
  "rank_violations_count": [
    86.25641025641026,
    85.12820512820512,
    85.1025641025641,
    85.43589743589743,
    85.7948717948718,
    85.51282051282051,
    86.92307692307692
  ],
  "rank_grad_norm": [
    14.78623104095459,
    19.636624336242676,
    22.16538429260254,
    13.298062324523926,
    14.235180854797363,
    13.785634994506836,
    17.69634246826172
  ],
  "rank_main_grad_ratio": [
    0.0032977479317960363,
    0.0019991354767582353,
    0.00109508823971509,
    0.0008451049003889113,
    0.0013719973526250032,
    0.0010088687808934445,
    0.000867180156570518
  ],
  "shap_clip_active": [
    0.0,
    0.0,
    0.0,
    0.0,
    0.0,
    0.0,
    0.0
  ],
  "epoch_accepted": [
    1.0,
    1.0,
    1.0,
    1.0,
    1.0,
    1.0,
    1.0
  ],
  "lr": [
    8e-05,
    8e-05,
    8e-05,
    8e-05,
    8e-05,
    8e-05,
    8e-05
  ],
  "adaptive_gamma": [
    0.00019999999999999996,
    0.0002761904761904763,
    0.00035238095238095254,
    0.0004285714285714286,
    0.0005047619047619046,
    0.0005809523809523808,
    0.000657142857142857
  ],
  "convergence_slowdown": [
    0.41790485156304213,
    0.28282108611778944,
    0.49960213653310337,
    0.24225272361907157,
    0.4485527363712646,
    0.4682001128412489,
    0.24698645142972248
  ],
  "shap_consistency": [
    0.48647730625592744,
    0.4879334889925443,
    0.48727936775256425,
    0.48759885629018146,
    0.48758500814437866,
    0.4871063156005664,
    0.4873450306745676
  ],
  "shap_sparsity": [
    0.9472736685703962,
    0.9472736716270447,
    0.9472736471738571,
    0.9472736013241303,
    0.9472734882281377,
    0.9472734393217624,
    0.9472734332084656
  ],
  "shap_faithfulness": [
    0.35613866799916977,
    0.3656323682039212,
    0.35511610752496964,
    0.3539372453322777,
    0.35665554648790604,
    0.3519146992610051,
    0.3442241618266472
  ],
  "shap_stability": [
    0.0,
    0.0,
    0.0,
    0.0,
    0.0,
    0.0,
    0.0
  ],
  "shap_weight_consistency": [
    1.0,
    1.0,
    1.0,
    1.0,
    1.0,
    1.0,
    1.0
  ],
  "shap_weight_sparsity": [
    0.0,
    0.0,
    0.0,
    0.0,
    0.0,
    0.0,
    0.0
  ],
  "shap_weight_faithfulness": [
    0.0,
    0.0,
    0.0,
    0.0,
    0.0,
    0.0,
    0.0
  ],