{
  "total_loss": [
    4.14280675466244,
    0.7729894900933291,
    0.83159472544988,
    0.762903936398335,
    0.7762012046117049,
    0.6861984301836063,
    0.7441245493216392,
    0.6875620117554297,
    0.8259917291311117,
    0.8688500019220206
  ],
  "main_loss": [
    4.14280675466244,
    0.7729894900933291,
    0.83159472544988,
    0.762903936398335,
    0.7762012046117049,
    0.6861984301836063,
    0.7441245493216392,
    0.6875620117554297,
    0.8259917291311117,
    0.8688500019220206
  ],
  "shap_loss": [
    0.0,
    0.0,
    0.0,
    0.0,
    0.0,
    0.0,
    0.0,
    0.0,
    0.0,
    0.0
  ],
  "shap_loss_normalized": [
    0.0,
    0.0,
    0.0,
    0.0,
    0.0,
    0.0,
    0.0,
    0.0,
    0.0,
    0.0
  ],
  "tikhonov_loss": [
    0.0,
    0.0,
    0.0,
    0.0,
    0.0,
    0.0,
    0.0,
    0.0,
    0.0,
    0.0
  ],
  "nonnegativity_loss": [
    0.0,
    0.0,
    0.0,
    0.0,
    0.0,
    0.0,
    0.0,
    0.0,
    0.0,
    0.0
  ],
  "tikhonov_lambda": [
    0.0,
    0.0,
    0.0,
    0.0,
    0.0,
    0.0,
    0.0,
    0.0,
    0.0,
    0.0
  ],
  "nonnegativity_lambda": [
    0.0,
    0.0,
    0.0,
    0.0,
    0.0,
    0.0,
    0.0,
    0.0,
    0.0,
    0.0
  ],
  "shap_scale_factor": [
    1671619.406252169,
    800418.6289900576,
    800000.0,
    800000.0,
    1665392.4506265083,
    806645.5846157181,
    800000.0,
    800000.0,
    800000.0,
    800000.0
  ],
  "shap_contribution": [
    0.0,
    0.0,
    0.0,
    0.0,
    0.0,
    0.0,
    0.0,
    0.0,
    0.0,
    0.0
  ],
  "tikhonov_contribution": [
    0.0,
    0.0,
    0.0,
    0.0,
    0.0,
    0.0,
    0.0,
    0.0,
    0.0,
    0.0
  ],
  "nonnegativity_contribution": [
    0.0,
    0.0,
    0.0,
    0.0,
    0.0,
    0.0,
    0.0,
    0.0,
    0.0,
    0.0
  ],
  "regularization_share": [
    2.992990643731949e-10,
    6.998865279198111e-10,
    6.600180449256595e-10,
    7.045791417958728e-10,
    7.305680200690386e-10,
    7.898241168672301e-10,
    7.253689863151422e-10,
    8.067232191237637e-10,
    7.11222006916215e-10,
    6.817809081751199e-10
  ],
  "accuracy_guard_loss": [
    0.0,
    0.0,
    0.0,
    0.0,
    0.0,
    0.0,
    0.0,
    0.0,
    0.0,
    0.0
  ],
  "accuracy_guard_contribution": [
    0.0,
    0.0,
    0.0,
    0.0,
    0.0,
    0.0,
    0.0,
    0.0,
    0.0,
    0.0
  ],
  "distill_loss": [
    0.0,
    0.0,
    0.0,
    0.0,
    0.0,
    0.0,
    0.0,
    0.0,
    0.0,
    0.0
  ],
  "distill_contribution": [
    0.0,
    0.0,
    0.0,
    0.0,
    0.0,
    0.0,
    0.0,
    0.0,
    0.0,
    0.0
  ],
  "gate_entropy": [
    0.0019004310821541226,
    0.0019006144810611238,
    0.001901063808383277,
    0.0019015100790569798,
    0.0019020112529874612,
    0.001902573676302265,
    0.0019034079652136336,
    0.0019039519919225802,
    0.0019046519644176348,
    0.0019053947299909897
  ],
  "gate_min": [
    0.9998998947632618,
    0.9998998030638083,
    0.9998997449874878,
    0.9998996410614405,
    0.9998994484925882,
    0.9998993017734625,
    0.9998991122612586,
    0.9998988982958671,
    0.9998986415373974,
    0.9998984245153574
  ],
  "gate_max": [
    0.9999000170291998,
    0.9999001026153564,
    0.9999000414823874,
    0.999900072048872,
    0.9999000537089813,
    0.999900072048872,
    0.9999001026153564,
    0.9999001026153564,
    0.9999001209552472,
    0.9999002095980521
  ],
  "gate_anchor_loss": [
    1.0005477062253913e-08,
    1.0007411127697324e-08,
    1.0012050083583418e-08,
    1.001682256229194e-08,
    1.0022021594379975e-08,
    1.0028003020560542e-08,
    1.0036826435493705e-08,
    1.0042609661243846e-08,
    1.0050005386301855e-08,
    1.005793096672173e-08
  ],
  "gate_anchor_contribution": [
    5.002738693390322e-10,
    5.003705612242999e-10,
    5.006025223982155e-10,
    5.008411349467387e-10,
    5.011010893978661e-10,
    5.01400164976983e-10,
    5.018413391397121e-10,
    5.021305009965642e-10,
    5.025002892421727e-10,
    5.028965548835556e-10
  ],
  "q_err_entropy": [
    NaN,
    NaN,
    NaN,
    NaN,
    NaN,
    NaN,
    NaN,
    NaN,
    NaN,
    NaN
  ],
  "q_err_gini": [
    NaN,
    NaN,
    NaN,
    NaN,
    NaN,
    NaN,
    NaN,
    NaN,
    NaN,
    NaN
  ],
  "q_err_corr": [
    NaN,
    NaN,
    NaN,
    NaN,
    NaN,
    NaN,
    NaN,
    NaN,
    NaN,
    NaN
  ],
  "p_q_corr": [
    NaN,
    NaN,
    NaN,
    NaN,
    NaN,
    NaN,
    NaN,
    NaN,
    NaN,
    NaN
  ],
  "ea_ratio": [
    0.0,
    0.0,
    0.0,
    0.0,
    0.0,
    0.0,
    0.0,
    0.0,
    0.0,
    0.0
  ],
  "main_grad_norm": [
    24511.489501953125,
    20169.2080078125,
    20534.3798828125,
    12645.71826171875,
    9236.40576171875,
    11426.208984375,
    13650.0673828125,
    8364.78662109375,
    10068.11669921875,
    9276.61279296875
  ],
  "ea_grad_norm": [
    0.0,
    0.0,
    0.0,
    0.0,
    0.0,
    0.0,
    0.0,
    0.0,
    0.0,
    0.0
  ],
  "ea_main_grad_ratio": [
    0.0,
    0.0,
    0.0,
    0.0,
    0.0,
    0.0,
    0.0,
    0.0,
    0.0,
    0.0
  ],
  "ea_scale": [
    10000.0,
    10000.0,
    10000.0,
    10000.0,
    10000.0,
    10000.0,
    10000.0,
    10000.0,
    10000.0,
    10000.0
  ],
  "main_grad_params": [
    26.0,
    26.0,
    26.0,
    26.0,
    26.0,
    26.0,
    26.0,
    26.0,
    26.0,
    26.0
  ],
  "ea_grad_params": [
    0.0,
    0.0,
    0.0,
    0.0,
    0.0,
    0.0,
    0.0,
    0.0,
    0.0,
    0.0
  ],
  "grad_params_total": [
    26.0,
    26.0,
    26.0,
    26.0,
    26.0,
    26.0,
    26.0,
    26.0,
    26.0,
    26.0
  ],
  "rank_loss_raw": [
    NaN,
    NaN,
    NaN,
    NaN,
    NaN,
    NaN,
    NaN,
    NaN,
    NaN,
    NaN
  ],
  "bottom_inv_loss_raw": [
    NaN,
    NaN,
    NaN,
    NaN,
    NaN,
    NaN,
    NaN,
    NaN,
    NaN,
    NaN
  ],
  "rank_pairs_count": [
    NaN,
    NaN,
    NaN,
    NaN,
    NaN,
    NaN,
    NaN,
    NaN,
    NaN,
    NaN
  ],
  "rank_violations_count": [
    NaN,
    NaN,
    NaN,
    NaN,
    NaN,
    NaN,
    NaN,
    NaN,
    NaN,
    NaN
  ],
  "rank_grad_norm": [
    NaN,
    NaN,
    NaN,
    NaN,
    NaN,
    NaN,
    NaN,
    NaN,
    NaN,
    NaN
  ],
  "rank_main_grad_ratio": [
    NaN,
    NaN,
    NaN,
    NaN,
    NaN,
    NaN,
    NaN,
    NaN,
    NaN,
    NaN
  ],
  "shap_clip_active": [
    0.0,
    0.0,
    0.0,
    0.0,
    0.0,
    0.0,
    0.0,
    0.0,
    0.0,
    0.0
  ],
  "epoch_accepted": [
    1.0,
    1.0,
    1.0,
    1.0,
    1.0,
    1.0,
    1.0,
    1.0,
    1.0,
    1.0
  ],
  "lr": [
    8e-05,
    8e-05,
    8e-05,
    8e-05,
    8e-05,
    8e-05,
    8e-05,
    8e-05,
    8e-05,
    8e-05
  ],
  "adaptive_gamma": [
    0.00019999999999999996,
    0.0002571428571428571,
    0.00031428571428571443,
    0.00037142857142857143,
    0.0004285714285714286,
    0.000485714285714286,
    0.000542857142857143,
    0.0006000000000000001,
    0.000657142857142857,
    0.0007142857142857146
  ],
  "convergence_slowdown": [
    0.41790485156304213,
    0.20010465724751442,
    0.20000000000000004,
    0.20000000000000004,
    0.4163481126566271,
    0.20166139615392956,
    0.20000000000000004,
    0.20000000000000004,
    0.20000000000000004,
    0.20000000000000004
  ],
  "shap_consistency": [
    0.0,
    0.0,
    0.0,
    0.0,
    0.0,
    0.0,
    0.0,
    0.0,
    0.0,
    0.0
  ],
  "shap_sparsity": [
    0.0,
    0.0,
    0.0,
    0.0,
    0.0,
    0.0,
    0.0,
    0.0,
    0.0,
    0.0
  ],
  "shap_faithfulness": [
    20.203289309373268,
    39.75963278917166,
    37.68380494606801,
    39.43507446998205,
    38.402577491906975,
    40.23695845481677,
    39.36920821361053,
    39.424179064921844,
    38.39558528019832,
    38.35719202114986
  ],
  "shap_stability": [
    0.0,
    0.0,
    0.0,
    0.0,
    0.0,
    0.0,
    0.0,
    0.0,
    0.0,
    0.0
  ],
  "shap_weight_consistency": [
    0.0,
    0.0,
    0.0,
    0.0,
    0.0,
    0.0,
    0.0,
    0.0,
    0.0,
    0.0
  ],