{
  "total_loss": [
    2.708057891864043,
    0.6783433518348596,
    0.44362750038122517,
    0.4453081488609314,
    0.4337567732884334,
    0.4033506768636214,
    0.39446074152604127,
    0.3946991421473332,
    0.3926819933530612,
    0.3856888501307903,
    0.3918006175603622,
    0.39151199811544174,
    0.38825424321186847,
    0.38918963915262467,
    0.38866839347741544
  ],
  "main_loss": [
    2.4628864282216782,
    0.6180330339150552,
    0.4118745082463974,
    0.4125598661410503,
    0.4069731808625735,
    0.3846922367811203,
    0.38081922974341953,
    0.37998382097635514,
    0.37965578146469897,
    0.37639959767842907,
    0.3783401384567603,
    0.3797425299118727,
    0.3778610661243781,
    0.37942828505467147,
    0.3783331838173744
  ],
  "shap_loss": [
    0.05507983678044417,
    0.05366540375428322,
    0.05365569813129229,
    0.05376242349545161,
    0.05304766016510817,
    0.05336598612559147,
    0.05362547408693876,
    0.054011100282271705,
    0.053778259322429314,
    0.05371957673476292,
    0.05396115302275389,
    0.05356752433073826,
    0.05364262417722971,
    0.05412506656004833,
    0.05347006787092258
  ],
  "shap_loss_normalized": [
    0.024342605987420447,
    0.0283299126686194,
    0.025128506816541538,
    0.02057462956947394,
    0.01060953220495811,
    0.01067319744003889,
    0.010725094960668148,
    0.010802220242718855,
    0.010755652108062536,
    0.010743915580977231,
    0.010792230781263266,
    0.010713505033308115,
    0.010728525021710457,
    0.010825013503050193,
    0.010694013717464911
  ],
  "tikhonov_loss": [
    0.0,
    0.0,
    0.0,
    0.0,
    0.0,
    0.0,
    0.0,
    0.0,
    0.0,
    0.0,
    0.0,
    0.0,
    0.0,
    0.0,
    0.0
  ],
  "nonnegativity_loss": [
    0.0,
    0.0,
    0.0,
    0.0,
    0.0,
    0.0,
    0.0,
    0.0,
    0.0,
    0.0,
    0.0,
    0.0,
    0.0,
    0.0,
    0.0
  ],
  "tikhonov_lambda": [
    0.0,
    0.0,
    0.0,
    0.0,
    0.0,
    0.0,
    0.0,
    0.0,
    0.0,
    0.0,
    0.0,
    0.0,
    0.0,
    0.0,
    0.0
  ],
  "nonnegativity_lambda": [
    0.0,
    0.0,
    0.0,
    0.0,
    0.0,
    0.0,
    0.0,
    0.0,
    0.0,
    0.0,
    0.0,
    0.0,
    0.0,
    0.0,
    0.0
  ],
  "shap_scale_factor": [
    0.4382039968621875,
    0.5301808108980833,
    0.4686513649598794,
    0.37931487011591797,
    0.20000000000000004,
    0.20000000000000004,
    0.20000000000000004,
    0.20000000000000004,
    0.20000000000000004,
    0.20000000000000004,
    0.20000000000000004,
    0.20000000000000004,
    0.20000000000000004,
    0.20000000000000004,
    0.20000000000000004
  ],
  "shap_contribution": [
    0.0,
    0.0,
    0.0,
    0.0,
    0.0,
    0.0,
    1.179409938254722e-05,
    7.3873695024910075e-06,
    6.298866178556823e-05,
    4.682794828206683e-05,
    6.882419639180462e-05,
    6.610526711133738e-05,
    8.264736131353017e-05,
    6.355222066280802e-05,
    7.589284648882966e-05
  ],
  "tikhonov_contribution": [
    0.0,
    0.0,
    0.0,
    0.0,
    0.0,
    0.0,
    0.0,
    0.0,
    0.0,
    0.0,
    0.0,
    0.0,
    0.0,
    0.0,
    0.0
  ],
  "nonnegativity_contribution": [
    0.0,
    0.0,
    0.0,
    0.0,
    0.0,
    0.0,
    0.0,
    0.0,
    0.0,
    0.0,
    0.0,
    0.0,
    0.0,
    0.0,
    0.0
  ],
  "regularization_share": [
    0.08857808902920775,
    0.08785657309192955,
    0.06889023239412147,
    0.06728248381079456,
    0.05628837649139681,
    0.04312918644518415,
    0.03221895806592892,
    0.03593388827113909,
    0.02925811581628499,
    0.02069500880541244,
    0.030875828873716572,
    0.027697990926895504,
    0.025602836476022513,
    0.023503213607017435,
    0.026866824910455517
  ],
  "accuracy_guard_loss": [
    2.084677184239412,
    0.23987826170065465,
    0.035819243926268354,
    0.036549325936879866,
    0.031390164907162,
    0.00792085207425631,
    0.005627097227634528,
    0.004901626171209874,
    0.003587708259240175,
    0.0028826196988423667,
    0.003252959404236231,
    0.004872447405105982,
    0.0026814410319695105,
    0.003909655870535435,
    0.0028475221150960676
  ],
  "accuracy_guard_contribution": [
    0.24517146966014153,
    0.06031032068989216,
    0.03175299055874348,
    0.03274828486908705,
    0.026783590133373555,
    0.018658440082501143,
    0.013629719328421813,
    0.01470793372927568,
    0.012963224297914749,
    0.009242425792110272,
    0.013391658186148375,
    0.011703361876499958,
    0.01031053114013794,
    0.009697802651386995,
    0.01025931804608076
  ],
  "distill_loss": [
    0.0,
    0.0,
    0.0,
    0.0,
    0.0,
    0.0,
    0.0,
    0.0,
    0.0,
    0.0,
    0.0,
    0.0,
    0.0,
    0.0,
    0.0
  ],
  "distill_contribution": [
    0.0,
    0.0,
    0.0,
    0.0,
    0.0,
    0.0,
    0.0,
    0.0,
    0.0,
    0.0,
    0.0,
    0.0,
    0.0,
    0.0,
    0.0
  ],
  "gate_entropy": [
    0.0019003332694037221,
    0.0019002201734110713,
    0.0019002201734110713,
    0.0019002201734110713,
    0.0019002201734110713,
    0.0019002201734110713,
    0.0019002201734110713,
    0.0019002201734110713,
    0.0019002201734110713,
    0.0019002201734110713,
    0.0019002201734110713,
    0.0019002201734110713,
    0.0019002201734110713,
    0.0019002201734110713,
    0.0019002201734110713
  ],
  "gate_min": [
    0.9998999131031525,
    0.9998999834060669,
    0.9998999834060669,
    0.9998999834060669,
    0.9998999834060669,
    0.9998999834060669,
    0.9998999834060669,
    0.9998999834060669,
    0.9998999834060669,
    0.9998999834060669,
    0.9998999834060669,
    0.9998999834060669,
    0.9998999834060669,
    0.9998999834060669,
    0.9998999834060669
  ],
  "gate_max": [
    0.9999000781621689,
    0.9998999834060669,
    0.9998999834060669,
    0.9998999834060669,
    0.9998999834060669,
    0.9998999834060669,
    0.9998999834060669,
    0.9998999834060669,
    0.9998999834060669,
    0.9998999834060669,
    0.9998999834060669,
    0.9998999834060669,
    0.9998999834060669,
    0.9998999834060669,
    0.9998999834060669
  ],
  "gate_anchor_loss": [
    1.0004416622768403e-08,
    1.000331906197971e-08,
    1.000331906197971e-08,
    1.000331906197971e-08,
    1.000331906197971e-08,
    1.000331906197971e-08,
    1.000331906197971e-08,
    1.000331906197971e-08,
    1.000331906197971e-08,
    1.000331906197971e-08,
    1.000331906197971e-08,
    1.000331906197971e-08,
    1.000331906197971e-08,
    1.000331906197971e-08,
    1.000331906197971e-08
  ],
  "gate_anchor_contribution": [
    5.002208348391636e-10,
    5.001659642012157e-10,
    5.001659642012157e-10,
    5.001659642012157e-10,
    5.001659642012157e-10,
    5.001659642012157e-10,
    5.001659642012157e-10,
    5.001659642012157e-10,
    5.001659642012157e-10,
    5.001659642012157e-10,
    5.001659642012157e-10,
    5.001659642012157e-10,
    5.001659642012157e-10,
    5.001659642012157e-10,
    5.001659642012157e-10
  ],
  "q_err_entropy": [
    1.8358382689647186,
    1.8337955566552968,
    1.8335780027585151,
    1.8408166750883446,
    1.8384331281368549,
    1.8399781049826207,
    1.840154488881429,
    1.8337223071318407,
    1.8380500383866138,
    1.831499234223977,
    1.8366525723383977,
    1.8373944667669444,
    1.83482537819789,
    1.8346882447218285,
    1.835990526737311
  ],
  "q_err_gini": [
    0.7488045402062244,
    0.7508247005633819,
    0.7500629715430431,
    0.7481703253892752,
    0.7487362164717454,
    0.7489979251837119,
    0.748666144334353,
    0.7503645771589035,
    0.7498549543894254,
    0.7505638507696298,
    0.749474476545285,
    0.7497323002570715,
    0.7496336713815347,
    0.7499103530859336,
    0.7493767386827713
  ],