{
  "total_loss": [
    2.4628864282216782,
    0.8037314063463455,
    0.685215616837526,
    0.6316747894653907,
    1.3144426529224102,
    0.9408048460116754,
    0.8247495461732913
  ],
  "main_loss": [
    2.4628864282216782,
    0.8037314063463455,
    0.685215616837526,
    0.6316747894653907,
    1.3144426529224102,
    0.9408048460116754,
    0.8247238496939341
  ],
  "shap_loss": [
    0.00895718962718279,
    0.008921336525907883,
    0.008979844872672588,
    0.00896786038692181,
    0.008809132847743921,
    0.009025768603747472,
    0.00922324529920633
  ],
  "shap_loss_normalized": [
    0.003855782528169071,
    0.003523340932308481,
    0.0032793537844927646,
    0.0022539270068638218,
    0.0017618266059658849,
    0.0018051537500025753,
    0.001844649092676357
  ],
  "tikhonov_loss": [
    0.0,
    0.0,
    0.0,
    0.0,
    0.0,
    0.0,
    0.0
  ],
  "nonnegativity_loss": [
    0.0,
    0.0,
    0.0,
    0.0,
    0.0,
    0.0,
    0.0
  ],
  "tikhonov_lambda": [
    0.0,
    0.0,
    0.0,
    0.0,
    0.0,
    0.0,
    0.0
  ],
  "nonnegativity_lambda": [
    0.0,
    0.0,
    0.0,
    0.0,
    0.0,
    0.0,
    0.0
  ],
  "shap_scale_factor": [
    0.4382039968621875,
    0.39749668829773616,
    0.365894852252629,
    0.2521146565579276,
    0.20000000000000004,
    0.20000000000000004,
    0.20000000000000004
  ],
  "shap_contribution": [
    0.0,
    0.0,
    0.0,
    0.0,
    0.0,
    0.0,
    2.5694287148489355e-05
  ],
  "tikhonov_contribution": [
    0.0,
    0.0,
    0.0,
    0.0,
    0.0,
    0.0,
    0.0
  ],
  "nonnegativity_contribution": [
    0.0,
    0.0,
    0.0,
    0.0,
    0.0,
    0.0,
    0.0
  ],
  "regularization_share": [
    5.368248572062427e-10,
    7.236127431695482e-10,
    8.004855777229318e-10,
    8.423247435312073e-10,
    5.516770973429813e-10,
    6.089538402736915e-10,
    3.5012922567355934e-05
  ],
  "accuracy_guard_loss": [
    0.0,
    0.0,
    0.0,
    0.0,
    0.0,
    0.0,
    0.0
  ],
  "accuracy_guard_contribution": [
    0.0,
    0.0,
    0.0,
    0.0,
    0.0,
    0.0,
    0.0
  ],
  "distill_loss": [
    0.0,
    0.0,
    0.0,
    0.0,
    0.0,
    0.0,
    0.0
  ],
  "distill_contribution": [
    0.0,
    0.0,
    0.0,
    0.0,
    0.0,
    0.0,
    0.0
  ],
  "gate_entropy": [
    0.0019003332694037221,
    0.001900479988529323,
    0.0019005716879828237,
    0.0019009109759607757,
    0.0019013358411403038,
    0.0019022344420544612,
    0.0019029312325307191
  ],
  "gate_min": [
    0.9998999131031525,
    0.9998998641967773,
    0.9998997694406754,
    0.9998996746845734,
    0.9998994760024242,
    0.9998991275445009,
    0.9998989563721877
  ],
  "gate_max": [
    0.9999000781621689,
    0.9999001026153564,
    0.9999001056720049,
    0.9999001117853018,
    0.999900221824646,
    0.999900221824646,
    0.9999002340512398
  ],
  "gate_anchor_loss": [
    1.0004416622768403e-08,
    1.0006125523595516e-08,
    1.0006933697636027e-08,
    1.0010512510096083e-08,
    1.0014945454136418e-08,
    1.0024347642565946e-08,
    1.0031937036067061e-08
  ],
  "gate_anchor_contribution": [
    5.002208348391636e-10,
    5.003062778878112e-10,
    5.003467070862618e-10,
    5.005256366070344e-10,
    5.007472784002723e-10,
    5.01217390953147e-10,
    5.015968794165924e-10
  ],
  "q_err_entropy": [
    0.9459864619450692,
    0.9344195509568239,
    0.9329249507341629,
    0.9154595396457574,
    0.9509133665989606,
    0.9574511800056849,
    0.8656736107972952
  ],
  "q_err_gini": [
    0.885815285719358,
    0.885633049867092,
    0.886603865868006,
    0.8873173380509402,
    0.8831898753459637,
    0.8832233349482218,
    0.8920508118776175
  ],
  "q_err_corr": [
    0.9856435060501099,
    0.9870526011173542,
    0.9884442106271402,
    0.9892465151273288,
    0.9787373603918613,
    0.9851179963503128,
    0.9927627337284577
  ],
  "p_q_corr": [
    0.9971729180751703,
    0.9970818956693014,
    0.9972371138059176,
    0.9968337814013163,
    0.9971867218995706,
    0.9971438294801956,
    0.9962173425234281
  ],
  "ea_ratio": [
    0.0,
    0.0,
    0.0,
    0.0,
    0.0,
    0.0,
    3.5013698064945995e-05
  ],
  "main_grad_norm": [
    6301.55029296875,
    7782.410888671875,
    10421.19384765625,
    9210.244873046875,
    18316.98681640625,
    14936.18212890625,
    12892.68212890625
  ],
  "ea_grad_norm": [
    3.516679525375366,
    2.0497735738754272,
    1.0297178328037262,
    1.4592095911502838,
    0.9417270123958588,
    0.7240982353687286,
    1.0141282975673676
  ],
  "ea_main_grad_ratio": [
    0.0009562713263471202,
    0.0002798118878903982,
    0.00010959440236293721,
    0.0002709024201740102,
    5.2858815733458776e-05,
    4.661594320850316e-05,
    7.853038295893837e-05
  ],
  "ea_scale": [
    22.764791185687166,
    36.506686482779614,
    96.86987749507252,
    88.67393651588385,
    194.7182067892173,
    215.47061443408964,
    127.36175850205393
  ],
  "main_grad_params": [
    26.0,
    26.0,
    26.0,
    26.0,
    26.0,
    26.0,
    26.0
  ],
  "ea_grad_params": [
    26.0,
    26.0,
    26.0,
    26.0,
    26.0,
    26.0,
    26.0
  ],
  "grad_params_total": [
    26.0,
    26.0,
    26.0,
    26.0,
    26.0,
    26.0,
    26.0
  ],
  "rank_loss_raw": [
    0.001597426849632309,
    0.0015219021887064744,
    0.001513767865104362,
    0.0015235825871618895,
    0.0015183090089032282,
    0.0015150108971656896,
    0.0015547629326390915
  ],
  "bottom_inv_loss_raw": [
    0.0,
    0.0,
    0.0,
    0.0,
    0.0,
    0.0,
    0.0
  ],
  "rank_pairs_count": [
    169.35897435897436,
    169.84615384615384,
    170.02564102564102,
    169.89743589743588,
    169.82051282051282,
    169.6153846153846,
    170.07692307692307
  ],
  "rank_violations_count": [
    43.35897435897436,
    43.38461538461539,
    43.15384615384615,
    42.82051282051282,
    43.02564102564103,
    43.256410256410255,
    43.51282051282051
  ],
  "rank_grad_norm": [
    0.9964352399110794,
    0.7101287543773651,
    0.9557763636112213,
    0.8230883479118347,
    0.6751185357570648,
    0.7746836766600609,
    0.6383887678384781
  ],
  "rank_main_grad_ratio": [
    0.0001629989222850956,
    0.00010395950260949115,
    0.00010005734112227151,
    0.00014377390397515293,
    3.820771139040601e-05,
    4.118941793447445e-05,
    4.880246098784223e-05
  ],
  "shap_clip_active": [
    0.0,
    0.0,
    0.0,
    0.0,
    0.0,
    0.0,
    0.0
  ],
  "epoch_accepted": [
    1.0,
    1.0,
    1.0,
    1.0,
    1.0,
    1.0,
    1.0
  ],
  "lr": [
    8e-05,
    8e-05,
    8e-05,
    8e-05,
    8e-05,
    8e-05,
    8e-05
  ],
  "adaptive_gamma": [
    0.00019999999999999996,
    0.0002761904761904763,
    0.00035238095238095254,
    0.0004285714285714286,
    0.0005047619047619046,
    0.0005809523809523808,
    0.000657142857142857
  ],
  "convergence_slowdown": [
    0.4382039968621875,
    0.39749668829773616,
    0.365894852252629,
    0.2521146565579276,
    0.20000000000000004,
    0.20000000000000004,
    0.20000000000000004
  ],
  "shap_consistency": [
    0.00895718962718279,
    0.008921336525907883,
    0.008979844872672588,
    0.00896786038692181,
    0.008809132847743921,
    0.009025768603747472,
    0.00922324529920633
  ],
  "shap_sparsity": [
    0.9472736716270447,
    0.9472736716270447,
    0.9472736716270447,
    0.9472736716270447,
    0.9472736624570993,
    0.9472736441172086,
    0.9472735890975366
  ],
  "shap_faithfulness": [
    0.1540710368217566,
    0.1722511866917977,
    0.17761216446375236,
    0.17232046639307952,
    0.1693649227038408,
    0.16888355559263474,
    0.17656165705277369
  ],
  "shap_stability": [
    0.0,
    0.0,
    0.0,
    0.0,
    0.0,
    0.0,
    0.0
  ],
  "shap_weight_consistency": [
    1.0,
    1.0,
    1.0,
    1.0,
    1.0,
    1.0,
    1.0
  ],
  "shap_weight_sparsity": [
    0.0,
    0.0,
    0.0,
    0.0,
    0.0,
    0.0,
    0.0
  ],