{
  "total_loss": [
    3.9365390676718492,
    0.5334925131920056,
    0.5018273148781214,
    0.438463629820408,
    0.3973036217383849,
    0.38529603832807297,
    0.3827487765214382,
    0.3754133089230611,
    0.38177022949243206,
    0.37582882398214096,
    0.3775028024728482,
    0.37811874540952534
  ],
  "main_loss": [
    3.579439186897033,
    0.48639662984089976,
    0.460003572396743,
    0.4060246890936142,
    0.3769014217914679,
    0.3710482571369562,
    0.3702986767658821,
    0.3668569181209955,
    0.36979166513834244,
    0.36853728347863907,
    0.3680981783530651,
    0.3685486033940927
  ],
  "shap_loss": [
    0.06966700615027012,
    0.086698035017038,
    0.07638052640817104,
    0.0840360680833841,
    0.07856249503600292,
    0.07603953950680219,
    0.07196793027031116,
    0.07566282344170105,
    0.06501016765832901,
    0.08306922209568512,
    0.08497591813405354,
    0.07766912648311028
  ],
  "shap_loss_normalized": [
    0.026853945774909776,
    0.04410934553314478,
    0.031764661272366844,
    0.022111102270010192,
    0.03620264965754289,
    0.024216655928354997,
    0.03041945832471053,
    0.024900356379265968,
    0.018487447729477517,
    0.016613844758233964,
    0.03442137917646995,
    0.016501119073766928
  ],
  "tikhonov_loss": [
    0.0,
    0.0,
    0.0,
    0.0,
    0.0,
    0.0,
    0.0,
    0.0,
    0.0,
    0.0,
    0.0,
    0.0
  ],
  "nonnegativity_loss": [
    0.0,
    0.0,
    0.0,
    0.0,
    0.0,
    0.0,
    0.0,
    0.0,
    0.0,
    0.0,
    0.0,
    0.0
  ],
  "tikhonov_lambda": [
    0.0,
    0.0,
    0.0,
    0.0,
    0.0,
    0.0,
    0.0,
    0.0,
    0.0,
    0.0,
    0.0,
    0.0
  ],
  "nonnegativity_lambda": [
    0.0,
    0.0,
    0.0,
    0.0,
    0.0,
    0.0,
    0.0,
    0.0,
    0.0,
    0.0,
    0.0,
    0.0
  ],
  "shap_scale_factor": [
    0.41790485156304213,
    0.5088797509455192,
    0.41790485156304213,
    0.26963427293097625,
    0.4529679742764888,
    0.31242983207703373,
    0.4173638441071411,
    0.33366397320993546,
    0.2849912003040366,
    0.20000000000000004,
    0.4065617802118937,
    0.21144772859866307
  ],
  "shap_contribution": [
    0.0,
    0.0,
    0.0,
    0.0,
    5.0349801872821095e-05,
    4.508005114099106e-05,
    0.00017667821231999627,
    0.00014769873646750616,
    9.21384967230738e-05,
    0.00029273938689118205,
    0.00017547343882958955,
    0.00015966957569337235
  ],
  "tikhonov_contribution": [
    0.0,
    0.0,
    0.0,
    0.0,
    0.0,
    0.0,
    0.0,
    0.0,
    0.0,
    0.0,
    0.0,
    0.0
  ],
  "nonnegativity_contribution": [
    0.0,
    0.0,
    0.0,
    0.0,
    0.0,
    0.0,
    0.0,
    0.0,
    0.0,
    0.0,
    0.0,
    0.0
  ],
  "regularization_share": [
    0.08857809004557075,
    0.08742940249213504,
    0.08137608912894419,
    0.07121527678908415,
    0.05057413702940134,
    0.035977441602508,
    0.03134050575701128,
    0.021649390223175816,
    0.028960842129491782,
    0.020851527510430592,
    0.02473423572016528,
    0.02356233317714838
  ],
  "accuracy_guard_loss": [
    3.211551995613636,
    0.11734200861209478,
    0.09328768497858292,
    0.038140891454158686,
    0.010293674010496873,
    0.005764464537302653,
    0.004164740443229675,
    0.0024115263651578855,
    0.0034475433520781687,
    0.002078562210767697,
    0.002232094223682697,
    0.002748772119864439
  ],
  "accuracy_guard_contribution": [
    0.3570998790554511,
    0.04709588483167,
    0.041823744344023556,
    0.032438937383584485,
    0.02035185006948618,
    0.014202699304009095,
    0.012273420890172323,
    0.008408690587832378,
    0.0118864255073743,
    0.0069987994547073655,
    0.009229153155898437,
    0.00941047129722742
  ],
  "distill_loss": [
    0.0,
    0.0,
    0.0,
    0.0,
    0.0,
    0.0,
    0.0,
    0.0,
    0.0,
    0.0,
    0.0,
    0.0
  ],
  "distill_contribution": [
    0.0,
    0.0,
    0.0,
    0.0,
    0.0,
    0.0,
    0.0,
    0.0,
    0.0,
    0.0,
    0.0,
    0.0
  ],
  "gate_entropy": [
    0.0019005533480921234,
    0.0019002201734110713,
    0.0019002201734110713,
    0.0019002201734110713,
    0.0019002201734110713,
    0.0019002201734110713,
    0.0019002201734110713,
    0.0019002201734110713,
    0.0019002201734110713,
    0.0019002201734110713,
    0.0019002201734110713,
    0.0019002201734110713
  ],
  "gate_min": [
    0.9998998947632618,
    0.9998999834060669,
    0.9998999834060669,
    0.9998999834060669,
    0.9998999834060669,
    0.9998999834060669,
    0.9998999834060669,
    0.9998999834060669,
    0.9998999834060669,
    0.9998999834060669,
    0.9998999834060669,
    0.9998999834060669
  ],
  "gate_max": [
    0.9999000170291998,
    0.9998999834060669,
    0.9998999834060669,
    0.9998999834060669,
    0.9998999834060669,
    0.9998999834060669,
    0.9998999834060669,
    0.9998999834060669,
    0.9998999834060669,
    0.9998999834060669,
    0.9998999834060669,
    0.9998999834060669
  ],
  "gate_anchor_loss": [
    1.0006700516640148e-08,
    1.000331906197971e-08,
    1.000331906197971e-08,
    1.000331906197971e-08,
    1.000331906197971e-08,
    1.000331906197971e-08,
    1.000331906197971e-08,
    1.000331906197971e-08,
    1.000331906197971e-08,
    1.000331906197971e-08,
    1.000331906197971e-08,
    1.000331906197971e-08
  ],
  "gate_anchor_contribution": [
    5.003350454744148e-10,
    5.001659642012157e-10,
    5.001659642012157e-10,
    5.001659642012157e-10,
    5.001659642012157e-10,
    5.001659642012157e-10,
    5.001659642012157e-10,
    5.001659642012157e-10,
    5.001659642012157e-10,
    5.001659642012157e-10,
    5.001659642012157e-10,
    5.001659642012157e-10
  ],
  "q_err_entropy": [
    1.181395451991986,
    1.1063852531787677,
    1.2035821706820757,
    1.1397267197951293,
    1.1735371733323121,
    1.3130900309636042,
    1.2632868794294505,
    1.1303552664243257,
    1.2741186672296279,
    1.084740142027537,
    1.0928551019766393,
    1.220134728994125
  ],
  "q_err_gini": [
    0.8532360654610854,
    0.860934670154865,
    0.8486113655261505,
    0.8525303296553783,
    0.8558920698288159,
    0.835640393770658,
    0.8409418478990213,
    0.8588598416401789,
    0.8356093550339724,
    0.8607260707097176,
    0.862880962017255,
    0.8474160814896609
  ],
  "q_err_corr": [
    0.7338496226523268,
    0.7952559808125863,
    0.677934814340029,
    0.708508091333967,
    0.7836080232205299,
    0.7648890671821741,
    0.7481577675311993,
    0.6334468509452656,
    0.5894504580646753,
    0.7360009531944226,
    0.6017591731670575,
    0.7717259059158655
  ],
  "p_q_corr": [
    0.7730093659498752,
    0.7163385703013494,
    0.7520526494735327,
    0.725667247405419,
    0.743846812309363,
    0.7525244187086056,
    0.767391576216771,
    0.7539234650440705,
    0.792751384087098,
    0.7283775745294033,
    0.7219423804527674,
    0.7480690372295868
  ],
  "ea_ratio": [
    0.0,
    0.0,
    0.0,
    0.0,
    0.00014460621304561544,
    0.000123297840801593,
    0.0005020948083256371,
    0.00043179111507458566,
    0.0002594584429738088,
    0.0008450503116294455,
    0.0005135810986244812,
    0.0004420423042924645
  ],
  "main_grad_norm": [
    8658.405151367188,
    4050.689453125,
    3167.3648681640625,
    2288.9949340820312,
    3028.3985595703125,
    3290.5589599609375,
    2528.39453125,
    2426.209716796875,
    2810.2828369140625,
    3693.6998291015625,
    1805.4064331054688,
    2987.581787109375
  ],
  "ea_grad_norm": [
    13.506945252418518,
    3.312328338623047,
    9.325395584106445,
    2.337036967277527,
    5.971122741699219,
    5.9478325843811035,
    3.3557523488998413,
    2.949149250984192,
    5.387843370437622,
    2.238532543182373,
    3.6435697078704834,
    3.4454442262649536
  ],