{
  "total_loss": [
    3.459311521970309,
    0.9238626895806729,
    1.1046010890068152
  ],
  "main_loss": [
    3.459311521970309,
    0.9217134958658463,
    1.097389192917408
  ],
  "shap_loss": [
    0.084781750320242,
    0.09473249965753311,
    0.07361613997282127
  ],
  "shap_loss_normalized": [
    0.035874289412720084,
    0.018957527688680552,
    0.028732080943882465
  ],
  "tikhonov_loss": [
    0.0,
    0.0,
    0.0
  ],
  "nonnegativity_loss": [
    0.0,
    0.0,
    0.0
  ],
  "tikhonov_lambda": [
    0.0,
    0.0,
    0.0
  ],
  "nonnegativity_lambda": [
    0.0,
    0.0,
    0.0
  ],
  "shap_scale_factor": [
    0.41790485156304213,
    0.20010465724751442,
    0.3841545602559267
  ],
  "shap_contribution": [
    0.0,
    0.0021492002378158174,
    0.007211890487945847
  ],
  "tikhonov_contribution": [
    0.0,
    0.0,
    0.0
  ],
  "nonnegativity_contribution": [
    0.0,
    0.0,
    0.0
  ],
  "regularization_share": [
    3.5194913495074805e-10,
    0.0024997159471561157,
    0.006258917134759112
  ],
  "accuracy_guard_loss": [
    0.0,
    0.0,
    0.0
  ],
  "accuracy_guard_contribution": [
    0.0,
    0.0,
    0.0
  ],
  "distill_loss": [
    0.0,
    0.0,
    0.0
  ],
  "distill_contribution": [
    0.0,
    0.0,
    0.0
  ],
  "gate_entropy": [
    0.0019005502914436734,
    0.0019008253898041754,
    0.0019011677344305776
  ],
  "gate_min": [
    0.9998998947632618,
    0.9998998611401289,
    0.9998997449874878
  ],
  "gate_max": [
    0.9999000751055204,
    0.9999001026153564,
    0.9999001026153564
  ],
  "gate_anchor_loss": [
    1.0006637000496236e-08,
    1.000966377590774e-08,
    1.0013242497272573e-08
  ],
  "gate_anchor_contribution": [
    5.003318614117146e-10,
    5.004832104305024e-10,
    5.006621171774693e-10
  ],
  "q_err_entropy": [
    0.8044320497757349,
    0.8145491171341676,
    0.8437427759934695
  ],
  "q_err_gini": [
    0.898339175260984,
    0.89753635877218,
    0.894815878990369
  ],
  "q_err_corr": [
    0.7014796465243164,
    0.7840849717911811,
    0.7102647048349564
  ],
  "p_q_corr": [
    0.7343878333385174,
    0.698949810786125,
    0.7682705735548948
  ],
  "ea_ratio": [
    0.0,
    0.0025090098527307883,
    0.00634596544216784
  ],
  "main_grad_norm": [
    9201.697998046875,
    14647.8583984375,
    19319.301391601562
  ],
  "ea_grad_norm": [
    0.4356861114501953,
    1.4526440054178238,
    6.959574937820435
  ],
  "ea_main_grad_ratio": [
    0.00011987898708448536,
    8.56718352062001e-05,
    0.001936041928144315
  ],
  "ea_scale": [
    320.8773273315664,
    188.8963010322591,
    539.9114895953225
  ],
  "main_grad_params": [
    26.0,
    26.0,
    26.0
  ],
  "ea_grad_params": [
    26.0,
    26.0,
    26.0
  ],
  "grad_params_total": [
    26.0,
    26.0,
    26.0
  ],
  "rank_loss_raw": [
    0.007172981312928291,
    0.007992977843596002,
    0.006853122210416656
  ],
  "bottom_inv_loss_raw": [
    0.0,
    0.0,
    0.0
  ],
  "rank_pairs_count": [
    170.43589743589743,
    170.74358974358975,
    170.66666666666666
  ],
  "rank_violations_count": [
    53.30769230769231,
    55.12820512820513,
    54.61538461538461
  ],
  "rank_grad_norm": [
    0.9866233170032501,
    2.4759050607681274,
    2.649815797805786
  ],
  "rank_main_grad_ratio": [
    0.00017952763611137285,
    0.00017439983866966735,
    0.0005077735568349703
  ],
  "shap_clip_active": [
    0.0,
    0.0,
    0.02564102564102564
  ],
  "epoch_accepted": [
    1.0,
    1.0,
    1.0
  ],
  "lr": [
    8e-05,
    8e-05,
    8e-05
  ],
  "adaptive_gamma": [
    0.00019999999999999996,
    0.0005809523809523808,
    0.0009619047619047619
  ],
  "convergence_slowdown": [
    0.41790485156304213,
    0.20010465724751442,
    0.3841545602559267
  ],
  "shap_consistency": [
    0.084781750320242,
    0.09473249965753311,
    0.07361613997282127
  ],
  "shap_sparsity": [
    0.9472736716270447,
    0.9472736685703962,
    0.9472736655137478
  ],
  "shap_faithfulness": [
    0.3595334780521882,
    0.3561169566252293,
    0.3175846063173734
  ],
  "shap_stability": [
    0.0,
    0.0,
    0.0
  ],
  "shap_weight_consistency": [
    1.0,
    1.0,
    1.0
  ],
  "shap_weight_sparsity": [
    0.0,
    0.0,
    0.0
  ],
  "shap_weight_faithfulness": [
    0.0,
    0.0,
    0.0
  ],
  "shap_weight_stability": [
    0.0,
    0.0,
    0.0
  ],
  "val_main_loss": [
    0.9442442059516907,
    1.6241540908813477,
    1.9840176105499268
  ]
}