{
  "total_loss": [
    2.708057891864043,
    0.6783433518348596,
    0.44362750038122517,
    0.4453081488609314,
    0.4337567732884334,
    0.4033506768636214,
    0.3944562780551421,
    0.3947039521657504,
    0.39267068337171507,
    0.38569112848012876,
    0.391782922240404,
    0.3915066073338191,
    0.38824220842275864,
    0.3891750734585982,
    0.388645568719277
  ],
  "main_loss": [
    2.4628864282216782,
    0.6180330339150552,
    0.4118745082463974,
    0.4125598661410503,
    0.4069731808625735,
    0.3846922367811203,
    0.38081926795152515,
    0.3799838630052713,
    0.379655863230045,
    0.3763995732252414,
    0.37834019844348615,
    0.37974250125579345,
    0.3778611387197788,
    0.3794281830390294,
    0.3783332430399381
  ],
  "shap_loss": [
    0.12102023493020962,
    0.11645132265029809,
    0.11865280167414592,
    0.12185760109852521,
    0.11481664024102382,
    0.11907798815996219,
    0.12055924324653088,
    0.1161705398788819,
    0.11783752743250285,
    0.11889162010107285,
    0.12071163990558723,
    0.11727849298562759,
    0.11635886228237396,
    0.11908278022056971,
    0.11763111960429412
  ],
  "shap_loss_normalized": [
    0.053368375899317935,
    0.061758025047870785,
    0.05581915665131349,
    0.04667509127503786,
    0.02296332843028582,
    0.023815597956761334,
    0.02411184908869939,
    0.023234108224129066,
    0.02356750580171744,
    0.02377832442139968,
    0.024142328458718765,
    0.023455698902790364,
    0.023271772723931532,
    0.023816556454851076,
    0.023526224331595957
  ],
  "tikhonov_loss": [
    0.0,
    0.0,
    0.0,
    0.0,
    0.0,
    0.0,
    0.0,
    0.0,
    0.0,
    0.0,
    0.0,
    0.0,
    0.0,
    0.0,
    0.0
  ],
  "nonnegativity_loss": [
    0.0,
    0.0,
    0.0,
    0.0,
    0.0,
    0.0,
    0.0,
    0.0,
    0.0,
    0.0,
    0.0,
    0.0,
    0.0,
    0.0,
    0.0
  ],
  "tikhonov_lambda": [
    0.0,
    0.0,
    0.0,
    0.0,
    0.0,
    0.0,
    0.0,
    0.0,
    0.0,
    0.0,
    0.0,
    0.0,
    0.0,
    0.0,
    0.0
  ],
  "nonnegativity_lambda": [
    0.0,
    0.0,
    0.0,
    0.0,
    0.0,
    0.0,
    0.0,
    0.0,
    0.0,
    0.0,
    0.0,
    0.0,
    0.0,
    0.0,
    0.0
  ],
  "shap_scale_factor": [
    0.4382039968621875,
    0.5301808108980833,
    0.4686513649598794,
    0.37931487011591797,
    0.20000000000000004,
    0.20000000000000004,
    0.20000000000000004,
    0.20000000000000004,
    0.20000000000000004,
    0.20000000000000004,
    0.20000000000000004,
    0.20000000000000004,
    0.20000000000000004,
    0.20000000000000004,
    0.20000000000000004
  ],
  "shap_contribution": [
    0.0,
    0.0,
    0.0,
    0.0,
    0.0,
    0.0,
    7.139060086886345e-06,
    1.2097330513008787e-05,
    5.127121617895169e-05,
    4.8965887123277076e-05,
    5.090082576759577e-05,
    6.085343585045148e-05,
    7.03568097938282e-05,
    4.920514215765975e-05,
    5.282549150601531e-05
  ],
  "tikhonov_contribution": [
    0.0,
    0.0,
    0.0,
    0.0,
    0.0,
    0.0,
    0.0,
    0.0,
    0.0,
    0.0,
    0.0,
    0.0,
    0.0,
    0.0,
    0.0
  ],
  "nonnegativity_contribution": [
    0.0,
    0.0,
    0.0,
    0.0,
    0.0,
    0.0,
    0.0,
    0.0,
    0.0,
    0.0,
    0.0,
    0.0,
    0.0,
    0.0,
    0.0
  ],
  "regularization_share": [
    0.08857808902920775,
    0.08785657309192955,
    0.06889023239412147,
    0.06728248381079456,
    0.05628837649139681,
    0.04312918644518415,
    0.03220767231937075,
    0.03594547677368086,
    0.029229392578716522,
    0.020700870532230683,
    0.030827091593198925,
    0.027683951539930175,
    0.02557204771976585,
    0.023462042537790027,
    0.026804425874525733
  ],
  "accuracy_guard_loss": [
    2.084677184239412,
    0.23987826170065465,
    0.035819243926268354,
    0.036549325936879866,
    0.031390164907162,
    0.00792085207425631,
    0.005627141549037053,
    0.0049016437469384605,
    0.00358776175058805,
    0.0028825791982504036,
    0.003252996084017631,
    0.0048723900929475445,
    0.002681483825047811,
    0.003909613459538191,
    0.002847553063661624
  ],
  "accuracy_guard_contribution": [
    0.24517146966014153,
    0.06031032068989216,
    0.03175299055874348,
    0.03274828486908705,
    0.026783590133373555,
    0.018658440082501143,
    0.01362986996387824,
    0.014707991805596229,
    0.01296354801608966,
    0.009242586409434294,
    0.01339182286308362,
    0.011703255084844736,
    0.010310711243595833,
    0.009697684206259556,
    0.010259500919626309
  ],
  "distill_loss": [
    0.0,
    0.0,
    0.0,
    0.0,
    0.0,
    0.0,
    0.0,
    0.0,
    0.0,
    0.0,
    0.0,
    0.0,
    0.0,
    0.0,
    0.0
  ],
  "distill_contribution": [
    0.0,
    0.0,
    0.0,
    0.0,
    0.0,
    0.0,
    0.0,
    0.0,
    0.0,
    0.0,
    0.0,
    0.0,
    0.0,
    0.0,
    0.0
  ],
  "gate_entropy": [
    0.0019003332694037221,
    0.0019002201734110713,
    0.0019002201734110713,
    0.0019002201734110713,
    0.0019002201734110713,
    0.0019002201734110713,
    0.0019002201734110713,
    0.0019002201734110713,
    0.0019002201734110713,
    0.0019002201734110713,
    0.0019002201734110713,
    0.0019002201734110713,
    0.0019002201734110713,
    0.0019002201734110713,
    0.0019002201734110713
  ],
  "gate_min": [
    0.9998999131031525,
    0.9998999834060669,
    0.9998999834060669,
    0.9998999834060669,
    0.9998999834060669,
    0.9998999834060669,
    0.9998999834060669,
    0.9998999834060669,
    0.9998999834060669,
    0.9998999834060669,
    0.9998999834060669,
    0.9998999834060669,
    0.9998999834060669,
    0.9998999834060669,
    0.9998999834060669
  ],
  "gate_max": [
    0.9999000781621689,
    0.9998999834060669,
    0.9998999834060669,
    0.9998999834060669,
    0.9998999834060669,
    0.9998999834060669,
    0.9998999834060669,
    0.9998999834060669,
    0.9998999834060669,
    0.9998999834060669,
    0.9998999834060669,
    0.9998999834060669,
    0.9998999834060669,
    0.9998999834060669,
    0.9998999834060669
  ],
  "gate_anchor_loss": [
    1.0004416622768403e-08,
    1.000331906197971e-08,
    1.000331906197971e-08,
    1.000331906197971e-08,
    1.000331906197971e-08,
    1.000331906197971e-08,
    1.000331906197971e-08,
    1.000331906197971e-08,
    1.000331906197971e-08,
    1.000331906197971e-08,
    1.000331906197971e-08,
    1.000331906197971e-08,
    1.000331906197971e-08,
    1.000331906197971e-08,
    1.000331906197971e-08
  ],
  "gate_anchor_contribution": [
    5.002208348391636e-10,
    5.001659642012157e-10,
    5.001659642012157e-10,
    5.001659642012157e-10,
    5.001659642012157e-10,
    5.001659642012157e-10,
    5.001659642012157e-10,
    5.001659642012157e-10,
    5.001659642012157e-10,
    5.001659642012157e-10,
    5.001659642012157e-10,
    5.001659642012157e-10,
    5.001659642012157e-10,
    5.001659642012157e-10,
    5.001659642012157e-10
  ],
  "q_err_entropy": [
    0.9433995408889575,
    0.9577786173575964,
    0.915729881861271,
    0.8971371650695801,
    0.9737636798467392,
    0.9063632152019403,
    0.9285515699631128,
    0.9743070602416992,
    0.9159963589448196,
    0.9132786102783985,
    0.8974544520561512,
    0.961453608977489,
    0.9719220858353835,
    0.9251083105038373,
    0.9522312803146167
  ],
  "q_err_gini": [
    0.8852183650701474,
    0.8841449419657389,
    0.8875380341823285,
    0.8891090689561306,
    0.8831440179775922,
    0.8878993498973358,
    0.8849521997647408,
    0.8812989531419216,
    0.8887769564604148,
    0.8882940518550384,
    0.8881956552847837,
    0.8830071550149184,
    0.8821699298345126,
    0.8849162596922654,
    0.883957829230871
  ],