{
  "total_loss": [
    2.4628864282216782,
    0.8037314063463455,
    0.685215616837526,
    0.6316747894653907,
    1.3144426529224102,
    0.9408048460116754,
    0.8247559735408196
  ],
  "main_loss": [
    2.4628864282216782,
    0.8037314063463455,
    0.685215616837526,
    0.6316747894653907,
    1.3144426529224102,
    0.9408048460116754,
    0.8247224176541353
  ],
  "shap_loss": [
    0.11557697256406148,
    0.1178480014204979,
    0.11945362962209262,
    0.1190197053246009,
    0.1165350650747617,
    0.11767311929128109,
    0.1223147186713341
  ],
  "shap_loss_normalized": [
    0.05019590134421984,
    0.04673911736179621,
    0.04364446402551272,
    0.029916055500507355,
    0.023307013301513135,
    0.023534624335857537,
    0.024462944087691795
  ],
  "tikhonov_loss": [
    0.0,
    0.0,
    0.0,
    0.0,
    0.0,
    0.0,
    0.0
  ],
  "nonnegativity_loss": [
    0.0,
    0.0,
    0.0,
    0.0,
    0.0,
    0.0,
    0.0
  ],
  "tikhonov_lambda": [
    0.0,
    0.0,
    0.0,
    0.0,
    0.0,
    0.0,
    0.0
  ],
  "nonnegativity_lambda": [
    0.0,
    0.0,
    0.0,
    0.0,
    0.0,
    0.0,
    0.0
  ],
  "shap_scale_factor": [
    0.4382039968621875,
    0.39749668829773616,
    0.365894852252629,
    0.2521146565579276,
    0.20000000000000004,
    0.20000000000000004,
    0.20000000000000004
  ],
  "shap_contribution": [
    0.0,
    0.0,
    0.0,
    0.0,
    0.0,
    0.0,
    3.3555616074665566e-05
  ],
  "tikhonov_contribution": [
    0.0,
    0.0,
    0.0,
    0.0,
    0.0,
    0.0,
    0.0
  ],
  "nonnegativity_contribution": [
    0.0,
    0.0,
    0.0,
    0.0,
    0.0,
    0.0,
    0.0
  ],
  "regularization_share": [
    5.368248572062427e-10,
    7.236127431695482e-10,
    8.004855777229318e-10,
    8.423247435312073e-10,
    5.516770973429813e-10,
    6.089538402736915e-10,
    4.5252335384693955e-05
  ],
  "accuracy_guard_loss": [
    0.0,
    0.0,
    0.0,
    0.0,
    0.0,
    0.0,
    0.0
  ],
  "accuracy_guard_contribution": [
    0.0,
    0.0,
    0.0,
    0.0,
    0.0,
    0.0,
    0.0
  ],
  "distill_loss": [
    0.0,
    0.0,
    0.0,
    0.0,
    0.0,
    0.0,
    0.0
  ],
  "distill_contribution": [
    0.0,
    0.0,
    0.0,
    0.0,
    0.0,
    0.0,
    0.0
  ],
  "gate_entropy": [
    0.0019003332694037221,
    0.001900479988529323,
    0.0019005716879828237,
    0.0019009109759607757,
    0.0019013358411403038,
    0.0019022344420544612,
    0.0019029312325307191
  ],
  "gate_min": [
    0.9998999131031525,
    0.9998998641967773,
    0.9998997694406754,
    0.9998996746845734,
    0.9998994760024242,
    0.9998991275445009,
    0.9998989563721877
  ],
  "gate_max": [
    0.9999000781621689,
    0.9999001026153564,
    0.9999001056720049,
    0.9999001117853018,
    0.999900221824646,
    0.999900221824646,
    0.9999002340512398
  ],
  "gate_anchor_loss": [
    1.0004416622768403e-08,
    1.0006125523595516e-08,
    1.0006933697636027e-08,
    1.0010512510096083e-08,
    1.0014945454136418e-08,
    1.0024347642565946e-08,
    1.0031937036067061e-08
  ],
  "gate_anchor_contribution": [
    5.002208348391636e-10,
    5.003062778878112e-10,
    5.003467070862618e-10,
    5.005256366070344e-10,
    5.007472784002723e-10,
    5.01217390953147e-10,
    5.015968794165924e-10
  ],
  "q_err_entropy": [
    0.9459864619450692,
    0.9344195509568239,
    0.9329249507341629,
    0.9154595396457574,
    0.9509133665989606,
    0.9574511800056849,
    0.8656735970423772
  ],
  "q_err_gini": [
    0.885815285719358,
    0.885633049867092,
    0.886603865868006,
    0.8873173380509402,
    0.8831898753459637,
    0.8832233349482218,
    0.892050814934266
  ],
  "q_err_corr": [
    0.9856435060501099,
    0.9870526011173542,
    0.9884442106271402,
    0.9892465151273288,
    0.9787373603918613,
    0.9851179963503128,
    0.9927627352567819
  ],
  "p_q_corr": [
    0.6258680377251062,
    0.6226206207886721,
    0.6179748009412717,
    0.6195025107799432,
    0.626321248519115,
    0.6225125499260731,
    0.6106431346673232
  ],
  "ea_ratio": [
    0.0,
    0.0,
    0.0,
    0.0,
    0.0,
    0.0,
    4.525396742302781e-05
  ],
  "main_grad_norm": [
    6301.55029296875,
    7782.410888671875,
    10421.19384765625,
    9210.244873046875,
    18316.98681640625,
    14936.18212890625,
    12892.5966796875
  ],
  "ea_grad_norm": [
    35.40652942657471,
    11.707176208496094,
    8.189331769943237,
    14.109212875366211,
    9.647428274154663,
    6.24693751335144,
    10.295303344726562
  ],
  "ea_main_grad_ratio": [
    0.010595768788120916,
    0.002076552958729216,
    0.0008194351868467502,
    0.0025311352838983184,
    0.000552868120449965,
    0.0004115647139068631,
    0.0007984406932742749
  ],
  "ea_scale": [
    3.068502244546222,
    8.023508660762708,
    12.346014404423522,
    8.34081776407443,
    19.906147854567987,
    24.303077220918578,
    12.523696853708334
  ],
  "main_grad_params": [
    26.0,
    26.0,
    26.0,
    26.0,
    26.0,
    26.0,
    26.0
  ],
  "ea_grad_params": [
    26.0,
    26.0,
    26.0,
    26.0,
    26.0,
    26.0,
    26.0
  ],
  "grad_params_total": [
    26.0,
    26.0,
    26.0,
    26.0,
    26.0,
    26.0,
    26.0
  ],
  "rank_loss_raw": [
    0.008629420736374764,
    0.008650092097620169,
    0.008529489310697103,
    0.008621406669800099,
    0.008673679465666795,
    0.008729665850599607,
    0.008476101327687502
  ],
  "rank_pairs_count": [
    170.5897435897436,
    170.4102564102564,
    170.46153846153845,
    170.5897435897436,
    170.5897435897436,
    170.69230769230768,
    170.89743589743588
  ],
  "rank_violations_count": [
    57.717948717948715,
    56.94871794871795,
    56.05128205128205,
    56.38461538461539,
    56.84615384615385,
    57.743589743589745,
    56.43589743589744
  ],
  "rank_grad_norm": [
    7.317800045013428,
    4.267155289649963,
    6.146331071853638,
    6.375119209289551,
    6.445822238922119,
    4.112349987030029,
    6.758111476898193
  ],
  "rank_main_grad_ratio": [
    0.0017230388297479905,
    0.0008216191752952763,
    0.0006431170793381848,
    0.0009989921734104917,
    0.00036811654778338445,
    0.000269452726052225,
    0.0005239984292471011
  ],
  "shap_clip_active": [
    0.0,
    0.0,
    0.0,
    0.0,
    0.0,
    0.0,
    0.0
  ],
  "epoch_accepted": [
    1.0,
    1.0,
    1.0,
    1.0,
    1.0,
    1.0,
    1.0
  ],
  "lr": [
    8e-05,
    8e-05,
    8e-05,
    8e-05,
    8e-05,
    8e-05,
    8e-05
  ],
  "adaptive_gamma": [
    0.00019999999999999996,
    0.0002761904761904763,
    0.00035238095238095254,
    0.0004285714285714286,
    0.0005047619047619046,
    0.0005809523809523808,
    0.000657142857142857
  ],
  "convergence_slowdown": [
    0.4382039968621875,
    0.39749668829773616,
    0.365894852252629,
    0.2521146565579276,
    0.20000000000000004,
    0.20000000000000004,
    0.20000000000000004
  ],
  "shap_consistency": [
    0.11557697256406148,
    0.1178480014204979,
    0.11945362962209262,
    0.1190197053246009,
    0.1165350650747617,
    0.11767311929128109,
    0.1223147186713341
  ],
  "shap_sparsity": [
    0.9472736716270447,
    0.9472736716270447,
    0.9472736716270447,
    0.9472736716270447,
    0.9472736624570993,
    0.9472736441172086,
    0.9472735860408881
  ],
  "shap_faithfulness": [
    0.1540710368217566,
    0.1722511866917977,
    0.17761216446375236,
    0.17232046639307952,
    0.1693649227038408,
    0.16888355559263474,
    0.17656163680247772
  ],
  "shap_stability": [
    0.0,
    0.0,
    0.0,
    0.0,
    0.0,
    0.0,
    0.0
  ],
  "shap_weight_consistency": [
    1.0,
    1.0,
    1.0,
    1.0,
    1.0,
    1.0,
    1.0
  ],
  "shap_weight_sparsity": [
    0.0,
    0.0,
    0.0,
    0.0,
    0.0,
    0.0,
    0.0
  ],
  "shap_weight_faithfulness": [
    0.0,
    0.0,
    0.0,
    0.0,
    0.0,
    0.0,
    0.0
  ],
  "shap_weight_stability": [
    0.0,
    0.0,
    0.0,
    0.0,
    0.0,
    0.0,
    0.0
  ],