{
  "timestamp": "20260503_190855_sml_neg_sentinel_core1_shuffled_q_err_s42",
  "created_at": "2026-05-03T19:08:55",
  "tag": "sml_neg_sentinel_core1_shuffled_q_err_s42",
  "model_mode": "ea_raw",
  "fallback_used": false,
  "config_path": "/tmp/tmpvlw0mm5z.yaml",
  "config_sha256": "15499c21a7f5506f7b1f37e51fd6ac72423d291043954933817012e59caf63a3",
  "effective_config_sha256": "0b06b2eea2fc405d8de9cdbe093015841be8142db5628bd81339a5095fd1c7af",
  "git_commit": "2e91951a7c5559ef7ddaa92e9f147992605da1e0",
  "seed": 42,
  "dataset": "sml2010",
  "split_hash": "1d9c9536b554351b5b66322f7cff58c542ba44b9c11e29876076392d772ffa4c",
  "run_meta": {
    "fast_mode": true,
    "inprocess_mode": true,
    "tag_prefix": "sml_neg_sentinel_core1_shuffled_q_err"
  },
  "model_state": null,
  "model_state_path": null,
  "train_size": 3309,
  "shap_train_size": 2481,
  "test_size": 828,
  "vanilla_train_count": 3309,
  "shap_train_count": 2481,
  "real_test_count": 828,
  "normalize_sum": false,
  "metrics": {
    "mse": 2.335523950348793,
    "rmse": 1.5282421111685127,
    "mae": 1.0297962168242052,
    "r2": 0.785772043406588,
    "r2_weighted": 0.785772043406588,
    "r2_mean": 0.7861195916664664
  },
  "vanilla_metrics": {
    "mse": 0.5848567107642619,
    "rmse": 0.7647592501985588,
    "mae": 0.5568585316975909,
    "r2": 0.9463535117983867,
    "r2_weighted": 0.9463535117983867,
    "r2_mean": 0.9463548384694314
  },
  "shap_metrics": {
    "mse": 2.335523950348793,
    "rmse": 1.5282421111685127,
    "mae": 1.0297962168242052,
    "r2": 0.785772043406588,
    "r2_weighted": 0.785772043406588,
    "r2_mean": 0.7861195916664664
  },
  "band_metrics": {
    "all_outputs": {
      "mse": 2.335523950348793,
      "rmse": 1.5282421111685127,
      "mae": 1.0297962168242052,
      "r2": 0.7861195916664665
    }
  },
  "metrics_source": "shap",
  "shap_config_enabled": true,
  "shap_applied": true,
  "shap_rejected": false,
  "unstable_run": false,
  "policy_reason": "delta_r2_gate",
  "policy_mode": "quality_only",
  "unstable_prediction_flag": false,
  "vanilla_unstable_prediction_flag": false,
  "ea_unstable_prediction_flag": false,
  "effective_ea_config": {
    "autonomous_error_shap": true,
    "error_importance_mode": "permute",
    "error_importance_ema_beta": 0.9,
    "grad_importance_ema_beta": 0.9,
    "error_target_rho": 0.3,
    "ea_alignment_loss": "cosine_mse",
    "ea_alignment_alpha": 0.5,
    "ea_warmup_fraction": 0.4,
    "ea_bypass_legacy_normalization": true,
    "ea_use_grad_balance": true,
    "ea_target_grad_ratio": 0.01,
    "ea_scale_min": 0.1,
    "ea_scale_max": 10000.0,
    "debug_grad_norms": true,
    "grad_norm_interval": 20,
    "fast_mode": true,
    "inprocess_mode": true,
    "quality_policy": {
      "mode": "quality_only",
      "reject_unstable_predictions": false,
      "min_r2": 0.0,
      "max_abs_error_p99_ratio": 10.0,
      "max_abs_error_target_std_ratio": 20.0,
      "max_prediction_range_std_ratio": 5.0,
      "faithfulness_mask": "permute",
      "faithfulness_k_list": [
        1,
        2,
        3,
        4
      ],
      "faithfulness_random_trials": 20,
      "require_ea_beats_vanilla": false,
      "auc_gap_margin": 0.0,
      "min_ea_auc_gap": -1000000000.0,
      "min_top_random_ratio": -1000000000.0
    }
  },
  "training_time_total": 4.7196879386901855,
  "training_time_shap": 4.0783116817474365,
  "timing": {
    "data_loading_sec": 0.041761720000067726,
    "pso_sec": 0.641376256942749,
    "vanilla_train_sec": 0.641376256942749,
    "ea_train_sec": 4.0783116817474365,
    "deletion_eval_sec": null,
    "total_sec": 4.897559639000974,
    "ea_overhead_ratio": 6.358688270107693
  },
  "saved_files": {
    "predictions": "predictions_20260503_190855_sml_neg_sentinel_core1_shuffled_q_err_s42.npy",
    "targets_test": "targets_test_20260503_190855_sml_neg_sentinel_core1_shuffled_q_err_s42.npy",
    "metrics_csv": "metrics_20260503_190855_sml_neg_sentinel_core1_shuffled_q_err_s42.csv",
    "feature_importance": "feature_importance_20260503_190855_sml_neg_sentinel_core1_shuffled_q_err_s42.csv",
    "shap": {
      "feature_importance_shap": "feature_importance_shap_20260503_190855_sml_neg_sentinel_core1_shuffled_q_err_s42.csv",
      "history": "shap_history_20260503_190855_sml_neg_sentinel_core1_shuffled_q_err_s42.json"
    }
  },
  "diagnostics": {
    "prediction_stats": {
      "mean": 19.506399623725724,
      "std": 3.530226746900106,
      "min": 5.794288158416748,
      "max": 29.132152557373047,
      "zero_fraction": 0.0,
      "negative_fraction": 0.0,
      "negative_count": 0
    },
    "target_stats": {
      "mean": 20.091670591787437,
      "std": 3.306111225086599,
      "min": 11.144,
      "max": 28.8173
    },
    "coeff_stats": {
      "mean": 0.47071392250850863,
      "std": 2.6318059574101587,
      "min": -6.553493499755859,
      "max": 23.111562728881836,
      "abs_mean": 1.2283380742778547,
      "finite_fraction": 1.0,
      "nonzero": 480,
      "total": 480
    },
    "vanilla_prediction_diagnostics": {
      "unstable_prediction_flag": false,
      "nan_inf_flag": false,
      "negative_r2_flag": false,
      "extreme_error_flag": false,
      "prediction_range_flag": false,
      "r2_mean": 0.9463548384694314,
      "abs_err_p95": 1.438039739227296,
      "abs_err_p99": 2.328325784149171,
      "abs_err_max": 6.736555786132811,
      "pred_min": 11.48974323272705,
      "pred_max": 29.171958923339844,
      "target_std_mean": 3.3018226728464892,
      "train_target_min": 11.076,
      "train_target_max": 28.924,
      "train_target_std": 3.292407166704954,
      "thresholds": {
        "min_r2": 0.0,
        "max_abs_error_p99_ratio": 10.0,
        "max_abs_error_target_std_ratio": 20.0,
        "max_prediction_range_std_ratio": 5.0
      },
      "per_target": [
        {
          "target_idx": 0,
          "r2": 0.9468814298817888,
          "mse": 0.5776423591047903,
          "mae": 0.5643718722467836,
          "rmse": 0.760027867321186,
          "ss_res": 478.28787333876625,
          "ss_tot": 9004.155651674626,
          "y_mean": 20.259959541062802,
          "y_std": 3.2976634334601194,
          "y_min": 11.4367,
          "y_max": 28.8173,
          "pred_mean": 20.27057731554704,
          "pred_std": 3.2405039884648024,
          "pred_min": 11.69788932800293,
          "pred_max": 29.171958923339844,
          "abs_err_p95": 1.439577765350342,
          "abs_err_p99": 2.2924423023986837,
          "abs_err_max": 3.9969143798828135
        },
        {
          "target_idx": 1,
          "r2": 0.9458282470570738,
          "mse": 0.5920710624237342,
          "mae": 0.5493451911483986,
          "rmse": 0.7694615405747932,
          "ss_res": 490.2348396868516,
          "ss_tot": 9049.639582520966,
          "y_mean": 19.923381642512073,
          "y_std": 3.3059819122328586,
          "y_min": 11.144,
          "y_max": 28.4667,
          "pred_mean": 19.91819867534914,
          "pred_std": 3.2734841006021673,
          "pred_min": 11.48974323272705,
          "pred_max": 28.516555786132812,
          "abs_err_p95": 1.428823171691895,
          "abs_err_p99": 2.291920084304813,
          "abs_err_max": 6.736555786132811
        }
      ]
    },
    "ea_prediction_diagnostics": {
      "unstable_prediction_flag": false,
      "nan_inf_flag": false,
      "negative_r2_flag": false,
      "extreme_error_flag": false,
      "prediction_range_flag": false,
      "r2_mean": 0.7861195916664665,
      "abs_err_p95": 3.6000808567047122,
      "abs_err_p99": 4.516548837890628,
      "abs_err_max": 10.23371184158325,
      "pred_min": 5.794288158416748,
      "pred_max": 29.132152557373047,
      "target_std_mean": 3.3018226728464892,
      "train_target_min": 11.076,
      "train_target_max": 28.924,
      "train_target_std": 3.292407166704954,
      "thresholds": {
        "min_r2": 0.0,
        "max_abs_error_p99_ratio": 10.0,