{
  "timestamp": "20260503_160025_sml_ablation_neg3_fast_random_target_s42",
  "created_at": "2026-05-03T16:00:25",
  "tag": "sml_ablation_neg3_fast_random_target_s42",
  "model_mode": "ea_raw",
  "fallback_used": false,
  "config_path": "/tmp/tmpge3qd1yq.yaml",
  "config_sha256": "25ec672c3c68e8683ae10268db5657daef5d1cf431612bc03861134202772b72",
  "effective_config_sha256": "87866c4f1a71a008bbb09656427f8499f77ed9597cd0de7302465b51a9f6bf77",
  "git_commit": "3175c3ada3f8cd23dc10a676640fc45a1a3c4d9a",
  "seed": 42,
  "dataset": "sml2010",
  "split_hash": "1d9c9536b554351b5b66322f7cff58c542ba44b9c11e29876076392d772ffa4c",
  "run_meta": {
    "fast_mode": true,
    "inprocess_mode": true,
    "tag_prefix": "sml_ablation_neg3_fast_random_target"
  },
  "model_state": null,
  "model_state_path": null,
  "train_size": 3309,
  "shap_train_size": 2481,
  "test_size": 828,
  "vanilla_train_count": 3309,
  "shap_train_count": 2481,
  "real_test_count": 828,
  "normalize_sum": false,
  "metrics": {
    "mse": 0.5098309247220609,
    "rmse": 0.7140244566694204,
    "mae": 0.5412536158962525,
    "r2": 0.9532353169852847,
    "r2_weighted": 0.9532353169852847,
    "r2_mean": 0.9532282968885364
  },
  "vanilla_metrics": {
    "mse": 0.5098531177900486,
    "rmse": 0.7140399973321163,
    "mae": 0.5412055440303783,
    "r2": 0.9532332813069075,
    "r2_weighted": 0.9532332813069075,
    "r2_mean": 0.953226259701594
  },
  "shap_metrics": {
    "mse": 0.5098309247220609,
    "rmse": 0.7140244566694204,
    "mae": 0.5412536158962525,
    "r2": 0.9532353169852847,
    "r2_weighted": 0.9532353169852847,
    "r2_mean": 0.9532282968885364
  },
  "band_metrics": {
    "all_outputs": {
      "mse": 0.5098309247220609,
      "rmse": 0.7140244566694204,
      "mae": 0.5412536158962525,
      "r2": 0.9532282968885365
    }
  },
  "metrics_source": "shap",
  "shap_config_enabled": true,
  "shap_applied": true,
  "shap_rejected": false,
  "unstable_run": false,
  "policy_reason": "delta_r2_gate",
  "policy_mode": "quality_only",
  "unstable_prediction_flag": false,
  "vanilla_unstable_prediction_flag": false,
  "ea_unstable_prediction_flag": false,
  "effective_ea_config": {
    "autonomous_error_shap": true,
    "error_importance_mode": "permute",
    "error_importance_ema_beta": 0.9,
    "grad_importance_ema_beta": 0.9,
    "error_target_rho": 0.3,
    "ea_alignment_loss": "cosine_mse",
    "ea_alignment_alpha": 0.5,
    "ea_warmup_fraction": 0.4,
    "ea_bypass_legacy_normalization": true,
    "ea_use_grad_balance": true,
    "ea_target_grad_ratio": 0.01,
    "ea_scale_min": 0.1,
    "ea_scale_max": 10000.0,
    "debug_grad_norms": true,
    "grad_norm_interval": 20,
    "fast_mode": true,
    "inprocess_mode": true,
    "quality_policy": {}
  },
  "training_time_total": 23.283257246017456,
  "training_time_shap": 17.00803303718567,
  "timing": {
    "data_loading_sec": 0.04977566099842079,
    "pso_sec": 6.275224208831787,
    "vanilla_train_sec": 6.275224208831787,
    "ea_train_sec": 17.00803303718567,
    "deletion_eval_sec": null,
    "total_sec": 23.46590872899833,
    "ea_overhead_ratio": 2.7103466698844745
  },
  "saved_files": {
    "predictions": "predictions_20260503_160025_sml_ablation_neg3_fast_random_target_s42.npy",
    "targets_test": "targets_test_20260503_160025_sml_ablation_neg3_fast_random_target_s42.npy",
    "metrics_csv": "metrics_20260503_160025_sml_ablation_neg3_fast_random_target_s42.csv",
    "feature_importance": "feature_importance_20260503_160025_sml_ablation_neg3_fast_random_target_s42.csv",
    "shap": {
      "feature_importance_shap": "feature_importance_shap_20260503_160025_sml_ablation_neg3_fast_random_target_s42.csv",
      "history": "shap_history_20260503_160025_sml_ablation_neg3_fast_random_target_s42.json"
    }
  },
  "diagnostics": {
    "prediction_stats": {
      "mean": 20.101440476910504,
      "std": 3.2393690324259525,
      "min": 10.714122772216797,
      "max": 29.253103256225586,
      "zero_fraction": 0.0,
      "negative_fraction": 0.0,
      "negative_count": 0
    },
    "target_stats": {
      "mean": 20.091670591787437,
      "std": 3.306111225086599,
      "min": 11.144,
      "max": 28.8173
    },
    "coeff_stats": {
      "mean": 0.45083801888649383,
      "std": 2.784747670428471,
      "min": -11.781550407409668,
      "max": 18.83663558959961,
      "abs_mean": 1.166327044712235,
      "finite_fraction": 1.0,
      "nonzero": 480,
      "total": 480
    },
    "vanilla_prediction_diagnostics": {
      "unstable_prediction_flag": false,
      "nan_inf_flag": false,
      "negative_r2_flag": false,
      "extreme_error_flag": false,
      "prediction_range_flag": false,
      "r2_mean": 0.953226259701594,
      "abs_err_p95": 1.4101259117126475,
      "abs_err_p99": 2.0386905081176763,
      "abs_err_max": 4.88146124267578,
      "pred_min": 10.714324951171875,
      "pred_max": 29.255056381225586,
      "target_std_mean": 3.3018226728464892,
      "train_target_min": 11.076,
      "train_target_max": 28.924,
      "train_target_std": 3.292407166704954,
      "thresholds": {
        "min_r2": 0.0,
        "max_abs_error_p99_ratio": 10.0,
        "max_abs_error_target_std_ratio": 20.0,
        "max_prediction_range_std_ratio": 5.0
      },
      "per_target": [
        {
          "target_idx": 0,
          "r2": 0.9504391957389001,
          "mse": 0.5389531350110178,
          "mae": 0.551781763836036,
          "rmse": 0.7341342758726211,
          "ss_res": 446.2531957891221,
          "ss_tot": 9004.155651674626,
          "y_mean": 20.259959541062802,
          "y_std": 3.2976634334601194,
          "y_min": 11.4367,
          "y_max": 28.8173,
          "pred_mean": 20.278784958060815,
          "pred_std": 3.22509416596955,
          "pred_min": 11.166826248168945,
          "pred_max": 28.709386825561523,
          "abs_err_p95": 1.4570497463226308,
          "abs_err_p99": 2.175759426330568,
          "abs_err_max": 4.88146124267578
        },
        {
          "target_idx": 1,
          "r2": 0.9560133236642879,
          "mse": 0.4807531005690798,
          "mae": 0.5306293242247209,
          "rmse": 0.6933636135312263,
          "ss_res": 398.06356727119834,
          "ss_tot": 9049.639582520966,
          "y_mean": 19.923381642512073,
          "y_std": 3.3059819122328586,
          "y_min": 11.144,
          "y_max": 28.4667,
          "pred_mean": 19.92673757225995,
          "pred_std": 3.2444844870091027,
          "pred_min": 10.714324951171875,
          "pred_max": 29.255056381225586,
          "abs_err_p95": 1.3664606883239736,
          "abs_err_p99": 1.8368185421142584,
          "abs_err_max": 3.9668588745117184
        }
      ]
    },
    "ea_prediction_diagnostics": {
      "unstable_prediction_flag": false,
      "nan_inf_flag": false,
      "negative_r2_flag": false,
      "extreme_error_flag": false,
      "prediction_range_flag": false,
      "r2_mean": 0.9532282968885365,
      "abs_err_p95": 1.4108812217712412,
      "abs_err_p99": 2.0386339552307136,
      "abs_err_max": 4.881379226684569,
      "pred_min": 10.714122772216797,
      "pred_max": 29.253103256225586,
      "target_std_mean": 3.3018226728464892,
      "train_target_min": 11.076,
      "train_target_max": 28.924,
      "train_target_std": 3.292407166704954,
      "thresholds": {
        "min_r2": 0.0,
        "max_abs_error_p99_ratio": 10.0,
        "max_abs_error_target_std_ratio": 20.0,
        "max_prediction_range_std_ratio": 5.0
      },
      "per_target": [
        {
          "target_idx": 0,
          "r2": 0.9504418317158965,
          "mse": 0.5389244698574319,
          "mae": 0.5518430915445521,
          "rmse": 0.7341147525131422,
          "ss_res": 446.2294610419534,
          "ss_tot": 9004.155651674626,
          "y_mean": 20.259959541062802,
          "y_std": 3.2976634334601194,
          "y_min": 11.4367,
          "y_max": 28.8173,
          "pred_mean": 20.27746680508489,