{
  "timestamp": "20260503_104935_sml_ablation_mask_noise_s45",
  "created_at": "2026-05-03T10:49:35",
  "tag": "sml_ablation_mask_noise_s45",
  "model_mode": "final_policy",
  "fallback_used": false,
  "config_path": "/tmp/tmpdh4_oreg.yaml",
  "config_sha256": "9f065ca0aac098cbbfda1e211dee8a45c5d2f7505f2a41cfbf784eb71d786fcd",
  "effective_config_sha256": "fca7e7a9e2dde5e4d2e2e3722fa0dd74d881515507806c35cfd35abe960e6051",
  "git_commit": "3175c3ada3f8cd23dc10a676640fc45a1a3c4d9a",
  "seed": 45,
  "dataset": "sml2010",
  "split_hash": "2ef4403e0b9bf9d1ecb677492325db009685e142c7b60927d11369e9eabb294a",
  "run_meta": {
    "fast_mode": true,
    "inprocess_mode": true,
    "tag_prefix": "sml_ablation_mask_noise"
  },
  "model_state": "anfis_model_state_20260503_104935_sml_ablation_mask_noise_s45.pt",
  "model_state_path": "/home/lebedeffson/Code/bonner-shap-reconstruction/results/sml2010_ea_minimal/anfis_model_state_20260503_104935_sml_ablation_mask_noise_s45.pt",
  "train_size": 3309,
  "shap_train_size": 2481,
  "test_size": 828,
  "vanilla_train_count": 3309,
  "shap_train_count": 2481,
  "real_test_count": 828,
  "normalize_sum": false,
  "metrics": {
    "mse": 0.5682165303618886,
    "rmse": 0.7538013865481334,
    "mae": 0.5159667014790039,
    "r2": 0.9505996628876295,
    "r2_weighted": 0.9505996628876295,
    "r2_mean": 0.9506020359380444
  },
  "vanilla_metrics": {
    "mse": 0.5682816154962691,
    "rmse": 0.7538445565872776,
    "mae": 0.5159844019876008,
    "r2": 0.9505940044327843,
    "r2_weighted": 0.9505940044327843,
    "r2_mean": 0.9505963797472765
  },
  "shap_metrics": {
    "mse": 0.5682165303618886,
    "rmse": 0.7538013865481334,
    "mae": 0.5159667014790039,
    "r2": 0.9505996628876295,
    "r2_weighted": 0.9505996628876295,
    "r2_mean": 0.9506020359380444
  },
  "band_metrics": {
    "all_outputs": {
      "mse": 0.5682165303618886,
      "rmse": 0.7538013865481334,
      "mae": 0.5159667014790039,
      "r2": 0.9506020359380444
    }
  },
  "metrics_source": "shap",
  "shap_config_enabled": true,
  "shap_applied": true,
  "shap_rejected": false,
  "effective_ea_config": {
    "autonomous_error_shap": true,
    "error_importance_mode": "noise",
    "error_importance_ema_beta": 0.9,
    "grad_importance_ema_beta": 0.9,
    "error_target_rho": 0.3,
    "ea_alignment_loss": "cosine_mse",
    "ea_alignment_alpha": 0.5,
    "ea_warmup_fraction": 0.4,
    "ea_bypass_legacy_normalization": true,
    "ea_use_grad_balance": true,
    "ea_target_grad_ratio": 0.01,
    "ea_scale_min": 0.1,
    "ea_scale_max": 10000.0,
    "debug_grad_norms": true,
    "grad_norm_interval": 20,
    "fast_mode": true,
    "inprocess_mode": true
  },
  "training_time_total": 23.109172344207764,
  "training_time_shap": 16.912582397460938,
  "timing": {
    "data_loading_sec": 0.045028880000018034,
    "pso_sec": 23.109172344207764,
    "vanilla_train_sec": 23.109172344207764,
    "ea_train_sec": 16.912582397460938,
    "deletion_eval_sec": null,
    "total_sec": 23.18669091600009
  },
  "saved_files": {
    "predictions": "predictions_20260503_104935_sml_ablation_mask_noise_s45.npy",
    "targets_test": "targets_test_20260503_104935_sml_ablation_mask_noise_s45.npy",
    "metrics_csv": "metrics_20260503_104935_sml_ablation_mask_noise_s45.csv",
    "feature_importance": "feature_importance_20260503_104935_sml_ablation_mask_noise_s45.csv",
    "shap": {
      "feature_importance_shap": "feature_importance_shap_20260503_104935_sml_ablation_mask_noise_s45.csv",
      "history": "shap_history_20260503_104935_sml_ablation_mask_noise_s45.json"
    }
  },
  "diagnostics": {
    "prediction_stats": {
      "mean": 19.951187678005386,
      "std": 3.325980523801561,
      "min": 6.182367324829102,
      "max": 28.495573043823242,
      "zero_fraction": 0.0,
      "negative_fraction": 0.0,
      "negative_count": 0
    },
    "target_stats": {
      "mean": 19.949833272946858,
      "std": 3.3957235568098514,
      "min": 11.0893,
      "max": 28.8173
    },
    "coeff_stats": {
      "mean": 0.49129582096186936,
      "std": 2.861074684412694,
      "min": -9.174359321594238,
      "max": 20.88589859008789,
      "abs_mean": 1.1533205980093897,
      "finite_fraction": 1.0,
      "nonzero": 480,
      "total": 480
    },
    "nonfinite_parameters": {},
    "regularization": {
      "active_components": [
        "sparsity"
      ],
      "shap_contribution": {
        "mean": 0.0003328576583565018,
        "last": 0.0006898749949565778,
        "max": 0.000954435635298395
      },
      "tikhonov_contribution": {
        "mean": 0.0,
        "last": 0.0,
        "max": 0.0
      },
      "nonnegativity_contribution": {
        "mean": 0.0,
        "last": 0.0,
        "max": 0.0
      },
      "regularization_share": {
        "mean": 0.04543009398676812,
        "last": 0.033217145508255635,
        "max": 0.08857808987867503
      },
      "shap_scale_factor": {
        "mean": 0.28783914557709395,
        "last": 0.20000000000000004,
        "max": 0.588856737995063
      },
      "shap_loss_normalized": {
        "mean": 0.026978582358704168,
        "last": 0.01697383052072464,
        "max": 0.05614193605306821
      },
      "nonnegativity_loss": {
        "mean": 0.0,
        "last": 0.0,
        "max": 0.0
      },
      "component_terms": {
        "consistency": {
          "mean": 0.092111569413772,
          "last": 0.08486915074097805,
          "max": 0.1011818507925058
        },
        "sparsity": {
          "mean": 0.9472736730534805,
          "last": 0.9472736716270447,
          "max": 0.9472736777403415
        },
        "faithfulness": {
          "mean": 0.5338581036808143,
          "last": 0.5191051669609852,
          "max": 0.5615564615298541
        },
        "stability": {
          "mean": 0.0,
          "last": 0.0,
          "max": 0.0
        }
      },
      "component_weights": {
        "consistency": {
          "mean": 1.0,
          "last": 1.0,
          "max": 1.0
        },
        "sparsity": {
          "mean": 0.0,
          "last": 0.0,
          "max": 0.0
        },
        "faithfulness": {
          "mean": 0.0,
          "last": 0.0,
          "max": 0.0
        },
        "stability": {
          "mean": 0.0,
          "last": 0.0,
          "max": 0.0
        }
      },
      "weighted_component_signal": {
        "consistency": {
          "mean": 0.092111569413772,
          "last": 0.08486915074097805,
          "max": 0.1011818507925058
        },
        "sparsity": {
          "mean": 0.0,
          "last": 0.0,
          "max": 0.0
        },
        "faithfulness": {
          "mean": 0.0,
          "last": 0.0,
          "max": 0.0
        },
        "stability": {
          "mean": 0.0,
          "last": 0.0,
          "max": 0.0
        }
      },
      "dominant_shap_component": "consistency",
      "dominant_regularizer": "shap"
    }
  },
  "dataset_settings": {
    "train_limit": null,
    "train_fraction": null,
    "mix_with_real": false,
    "mix_ratio": 0.0,
    "synthetic_test_size": 0.2,
    "test_size": 0.2,
    "real_data_split": {
      "train": 0.6,
      "validation": 0.2,
      "test": 0.2
    },
    "random_state": 45,
    "shap_uses_real_data_only": true,
    "test_uses_real_data_only": true
  },
  "band_metrics_denorm": {},
  "shap_files": {
    "feature_importance_shap": "feature_importance_shap_20260503_104935_sml_ablation_mask_noise_s45.csv",
    "history": "shap_history_20260503_104935_sml_ablation_mask_noise_s45.json"
  }
}