{
  "timestamp": "20260503_111658_sml_ablation_nf3_no_grad_balance_s42",
  "created_at": "2026-05-03T11:16:58",
  "tag": "sml_ablation_nf3_no_grad_balance_s42",
  "model_mode": "final_policy",
  "fallback_used": true,
  "config_path": "/tmp/tmpgvzh_l05.yaml",
  "config_sha256": "938f0c8c0adf7dce586e0d08e99387ab148480e48cf8550e45eadc107e66fdae",
  "effective_config_sha256": "15724480167b53b64ee62c59d2bab108fadbe85c12be4fccb90afbe3508c8175",
  "git_commit": "3175c3ada3f8cd23dc10a676640fc45a1a3c4d9a",
  "seed": 42,
  "dataset": "sml2010",
  "split_hash": "1d9c9536b554351b5b66322f7cff58c542ba44b9c11e29876076392d772ffa4c",
  "run_meta": {
    "fast_mode": false,
    "inprocess_mode": true,
    "tag_prefix": "sml_ablation_nf3_no_grad_balance"
  },
  "model_state": "anfis_model_state_20260503_111658_sml_ablation_nf3_no_grad_balance_s42.pt",
  "model_state_path": "/home/lebedeffson/Code/bonner-shap-reconstruction/results/sml2010_ea_minimal/anfis_model_state_20260503_111658_sml_ablation_nf3_no_grad_balance_s42.pt",
  "train_size": 3309,
  "shap_train_size": 2481,
  "test_size": 828,
  "vanilla_train_count": 3309,
  "shap_train_count": 2481,
  "real_test_count": 828,
  "normalize_sum": false,
  "metrics": {
    "mse": 0.6752958042027866,
    "rmse": 0.8217638372444888,
    "mae": 0.5721597729033322,
    "r2": 0.9380579076447224,
    "r2_weighted": 0.9380579076447224,
    "r2_mean": 0.9380502410674358
  },
  "vanilla_metrics": {
    "mse": 0.6752958042027866,
    "rmse": 0.8217638372444888,
    "mae": 0.5721597729033322,
    "r2": 0.9380579076447224,
    "r2_weighted": 0.9380579076447224,
    "r2_mean": 0.9380502410674358
  },
  "shap_metrics": {
    "mse": 0.6753163852804315,
    "rmse": 0.8217763596505021,
    "mae": 0.5728666034159456,
    "r2": 0.9380560198275549,
    "r2_weighted": 0.9380560198275549,
    "r2_mean": 0.9380483623933301
  },
  "band_metrics": {
    "all_outputs": {
      "mse": 0.6752958042027866,
      "rmse": 0.8217638372444888,
      "mae": 0.5721597729033322,
      "r2": 0.9380502410674358
    }
  },
  "metrics_source": "vanilla_fallback",
  "shap_config_enabled": true,
  "shap_applied": false,
  "shap_rejected": true,
  "effective_ea_config": {
    "autonomous_error_shap": true,
    "error_importance_mode": "permute",
    "error_importance_ema_beta": 0.9,
    "grad_importance_ema_beta": 0.9,
    "error_target_rho": 0.3,
    "ea_alignment_loss": "cosine_mse",
    "ea_alignment_alpha": 0.5,
    "ea_warmup_fraction": 0.4,
    "ea_bypass_legacy_normalization": true,
    "ea_use_grad_balance": false,
    "ea_target_grad_ratio": 0.01,
    "ea_scale_min": 0.1,
    "ea_scale_max": 10000.0,
    "debug_grad_norms": true,
    "grad_norm_interval": 20,
    "fast_mode": false,
    "inprocess_mode": true
  },
  "training_time_total": 69.56449818611145,
  "training_time_shap": 33.56230306625366,
  "timing": {
    "data_loading_sec": 0.0417253829996298,
    "pso_sec": 69.56449818611145,
    "vanilla_train_sec": 69.56449818611145,
    "ea_train_sec": 33.56230306625366,
    "deletion_eval_sec": null,
    "total_sec": 69.73936535699977
  },
  "saved_files": {
    "predictions": "predictions_20260503_111658_sml_ablation_nf3_no_grad_balance_s42.npy",
    "targets_test": "targets_test_20260503_111658_sml_ablation_nf3_no_grad_balance_s42.npy",
    "samples": {
      "indices": [
        71,
        73,
        357,
        361,
        538,
        577,
        636,
        709
      ],
      "X": "samples_20260503_111658_sml_ablation_nf3_no_grad_balance_s42_X.npy",
      "y": "samples_20260503_111658_sml_ablation_nf3_no_grad_balance_s42_y.npy",
      "pred": "samples_20260503_111658_sml_ablation_nf3_no_grad_balance_s42_pred.npy"
    },
    "metrics_csv": "metrics_20260503_111658_sml_ablation_nf3_no_grad_balance_s42.csv",
    "feature_importance": "feature_importance_20260503_111658_sml_ablation_nf3_no_grad_balance_s42.csv",
    "shap": {
      "feature_importance_shap": "feature_importance_shap_20260503_111658_sml_ablation_nf3_no_grad_balance_s42.csv",
      "history": "shap_history_20260503_111658_sml_ablation_nf3_no_grad_balance_s42.json"
    }
  },
  "diagnostics": {
    "prediction_stats": {
      "mean": 20.092311320673442,
      "std": 3.3127956736470408,
      "min": 6.303533554077148,
      "max": 31.2218017578125,
      "zero_fraction": 0.0,
      "negative_fraction": 0.0,
      "negative_count": 0
    },
    "target_stats": {
      "mean": 20.091670591787437,
      "std": 3.306111225086599,
      "min": 11.144,
      "max": 28.8173
    },
    "coeff_stats": {
      "mean": 0.44948173013213477,
      "std": 2.9237214319479423,
      "min": -13.781354904174805,
      "max": 17.731069564819336,
      "abs_mean": 1.4890598962596244,
      "finite_fraction": 1.0,
      "nonzero": 480,
      "total": 480
    },
    "nonfinite_parameters": {},
    "regularization": {
      "active_components": [
        "sparsity"
      ],
      "shap_contribution": {
        "mean": 8.395642190168635e-06,
        "last": 1.9611380151055084e-05,
        "max": 2.590932875206748e-05
      },
      "tikhonov_contribution": {
        "mean": 0.0,
        "last": 0.0,
        "max": 0.0
      },
      "nonnegativity_contribution": {
        "mean": 0.0,
        "last": 0.0,
        "max": 0.0
      },
      "regularization_share": {
        "mean": 0.04090785815038136,
        "last": 0.0186432933099382,
        "max": 0.08857809019320594
      },
      "shap_scale_factor": {
        "mean": 0.2578794580399307,
        "last": 0.20000000000000004,
        "max": 0.49795787944112074
      },
      "shap_loss_normalized": {
        "mean": 0.02476288496524605,
        "last": 0.019611379322715294,
        "max": 0.050231332723528914
      },
      "nonnegativity_loss": {
        "mean": 0.0,
        "last": 0.0,
        "max": 0.0
      },
      "component_terms": {
        "consistency": {
          "mean": 0.0958006110519935,
          "last": 0.09805689465541106,
          "max": 0.10358818983420348
        },
        "sparsity": {
          "mean": 0.9472736730534805,
          "last": 0.9472736716270447,
          "max": 0.9472736777403415
        },
        "faithfulness": {
          "mean": 0.1520225833687517,
          "last": 0.14578095097572374,
          "max": 0.16817224140350634
        },
        "stability": {
          "mean": 0.0,
          "last": 0.0,
          "max": 0.0
        }
      },
      "component_weights": {
        "consistency": {
          "mean": 1.0,
          "last": 1.0,
          "max": 1.0
        },
        "sparsity": {
          "mean": 0.0,
          "last": 0.0,
          "max": 0.0
        },
        "faithfulness": {
          "mean": 0.0,
          "last": 0.0,
          "max": 0.0
        },
        "stability": {
          "mean": 0.0,
          "last": 0.0,
          "max": 0.0
        }
      },
      "weighted_component_signal": {
        "consistency": {
          "mean": 0.0958006110519935,
          "last": 0.09805689465541106,
          "max": 0.10358818983420348
        },
        "sparsity": {
          "mean": 0.0,
          "last": 0.0,
          "max": 0.0
        },
        "faithfulness": {
          "mean": 0.0,
          "last": 0.0,
          "max": 0.0
        },
        "stability": {
          "mean": 0.0,
          "last": 0.0,
          "max": 0.0
        }
      },
      "dominant_shap_component": "consistency",
      "dominant_regularizer": "shap"
    }
  },
  "dataset_settings": {
    "train_limit": null,
    "train_fraction": null,
    "mix_with_real": false,
    "mix_ratio": 0.0,
    "synthetic_test_size": 0.2,
    "test_size": 0.2,
    "real_data_split": {
      "train": 0.6,
      "validation": 0.2,
      "test": 0.2
    },
    "random_state": 42,
    "shap_uses_real_data_only": true,
    "test_uses_real_data_only": true
  },
  "band_metrics_denorm": {},
  "shap_files": {
    "feature_importance_shap": "feature_importance_shap_20260503_111658_sml_ablation_nf3_no_grad_balance_s42.csv",