{
  "timestamp": "20260503_105020_sml_ablation_no_fallback_s42",
  "created_at": "2026-05-03T10:50:20",
  "tag": "sml_ablation_no_fallback_s42",
  "model_mode": "final_policy",
  "fallback_used": true,
  "config_path": "/tmp/tmpnzcusofv.yaml",
  "config_sha256": "a8c3cfbc68da85155fc426435cbe97939d8428e355e6b3e0a311bf82507704cb",
  "effective_config_sha256": "658b7279e2c6a0287731aee963212b86d36c643ab3e92bd45e90c03aa1537c0c",
  "git_commit": "3175c3ada3f8cd23dc10a676640fc45a1a3c4d9a",
  "seed": 42,
  "dataset": "sml2010",
  "split_hash": "1d9c9536b554351b5b66322f7cff58c542ba44b9c11e29876076392d772ffa4c",
  "run_meta": {
    "fast_mode": true,
    "inprocess_mode": true,
    "tag_prefix": "sml_ablation_no_fallback"
  },
  "model_state": "anfis_model_state_20260503_105020_sml_ablation_no_fallback_s42.pt",
  "model_state_path": "/home/lebedeffson/Code/bonner-shap-reconstruction/results/sml2010_ea_minimal/anfis_model_state_20260503_105020_sml_ablation_no_fallback_s42.pt",
  "train_size": 3309,
  "shap_train_size": 2481,
  "test_size": 828,
  "vanilla_train_count": 3309,
  "shap_train_count": 2481,
  "real_test_count": 828,
  "normalize_sum": false,
  "metrics": {
    "mse": 0.5098531177900486,
    "rmse": 0.7140399973321163,
    "mae": 0.5412055440303783,
    "r2": 0.9532332813069075,
    "r2_weighted": 0.9532332813069075,
    "r2_mean": 0.953226259701594
  },
  "vanilla_metrics": {
    "mse": 0.5098531177900486,
    "rmse": 0.7140399973321163,
    "mae": 0.5412055440303783,
    "r2": 0.9532332813069075,
    "r2_weighted": 0.9532332813069075,
    "r2_mean": 0.953226259701594
  },
  "shap_metrics": {
    "mse": 0.9624405553000928,
    "rmse": 0.9810405472252881,
    "mae": 0.7441346254450107,
    "r2": 0.9117193067218277,
    "r2_weighted": 0.9117193067218277,
    "r2_mean": 0.9117169881793475
  },
  "band_metrics": {
    "all_outputs": {
      "mse": 0.5098531177900486,
      "rmse": 0.7140399973321163,
      "mae": 0.5412055440303783,
      "r2": 0.953226259701594
    }
  },
  "metrics_source": "vanilla_fallback",
  "shap_config_enabled": true,
  "shap_applied": false,
  "shap_rejected": true,
  "effective_ea_config": {
    "autonomous_error_shap": true,
    "error_importance_mode": "permute",
    "error_importance_ema_beta": 0.9,
    "grad_importance_ema_beta": 0.9,
    "error_target_rho": 0.3,
    "ea_alignment_loss": "cosine_mse",
    "ea_alignment_alpha": 0.5,
    "ea_warmup_fraction": 0.4,
    "ea_bypass_legacy_normalization": true,
    "ea_use_grad_balance": true,
    "ea_target_grad_ratio": 0.01,
    "ea_scale_min": 0.1,
    "ea_scale_max": 10000.0,
    "debug_grad_norms": true,
    "grad_norm_interval": 20,
    "fast_mode": true,
    "inprocess_mode": true
  },
  "training_time_total": 14.909356117248535,
  "training_time_shap": 8.518529176712036,
  "timing": {
    "data_loading_sec": 0.04492156400010572,
    "pso_sec": 14.909356117248535,
    "vanilla_train_sec": 14.909356117248535,
    "ea_train_sec": 8.518529176712036,
    "deletion_eval_sec": null,
    "total_sec": 15.0876667739999
  },
  "saved_files": {
    "predictions": "predictions_20260503_105020_sml_ablation_no_fallback_s42.npy",
    "targets_test": "targets_test_20260503_105020_sml_ablation_no_fallback_s42.npy",
    "metrics_csv": "metrics_20260503_105020_sml_ablation_no_fallback_s42.csv",
    "feature_importance": "feature_importance_20260503_105020_sml_ablation_no_fallback_s42.csv",
    "shap": {
      "feature_importance_shap": "feature_importance_shap_20260503_105020_sml_ablation_no_fallback_s42.csv",
      "history": "shap_history_20260503_105020_sml_ablation_no_fallback_s42.json"
    }
  },
  "diagnostics": {
    "prediction_stats": {
      "mean": 20.10276126516038,
      "std": 3.2395895300746176,
      "min": 10.714324951171875,
      "max": 29.255056381225586,
      "zero_fraction": 0.0,
      "negative_fraction": 0.0,
      "negative_count": 0
    },
    "target_stats": {
      "mean": 20.091670591787437,
      "std": 3.306111225086599,
      "min": 11.144,
      "max": 28.8173
    },
    "coeff_stats": {
      "mean": 0.45083801888649383,
      "std": 2.784747670428471,
      "min": -11.781550407409668,
      "max": 18.83663558959961,
      "abs_mean": 1.166327044712235,
      "finite_fraction": 1.0,
      "nonzero": 480,
      "total": 480
    },
    "nonfinite_parameters": {},
    "regularization": {
      "active_components": [
        "sparsity"
      ],
      "shap_contribution": {
        "mean": 2.2080493744440554e-05,
        "last": 0.0001545634562110839,
        "max": 0.0001545634562110839
      },
      "tikhonov_contribution": {
        "mean": 0.0,
        "last": 0.0,
        "max": 0.0
      },
      "nonnegativity_contribution": {
        "mean": 0.0,
        "last": 0.0,
        "max": 0.0
      },
      "regularization_share": {
        "mean": 2.9487335673599452e-05,
        "last": 0.0002064077479989556,
        "max": 0.0002064077479989556
      },
      "shap_scale_factor": {
        "mean": 0.37233144263932033,
        "last": 0.24698645142972248,
        "max": 0.49960213653310337
      },
      "shap_loss_normalized": {
        "mean": 0.039563915020216514,
        "last": 0.025786400844271366,
        "max": 0.05313673973656618
      },
      "nonnegativity_loss": {
        "mean": 0.0,
        "last": 0.0,
        "max": 0.0
      },
      "component_terms": {
        "consistency": {
          "mean": 0.10680374011888609,
          "last": 0.1041150606977634,
          "max": 0.10907296740855926
        },
        "sparsity": {
          "mean": 0.9472735642076848,
          "last": 0.9472734332084656,
          "max": 0.9472736716270447
        },
        "faithfulness": {
          "mean": 0.35480268577952956,
          "last": 0.3442241656474578,
          "max": 0.3656323682039212
        },
        "stability": {
          "mean": 0.0,
          "last": 0.0,
          "max": 0.0
        }
      },
      "component_weights": {
        "consistency": {
          "mean": 1.0,
          "last": 1.0,
          "max": 1.0
        },
        "sparsity": {
          "mean": 0.0,
          "last": 0.0,
          "max": 0.0
        },
        "faithfulness": {
          "mean": 0.0,
          "last": 0.0,
          "max": 0.0
        },
        "stability": {
          "mean": 0.0,
          "last": 0.0,
          "max": 0.0
        }
      },
      "weighted_component_signal": {
        "consistency": {
          "mean": 0.10680374011888609,
          "last": 0.1041150606977634,
          "max": 0.10907296740855926
        },
        "sparsity": {
          "mean": 0.0,
          "last": 0.0,
          "max": 0.0
        },
        "faithfulness": {
          "mean": 0.0,
          "last": 0.0,
          "max": 0.0
        },
        "stability": {
          "mean": 0.0,
          "last": 0.0,
          "max": 0.0
        }
      },
      "dominant_shap_component": "consistency",
      "dominant_regularizer": "shap"
    }
  },
  "dataset_settings": {
    "train_limit": null,
    "train_fraction": null,
    "mix_with_real": false,
    "mix_ratio": 0.0,
    "synthetic_test_size": 0.2,
    "test_size": 0.2,
    "real_data_split": {
      "train": 0.6,
      "validation": 0.2,
      "test": 0.2
    },
    "random_state": 42,
    "shap_uses_real_data_only": true,
    "test_uses_real_data_only": true
  },
  "band_metrics_denorm": {},
  "shap_files": {
    "feature_importance_shap": "feature_importance_shap_20260503_105020_sml_ablation_no_fallback_s42.csv",
    "history": "shap_history_20260503_105020_sml_ablation_no_fallback_s42.json"
  }
}