{
  "timestamp": "20260503_160255_sml_ablation_neg3_fast_sparsity_only_s43",
  "created_at": "2026-05-03T16:02:55",
  "tag": "sml_ablation_neg3_fast_sparsity_only_s43",
  "model_mode": "ea_raw",
  "fallback_used": false,
  "config_path": "/tmp/tmpmm576gvq.yaml",
  "config_sha256": "aad01f906b8520f8d91fc9056ada6e31a8100cd3e23b7e5803f40960c5c811e3",
  "effective_config_sha256": "ba6519e7c623af3be35502978c082def759f6ea0b804b5aabbd5a01401e64732",
  "git_commit": "3175c3ada3f8cd23dc10a676640fc45a1a3c4d9a",
  "seed": 43,
  "dataset": "sml2010",
  "split_hash": "e1dd4f5d7d9624cc456ea97cd92466d260418b8470a31a79188aaf73b21b9c8b",
  "run_meta": {
    "fast_mode": true,
    "inprocess_mode": true,
    "tag_prefix": "sml_ablation_neg3_fast_sparsity_only"
  },
  "model_state": null,
  "model_state_path": null,
  "train_size": 3309,
  "shap_train_size": 2481,
  "test_size": 828,
  "vanilla_train_count": 3309,
  "shap_train_count": 2481,
  "real_test_count": 828,
  "normalize_sum": false,
  "metrics": {
    "mse": 0.5423130452082687,
    "rmse": 0.7364190690145582,
    "mae": 0.5378857764230256,
    "r2": 0.9504549459973808,
    "r2_weighted": 0.9504549459973808,
    "r2_mean": 0.9504538962534828
  },
  "vanilla_metrics": {
    "mse": 0.5423860346340087,
    "rmse": 0.736468624337798,
    "mae": 0.5379489360929108,
    "r2": 0.9504482777730557,
    "r2_weighted": 0.9504482777730557,
    "r2_mean": 0.9504472287960382
  },
  "shap_metrics": {
    "mse": 0.5423130452082687,
    "rmse": 0.7364190690145582,
    "mae": 0.5378857764230256,
    "r2": 0.9504549459973808,
    "r2_weighted": 0.9504549459973808,
    "r2_mean": 0.9504538962534828
  },
  "band_metrics": {
    "all_outputs": {
      "mse": 0.5423130452082687,
      "rmse": 0.7364190690145582,
      "mae": 0.5378857764230256,
      "r2": 0.9504538962534828
    }
  },
  "metrics_source": "shap",
  "shap_config_enabled": true,
  "shap_applied": true,
  "shap_rejected": false,
  "unstable_run": false,
  "policy_reason": "delta_r2_gate",
  "policy_mode": "quality_only",
  "unstable_prediction_flag": false,
  "vanilla_unstable_prediction_flag": false,
  "ea_unstable_prediction_flag": false,
  "effective_ea_config": {
    "autonomous_error_shap": false,
    "error_importance_mode": "permute",
    "error_importance_ema_beta": 0.9,
    "grad_importance_ema_beta": 0.9,
    "error_target_rho": 0.3,
    "ea_alignment_loss": "cosine_mse",
    "ea_alignment_alpha": 0.5,
    "ea_warmup_fraction": 0.4,
    "ea_bypass_legacy_normalization": true,
    "ea_use_grad_balance": true,
    "ea_target_grad_ratio": 0.01,
    "ea_scale_min": 0.1,
    "ea_scale_max": 10000.0,
    "debug_grad_norms": true,
    "grad_norm_interval": 20,
    "fast_mode": true,
    "inprocess_mode": true,
    "quality_policy": {}
  },
  "training_time_total": 12.544867753982544,
  "training_time_shap": 6.44693922996521,
  "timing": {
    "data_loading_sec": 0.03935907300183317,
    "pso_sec": 6.097928524017334,
    "vanilla_train_sec": 6.097928524017334,
    "ea_train_sec": 6.44693922996521,
    "deletion_eval_sec": null,
    "total_sec": 12.617461575999187,
    "ea_overhead_ratio": 1.0572343058094664
  },
  "saved_files": {
    "predictions": "predictions_20260503_160255_sml_ablation_neg3_fast_sparsity_only_s43.npy",
    "targets_test": "targets_test_20260503_160255_sml_ablation_neg3_fast_sparsity_only_s43.npy",
    "metrics_csv": "metrics_20260503_160255_sml_ablation_neg3_fast_sparsity_only_s43.csv",
    "feature_importance": "feature_importance_20260503_160255_sml_ablation_neg3_fast_sparsity_only_s43.csv",
    "shap": {
      "feature_importance_shap": "feature_importance_shap_20260503_160255_sml_ablation_neg3_fast_sparsity_only_s43.csv",
      "history": "shap_history_20260503_160255_sml_ablation_neg3_fast_sparsity_only_s43.json"
    }
  },
  "diagnostics": {
    "prediction_stats": {
      "mean": 20.347909772453676,
      "std": 3.2422022423903605,
      "min": 11.615718841552734,
      "max": 28.238178253173828,
      "zero_fraction": 0.0,
      "negative_fraction": 0.0,
      "negative_count": 0
    },
    "target_stats": {
      "mean": 20.320581884057972,
      "std": 3.3130177326452044,
      "min": 11.1513,
      "max": 28.884
    },
    "coeff_stats": {
      "mean": 0.5517947760627976,
      "std": 2.9773691078504037,
      "min": -9.0829496383667,
      "max": 25.02347755432129,
      "abs_mean": 1.3138648746516082,
      "finite_fraction": 1.0,
      "nonzero": 480,
      "total": 480
    },
    "vanilla_prediction_diagnostics": {
      "unstable_prediction_flag": false,
      "nan_inf_flag": false,
      "negative_r2_flag": false,
      "extreme_error_flag": false,
      "prediction_range_flag": false,
      "r2_mean": 0.9504472287960382,
      "abs_err_p95": 1.379201638793945,
      "abs_err_p99": 2.2167236911010737,
      "abs_err_max": 6.3462444580078134,
      "pred_min": 11.615819931030273,
      "pred_max": 28.23975372314453,
      "target_std_mean": 3.308451606864062,
      "train_target_min": 11.076,
      "train_target_max": 28.924,
      "train_target_std": 3.325746055808202,
      "thresholds": {
        "min_r2": 0.0,
        "max_abs_error_p99_ratio": 10.0,
        "max_abs_error_target_std_ratio": 20.0,
        "max_prediction_range_std_ratio": 5.0
      },
      "per_target": [
        {
          "target_idx": 0,
          "r2": 0.9496142956975917,
          "mse": 0.5508201175920824,
          "mae": 0.5468830163080335,
          "rmse": 0.7421725659117847,
          "ss_res": 456.07905736624406,
          "ss_tot": 9051.75512937,
          "y_mean": 20.494449999999997,
          "y_std": 3.3063683116498996,
          "y_min": 11.4333,
          "y_max": 28.884,
          "pred_mean": 20.52505163524462,
          "pred_std": 3.2213057158315563,
          "pred_min": 12.08549976348877,
          "pred_max": 28.23975372314453,
          "abs_err_p95": 1.4162016551971432,
          "abs_err_p99": 2.2530776078796397,
          "abs_err_max": 4.911192489624025
        },
        {
          "target_idx": 1,
          "r2": 0.9512801618944845,
          "mse": 0.5339519516759353,
          "mae": 0.5290148558777887,
          "rmse": 0.7307201596205865,
          "ss_res": 442.11221598767435,
          "ss_tot": 9074.583027763045,
          "y_mean": 20.14671376811594,
          "y_std": 3.3105349020782238,
          "y_min": 11.1513,
          "y_max": 28.528,
          "pred_mean": 20.17222705440245,
          "pred_std": 3.2539333573687155,
          "pred_min": 11.615819931030273,
          "pred_max": 27.958654403686523,
          "abs_err_p95": 1.3406904910278308,
          "abs_err_p99": 2.1385052458801304,
          "abs_err_max": 6.3462444580078134
        }
      ]
    },
    "ea_prediction_diagnostics": {
      "unstable_prediction_flag": false,
      "nan_inf_flag": false,
      "negative_r2_flag": false,
      "extreme_error_flag": false,
      "prediction_range_flag": false,
      "r2_mean": 0.9504538962534828,
      "abs_err_p95": 1.3790252090454098,
      "abs_err_p99": 2.216410504455566,
      "abs_err_max": 6.346475247192384,
      "pred_min": 11.615718841552734,
      "pred_max": 28.238178253173828,
      "target_std_mean": 3.308451606864062,
      "train_target_min": 11.076,
      "train_target_max": 28.924,
      "train_target_std": 3.325746055808202,
      "thresholds": {
        "min_r2": 0.0,
        "max_abs_error_p99_ratio": 10.0,
        "max_abs_error_target_std_ratio": 20.0,
        "max_prediction_range_std_ratio": 5.0
      },
      "per_target": [
        {
          "target_idx": 0,
          "r2": 0.9496203542187316,
          "mse": 0.5507538854063287,
          "mae": 0.5468301207851096,
          "rmse": 0.7421279440947691,
          "ss_res": 456.0242171164402,
          "ss_tot": 9051.75512937,
          "y_mean": 20.494449999999997,
          "y_std": 3.3063683116498996,
          "y_min": 11.4333,
          "y_max": 28.884,
          "pred_mean": 20.52435591485765,