{
  "timestamp": "20260503_103741_sml_ablation_no_ema_s46",
  "created_at": "2026-05-03T10:37:41",
  "tag": "sml_ablation_no_ema_s46",
  "model_mode": "final_policy",
  "fallback_used": false,
  "config_path": "/tmp/tmp3x1xx888.yaml",
  "config_sha256": "38611ace92ecfa838550f702b11a78c611f770d83b6b0e1de3eefb31b71e02b4",
  "effective_config_sha256": "fb2666d70e4bdeb8e21acade3fde5c1e1b1f5d376928773a8307982c65431c30",
  "git_commit": "3175c3ada3f8cd23dc10a676640fc45a1a3c4d9a",
  "seed": 46,
  "dataset": "sml2010",
  "split_hash": "ac12711454a50097b1b571a4f0b75da3e1aeaf924d9995b5f37799701768a8c2",
  "run_meta": {
    "fast_mode": true,
    "inprocess_mode": true,
    "tag_prefix": "sml_ablation_no_ema"
  },
  "model_state": "anfis_model_state_20260503_103741_sml_ablation_no_ema_s46.pt",
  "model_state_path": "/home/lebedeffson/Code/bonner-shap-reconstruction/results/sml2010_ea_minimal/anfis_model_state_20260503_103741_sml_ablation_no_ema_s46.pt",
  "train_size": 3309,
  "shap_train_size": 2481,
  "test_size": 828,
  "vanilla_train_count": 3309,
  "shap_train_count": 2481,
  "real_test_count": 828,
  "normalize_sum": false,
  "metrics": {
    "mse": 0.6564527030981138,
    "rmse": 0.8102176887097157,
    "mae": 0.5262488760482862,
    "r2": 0.936880051780128,
    "r2_weighted": 0.936880051780128,
    "r2_mean": 0.9368825157225354
  },
  "vanilla_metrics": {
    "mse": 0.6567398262827567,
    "rmse": 0.8103948582529116,
    "mae": 0.5262351718690661,
    "r2": 0.9368524440020476,
    "r2_weighted": 0.9368524440020476,
    "r2_mean": 0.9368549074203756
  },
  "shap_metrics": {
    "mse": 0.6564527030981138,
    "rmse": 0.8102176887097157,
    "mae": 0.5262488760482862,
    "r2": 0.936880051780128,
    "r2_weighted": 0.936880051780128,
    "r2_mean": 0.9368825157225354
  },
  "band_metrics": {
    "all_outputs": {
      "mse": 0.6564527030981138,
      "rmse": 0.8102176887097157,
      "mae": 0.5262488760482862,
      "r2": 0.9368825157225354
    }
  },
  "metrics_source": "shap",
  "shap_config_enabled": true,
  "shap_applied": true,
  "shap_rejected": false,
  "effective_ea_config": {
    "autonomous_error_shap": true,
    "error_importance_mode": "permute",
    "error_importance_ema_beta": 0.0,
    "grad_importance_ema_beta": 0.0,
    "error_target_rho": 0.3,
    "ea_alignment_loss": "cosine_mse",
    "ea_alignment_alpha": 0.5,
    "ea_warmup_fraction": 0.4,
    "ea_bypass_legacy_normalization": true,
    "ea_use_grad_balance": true,
    "ea_target_grad_ratio": 0.01,
    "ea_scale_min": 0.1,
    "ea_scale_max": 10000.0,
    "debug_grad_norms": true,
    "grad_norm_interval": 20,
    "fast_mode": true,
    "inprocess_mode": true
  },
  "training_time_total": 23.14567494392395,
  "training_time_shap": 16.923365592956543,
  "timing": {
    "data_loading_sec": 0.03613119600004211,
    "pso_sec": 23.14567494392395,
    "vanilla_train_sec": 23.14567494392395,
    "ea_train_sec": 16.923365592956543,
    "deletion_eval_sec": null,
    "total_sec": 23.214714505999837
  },
  "saved_files": {
    "predictions": "predictions_20260503_103741_sml_ablation_no_ema_s46.npy",
    "targets_test": "targets_test_20260503_103741_sml_ablation_no_ema_s46.npy",
    "metrics_csv": "metrics_20260503_103741_sml_ablation_no_ema_s46.csv",
    "feature_importance": "feature_importance_20260503_103741_sml_ablation_no_ema_s46.csv",
    "shap": {
      "feature_importance_shap": "feature_importance_shap_20260503_103741_sml_ablation_no_ema_s46.csv",
      "history": "shap_history_20260503_103741_sml_ablation_no_ema_s46.json"
    }
  },
  "diagnostics": {
    "prediction_stats": {
      "mean": 20.379581333934397,
      "std": 3.203918236214967,
      "min": 11.398415565490723,
      "max": 31.308399200439453,
      "zero_fraction": 0.0,
      "negative_fraction": 0.0,
      "negative_count": 0
    },
    "target_stats": {
      "mean": 20.36998031400966,
      "std": 3.2293109621746927,
      "min": 11.0787,
      "max": 28.924
    },
    "coeff_stats": {
      "mean": 0.5224089596007161,
      "std": 2.653284707081753,
      "min": -9.987401962280273,
      "max": 13.820719718933105,
      "abs_mean": 1.369847180878772,
      "finite_fraction": 1.0,
      "nonzero": 478,
      "total": 480
    },
    "nonfinite_parameters": {},
    "regularization": {
      "active_components": [
        "sparsity"
      ],
      "shap_contribution": {
        "mean": 2.9943193409504352e-05,
        "last": 7.734589617496404e-05,
        "max": 9.176203625079674e-05
      },
      "tikhonov_contribution": {
        "mean": 0.0,
        "last": 0.0,
        "max": 0.0
      },
      "nonnegativity_contribution": {
        "mean": 0.0,
        "last": 0.0,
        "max": 0.0
      },
      "regularization_share": {
        "mean": 0.04298653542565954,
        "last": 0.020516024084867586,
        "max": 0.0885780892128826
      },
      "shap_scale_factor": {
        "mean": 0.2692834455634369,
        "last": 0.20000000000000004,
        "max": 0.45117698751872654
      },
      "shap_loss_normalized": {
        "mean": 0.024682282630959125,
        "last": 0.01839624182918133,
        "max": 0.040790170622177616
      },
      "nonnegativity_loss": {
        "mean": 0.0,
        "last": 0.0,
        "max": 0.0
      },
      "component_terms": {
        "consistency": {
          "mean": 0.09238867457223753,
          "last": 0.0919812068534203,
          "max": 0.09695023202743286
        },
        "sparsity": {
          "mean": 0.9472736718308212,
          "last": 0.9472736716270447,
          "max": 0.9472736746836932
        },
        "faithfulness": {
          "mean": 0.19852553548721164,
          "last": 0.20069676580337378,
          "max": 0.2053299618837161
        },
        "stability": {
          "mean": 0.0,
          "last": 0.0,
          "max": 0.0
        }
      },
      "component_weights": {
        "consistency": {
          "mean": 1.0,
          "last": 1.0,
          "max": 1.0
        },
        "sparsity": {
          "mean": 0.0,
          "last": 0.0,
          "max": 0.0
        },
        "faithfulness": {
          "mean": 0.0,
          "last": 0.0,
          "max": 0.0
        },
        "stability": {
          "mean": 0.0,
          "last": 0.0,
          "max": 0.0
        }
      },
      "weighted_component_signal": {
        "consistency": {
          "mean": 0.09238867457223753,
          "last": 0.0919812068534203,
          "max": 0.09695023202743286
        },
        "sparsity": {
          "mean": 0.0,
          "last": 0.0,
          "max": 0.0
        },
        "faithfulness": {
          "mean": 0.0,
          "last": 0.0,
          "max": 0.0
        },
        "stability": {
          "mean": 0.0,
          "last": 0.0,
          "max": 0.0
        }
      },
      "dominant_shap_component": "consistency",
      "dominant_regularizer": "shap"
    }
  },
  "dataset_settings": {
    "train_limit": null,
    "train_fraction": null,
    "mix_with_real": false,
    "mix_ratio": 0.0,
    "synthetic_test_size": 0.2,
    "test_size": 0.2,
    "real_data_split": {
      "train": 0.6,
      "validation": 0.2,
      "test": 0.2
    },
    "random_state": 46,
    "shap_uses_real_data_only": true,
    "test_uses_real_data_only": true
  },
  "band_metrics_denorm": {},
  "shap_files": {
    "feature_importance_shap": "feature_importance_shap_20260503_103741_sml_ablation_no_ema_s46.csv",
    "history": "shap_history_20260503_103741_sml_ablation_no_ema_s46.json"
  }
}