{
  "timestamp": "20260503_105048_sml_ablation_no_fallback_s44",
  "created_at": "2026-05-03T10:50:48",
  "tag": "sml_ablation_no_fallback_s44",
  "model_mode": "final_policy",
  "fallback_used": true,
  "config_path": "/tmp/tmpzxoct6y0.yaml",
  "config_sha256": "4338f8a16bfe3f7bc9bb7d337b2f543ae2dc24f6da1ecc3727b0c3ed550549b9",
  "effective_config_sha256": "639fa265ed80fe6088ed2a59cc6806385b9a4f3856a4760ad37fc534b8e5a43e",
  "git_commit": "3175c3ada3f8cd23dc10a676640fc45a1a3c4d9a",
  "seed": 44,
  "dataset": "sml2010",
  "split_hash": "3ebece8e8d9e10cb1a749061e6e4bce4eebef10a44b6e50c155647ddf9f29205",
  "run_meta": {
    "fast_mode": true,
    "inprocess_mode": true,
    "tag_prefix": "sml_ablation_no_fallback"
  },
  "model_state": "anfis_model_state_20260503_105048_sml_ablation_no_fallback_s44.pt",
  "model_state_path": "/home/lebedeffson/Code/bonner-shap-reconstruction/results/sml2010_ea_minimal/anfis_model_state_20260503_105048_sml_ablation_no_fallback_s44.pt",
  "train_size": 3309,
  "shap_train_size": 2481,
  "test_size": 828,
  "vanilla_train_count": 3309,
  "shap_train_count": 2481,
  "real_test_count": 828,
  "normalize_sum": false,
  "metrics": {
    "mse": 0.471609036875669,
    "rmse": 0.6867379681331658,
    "mae": 0.5423441755755513,
    "r2": 0.9541631776421334,
    "r2_weighted": 0.9541631776421334,
    "r2_mean": 0.9541677456831466
  },
  "vanilla_metrics": {
    "mse": 0.471609036875669,
    "rmse": 0.6867379681331658,
    "mae": 0.5423441755755513,
    "r2": 0.9541631776421334,
    "r2_weighted": 0.9541631776421334,
    "r2_mean": 0.9541677456831466
  },
  "shap_metrics": {
    "mse": 0.7364318098954363,
    "rmse": 0.8581560521813246,
    "mae": 0.6611299548973784,
    "r2": 0.9284244121518853,
    "r2_weighted": 0.9284244121518853,
    "r2_mean": 0.9284643492378531
  },
  "band_metrics": {
    "all_outputs": {
      "mse": 0.471609036875669,
      "rmse": 0.6867379681331658,
      "mae": 0.5423441755755513,
      "r2": 0.9541677456831466
    }
  },
  "metrics_source": "vanilla_fallback",
  "shap_config_enabled": true,
  "shap_applied": false,
  "shap_rejected": true,
  "effective_ea_config": {
    "autonomous_error_shap": true,
    "error_importance_mode": "permute",
    "error_importance_ema_beta": 0.9,
    "grad_importance_ema_beta": 0.9,
    "error_target_rho": 0.3,
    "ea_alignment_loss": "cosine_mse",
    "ea_alignment_alpha": 0.5,
    "ea_warmup_fraction": 0.4,
    "ea_bypass_legacy_normalization": true,
    "ea_use_grad_balance": true,
    "ea_target_grad_ratio": 0.01,
    "ea_scale_min": 0.1,
    "ea_scale_max": 10000.0,
    "debug_grad_norms": true,
    "grad_norm_interval": 20,
    "fast_mode": true,
    "inprocess_mode": true
  },
  "training_time_total": 14.178700685501099,
  "training_time_shap": 7.79064679145813,
  "timing": {
    "data_loading_sec": 0.04262847800009695,
    "pso_sec": 14.178700685501099,
    "vanilla_train_sec": 14.178700685501099,
    "ea_train_sec": 7.79064679145813,
    "deletion_eval_sec": null,
    "total_sec": 14.252220096000201
  },
  "saved_files": {
    "predictions": "predictions_20260503_105048_sml_ablation_no_fallback_s44.npy",
    "targets_test": "targets_test_20260503_105048_sml_ablation_no_fallback_s44.npy",
    "metrics_csv": "metrics_20260503_105048_sml_ablation_no_fallback_s44.csv",
    "feature_importance": "feature_importance_20260503_105048_sml_ablation_no_fallback_s44.csv",
    "shap": {
      "feature_importance_shap": "feature_importance_shap_20260503_105048_sml_ablation_no_fallback_s44.csv",
      "history": "shap_history_20260503_105048_sml_ablation_no_fallback_s44.json"
    }
  },
  "diagnostics": {
    "prediction_stats": {
      "mean": 20.26390876804573,
      "std": 3.198445930157539,
      "min": 10.640741348266602,
      "max": 28.277389526367188,
      "zero_fraction": 0.0,
      "negative_fraction": 0.0,
      "negative_count": 0
    },
    "target_stats": {
      "mean": 20.280628804347828,
      "std": 3.2124848781140014,
      "min": 11.0787,
      "max": 28.924
    },
    "coeff_stats": {
      "mean": 0.5579517789577797,
      "std": 2.8346133576660324,
      "min": -11.083755493164062,
      "max": 17.89841651916504,
      "abs_mean": 1.3902714959681968,
      "finite_fraction": 1.0,
      "nonzero": 480,
      "total": 480
    },
    "nonfinite_parameters": {},
    "regularization": {
      "active_components": [
        "sparsity"
      ],
      "shap_contribution": {
        "mean": 4.793659439237938e-06,
        "last": 3.3555616074665566e-05,
        "max": 3.3555616074665566e-05
      },
      "tikhonov_contribution": {
        "mean": 0.0,
        "last": 0.0,
        "max": 0.0
      },
      "nonnegativity_contribution": {
        "mean": 0.0,
        "last": 0.0,
        "max": 0.0
      },
      "regularization_share": {
        "mean": 6.465199894793315e-06,
        "last": 4.5252335384693955e-05,
        "max": 4.5252335384693955e-05
      },
      "shap_scale_factor": {
        "mean": 0.2933871705672115,
        "last": 0.20000000000000004,
        "max": 0.4382039968621875
      },
      "shap_loss_normalized": {
        "mean": 0.03454287427958551,
        "last": 0.024462944087691795,
        "max": 0.05019590134421984
      },
      "nonnegativity_loss": {
        "mean": 0.0,
        "last": 0.0,
        "max": 0.0
      },
      "component_terms": {
        "consistency": {
          "mean": 0.11834588742408998,
          "last": 0.1223147186713341,
          "max": 0.1223147186713341
        },
        "sparsity": {
          "mean": 0.947273654160482,
          "last": 0.9472735860408881,
          "max": 0.9472736716270447
        },
        "faithfulness": {
          "mean": 0.17015213849561991,
          "last": 0.17656163680247772,
          "max": 0.17761216446375236
        },
        "stability": {
          "mean": 0.0,
          "last": 0.0,
          "max": 0.0
        }
      },
      "component_weights": {
        "consistency": {
          "mean": 1.0,
          "last": 1.0,
          "max": 1.0
        },
        "sparsity": {
          "mean": 0.0,
          "last": 0.0,
          "max": 0.0
        },
        "faithfulness": {
          "mean": 0.0,
          "last": 0.0,
          "max": 0.0
        },
        "stability": {
          "mean": 0.0,
          "last": 0.0,
          "max": 0.0
        }
      },
      "weighted_component_signal": {
        "consistency": {
          "mean": 0.11834588742408998,
          "last": 0.1223147186713341,
          "max": 0.1223147186713341
        },
        "sparsity": {
          "mean": 0.0,
          "last": 0.0,
          "max": 0.0
        },
        "faithfulness": {
          "mean": 0.0,
          "last": 0.0,
          "max": 0.0
        },
        "stability": {
          "mean": 0.0,
          "last": 0.0,
          "max": 0.0
        }
      },
      "dominant_shap_component": "consistency",
      "dominant_regularizer": "shap"
    }
  },
  "dataset_settings": {
    "train_limit": null,
    "train_fraction": null,
    "mix_with_real": false,
    "mix_ratio": 0.0,
    "synthetic_test_size": 0.2,
    "test_size": 0.2,
    "real_data_split": {
      "train": 0.6,
      "validation": 0.2,
      "test": 0.2
    },
    "random_state": 44,
    "shap_uses_real_data_only": true,
    "test_uses_real_data_only": true
  },
  "band_metrics_denorm": {},
  "shap_files": {
    "feature_importance_shap": "feature_importance_shap_20260503_105048_sml_ablation_no_fallback_s44.csv",
    "history": "shap_history_20260503_105048_sml_ablation_no_fallback_s44.json"
  }
}