{
  "summary": "/home/lebedeffson/Code/bonner-shap-reconstruction/results/sml2010_ea_minimal/training_summary_20260502_224723_sml_ea5_full_s44.json",
  "tag": "sml_ea5_full_s44",
  "timestamp": "20260502_224723_sml_ea5_full_s44",
  "metrics_source": "shap",
  "model_mode": null,
  "fallback_used": null,
  "split_hash": null,
  "config_sha256": "4f84f1a3f25492d87bfdc64dc7d22bbe0a923400ebd778e8f8ef19c78fa33df6",
  "effective_config_sha256": "b4fbd00073b134b5e86a8c6ae8c8cb571dbad0c8975137a3acf416258937cb21",
  "train_size": 3309,
  "test_size": 828,
  "real_test_count": 828,
  "r2_summary": 0.9566299962676978,
  "r2_vanilla": 0.9566291382143447,
  "r2_ea_raw": 0.9566299962676978,
  "recomputed": {
    "r2_mean": 0.9566337138191275,
    "mse_mean": 0.4462282644681391,
    "mae_mean": 0.522536534439308
  },
  "per_target": [
    {
      "target_idx": 0,
      "r2": 0.9548033003124188,
      "mse": 0.4659673557411965,
      "mae": 0.5294712080692899,
      "rmse": 0.6826180159805311,
      "ss_res": 385.8209705537107,
      "ss_tot": 8536.485478379373,
      "y_mean": 20.457237439613525,
      "y_std": 3.2108822884849717,
      "y_min": 11.3553,
      "y_max": 28.924,
      "pred_mean": 20.443795121234395,
      "pred_std": 3.1798253988060043,
      "pred_min": 11.891191482543945,
      "pred_max": 28.15372657775879,
      "abs_err_p95": 1.3321611376953117,
      "abs_err_p99": 1.7955256966247573,
      "abs_err_max": 2.938542767333985
    },
    {
      "target_idx": 1,
      "r2": 0.9584641273258363,
      "mse": 0.4264891731950818,
      "mae": 0.5156018608093262,
      "rmse": 0.6530613854723626,
      "ss_res": 353.1330354055277,
      "ss_tot": 8501.880727913176,
      "y_mean": 20.104020169082126,
      "y_std": 3.2043676277254685,
      "y_min": 11.0787,
      "y_max": 28.544,
      "pred_mean": 20.0974431383437,
      "pred_std": 3.189065978324408,
      "pred_min": 10.975515365600586,
      "pred_max": 27.891902923583984,
      "abs_err_p95": 1.2984930318450922,
      "abs_err_p99": 1.7335273236084014,
      "abs_err_max": 2.2331745910644543
    }
  ]
}