{
  "timestamp": "20260502_225108_sml_ea5_full_s46",
  "tag": "sml_ea5_full_s46",
  "config_path": "/tmp/tmp_m_69798.yaml",
  "config_sha256": "eac59057405924d860e1c762cafadd1971f94cda7ebab4793c91383fe5856f68",
  "effective_config_sha256": "23b7e1e75d1c6e516f6001032c565b62e3dc33dc513100b7c0f266e84bc626b8",
  "run_meta": {
    "fast_mode": false,
    "inprocess_mode": true,
    "tag_prefix": "sml_ea5_full"
  },
  "model_state": "anfis_model_state_20260502_225108_sml_ea5_full_s46.pt",
  "model_state_path": "/home/lebedeffson/Code/bonner-shap-reconstruction/results/sml2010_ea_minimal/anfis_model_state_20260502_225108_sml_ea5_full_s46.pt",
  "train_size": 3309,
  "shap_train_size": 2481,
  "test_size": 828,
  "vanilla_train_count": 3309,
  "shap_train_count": 2481,
  "real_test_count": 828,
  "normalize_sum": false,
  "metrics": {
    "mse": 0.3887881749230741,
    "rmse": 0.6235288084147148,
    "mae": 0.486099692299516,
    "r2": 0.9626168201397822,
    "r2_weighted": 0.9626168201397822,
    "r2_mean": 0.9626172521383063
  },
  "vanilla_metrics": {
    "mse": 0.3887881749230741,
    "rmse": 0.6235288084147148,
    "mae": 0.486099692299516,
    "r2": 0.9626168201397822,
    "r2_weighted": 0.9626168201397822,
    "r2_mean": 0.9626172521383063
  },
  "shap_metrics": {
    "mse": 0.38882254074599504,
    "rmse": 0.6235563653319522,
    "mae": 0.4861422497615725,
    "r2": 0.9626135157601169,
    "r2_weighted": 0.9626135157601169,
    "r2_mean": 0.9626139476054152
  },
  "band_metrics": {
    "all_outputs": {
      "mse": 0.3887881749230741,
      "rmse": 0.6235288084147148,
      "mae": 0.486099692299516,
      "r2": 0.9626172521383063
    }
  },
  "metrics_source": "vanilla_fallback",
  "shap_config_enabled": true,
  "shap_applied": false,
  "shap_rejected": true,
  "effective_ea_config": {
    "autonomous_error_shap": true,
    "error_importance_mode": "permute",
    "error_importance_ema_beta": 0.9,
    "grad_importance_ema_beta": 0.9,
    "error_target_rho": 0.3,
    "ea_alignment_loss": "cosine_mse",
    "ea_alignment_alpha": 0.5,
    "ea_warmup_fraction": 0.4,
    "ea_bypass_legacy_normalization": true,
    "ea_use_grad_balance": true,
    "ea_target_grad_ratio": 0.01,
    "ea_scale_min": 0.1,
    "ea_scale_max": 10000.0,
    "debug_grad_norms": true,
    "grad_norm_interval": 20,
    "fast_mode": false,
    "inprocess_mode": true
  },
  "training_time_total": 71.64758491516113,
  "training_time_shap": 35.16148281097412,
  "saved_files": {
    "predictions": "predictions_20260502_225108_sml_ea5_full_s46.npy",
    "targets_test": "targets_test_20260502_225108_sml_ea5_full_s46.npy",
    "samples": {
      "indices": [
        63,
        180,
        205,
        225,
        412,
        453,
        514,
        744
      ],
      "X": "samples_20260502_225108_sml_ea5_full_s46_X.npy",
      "y": "samples_20260502_225108_sml_ea5_full_s46_y.npy",
      "pred": "samples_20260502_225108_sml_ea5_full_s46_pred.npy"
    },
    "metrics_csv": "metrics_20260502_225108_sml_ea5_full_s46.csv",
    "feature_importance": "feature_importance_20260502_225108_sml_ea5_full_s46.csv",
    "shap": {
      "feature_importance_shap": "feature_importance_shap_20260502_225108_sml_ea5_full_s46.csv",
      "history": "shap_history_20260502_225108_sml_ea5_full_s46.json"
    }
  },
  "diagnostics": {
    "prediction_stats": {
      "mean": 20.35340329759939,
      "std": 3.1719518213950106,
      "min": 11.674065589904785,
      "max": 28.38833236694336,
      "zero_fraction": 0.0,
      "negative_fraction": 0.0,
      "negative_count": 0
    },
    "target_stats": {
      "mean": 20.36998031400966,
      "std": 3.2293109621746927,
      "min": 11.0787,
      "max": 28.924
    },
    "coeff_stats": {
      "mean": 0.6350112128130462,
      "std": 3.1127296143796825,
      "min": -9.957168579101562,
      "max": 21.026147842407227,
      "abs_mean": 1.538328195028158,
      "finite_fraction": 1.0,
      "nonzero": 480,
      "total": 480
    },
    "nonfinite_parameters": {},
    "regularization": {
      "active_components": [
        "sparsity"
      ],
      "shap_contribution": {
        "mean": 0.0005144171262238674,
        "last": 0.0009629746409467397,
        "max": 0.0026094149917555163
      },
      "tikhonov_contribution": {
        "mean": 0.0,
        "last": 0.0,
        "max": 0.0
      },
      "nonnegativity_contribution": {
        "mean": 0.0,
        "last": 0.0,
        "max": 0.0
      },
      "regularization_share": {
        "mean": 0.03743941187803869,
        "last": 0.03700537850640512,
        "max": 0.08857808924014315
      },
      "shap_scale_factor": {
        "mean": 0.22180095088105573,
        "last": 0.20000000000000004,
        "max": 0.41790485156304213
      },
      "shap_loss_normalized": {
        "mean": 0.022563880780695853,
        "last": 0.02065603220118926,
        "max": 0.04847879755573395
      },
      "nonnegativity_loss": {
        "mean": 0.0,
        "last": 0.0,
        "max": 0.0
      },
      "component_terms": {
        "consistency": {
          "mean": 0.10125051412062767,
          "last": 0.1032801587612201,
          "max": 0.11121764855507092
        },
        "sparsity": {
          "mean": 0.9472736720345978,
          "last": 0.9472736716270447,
          "max": 0.9472736746836932
        },
        "faithfulness": {
          "mean": 0.5544997924922878,
          "last": 0.5650951464970907,
          "max": 0.5663990057431735
        },
        "stability": {
          "mean": 0.0,
          "last": 0.0,
          "max": 0.0
        }
      },
      "component_weights": {
        "consistency": {
          "mean": 1.0,
          "last": 1.0,
          "max": 1.0
        },
        "sparsity": {
          "mean": 0.0,
          "last": 0.0,
          "max": 0.0
        },
        "faithfulness": {
          "mean": 0.0,
          "last": 0.0,
          "max": 0.0
        },
        "stability": {
          "mean": 0.0,
          "last": 0.0,
          "max": 0.0
        }
      },
      "weighted_component_signal": {
        "consistency": {
          "mean": 0.10125051412062767,
          "last": 0.1032801587612201,
          "max": 0.11121764855507092
        },
        "sparsity": {
          "mean": 0.0,
          "last": 0.0,
          "max": 0.0
        },
        "faithfulness": {
          "mean": 0.0,
          "last": 0.0,
          "max": 0.0
        },
        "stability": {
          "mean": 0.0,
          "last": 0.0,
          "max": 0.0
        }
      },
      "dominant_shap_component": "consistency",
      "dominant_regularizer": "shap"
    }
  },
  "dataset_settings": {
    "train_limit": null,
    "train_fraction": null,
    "mix_with_real": false,
    "mix_ratio": 0.0,
    "synthetic_test_size": 0.2,
    "test_size": 0.2,
    "real_data_split": {
      "train": 0.6,
      "validation": 0.2,
      "test": 0.2
    },
    "random_state": 46,
    "shap_uses_real_data_only": true,
    "test_uses_real_data_only": true
  },
  "band_metrics_denorm": {},
  "shap_files": {
    "feature_importance_shap": "feature_importance_shap_20260502_225108_sml_ea5_full_s46.csv",
    "history": "shap_history_20260502_225108_sml_ea5_full_s46.json"
  }
}