{
  "timestamp": "20260503_110742_sml_ablation_nf3_no_ema_s43",
  "created_at": "2026-05-03T11:07:42",
  "tag": "sml_ablation_nf3_no_ema_s43",
  "model_mode": "final_policy",
  "fallback_used": true,
  "config_path": "/tmp/tmplf2dt2e3.yaml",
  "config_sha256": "687b60a90ab36361d24dc5d1784f53a20e9d0895861a2da2c6fdd9932039aebc",
  "effective_config_sha256": "ca221f58febe62f46236a987e85a2b88859650276b954e12b0e46723b40fbd90",
  "git_commit": "3175c3ada3f8cd23dc10a676640fc45a1a3c4d9a",
  "seed": 43,
  "dataset": "sml2010",
  "split_hash": "e1dd4f5d7d9624cc456ea97cd92466d260418b8470a31a79188aaf73b21b9c8b",
  "run_meta": {
    "fast_mode": false,
    "inprocess_mode": true,
    "tag_prefix": "sml_ablation_nf3_no_ema"
  },
  "model_state": "anfis_model_state_20260503_110742_sml_ablation_nf3_no_ema_s43.pt",
  "model_state_path": "/home/lebedeffson/Code/bonner-shap-reconstruction/results/sml2010_ea_minimal/anfis_model_state_20260503_110742_sml_ablation_nf3_no_ema_s43.pt",
  "train_size": 3309,
  "shap_train_size": 2481,
  "test_size": 828,
  "vanilla_train_count": 3309,
  "shap_train_count": 2481,
  "real_test_count": 828,
  "normalize_sum": false,
  "metrics": {
    "mse": 0.46952730750422195,
    "rmse": 0.6852206268817526,
    "mae": 0.5025983530311767,
    "r2": 0.9571045616336461,
    "r2_weighted": 0.9571045616336461,
    "r2_mean": 0.9571007353577061
  },
  "vanilla_metrics": {
    "mse": 0.46952730750422195,
    "rmse": 0.6852206268817526,
    "mae": 0.5025983530311767,
    "r2": 0.9571045616336461,
    "r2_weighted": 0.9571045616336461,
    "r2_mean": 0.9571007353577061
  },
  "shap_metrics": {
    "mse": 0.4732710265898038,
    "rmse": 0.6879469649542789,
    "mae": 0.506010011361532,
    "r2": 0.9567625400542193,
    "r2_weighted": 0.9567625400542193,
    "r2_mean": 0.9567587600204706
  },
  "band_metrics": {
    "all_outputs": {
      "mse": 0.46952730750422195,
      "rmse": 0.6852206268817526,
      "mae": 0.5025983530311767,
      "r2": 0.9571007353577061
    }
  },
  "metrics_source": "vanilla_fallback",
  "shap_config_enabled": true,
  "shap_applied": false,
  "shap_rejected": true,
  "effective_ea_config": {
    "autonomous_error_shap": true,
    "error_importance_mode": "permute",
    "error_importance_ema_beta": 0.0,
    "grad_importance_ema_beta": 0.0,
    "error_target_rho": 0.3,
    "ea_alignment_loss": "cosine_mse",
    "ea_alignment_alpha": 0.5,
    "ea_warmup_fraction": 0.4,
    "ea_bypass_legacy_normalization": true,
    "ea_use_grad_balance": true,
    "ea_target_grad_ratio": 0.01,
    "ea_scale_min": 0.1,
    "ea_scale_max": 10000.0,
    "debug_grad_norms": true,
    "grad_norm_interval": 20,
    "fast_mode": false,
    "inprocess_mode": true
  },
  "training_time_total": 70.49759292602539,
  "training_time_shap": 33.71003723144531,
  "timing": {
    "data_loading_sec": 0.03934421399981147,
    "pso_sec": 70.49759292602539,
    "vanilla_train_sec": 70.49759292602539,
    "ea_train_sec": 33.71003723144531,
    "deletion_eval_sec": null,
    "total_sec": 70.58011656400004
  },
  "saved_files": {
    "predictions": "predictions_20260503_110742_sml_ablation_nf3_no_ema_s43.npy",
    "targets_test": "targets_test_20260503_110742_sml_ablation_nf3_no_ema_s43.npy",
    "samples": {
      "indices": [
        16,
        36,
        228,
        330,
        414,
        476,
        536,
        694
      ],
      "X": "samples_20260503_110742_sml_ablation_nf3_no_ema_s43_X.npy",
      "y": "samples_20260503_110742_sml_ablation_nf3_no_ema_s43_y.npy",
      "pred": "samples_20260503_110742_sml_ablation_nf3_no_ema_s43_pred.npy"
    },
    "metrics_csv": "metrics_20260503_110742_sml_ablation_nf3_no_ema_s43.csv",
    "feature_importance": "feature_importance_20260503_110742_sml_ablation_nf3_no_ema_s43.csv",
    "shap": {
      "feature_importance_shap": "feature_importance_shap_20260503_110742_sml_ablation_nf3_no_ema_s43.csv",
      "history": "shap_history_20260503_110742_sml_ablation_nf3_no_ema_s43.json"
    }
  },
  "diagnostics": {
    "prediction_stats": {
      "mean": 20.342037023553527,
      "std": 3.2696011470269872,
      "min": 11.463667869567871,
      "max": 28.57756996154785,
      "zero_fraction": 0.0,
      "negative_fraction": 0.0,
      "negative_count": 0
    },
    "target_stats": {
      "mean": 20.320581884057972,
      "std": 3.3130177326452044,
      "min": 11.1513,
      "max": 28.884
    },
    "coeff_stats": {
      "mean": 0.5160447819935403,
      "std": 2.5017388616288585,
      "min": -5.863084316253662,
      "max": 20.397794723510742,
      "abs_mean": 0.9938019298259305,
      "finite_fraction": 1.0,
      "nonzero": 480,
      "total": 480
    },
    "nonfinite_parameters": {},
    "regularization": {
      "active_components": [
        "sparsity"
      ],
      "shap_contribution": {
        "mean": 0.00012136834256102118,
        "last": 0.00022056350112856866,
        "max": 0.0007600483155469052
      },
      "tikhonov_contribution": {
        "mean": 0.0,
        "last": 0.0,
        "max": 0.0
      },
      "nonnegativity_contribution": {
        "mean": 0.0,
        "last": 0.0,
        "max": 0.0
      },
      "regularization_share": {
        "mean": 0.037428127364371365,
        "last": 0.028557430266869615,
        "max": 0.08857808951802905
      },
      "shap_scale_factor": {
        "mean": 0.2619722158195283,
        "last": 0.20000000000000004,
        "max": 0.5290322482387949
      },
      "shap_loss_normalized": {
        "mean": 0.032544231874884186,
        "last": 0.02477799050318889,
        "max": 0.06718279655354145
      },
      "nonnegativity_loss": {
        "mean": 0.0,
        "last": 0.0,
        "max": 0.0
      },
      "component_terms": {
        "consistency": {
          "mean": 0.12414290545205789,
          "last": 0.12388995022345813,
          "max": 0.12739225553396422
        },
        "sparsity": {
          "mean": 0.9472736730534805,
          "last": 0.9472736716270447,
          "max": 0.9472736777403415
        },
        "faithfulness": {
          "mean": 0.44800244135479644,
          "last": 0.43718718718259764,
          "max": 0.46358275489929396
        },
        "stability": {
          "mean": 0.0,
          "last": 0.0,
          "max": 0.0
        }
      },
      "component_weights": {
        "consistency": {
          "mean": 1.0,
          "last": 1.0,
          "max": 1.0
        },
        "sparsity": {
          "mean": 0.0,
          "last": 0.0,
          "max": 0.0
        },
        "faithfulness": {
          "mean": 0.0,
          "last": 0.0,
          "max": 0.0
        },
        "stability": {
          "mean": 0.0,
          "last": 0.0,
          "max": 0.0
        }
      },
      "weighted_component_signal": {
        "consistency": {
          "mean": 0.12414290545205789,
          "last": 0.12388995022345813,
          "max": 0.12739225553396422
        },
        "sparsity": {
          "mean": 0.0,
          "last": 0.0,
          "max": 0.0
        },
        "faithfulness": {
          "mean": 0.0,
          "last": 0.0,
          "max": 0.0
        },
        "stability": {
          "mean": 0.0,
          "last": 0.0,
          "max": 0.0
        }
      },
      "dominant_shap_component": "consistency",
      "dominant_regularizer": "shap"
    }
  },
  "dataset_settings": {
    "train_limit": null,
    "train_fraction": null,
    "mix_with_real": false,
    "mix_ratio": 0.0,
    "synthetic_test_size": 0.2,
    "test_size": 0.2,
    "real_data_split": {
      "train": 0.6,
      "validation": 0.2,
      "test": 0.2
    },
    "random_state": 43,
    "shap_uses_real_data_only": true,
    "test_uses_real_data_only": true
  },
  "band_metrics_denorm": {},
  "shap_files": {
    "feature_importance_shap": "feature_importance_shap_20260503_110742_sml_ablation_nf3_no_ema_s43.csv",
    "history": "shap_history_20260503_110742_sml_ablation_nf3_no_ema_s43.json"
  }
}