mse,rmse,mae,r2,r2_weighted,r2_mean
1.4168742883158207,1.1903252867665295,0.7286175939634252,0.9854916737437888,0.9854916737437888,0.9850906232285015
