mse,rmse,mae,r2,r2_weighted,r2_mean
1.257559506018315,1.1214096067085901,0.7294393249610802,0.9872664998718605,0.9872664998718605,0.9866437888202475
