mse,rmse,mae,r2,r2_weighted,r2_mean
1.9481792644239075,1.3957719242139481,0.9807762787558819,0.980210358365822,0.980210358365822,0.9795668862441658
