mse,rmse,mae,r2,r2_weighted,r2_mean
7.274956643573175,2.6972127545993057,1.7041415241786408,0.9217767955342889,0.9217767955342889,0.9198993544164462
