mse,rmse,mae,r2,r2_weighted,r2_mean
1.6665192854506106,1.2909373669743278,0.8168959348851981,0.9809632343897907,0.9809632343897907,0.9795286942224026
