mse,rmse,mae,r2,r2_weighted,r2_mean
4.225674673452397,2.0556445883110235,1.5792787544448645,0.9517298245475985,0.9517298245475985,0.9487768415230062
