mse,rmse,mae,r2,r2_weighted,r2_mean
2.2048178506707705,1.4848629063555903,1.1280409156502067,0.9776034187766002,0.9776034187766002,0.9768281673105934
