mse,rmse,mae,r2,r2_weighted,r2_mean
1.9338937070251607,1.3906450686732257,1.0462247188369949,0.9801975651067071,0.9801975651067071,0.979959418715703
