mse,rmse,mae,r2,r2_weighted,r2_mean
1.4993033334333874,1.224460425425578,0.7817272701511137,0.9838788989469937,0.9838788989469937,0.9833340859755506
