mse,rmse,mae,r2,r2_weighted,r2_mean
2.1969999990349285,1.4822280523033318,1.1184689464816797,0.9777541343885908,0.9777541343885908,0.9768788332534171
