{
  "summary": "/home/lebedeffson/Code/bonner-shap-reconstruction/results/sml2010_ea_forced/training_summary_20260502_212221_sml_ea43_forced_s43.json",
  "importance_kind": "shap",
  "mask": "mean",
  "k": 2,
  "base_mse": 403.8000765821339,
  "delta_mse_top": 0.23584258635321476,
  "delta_mse_bottom": -0.00044030717697296495,
  "ratio_top_bottom": -535.6319388437485,
  "top_idx": [
    12,
    13
  ],
  "bottom_idx": [
    7,
    18
  ]
}