mse,rmse,mae,r2,r2_weighted,r2_mean
0.4732711042409895,0.6879470213911748,0.5060100487944007,0.9567625329601024,0.9567625329601024,0.956758752930936
