model,mse,rmse,mae,r2
ExtraTrees,0.0533587388920378,0.2309951057750745,0.1489798041968606,0.9951057674921951
RandomForest,0.1466633180578952,0.3829664711928385,0.2625925227958928,0.9865480766271412
MLP,0.1719519871583806,0.4146709384058408,0.3021533998477693,0.9842264174734672
GBDT,0.3566211979319921,0.5971776937662626,0.4666500516288999,0.9672843859948312
Ridge,0.7688839203656714,0.876860262736128,0.6800600915030954,0.9294668876558432
ANFIS_vanilla,1.9033314008578548,1.379612772069705,0.621660482483094,0.8254152792289026
ANFIS_SHAP_safe,2.364254430669642,1.5376132253169656,0.8300659934251206,0.7831367152224504
ANFIS_SHAP,43.25058945070474,6.576518033937468,3.170433386567713,-2.967197766523152
