mse,rmse,mae,r2,r2_weighted,r2_mean
0.6752958042027866,0.8217638372444888,0.5721597729033322,0.9380579076447224,0.9380579076447224,0.9380502410674358
