mse,rmse,mae,r2,r2_weighted,r2_mean
43.250589450704744,6.576518033937468,3.170433386567713,-2.9671977665231517,-2.9671977665231517,-2.9575878821360075
