mse,rmse,mae,r2,r2_weighted,r2_mean
1.9033314008578548,1.3796127720697047,0.621660482483094,0.8254152792289026,0.8254152792289026,0.8256520718190978
