mse,rmse,mae,r2,r2_weighted,r2_mean
19.717718599198534,4.440463781993784,0.8112155690630858,-0.8086248113873459,-0.8086248113873459,-0.8046097554148874
