mse,rmse,mae,r2,r2_weighted,r2_mean
0.6752952864247898,0.8217635222037967,0.5721593438650678,0.9380579551383574,0.9380579551383574,0.9380502885054373
