mse,rmse,mae,r2,r2_weighted,r2_mean
2.364254430669642,1.5376132253169656,0.8300659934251206,0.7831367152224504,0.7831367152224504,0.7834051543517602
