{
  "total_loss": [
    9.389078403130556,
    2.556402188081008,
    2.031812467636206,
    2.031196129627717
  ],
  "main_loss": [
    1.850132854321064,
    0.7111643736179059,
    0.6239229318423148,
    0.6235570854101425
  ],
  "shap_loss": [
    0.43367196772343075,
    0.5102100250048515,
    0.5202880876186566,
    0.5182998753510989
  ],
  "shap_loss_normalized": [
    0.015340915785577053,
    0.009257855490805248,
    0.0043035910393183045,
    0.004321886286235008
  ],
  "tikhonov_loss": [
    0.0,
    0.0,
    0.0,
    0.0
  ],
  "nonnegativity_loss": [
    0.0,
    0.0,
    0.0,
    0.0
  ],
  "tikhonov_lambda": [
    0.0,
    0.0,
    0.0,
    0.0
  ],
  "nonnegativity_lambda": [
    0.0,
    0.0,
    0.0,
    0.0
  ],
  "shap_scale_factor": [
    0.041298610285786304,
    0.018053988590203237,
    0.008387791059161506,
    0.008418825958073257
  ],
  "shap_contribution": [
    7.670457733137225e-07,
    1.1572319927393273e-06,
    8.607181933793748e-07,
    8.643772392320105e-07
  ],
  "tikhonov_contribution": [
    0.0,
    0.0,
    0.0,
    0.0
  ],
  "nonnegativity_contribution": [
    0.0,
    0.0,
    0.0,
    0.0
  ],
  "regularization_share": [
    0.7496765544896232,
    0.6866570049689767,
    0.662351823424952,
    0.6585028288526923
  ],
  "accuracy_guard_loss": [
    1.5077889523445032,
    0.36904733303265697,
    0.28157773537513536,
    0.28152763805328274
  ],
  "accuracy_guard_contribution": [
    7.538944760958354,
    1.8452366781540406,
    1.4078886768756769,
    1.407638192940981
  ],
  "adaptive_gamma": [
    4.999999999999999e-05,
    0.00012500000000000003,
    0.00019999999999999996,
    0.00019999999999999996
  ],
  "convergence_slowdown": [
    0.41790485156304213,
    0.5047699132956774,
    0.2080264935984807,
    0.20000000000000004
  ],
  "shap_consistency": [
    0.0,
    0.0,
    0.0,
    0.0
  ],
  "shap_sparsity": [
    0.43367196772343075,
    0.5102100250048515,
    0.5202880876186566,
    0.5182998753510989
  ],
  "shap_faithfulness": [
    0.0,
    0.0,
    0.0,
    0.0
  ],
  "shap_stability": [
    0.0,
    0.0,
    0.0,
    0.0
  ],
  "shap_weight_consistency": [
    0.0,
    0.0,
    0.0,
    0.0
  ],
  "shap_weight_sparsity": [
    1.0,
    1.0,
    1.0,
    1.0
  ],
  "shap_weight_faithfulness": [
    0.0,
    0.0,
    0.0,
    0.0
  ],
  "shap_weight_stability": [
    0.0,
    0.0,
    0.0,
    0.0
  ],
  "val_main_loss": [
    0.6102522015571594,
    0.7062751650810242,
    0.5081006288528442,
    0.9013429880142212
  ]
}