mse,rmse,mae,r2,r2_weighted,r2_mean
1.8563101915633686,1.3624647487415478,0.9239501980372837,0.9799822798235718,0.9799822798235718,0.979344337686977
