mse,rmse,mae,r2,r2_weighted,r2_mean
2.4420653958228753,1.5627109124284233,1.1451544843401225,0.9760318541997066,0.9760318541997066,0.974803487722349
