mse,rmse,mae,r2,r2_weighted,r2_mean
1.3757657043639444,1.1729303919516898,0.7421483156278537,0.9867725724528743,0.9867725724528743,0.9861978777770879
