mse,rmse,mae,r2,r2_weighted,r2_mean
1.257063794795705,1.1211885634431458,0.7044507854015797,0.987271519227912,0.987271519227912,0.9866569596406061
