mse,rmse,mae,r2,r2_weighted,r2_mean
1.4581844761893028,1.2075530945632589,0.7842269888791169,0.9851877346467696,0.9851877346467696,0.984444322768232
