mse,rmse,mae,r2,r2_weighted,r2_mean
1.237361010765643,1.1123673002950254,0.727983302822361,0.9874710210421569,0.9874710210421569,0.9868805868681576
