mse,rmse,mae,r2,r2_weighted,r2_mean
1.777343171792394,1.3331703461270035,0.9278596343003308,0.9819457146100332,0.9819457146100332,0.9811599876204069
