mse,rmse,mae,r2,r2_weighted,r2_mean
1.2004833803644048,1.0956657247374333,0.7299037011877283,0.9863538142698172,0.9863538142698172,0.9851959199905622
