mse,rmse,mae,r2,r2_weighted,r2_mean
1.9602593234960486,1.4000926124710638,0.9943048063501133,0.9799275898739993,0.9799275898739993,0.9794548779478607
