mse,rmse,mae,r2,r2_weighted,r2_mean
1.8640012901759981,1.3652843257636844,0.9554039655412945,0.9802083542613446,0.9802083542613446,0.9792377811648116
