mse,rmse,mae,r2,r2_weighted,r2_mean
1.370437443330832,1.1706568426874,0.7283738634183812,0.9859671717487332,0.9859671717487332,0.9855820384109165
