mse,rmse,mae,r2,r2_weighted,r2_mean
1.6974192008987719,1.302850413861381,0.8872505965790192,0.9832488121272154,0.9832488121272154,0.9830864315457131
