mse,rmse,mae,r2,r2_weighted,r2_mean
2.1143436005446286,1.4540782649309592,0.9149098780248068,0.9758477061175255,0.9758477061175255,0.9741791792509704
