{
  "total_loss": [
    1.363752806186676,
    1.1657305359840393,
    1.1015595555305482,
    1.089983840783437,
    1.1150826374689737,
    1.149009402592977,
    1.109221863746643,
    1.0779462377230327,
    1.0984275301297506,
    1.096753466129303,
    1.061462821563085,
    1.0623089532057444,
    1.0790138284365336,
    1.078048833211263,
    1.0796074589093527,
    1.1114289025465647,
    1.069882583618164,
    1.1017342726389567,
    1.0733923633893332
  ],
  "main_loss": [
    1.2486955563227335,
    1.106762945652008,
    1.0768113334973652,
    1.0678248306115468,
    1.10204971631368,
    1.1244391043980917,
    1.109221863746643,
    1.0779462377230327,
    1.0984275301297506,
    1.096753466129303,
    1.061462821563085,
    1.0623089532057444,
    1.0790138284365336,
    1.078048833211263,
    1.0796074589093527,
    1.1114289025465647,
    1.069882583618164,
    1.1017342726389567,
    1.0733923633893332
  ],
  "shap_loss": [
    0.015259751281701029,
    0.011605365481227637,
    0.009194304999740173,
    0.011484943237155676,
    0.010450557231282194,
    0.01202694911044091,
    0.011221252878506978,
    0.011073855465898912,
    0.012807344575412572,
    0.012582394038327038,
    0.017616018699482084,
    0.008780554596645137,
    0.012620704209742447,
    0.011619182062956195,
    0.0140109121799469,
    0.011642682288462916,
    0.008670997208294768,
    0.00768032136062781,
    0.00863757603801787
  ],
  "shap_loss_normalized": [
    0.013475995689320067,
    0.0067846280367424095,
    0.005806387058692053,
    0.004280392309495559,
    0.005830466382515927,
    0.003642691534090166,
    0.006628201645798981,
    0.0038524082551399867,
    0.002903997446022307,
    0.0025164788588881493,
    0.006447391774660597,
    0.005318805276571462,
    0.003664727802000319,
    0.0024665229061308007,
    0.0028021824662573637,
    0.0023285364809756477,
    0.001734199473867193,
    0.001536064319467793,
    0.001727515245632579
  ],
  "tikhonov_loss": [
    0.0,
    0.0,
    0.0,
    0.0,
    0.0,
    0.0,
    0.0,
    0.0,
    0.0,
    0.0,
    0.0,
    0.0,
    0.0,
    0.0,
    0.0,
    0.0,
    0.0,
    0.0,
    0.0
  ],
  "nonnegativity_loss": [
    0.0,
    0.0,
    0.0,
    0.0,
    0.0,
    0.0,
    0.0,
    0.0,
    0.0,
    0.0,
    0.0,
    0.0,
    0.0,
    0.0,
    0.0,
    0.0,
    0.0,
    0.0,
    0.0
  ],
  "tikhonov_lambda": [
    0.0,
    0.0,
    0.0,
    0.0,
    0.0,
    0.0,
    0.0,
    0.0,
    0.0,
    0.0,
    0.0,
    0.0,
    0.0,
    0.0,
    0.0,
    0.0,
    0.0,
    0.0,
    0.0
  ],
  "nonnegativity_lambda": [
    0.0,
    0.0,
    0.0,
    0.0,
    0.0,
    0.0,
    0.0,
    0.0,
    0.0,
    0.0,
    0.0,
    0.0,
    0.0,
    0.0,
    0.0,
    0.0,
    0.0,
    0.0,
    0.0
  ],
  "shap_scale_factor": [
    0.84442991648874,
    0.5563615808918004,
    0.6230642126668958,
    0.3891639643849094,
    0.5913266158568351,
    0.3083899074552461,
    0.575302838378768,
    0.3660278412487862,
    0.23494927954170916,
    0.20000000000000007,
    0.25333333333333335,
    0.5913266158568351,
    0.3083899074552461,
    0.21377486626203276,
    0.20000000000000007,
    0.20000000000000007,
    0.20000000000000007,
    0.20000000000000007,
    0.20000000000000007
  ],
  "shap_contribution": [
    0.0,
    0.0,
    0.0,
    0.0,
    0.0,
    0.0,
    0.0,
    0.0,
    0.0,
    0.0,
    0.0,
    0.0,
    0.0,
    0.0,
    0.0,
    0.0,
    0.0,
    0.0,
    0.0
  ],
  "tikhonov_contribution": [
    0.0,
    0.0,
    0.0,
    0.0,
    0.0,
    0.0,
    0.0,
    0.0,
    0.0,
    0.0,
    0.0,
    0.0,
    0.0,
    0.0,
    0.0,
    0.0,
    0.0,
    0.0,
    0.0
  ],
  "nonnegativity_contribution": [
    0.0,
    0.0,
    0.0,
    0.0,
    0.0,
    0.0,
    0.0,
    0.0,
    0.0,
    0.0,
    0.0,
    0.0,
    0.0,
    0.0,
    0.0,
    0.0,
    0.0,
    0.0,
    0.0
  ],
  "regularization_share": [
    0.08470655023477137,
    0.04390828017826518,
    0.026262902570315157,
    0.023865091976425314,
    0.011726275140106289,
    0.017839613201927493,
    5.213409658219467e-10,
    4.972216200128561e-10,
    5.276588283818595e-10,
    4.999986542761003e-10,
    5.49245436367471e-10,
    5.301582064128907e-10,
    5.019763012626388e-10,
    5.007164199793116e-10,
    5.166695756842872e-10,
    4.905513372290896e-10,
    5.11759651230324e-10,
    4.967823145319195e-10,
    5.161848151782521e-10
  ],
  "accuracy_guard_loss": [
    0.1704012433687846,
    0.018257649739583333,
    0.010252940654754638,
    0.005458823839823405,
    0.0026651223500569663,
    0.0049140612284342446,
    0.0,
    0.0,
    0.0,
    0.0,
    0.0,
    0.0,
    0.0,
    0.0,
    0.0,
    0.0,
    0.0,
    0.0,
    0.0
  ],
  "accuracy_guard_contribution": [
    0.11505725060900053,
    0.05896759281555811,
    0.02474822203318278,
    0.02215900719165802,
    0.013032919665177663,
    0.024570306142171223,
    0.0,
    0.0,
    0.0,
    0.0,
    0.0,
    0.0,
    0.0,
    0.0,
    0.0,
    0.0,
    0.0,
    0.0,
    0.0
  ],
  "distill_loss": [
    0.0,
    0.0,
    0.0,
    0.0,
    0.0,
    0.0,
    0.0,
    0.0,
    0.0,
    0.0,
    0.0,
    0.0,
    0.0,
    0.0,
    0.0,
    0.0,
    0.0,
    0.0,
    0.0
  ],
  "distill_contribution": [
    0.0,
    0.0,
    0.0,
    0.0,
    0.0,
    0.0,
    0.0,
    0.0,
    0.0,
    0.0,
    0.0,
    0.0,
    0.0,
    0.0,
    0.0,
    0.0,
    0.0,
    0.0,
    0.0
  ],
  "gate_entropy": [
    0.0008007125618557135,
    0.0007998463697731495,
    0.0007999893898765246,
    0.0008000927045941353,
    0.0008000927045941353,
    0.0008000927045941353,
    0.0008000927045941353,
    0.0008000927045941353,
    0.0008000927045941353,
    0.0008000927045941353,
    0.0008000927045941353,
    0.0008000927045941353,
    0.0008000927045941353,
    0.0008000927045941353,
    0.0008000927045941353,
    0.0008000927045941353,
    0.0008000927045941353,
    0.0008000927045941353,
    0.0008000927045941353
  ],
  "gate_min": [
    0.9998996178309123,
    0.9998999118804932,
    0.9998999834060669,
    0.9998999834060669,
    0.9998999834060669,
    0.9998999834060669,
    0.9998999834060669,
    0.9998999834060669,
    0.9998999834060669,
    0.9998999834060669,
    0.9998999834060669,
    0.9998999834060669,
    0.9998999834060669,
    0.9998999834060669,
    0.9998999834060669,
    0.9998999834060669,
    0.9998999834060669,
    0.9998999834060669,
    0.9998999834060669
  ],
  "gate_max": [
    0.9999001979827881,
    0.9999000787734985,
    0.9999000628789266,
    0.9998999834060669,
    0.9998999834060669,
    0.9998999834060669,
    0.9998999834060669,
    0.9998999834060669,
    0.9998999834060669,
    0.9998999834060669,
    0.9998999834060669,
    0.9998999834060669,
    0.9998999834060669,
    0.9998999834060669,
    0.9998999834060669,
    0.9998999834060669,
    0.9998999834060669,
    0.9998999834060669,
    0.9998999834060669
  ],
  "gate_anchor_loss": [
    1.0016871243578862e-08,
    9.997959082852503e-09,
    1.0000935901643971e-08,
    1.000331906197971e-08,
    1.000331906197971e-08,
    1.000331906197971e-08,
    1.000331906197971e-08,
    1.000331906197971e-08,
    1.000331906197971e-08,
    1.000331906197971e-08,
    1.000331906197971e-08,
    1.000331906197971e-08,
    1.000331906197971e-08,
    1.000331906197971e-08,
    1.000331906197971e-08,
    1.000331906197971e-08,
    1.000331906197971e-08,
    1.000331906197971e-08,
    1.000331906197971e-08
  ],