{
  "total_loss": [
    1.6706044713656107,
    1.3957631508509318,
    1.4052146116892497,
    1.3098275343577066,
    1.3812249382336934,
    1.3081749081611633,
    1.3509362061818442,
    1.2810508410135906,
    1.3971101681391398,
    1.3046563347180684,
    1.3446380694707234,
    1.2982673645019531,
    1.3405428012212117,
    1.314147373040517,
    1.2911243557929992
  ],
  "main_loss": [
    1.5567540129025776,
    1.3405874451001485,
    1.3386366446812947,
    1.2931245843569437,
    1.3652833978335062,
    1.2920310298601787,
    1.3264027158419291,
    1.2805867671966553,
    1.370844300587972,
    1.2906351447105409,
    1.3140254418055217,
    1.2767057398955026,
    1.318741830190023,
    1.283596122264862,
    1.2700009326140085
  ],
  "shap_loss": [
    0.016326271866758665,
    0.007140558694178859,
    0.007954100069279471,
    0.007057670674597224,
    0.009872025639439622,
    0.009313510730862617,
    0.00912886996132632,
    0.00863910688397785,
    0.006607606308534741,
    0.010060645174235106,
    0.006585217950244745,
    0.008852547422672311,
    0.008729329674194257,
    0.009023173991590739,
    0.007522946797932187
  ],
  "shap_loss_normalized": [
    0.010317570467789968,
    0.00419240293558687,
    0.005091790218527118,
    0.0023770585268115003,
    0.0022278866885850827,
    0.0018627021791568646,
    0.0018257740011904389,
    0.0017278213985264302,
    0.002894905318195621,
    0.004394087210918466,
    0.0017264636466279627,
    0.0017800341282660761,
    0.0017458659674351414,
    0.001804634847212583,
    0.0015936691624422869
  ],
  "tikhonov_loss": [
    0.0,
    0.0,
    0.0,
    0.0,
    0.0,
    0.0,
    0.0,
    0.0,
    0.0,
    0.0,
    0.0,
    0.0,
    0.0,
    0.0,
    0.0
  ],
  "nonnegativity_loss": [
    0.0,
    0.0,
    0.0,
    0.0,
    0.0,
    0.0,
    0.0,
    0.0,
    0.0,
    0.0,
    0.0,
    0.0,
    0.0,
    0.0,
    0.0
  ],
  "tikhonov_lambda": [
    0.0,
    0.0,
    0.0,
    0.0,
    0.0,
    0.0,
    0.0,
    0.0,
    0.0,
    0.0,
    0.0,
    0.0,
    0.0,
    0.0,
    0.0
  ],
  "nonnegativity_lambda": [
    0.0,
    0.0,
    0.0,
    0.0,
    0.0,
    0.0,
    0.0,
    0.0,
    0.0,
    0.0,
    0.0,
    0.0,
    0.0,
    0.0,
    0.0
  ],
  "shap_scale_factor": [
    0.6313266158568352,
    0.5098972568573322,
    0.6606744419437919,
    0.34051531573626076,
    0.2250794096718393,
    0.20000000000000007,
    0.20000000000000007,
    0.20000000000000007,
    0.47450715950715955,
    0.43101080147168447,
    0.2596280336997231,
    0.20167872822888025,
    0.20000000000000007,
    0.20000000000000007,
    0.25333333333333335
  ],
  "shap_contribution": [
    0.0,
    0.0,
    0.0,
    0.0,
    0.0,
    0.0,
    6.527228748988515e-05,
    0.00046408217749558387,
    0.0004321492631182385,
    3.9059164252345605e-05,
    6.799220603473563e-05,
    0.0006324548390693963,
    0.0009760738641489298,
    0.0002781423905010646,
    0.0005884117155801505
  ],
  "tikhonov_contribution": [
    0.0,
    0.0,
    0.0,
    0.0,
    0.0,
    0.0,
    0.0,
    0.0,
    0.0,
    0.0,
    0.0,
    0.0,
    0.0,
    0.0,
    0.0
  ],
  "nonnegativity_contribution": [
    0.0,
    0.0,
    0.0,
    0.0,
    0.0,
    0.0,
    0.0,
    0.0,
    0.0,
    0.0,
    0.0,
    0.0,
    0.0,
    0.0,
    0.0
  ],
  "regularization_share": [
    0.06666666730275303,
    0.04209504819177916,
    0.04615171120151708,
    0.011295932687423833,
    0.011016854222575843,
    0.010324764717549546,
    0.01771303345238333,
    0.0004138074905545348,
    0.012027308537367746,
    0.00736508472233455,
    0.01628971536945632,
    0.014535937248644224,
    0.017051483928155243,
    0.022764120185273556,
    0.015736058372717625
  ],
  "accuracy_guard_loss": [
    0.1772893269856771,
    0.022646987438201906,
    0.03738211790720622,
    0.003340590000152588,
    0.003188308080037435,
    0.0032287756601969402,
    0.005680680274963379,
    0.0,
    0.00953216552734375,
    0.002796427408854167,
    0.009386857350667318,
    0.004185835520426433,
    0.004164981842041016,
    0.006282651424407959,
    0.004106998443603516
  ],
  "accuracy_guard_contribution": [
    0.11385045796632767,
    0.05517571419477463,
    0.0665779692431291,
    0.01670295000076294,
    0.015941540400187176,
    0.0161438783009847,
    0.02446822573741277,
    0.0,
    0.025833702087402342,
    0.013982137044270834,
    0.03054465353488922,
    0.02092917760213216,
    0.020824909210205078,
    0.03027311563491821,
    0.020534992218017578
  ],
  "distill_loss": [
    0.0,
    0.0,
    0.0,
    0.0,
    0.0,
    0.0,
    0.0,
    0.0,
    0.0,
    0.0,
    0.0,
    0.0,
    0.0,
    0.0,
    0.0
  ],
  "distill_contribution": [
    0.0,
    0.0,
    0.0,
    0.0,
    0.0,
    0.0,
    0.0,
    0.0,
    0.0,
    0.0,
    0.0,
    0.0,
    0.0,
    0.0,
    0.0
  ],
  "gate_entropy": [
    0.0008000212139450014,
    0.0007998225123931964,
    0.0008000052844484647,
    0.0008000927045941353,
    0.0007998701805869738,
    0.000800045020878315,
    0.0007999655480186145,
    0.0007999734953045845,
    0.0007999734953045845,
    0.0007999734953045845,
    0.0007999734953045845,
    0.0007999734953045845,
    0.0007999576007326444,
    0.0007999734953045845,
    0.0007999417061607043
  ],
  "gate_min": [
    0.9998996973037719,
    0.9998999198277791,
    0.999899975458781,
    0.9998999834060669,
    0.9998999834060669,
    0.9998999834060669,
    0.9998999834060669,
    0.9998999834060669,
    0.9998999834060669,
    0.9998999834060669,
    0.9998999834060669,
    0.9998999834060669,
    0.9998999834060669,
    0.9998999834060669,
    0.9998999834060669
  ],
  "gate_max": [
    0.9999003330866496,
    0.9999000867207845,
    0.9999000549316406,
    0.9998999834060669,
    0.9999000946680705,
    0.9999000310897828,
    0.9999001026153564,
    0.9999001026153564,
    0.9999001026153564,
    0.9999001026153564,
    0.9999001026153564,
    0.9999001026153564,
    0.9999001026153564,
    0.9999001026153564,
    0.9999001026153564
  ],
  "gate_anchor_loss": [
    1.000196820181524e-08,
    9.997561652615634e-09,
    1.000133309503326e-08,
    1.000331906197971e-08,
    9.998155547918941e-09,
    1.0002326078506485e-08,
    1.000014151486539e-08,
    1.0000340111560035e-08,
    1.0000340111560035e-08,
    1.0000340111560035e-08,
    1.0000340111560035e-08,
    1.0000340111560035e-08,
    1.000014151486539e-08,
    1.0000340111560035e-08,
    9.9997443214761e-09
  ],
  "gate_anchor_contribution": [
    5.000984256338844e-10,
    4.998781055753909e-10,
    5.000666732553801e-10,
    5.001659642012157e-10,
    4.999078077420431e-10,
    5.001163187282979e-10,
    5.000070986878787e-10,
    5.000170277824623e-10,
    5.000170277824623e-10,
    5.000170277824623e-10,
    5.000170277824623e-10,
    5.000170277824623e-10,
    5.000070986878787e-10,
    5.000170277824623e-10,
    4.999872404987116e-10
  ],
  "q_err_entropy": [
    1.4519155025482178,
    1.479115072886149,
    1.4290122429529826,
    1.4406749248504638,
    1.449324663480123,
    1.4243891716003418,
    1.4348393400510153,
    1.4480330069859824,
    1.4657167752583822,
    1.4656580766042073,
    1.465763759613037,
    1.4708335876464844,
    1.4568883419036864,
    1.4175060828526815,
    1.4750905672709147
  ],
  "q_err_gini": [
    0.56481827100118,
    0.544987044731776,
    0.5704185585180919,
    0.5636915981769561,
    0.5646702369054158,
    0.576040800412496,
    0.561035035053889,
    0.5637414256731669,
    0.54954567750295,
    0.5504852871100108,
    0.5555512388547261,
    0.5453482588132222,
    0.5613920708497365,
    0.5809088190396626,
    0.5455353995164235
  ],