{
  "total_loss": [
    2.2049477895100913,
    2.1831347862879436,
    1.8406315525372823,
    1.7910255193710327,
    1.8289872646331786,
    1.77286430199941,
    1.9164373715718588,
    1.8139674027760824,
    1.8739708503087362,
    1.791157309214274,
    1.8060450871785483,
    1.7942390362421672,
    1.774182915687561,
    1.8082611163457234,
    1.8279950181643168
  ],
  "main_loss": [
    2.024345286687215,
    2.008569280306498,
    1.777092977364858,
    1.765653133392334,
    1.8007852713267007,
    1.7652662118275961,
    1.8671154419581095,
    1.7951832691828409,
    1.8464646418889363,
    1.7690682967503866,
    1.7908342043558756,
    1.753273065884908,
    1.7446540355682374,
    1.7875268618265787,
    1.790654198328654
  ],
  "shap_loss": [
    0.014099579801162084,
    0.014005726956141492,
    0.012851336086168886,
    0.0179154672815154,
    0.013281637771675984,
    0.01442874853188793,
    0.015848512357721726,
    0.019853248757620654,
    0.014811503421515226,
    0.018222561571747065,
    0.01621383080879847,
    0.017246199181924264,
    0.01799007086083293,
    0.017036220943555235,
    0.0180542333672444
  ],
  "shap_loss_normalized": [
    0.00880126009384791,
    0.008703274908475578,
    0.005045359511859715,
    0.009575380897149443,
    0.00411228002825131,
    0.003032814827747643,
    0.00316970256001999,
    0.012259096823011835,
    0.006431870395317674,
    0.004970348478915791,
    0.0032996472747375567,
    0.00344923990778625,
    0.003598014242015779,
    0.0034072442756344873,
    0.003610846687418719
  ],
  "tikhonov_loss": [
    0.0,
    0.0,
    0.0,
    0.0,
    0.0,
    0.0,
    0.0,
    0.0,
    0.0,
    0.0,
    0.0,
    0.0,
    0.0,
    0.0,
    0.0
  ],
  "nonnegativity_loss": [
    0.0,
    0.0,
    0.0,
    0.0,
    0.0,
    0.0,
    0.0,
    0.0,
    0.0,
    0.0,
    0.0,
    0.0,
    0.0,
    0.0,
    0.0
  ],
  "tikhonov_lambda": [
    0.0,
    0.0,
    0.0,
    0.0,
    0.0,
    0.0,
    0.0,
    0.0,
    0.0,
    0.0,
    0.0,
    0.0,
    0.0,
    0.0,
    0.0
  ],
  "nonnegativity_lambda": [
    0.0,
    0.0,
    0.0,
    0.0,
    0.0,
    0.0,
    0.0,
    0.0,
    0.0,
    0.0,
    0.0,
    0.0,
    0.0,
    0.0,
    0.0
  ],
  "shap_scale_factor": [
    0.6313266158568352,
    0.6302155047457241,
    0.3781964751565506,
    0.5913266158568351,
    0.3083899074552461,
    0.21377486626203276,
    0.20000000000000007,
    0.44617382617382617,
    0.45117209179426526,
    0.2666406564206207,
    0.20283814851873533,
    0.20000000000000007,
    0.20000000000000007,
    0.20000000000000007,
    0.20000000000000007
  ],
  "shap_contribution": [
    0.0,
    0.0,
    0.0,
    0.0,
    0.0,
    0.0,
    0.0008407255634665489,
    0.01878412765605996,
    0.005834464371825258,
    0.002685447200201452,
    0.005181068632130821,
    0.014211438860123356,
    0.013017776949952046,
    0.018295951001346112,
    0.022387128261228403
  ],
  "tikhonov_contribution": [
    0.0,
    0.0,
    0.0,
    0.0,
    0.0,
    0.0,
    0.0,
    0.0,
    0.0,
    0.0,
    0.0,
    0.0,
    0.0,
    0.0,
    0.0
  ],
  "nonnegativity_contribution": [
    0.0,
    0.0,
    0.0,
    0.0,
    0.0,
    0.0,
    0.0,
    0.0,
    0.0,
    0.0,
    0.0,
    0.0,
    0.0,
    0.0,
    0.0
  ],
  "regularization_share": [
    0.07878787957066954,
    0.07878787916455761,
    0.02728864311328611,
    0.012121212119918543,
    0.012121212513591788,
    0.006060606347284666,
    0.018667554227645343,
    0.013358986136456051,
    0.0097817769593374,
    0.013642798492138498,
    0.009478635671576955,
    0.02460347115298935,
    0.01977083000961361,
    0.011015090171622376,
    0.018865881349971067
  ],
  "accuracy_guard_loss": [
    0.2386814037958781,
    0.21058988968531292,
    0.05607635180155436,
    0.02076728343963623,
    0.012193099657694498,
    0.004349470138549805,
    0.028823367754618325,
    0.0,
    0.01671465237935384,
    0.007941309611002605,
    0.005706906318664551,
    0.01935555934906006,
    0.0077962080637613935,
    0.00048766136169433596,
    0.0029907385508219403
  ],
  "accuracy_guard_contribution": [
    0.18060249835252762,
    0.17456548313299816,
    0.06353858510653178,
    0.02537237902482351,
    0.02820199231306712,
    0.007598091661930084,
    0.04848119517167409,
    0.0,
    0.021671732266743977,
    0.019403557976086935,
    0.010029815634091695,
    0.026754530270894368,
    0.016511109968026478,
    0.0024383068084716797,
    0.014953692754109701
  ],
  "distill_loss": [
    0.0,
    0.0,
    0.0,
    0.0,
    0.0,
    0.0,
    0.0,
    0.0,
    0.0,
    0.0,
    0.0,
    0.0,
    0.0,
    0.0,
    0.0
  ],
  "distill_contribution": [
    0.0,
    0.0,
    0.0,
    0.0,
    0.0,
    0.0,
    0.0,
    0.0,
    0.0,
    0.0,
    0.0,
    0.0,
    0.0,
    0.0,
    0.0
  ],
  "gate_entropy": [
    0.0007991391389320294,
    0.0007985431662139793,
    0.000797438621520996,
    0.0007956824304225544,
    0.0007940136633502941,
    0.0007929011480882764,
    0.0007918919203802943,
    0.0007922654311793546,
    0.0007922972242037455,
    0.0007922733901068568,
    0.0007923449156805873,
    0.0007923449156805873,
    0.0007923449156805873,
    0.0007923449156805873,
    0.0007923449156805873
  ],
  "gate_min": [
    0.9998998324076335,
    0.9998996814092,
    0.999899419148763,
    0.9998994906743367,
    0.9998993158340455,
    0.9998991250991821,
    0.9998987356821696,
    0.9998988231023153,
    0.9998989820480346,
    0.9998989820480346,
    0.9998989979426066,
    0.9998990297317505,
    0.9998990297317505,
    0.9998990297317505,
    0.9998990297317505
  ],
  "gate_max": [
    0.9999004761377971,
    0.9999011198679606,
    0.9999018430709838,
    0.9999025503794352,
    0.9999035994211832,
    0.999904481569926,
    0.9999053239822387,
    0.999905014038086,
    0.999905014038086,
    0.9999049663543701,
    0.9999049027760823,
    0.9999048709869385,
    0.9999048709869385,
    0.9999048709869385,
    0.9999048709869385
  ],
  "gate_anchor_loss": [
    9.98132196154226e-09,
    9.966591818511007e-09,
    9.940160102435888e-09,
    9.897187898862588e-09,
    9.85655847311288e-09,
    9.829943910707092e-09,
    9.806380537232447e-09,
    9.813809853653765e-09,
    9.814240560975425e-09,
    9.813586980082315e-09,
    9.815076751351626e-09,
    9.815041224214838e-09,
    9.815041224214838e-09,
    9.815041224214838e-09,
    9.815041224214838e-09
  ],
  "gate_anchor_contribution": [
    4.990661180611274e-10,
    4.983295998073345e-10,
    4.970080236255114e-10,
    4.948594016044676e-10,
    4.92827930316982e-10,
    4.914972132989229e-10,
    4.903190372237039e-10,
    4.90690495643283e-10,
    4.907120413714476e-10,
    4.906793379018855e-10,
    4.90753826465351e-10,
    4.907520501085116e-10,
    4.907520501085116e-10,
    4.907520501085116e-10,
    4.907520501085116e-10
  ],
  "q_err_entropy": [
    0.9838194171587626,
    0.9594658215840658,
    1.0001412828763325,
    0.9916332483291626,
    0.9690873106320699,
    1.0179365555445352,
    0.9841412822405498,
    0.9803618470827739,
    0.9542545239130656,
    0.9250272154808045,
    0.9717777768770853,
    0.9940156261126201,
    0.985260816415151,
    0.9838755130767822,
    0.9722844282786052
  ],
  "q_err_gini": [
    0.7189506928126017,
    0.7272088527679443,
    0.7135246396064758,
    0.7192965149879456,
    0.7269215941429138,
    0.7127497673034668,
    0.7251537243525187,
    0.7227042158444722,
    0.7293648362159729,
    0.7386042594909668,
    0.7284114678700765,
    0.7166733344395956,
    0.7219462275505066,
    0.7230318466822306,
    0.727069091796875
  ],