{
  "total_loss": [
    1.481217364470164,
    1.3460644642512003,
    1.3215354283650715,
    1.249689789613088,
    1.2852329055468241,
    1.2805702129999796,
    1.2213901142279306,
    1.2193502902984619,
    1.2622803807258607,
    1.259571913878123,
    1.2610194444656373,
    1.229496387640635,
    1.231686282157898,
    1.2650799910227457,
    1.2347348093986512
  ],
  "main_loss": [
    1.3729796806971233,
    1.2689764698346455,
    1.2461307446161907,
    1.2192986925443015,
    1.2839665452639262,
    1.2771395881970724,
    1.2209915498892465,
    1.21896386941274,
    1.259921101729075,
    1.257905383904775,
    1.2602289994557698,
    1.2249702254931132,
    1.2231187800566354,
    1.2638031125068665,
    1.23379225730896
  ],
  "shap_loss": [
    0.005105938777948419,
    0.005792846476348738,
    0.004698463863072296,
    0.006762093134845297,
    0.008164016141866645,
    0.005812715164696177,
    0.005847580668826898,
    0.005551449426760276,
    0.005343126722921928,
    0.006029023354252179,
    0.007048147443371514,
    0.006226025816674034,
    0.006291468006869157,
    0.005742583307437599,
    0.005868215078953654
  ],
  "shap_loss_normalized": [
    0.003860510210506618,
    0.0032005610216098526,
    0.002210884913802147,
    0.0023680677094186347,
    0.004793299649221202,
    0.0017893053979302447,
    0.003892764418075482,
    0.0017375086240159969,
    0.001174777567697068,
    0.0012058046956857046,
    0.001409629505360499,
    0.001245205180021003,
    0.00265628582953165,
    0.00296487007678176,
    0.001681523467414081
  ],
  "tikhonov_loss": [
    0.0,
    0.0,
    0.0,
    0.0,
    0.0,
    0.0,
    0.0,
    0.0,
    0.0,
    0.0,
    0.0,
    0.0,
    0.0,
    0.0,
    0.0
  ],
  "nonnegativity_loss": [
    0.0,
    0.0,
    0.0,
    0.0,
    0.0,
    0.0,
    0.0,
    0.0,
    0.0,
    0.0,
    0.0,
    0.0,
    0.0,
    0.0,
    0.0
  ],
  "tikhonov_lambda": [
    0.0,
    0.0,
    0.0,
    0.0,
    0.0,
    0.0,
    0.0,
    0.0,
    0.0,
    0.0,
    0.0,
    0.0,
    0.0,
    0.0,
    0.0
  ],
  "nonnegativity_lambda": [
    0.0,
    0.0,
    0.0,
    0.0,
    0.0,
    0.0,
    0.0,
    0.0,
    0.0,
    0.0,
    0.0,
    0.0,
    0.0,
    0.0,
    0.0
  ],
  "shap_scale_factor": [
    0.7381996944690443,
    0.5363203755119088,
    0.47339431401648746,
    0.3255632153431796,
    0.5913266158568351,
    0.3083899074552461,
    0.6313266158568352,
    0.31838990745524604,
    0.2171081995953661,
    0.20000000000000007,
    0.20000000000000007,
    0.20000000000000007,
    0.3428282828282828,
    0.5254973833609361,
    0.29019070226417093
  ],
  "shap_contribution": [
    0.0,
    0.0,
    0.0,
    0.0,
    0.0,
    0.0,
    0.0001309562425982828,
    0.00038643016596324743,
    0.00015815059741726146,
    0.0016665204078890384,
    0.0007904523566442853,
    0.0045261797960847614,
    0.008567494324718912,
    0.0012768894259352237,
    0.0009425410457576315
  ],
  "tikhonov_contribution": [
    0.0,
    0.0,
    0.0,
    0.0,
    0.0,
    0.0,
    0.0,
    0.0,
    0.0,
    0.0,
    0.0,
    0.0,
    0.0,
    0.0,
    0.0
  ],
  "nonnegativity_contribution": [
    0.0,
    0.0,
    0.0,
    0.0,
    0.0,
    0.0,
    0.0,
    0.0,
    0.0,
    0.0,
    0.0,
    0.0,
    0.0,
    0.0,
    0.0
  ],
  "regularization_share": [
    0.07240151366718599,
    0.05721806431734636,
    0.057745138547358084,
    0.025665358738899767,
    0.000990752372296361,
    0.0038332478519819482,
    0.00041126591727970045,
    0.0003431013461291584,
    0.002017735342131214,
    0.0014269029162714303,
    0.0006672478206046874,
    0.004050262572700147,
    0.010554581456166865,
    0.0010409029288479966,
    0.0008300092941576603
  ],
  "accuracy_guard_loss": [
    0.16378766695658367,
    0.043744973341623944,
    0.034520689646402994,
    0.008874438206354777,
    0.00025327205657958983,
    0.0006861249605814616,
    5.352099736531575e-05,
    0.0,
    0.00044022401173909507,
    0.0,
    0.0,
    0.0,
    0.0,
    0.0,
    0.0
  ],
  "accuracy_guard_contribution": [
    0.1082376961906751,
    0.07708799690008164,
    0.07540467580159506,
    0.030391096820433935,
    0.0012663602828979492,
    0.003430624802907308,
    0.0002676049868265788,
    0.0,
    0.002201120058695475,
    0.0,
    0.0,
    0.0,
    0.0,
    0.0,
    0.0
  ],
  "distill_loss": [
    0.0,
    0.0,
    0.0,
    0.0,
    0.0,
    0.0,
    0.0,
    0.0,
    0.0,
    0.0,
    0.0,
    0.0,
    0.0,
    0.0,
    0.0
  ],
  "distill_contribution": [
    0.0,
    0.0,
    0.0,
    0.0,
    0.0,
    0.0,
    0.0,
    0.0,
    0.0,
    0.0,
    0.0,
    0.0,
    0.0,
    0.0,
    0.0
  ],
  "gate_entropy": [
    0.0008003152208402753,
    0.000800045020878315,
    0.0008000768100221952,
    0.0008000927045941353,
    0.0008000927045941353,
    0.0008000927045941353,
    0.0008000927045941353,
    0.0008000927045941353,
    0.0008000927045941353,
    0.0008000927045941353,
    0.0008000927045941353,
    0.0008000927045941353,
    0.0008000927045941353,
    0.0008000927045941353,
    0.0008000927045941353
  ],
  "gate_min": [
    0.9998997688293457,
    0.9998998880386353,
    0.999899951616923,
    0.9998999834060669,
    0.9998999834060669,
    0.9998999834060669,
    0.9998999834060669,
    0.9998999834060669,
    0.9998999834060669,
    0.9998999834060669,
    0.9998999834060669,
    0.9998999834060669,
    0.9998999834060669,
    0.9998999834060669,
    0.9998999834060669
  ],
  "gate_max": [
    0.9999003092447917,
    0.9999000787734985,
    0.9999000151952108,
    0.9998999834060669,
    0.9998999834060669,
    0.9998999834060669,
    0.9998999834060669,
    0.9998999834060669,
    0.9998999834060669,
    0.9998999834060669,
    0.9998999834060669,
    0.9998999834060669,
    0.9998999834060669,
    0.9998999834060669,
    0.9998999834060669
  ],
  "gate_anchor_loss": [
    1.0008125883587127e-08,
    1.0002133166153727e-08,
    1.0002922579133155e-08,
    1.000331906197971e-08,
    1.000331906197971e-08,
    1.000331906197971e-08,
    1.000331906197971e-08,
    1.000331906197971e-08,
    1.000331906197971e-08,
    1.000331906197971e-08,
    1.000331906197971e-08,
    1.000331906197971e-08,
    1.000331906197971e-08,
    1.000331906197971e-08,
    1.000331906197971e-08
  ],
  "gate_anchor_contribution": [
    5.004063052815866e-10,
    5.00106663488727e-10,
    5.001461393187394e-10,
    5.001659642012157e-10,
    5.001659642012157e-10,
    5.001659642012157e-10,
    5.001659642012157e-10,
    5.001659642012157e-10,
    5.001659642012157e-10,
    5.001659642012157e-10,
    5.001659642012157e-10,
    5.001659642012157e-10,
    5.001659642012157e-10,
    5.001659642012157e-10,
    5.001659642012157e-10
  ],
  "q_err_entropy": [
    1.2906412124633788,
    1.259392217795054,
    1.2502495646476746,
    1.2495995918909708,
    1.2463015834490458,
    1.1869075934092204,
    1.2816821336746216,
    1.223151930173238,
    1.292992643515269,
    1.2562100966771443,
    1.2781266967455547,
    1.2704707384109497,
    1.3299411296844483,
    1.2414662440617878,
    1.3072678724924722
  ],
  "q_err_gini": [
    0.6343538959821066,
    0.641874885559082,
    0.6505632122357686,
    0.6502979914347331,
    0.6549667994181315,
    0.6744797627131144,
    0.6401521484057109,
    0.6619983355204264,
    0.6387995640436809,
    0.6527310967445373,
    0.6341338952382406,
    0.6408524473508199,
    0.615891695022583,
    0.6499902367591858,
    0.6320795536041259
  ],
  "q_err_corr": [
    0.8416583261319569,
    0.8476223270098369,
    0.8280285477638245,
    0.8106714804967244,
    0.8145563880602519,
    0.7830307106177012,
    0.7869314581155777,
    0.8422863225142161,
    0.8491586645444235,
    0.809740674495697,
    0.855072271078825,
    0.8842468480269114,
    0.8897369980812073,
    0.7914186666409174,
    0.8461747566858927
  ],