{
  "timestamp": "20260502_211654_energy_ea10_s48",
  "tag": "energy_ea10_s48",
  "config_path": "/tmp/tmpio4l1poo.yaml",
  "config_sha256": "ad5cf6702c1a17c6f6808c5697c977f8d20c56072b153819bff78657d732ff77",
  "effective_config_sha256": "9e4bb010fb4673ecd042cd509df7bf095c1d640f5d8e9bdcc3c82373913baf7b",
  "run_meta": {
    "fast_mode": true,
    "inprocess_mode": true,
    "tag_prefix": "energy_ea10"
  },
  "model_state": null,
  "model_state_path": null,
  "train_size": 614,
  "shap_train_size": 460,
  "test_size": 154,
  "vanilla_train_count": 614,
  "shap_train_count": 460,
  "real_test_count": 154,
  "normalize_sum": false,
  "metrics": {
    "mse": 1.8563101915633686,
    "rmse": 1.3624647487415478,
    "mae": 0.9239501980372837,
    "r2": 0.9799822798235718,
    "r2_weighted": 0.9799822798235718,
    "r2_mean": 0.979344337686977
  },
  "vanilla_metrics": {
    "mse": 1.8563101915633686,
    "rmse": 1.3624647487415478,
    "mae": 0.9239501980372837,
    "r2": 0.9799822798235718,
    "r2_weighted": 0.9799822798235718,
    "r2_mean": 0.979344337686977
  },
  "shap_metrics": {
    "mse": 1.8575872353040657,
    "rmse": 1.3629333201973108,
    "mae": 0.9251316974689434,
    "r2": 0.9799685086853371,
    "r2_weighted": 0.9799685086853371,
    "r2_mean": 0.979330134096422
  },
  "band_metrics": {
    "all_outputs": {
      "mse": 1.8563101915633686,
      "rmse": 1.3624647487415478,
      "mae": 0.9239501980372837,
      "r2": 0.979344337686977
    }
  },
  "metrics_source": "vanilla_fallback",
  "shap_config_enabled": true,
  "shap_applied": false,
  "shap_rejected": true,
  "effective_ea_config": {
    "autonomous_error_shap": true,
    "error_importance_mode": "permute",
    "error_importance_ema_beta": 0.9,
    "grad_importance_ema_beta": 0.9,
    "error_target_rho": 0.3,
    "ea_alignment_loss": "cosine_mse",
    "ea_alignment_alpha": 0.5,
    "ea_warmup_fraction": 0.4,
    "ea_bypass_legacy_normalization": true,
    "ea_use_grad_balance": true,
    "ea_target_grad_ratio": 0.01,
    "ea_scale_min": 0.1,
    "ea_scale_max": 10000.0,
    "debug_grad_norms": true,
    "grad_norm_interval": 20,
    "fast_mode": true,
    "inprocess_mode": true
  },
  "training_time_total": 7.738431453704834,
  "training_time_shap": 5.183747291564941,
  "saved_files": {
    "predictions": "predictions_20260502_211654_energy_ea10_s48.npy",
    "targets_test": "targets_test_20260502_211654_energy_ea10_s48.npy",
    "metrics_csv": "metrics_20260502_211654_energy_ea10_s48.csv",
    "feature_importance": "feature_importance_20260502_211654_energy_ea10_s48.csv",
    "shap": {
      "feature_importance_shap": "feature_importance_shap_20260502_211654_energy_ea10_s48.csv",
      "history": "shap_history_20260502_211654_energy_ea10_s48.json"
    }
  },
  "diagnostics": {
    "prediction_stats": {
      "mean": 23.69060081011289,
      "std": 9.505685117646813,
      "min": 6.131248474121094,
      "max": 42.76647186279297,
      "zero_fraction": 0.0,
      "negative_fraction": 0.0,
      "negative_count": 0
    },
    "target_stats": {
      "mean": 23.768961038961038,
      "std": 9.70263437709702,
      "min": 6.05,
      "max": 45.48
    },
    "coeff_stats": {
      "mean": -2.882246390085331,
      "std": 26.386891247443288,
      "min": -131.07200622558594,
      "max": 102.92206573486328,
      "abs_mean": 14.06862771402747,
      "finite_fraction": 1.0,
      "nonzero": 252,
      "total": 288
    },
    "nonfinite_parameters": {},
    "regularization": {
      "active_components": [
        "sparsity"
      ],
      "shap_contribution": {
        "mean": 0.00017752193334066158,
        "last": 0.0003115486741686861,
        "max": 0.0006370577631363024
      },
      "tikhonov_contribution": {
        "mean": 0.0,
        "last": 0.0,
        "max": 0.0
      },
      "nonnegativity_contribution": {
        "mean": 0.0,
        "last": 0.0,
        "max": 0.0
      },
      "regularization_share": {
        "mean": 0.012483486289506641,
        "last": 0.0017167697035019743,
        "max": 0.07640457507868513
      },
      "shap_scale_factor": {
        "mean": 0.3403627441149506,
        "last": 0.20000000000000007,
        "max": 0.8239947960536196
      },
      "shap_loss_normalized": {
        "mean": 0.001644211469554446,
        "last": 0.0009958279028069229,
        "max": 0.003166492593785127
      },
      "nonnegativity_loss": {
        "mean": 0.0,
        "last": 0.0,
        "max": 0.0
      },
      "component_terms": {
        "consistency": {
          "mean": 0.005200463884717061,
          "last": 0.004979139473289251,
          "max": 0.007494823231051366
        },
        "sparsity": {
          "mean": 0.8749124974674649,
          "last": 0.8749124964078268,
          "max": 0.8749125242233277
        },
        "faithfulness": {
          "mean": 0.0852762763036622,
          "last": 0.08144571234782537,
          "max": 0.0940195177992185
        },
        "stability": {
          "mean": 0.0,
          "last": 0.0,
          "max": 0.0
        }
      },
      "component_weights": {
        "consistency": {
          "mean": 1.0,
          "last": 1.0,
          "max": 1.0
        },
        "sparsity": {
          "mean": 0.0,
          "last": 0.0,
          "max": 0.0
        },
        "faithfulness": {
          "mean": 0.0,
          "last": 0.0,
          "max": 0.0
        },
        "stability": {
          "mean": 0.0,
          "last": 0.0,
          "max": 0.0
        }
      },
      "weighted_component_signal": {
        "consistency": {
          "mean": 0.005200463884717061,
          "last": 0.004979139473289251,
          "max": 0.007494823231051366
        },
        "sparsity": {
          "mean": 0.0,
          "last": 0.0,
          "max": 0.0
        },
        "faithfulness": {
          "mean": 0.0,
          "last": 0.0,
          "max": 0.0
        },
        "stability": {
          "mean": 0.0,
          "last": 0.0,
          "max": 0.0
        }
      },
      "dominant_shap_component": "consistency",
      "dominant_regularizer": "shap"
    }
  },
  "dataset_settings": {
    "train_limit": null,
    "train_fraction": null,
    "mix_with_real": false,
    "mix_ratio": 0.0,
    "synthetic_test_size": 0.2,
    "test_size": 0.2,
    "real_data_split": {
      "train": 0.6,
      "validation": 0.2,
      "test": 0.2
    },
    "random_state": 48,
    "shap_uses_real_data_only": true,
    "test_uses_real_data_only": true
  },
  "band_metrics_denorm": {},
  "shap_files": {
    "feature_importance_shap": "feature_importance_shap_20260502_211654_energy_ea10_s48.csv",
    "history": "shap_history_20260502_211654_energy_ea10_s48.json"
  }
}