mse,rmse,mae,r2,r2_weighted,r2_mean
1.88676604744247e-05,0.004343692032640517,0.0028190366752386398,0.8633683389470996,0.8633683389470996,0.8253706472576334
