{
  "total_loss": [
    0.4492615694936798,
    0.03071704783893178,
    0.020333268111122443,
    0.0038530967227643487,
    0.0006351469860581867,
    0.0002513165955926005,
    0.00017172822406662038,
    0.0002078354852983466,
    0.00016787158067797594,
    0.0002304183141989467,
    0.00037770412453547967,
    0.00028281484643295177,
    7.914547708358961e-05
  ],
  "main_loss": [
    0.40841961892406936,
    0.02792459757186602,
    0.018484797328864846,
    0.003502833173895072,
    0.0005774243971765307,
    0.0002284768498027136,
    0.0001545697090088132,
    0.00018343431245934231,
    0.00014830424327426175,
    0.00020244711554693952,
    0.0003319652946304684,
    0.00023497976235375972,
    6.413451394239798e-05
  ],
  "shap_loss": [
    0.08724493393674493,
    0.08447071257978678,
    0.08211638678663544,
    0.08196723773809415,
    0.08116518280335835,
    0.08123418083414435,
    0.08221711158486349,
    0.07726671732962132,
    0.08185656548344664,
    0.0810149906735335,
    0.08271909977442451,
    0.08420912608770388,
    0.08034499089366623
  ],
  "shap_loss_normalized": [
    0.02517309382424823,
    0.02311916633542361,
    0.022910239615677192,
    0.016393447835330983,
    0.016233036943179156,
    0.022657849318680486,
    0.016443422629630992,
    0.015453343595644193,
    0.016371313449261442,
    0.016202998547149555,
    0.016543820325750858,
    0.01684182553851445,
    0.01606899849970692
  ],
  "tikhonov_loss": [
    0.0,
    0.0,
    0.0,
    0.0,
    0.0,
    0.0,
    0.0,
    0.0,
    0.0,
    0.0,
    0.0,
    0.0,
    0.0
  ],
  "nonnegativity_loss": [
    0.0,
    0.0,
    0.0,
    0.0,
    0.0,
    0.0,
    0.0,
    0.0,
    0.0,
    0.0,
    0.0,
    0.0,
    0.0
  ],
  "tikhonov_lambda": [
    0.0,
    0.0,
    0.0,
    0.0,
    0.0,
    0.0,
    0.0,
    0.0,
    0.0,
    0.0,
    0.0,
    0.0,
    0.0
  ],
  "nonnegativity_lambda": [
    0.0,
    0.0,
    0.0,
    0.0,
    0.0,
    0.0,
    0.0,
    0.0,
    0.0,
    0.0,
    0.0,
    0.0,
    0.0
  ],
  "shap_scale_factor": [
    0.2759140253893904,
    0.2759140253893904,
    0.2759140253893904,
    0.2,
    0.2,
    0.2759140253893904,
    0.2,
    0.2,
    0.2,
    0.2,
    0.2,
    0.2,
    0.2
  ],
  "shap_contribution": [
    0.0,
    0.0,
    0.0,
    0.0,
    0.0,
    0.0,
    1.7010457931121437e-06,
    6.0572410762103705e-06,
    4.7364142535652065e-06,
    7.725989096992894e-06,
    1.2541803917948918e-05,
    2.433660692499221e-05,
    8.6122295357427e-06
  ],
  "tikhonov_contribution": [
    0.0,
    0.0,
    0.0,
    0.0,
    0.0,
    0.0,
    0.0,
    0.0,
    0.0,
    0.0,
    0.0,
    0.0,
    0.0
  ],
  "nonnegativity_contribution": [
    0.0,
    0.0,
    0.0,
    0.0,
    0.0,
    0.0,
    0.0,
    0.0,
    0.0,
    0.0,
    0.0,
    0.0,
    0.0
  ],
  "regularization_share": [
    0.09009773362138304,
    0.09009776812953281,
    0.09009773350009212,
    0.09009733426166232,
    0.09009617956120615,
    0.0900941536025729,
    0.10548350529331131,
    0.1335880340853852,
    0.13231781250235372,
    0.14989434379683933,
    0.1572120557009909,
    0.21477264680473424,
    0.2037398495273975
  ],
  "accuracy_guard_loss": [
    0.40840067306375466,
    0.027905658868673657,
    0.018465852184817777,
    0.003483882890967444,
    0.0005584762189820529,
    0.0002095204540962316,
    0.0001356156884477449,
    0.0001644785971604636,
    0.00012934286823857683,
    0.0001834894164452245,
    0.00031300192185718903,
    0.00021603221921395743,
    4.518453835089531e-05
  ],
  "accuracy_guard_contribution": [
    0.04084195098559056,
    0.0027924498016156057,
    0.0018484705077282473,
    0.0003502630449442482,
    5.7722090929246406e-05,
    2.283924631285572e-05,
    1.5456971185910463e-05,
    1.8343431428036183e-05,
    1.4830424636410758e-05,
    2.0244711853324914e-05,
    3.319652996529905e-05,
    2.3497976641806417e-05,
    6.398234465418032e-06
  ],
  "distill_loss": [
    0.0,
    0.0,
    0.0,
    0.0,
    0.0,
    0.0,
    0.0,
    0.0,
    0.0,
    0.0,
    0.0,
    0.0,
    0.0
  ],
  "distill_contribution": [
    0.0,
    0.0,
    0.0,
    0.0,
    0.0,
    0.0,
    0.0,
    0.0,
    0.0,
    0.0,
    0.0,
    0.0,
    0.0
  ],
  "gate_entropy": [
    0.0012002848753971712,
    0.001200139056891203,
    0.001200139056891203,
    0.001200139056891203,
    0.001200139056891203,
    0.001200139056891203,
    0.001200139056891203,
    0.001200139056891203,
    0.001200139056891203,
    0.001200139056891203,
    0.001200139056891203,
    0.001200139056891203,
    0.001200139056891203
  ],
  "gate_min": [
    0.9998998780335698,
    0.9998999834060669,
    0.9998999834060669,
    0.9998999834060669,
    0.9998999834060669,
    0.9998999834060669,
    0.9998999834060669,
    0.9998999834060669,
    0.9998999834060669,
    0.9998999834060669,
    0.9998999834060669,
    0.9998999834060669,
    0.9998999834060669
  ],
  "gate_max": [
    0.9999000760061401,
    0.9998999834060669,
    0.9998999834060669,
    0.9998999834060669,
    0.9998999834060669,
    0.9998999834060669,
    0.9998999834060669,
    0.9998999834060669,
    0.9998999834060669,
    0.9998999834060669,
    0.9998999834060669,
    0.9998999834060669,
    0.9998999834060669
  ],
  "gate_anchor_loss": [
    1.000570063311049e-08,
    1.000331906197971e-08,
    1.000331906197971e-08,
    1.000331906197971e-08,
    1.000331906197971e-08,
    1.000331906197971e-08,
    1.000331906197971e-08,
    1.000331906197971e-08,
    1.000331906197971e-08,
    1.000331906197971e-08,
    1.000331906197971e-08,
    1.000331906197971e-08,
    1.000331906197971e-08
  ],
  "gate_anchor_contribution": [
    5.002850499940298e-10,
    5.001659642012157e-10,
    5.001659642012157e-10,
    5.001659642012157e-10,
    5.001659642012157e-10,
    5.001659642012157e-10,
    5.001659642012157e-10,
    5.001659642012157e-10,
    5.001659642012157e-10,
    5.001659642012157e-10,
    5.001659642012157e-10,
    5.001659642012157e-10,
    5.001659642012157e-10
  ],
  "q_err_entropy": [
    0.21059077420769817,
    0.2335391072782451,
    0.22702008740520796,
    0.2425311670219839,
    0.2609643860387142,
    0.2945479489462904,
    0.24265562849898611,
    0.35545002549352894,
    0.2662467427345031,
    0.26348981503998303,
    0.2523994188155549,
    0.21130495111564024,
    0.31143371497184297
  ],
  "q_err_gini": [
    0.8948169962636062,
    0.8956182875803539,
    0.8933298651661191,
    0.8911812065967492,
    0.8905463197401592,
    0.881266405007669,
    0.8894161113670894,
    0.8743207731417247,
    0.8871745499117034,
    0.8866316287645272,
    0.8924855512699911,
    0.8949160389602184,
    0.8826741129159927
  ],
  "q_err_corr": [
    0.5163979727883933,
    0.5075052777704384,
    0.5525100559711323,
    0.5406714044474938,
    0.5026757718961952,
    0.54801282112021,
    0.5430800726337891,
    0.543085163147355,
    0.5301054636532042,
    0.571790084641959,
    0.5413832459411684,
    0.569525231490843,
    0.5804166529440928
  ],
  "p_q_corr": [
    0.6133058315941265,
    0.6253763101994991,
    0.6358563570039613,
    0.6368943548628262,
    0.6374246041689601,
    0.637979024222919,
    0.6385964463864054,
    0.6528986330543246,
    0.6374573202005455,
    0.6399371432406562,
    0.6335942287530217,
    0.6298901816563947,
    0.6401979747627463
  ],
  "ea_ratio": [
    0.0,
    0.0,
    0.0,
    0.0,
    0.0,
    0.0,
    0.01826451020835001,
    0.056607047794386744,
    0.055134033846635636,
    0.08383739331371284,
    0.10098301598502855,
    0.19578655601279543,
    0.1708377719623968
  ],
  "main_grad_norm": [
    8033.631266117096,
    3597.766699632009,
    2205.205281893412,
    1255.136757214864,
    468.5331211090088,
    277.9101371765137,
    340.20931243896484,
    357.59178924560547,
    231.95140075683594,
    270.1086908976237,
    287.0299542744954,
    423.2128601074219,
    181.63486417134604
  ],