{
  "total_loss": [
    0.3338675273633466,
    0.03222058289806081,
    0.010622332686466507,
    0.0021177526603862263,
    0.0005584830346703841,
    0.00013295150615379368,
    0.0002325335402620762,
    0.0001435469407787033,
    0.00013352399573055403,
    0.0001647816433936506,
    0.0002931555960685728,
    0.00014194107638689144
  ],
  "main_loss": [
    0.3035159568342059,
    0.029291442839763704,
    0.00965667886855824,
    0.0019252411808159714,
    0.0005077175043197713,
    0.00012087268544291874,
    0.00021130886999084657,
    0.00013030371443229733,
    0.00012103754264509397,
    0.00014920591980528895,
    0.00026583012061921963,
    0.00012761481122782113
  ],
  "shap_loss": [
    0.04040367854759097,
    0.038877501568224816,
    0.03787896186778588,
    0.04271679822288986,
    0.04613649460952729,
    0.04261003722370203,
    0.04258644499350339,
    0.04121842531354299,
    0.04325038808331426,
    0.04535019426007888,
    0.046280903475625176,
    0.04243886419239321
  ],
  "shap_loss_normalized": [
    0.010285699819048335,
    0.01060299905033649,
    0.00757579250161403,
    0.008543359793423275,
    0.009227299060772307,
    0.008522007606058781,
    0.008517289164176742,
    0.008243685201575448,
    0.008650077785465069,
    0.009070039003355694,
    0.009256180891368006,
    0.008487772986492408
  ],
  "tikhonov_loss": [
    0.0,
    0.0,
    0.0,
    0.0,
    0.0,
    0.0,
    0.0,
    0.0,
    0.0,
    0.0,
    0.0,
    0.0
  ],
  "nonnegativity_loss": [
    0.0,
    0.0,
    0.0,
    0.0,
    0.0,
    0.0,
    0.0,
    0.0,
    0.0,
    0.0,
    0.0,
    0.0
  ],
  "tikhonov_lambda": [
    0.0,
    0.0,
    0.0,
    0.0,
    0.0,
    0.0,
    0.0,
    0.0,
    0.0,
    0.0,
    0.0,
    0.0
  ],
  "nonnegativity_lambda": [
    0.0,
    0.0,
    0.0,
    0.0,
    0.0,
    0.0,
    0.0,
    0.0,
    0.0,
    0.0,
    0.0,
    0.0
  ],
  "shap_scale_factor": [
    0.2759140253893904,
    0.2759140253893904,
    0.2,
    0.2,
    0.2,
    0.2,
    0.2,
    0.2,
    0.2,
    0.2,
    0.2,
    0.2
  ],
  "shap_contribution": [
    0.0,
    0.0,
    0.0,
    0.0,
    0.0,
    0.0,
    9.328460201122165e-08,
    2.1235646879042796e-07,
    3.822008923951411e-07,
    6.54632425473827e-07,
    7.419636681557254e-07,
    1.5642864735606769e-06
  ],
  "tikhonov_contribution": [
    0.0,
    0.0,
    0.0,
    0.0,
    0.0,
    0.0,
    0.0,
    0.0,
    0.0,
    0.0,
    0.0,
    0.0
  ],
  "nonnegativity_contribution": [
    0.0,
    0.0,
    0.0,
    0.0,
    0.0,
    0.0,
    0.0,
    0.0,
    0.0,
    0.0,
    0.0,
    0.0
  ],
  "regularization_share": [
    0.09009755902588436,
    0.09009829179780819,
    0.0900975148578317,
    0.09009697097976478,
    0.09009619420107486,
    0.0900917455811869,
    0.09216899693758897,
    0.09297714284510157,
    0.09510521875517772,
    0.09858181573040806,
    0.09684744563817982,
    0.10807015009236014
  ],
  "accuracy_guard_loss": [
    0.30350485973758623,
    0.02928033697077938,
    0.009645587873300039,
    0.0019141533911611727,
    0.0004966230173977237,
    0.0001097779556898461,
    0.00020021721247839456,
    0.00011920325780628056,
    0.00010993966968239224,
    0.00013811422057382776,
    0.00025473935668125184,
    0.00011652047114044503
  ],
  "accuracy_guard_contribution": [
    0.030351571055299637,
    0.0029291399926348405,
    0.0009656533916800722,
    0.00019251098885726087,
    5.076503752223159e-05,
    1.2078322079389636e-05,
    2.1130887343393363e-05,
    1.3030371626143733e-05,
    1.2103754530455393e-05,
    1.4920592251753209e-05,
    2.6583012615536257e-05,
    1.2761481361930496e-05
  ],
  "distill_loss": [
    0.0,
    0.0,
    0.0,
    0.0,
    0.0,
    0.0,
    0.0,
    0.0,
    0.0,
    0.0,
    0.0,
    0.0
  ],
  "distill_contribution": [
    0.0,
    0.0,
    0.0,
    0.0,
    0.0,
    0.0,
    0.0,
    0.0,
    0.0,
    0.0,
    0.0,
    0.0
  ],
  "gate_entropy": [
    0.0012003412869359767,
    0.001200139056891203,
    0.001200139056891203,
    0.001200139056891203,
    0.001200139056891203,
    0.001200139056891203,
    0.001200139056891203,
    0.001200139056891203,
    0.001200139056891203,
    0.001200139056891203,
    0.001200139056891203,
    0.001200139056891203
  ],
  "gate_min": [
    0.9998998663255146,
    0.9998999834060669,
    0.9998999834060669,
    0.9998999834060669,
    0.9998999834060669,
    0.9998999834060669,
    0.9998999834060669,
    0.9998999834060669,
    0.9998999834060669,
    0.9998999834060669,
    0.9998999834060669,
    0.9998999834060669
  ],
  "gate_max": [
    0.9999000760061401,
    0.9998999834060669,
    0.9998999834060669,
    0.9998999834060669,
    0.9998999834060669,
    0.9998999834060669,
    0.9998999834060669,
    0.9998999834060669,
    0.9998999834060669,
    0.9998999834060669,
    0.9998999834060669,
    0.9998999834060669
  ],
  "gate_anchor_loss": [
    1.0006659009346005e-08,
    1.000331906197971e-08,
    1.000331906197971e-08,
    1.000331906197971e-08,
    1.000331906197971e-08,
    1.000331906197971e-08,
    1.000331906197971e-08,
    1.000331906197971e-08,
    1.000331906197971e-08,
    1.000331906197971e-08,
    1.000331906197971e-08,
    1.000331906197971e-08
  ],
  "gate_anchor_contribution": [
    5.003329615695305e-10,
    5.001659642012157e-10,
    5.001659642012157e-10,
    5.001659642012157e-10,
    5.001659642012157e-10,
    5.001659642012157e-10,
    5.001659642012157e-10,
    5.001659642012157e-10,
    5.001659642012157e-10,
    5.001659642012157e-10,
    5.001659642012157e-10,
    5.001659642012157e-10
  ],
  "q_err_entropy": [
    1.5482920253915446,
    1.7376702401254858,
    1.793841855334384,
    1.7242361078304904,
    1.693960394178118,
    1.746604568191937,
    1.7589180198098933,
    1.7577462228281158,
    1.7178120692925793,
    1.7156699528651578,
    1.6793174190180642,
    1.7757350520363875
  ],
  "q_err_gini": [
    0.6605965295540435,
    0.6141962430306843,
    0.5909845185066972,
    0.6143467915909631,
    0.617815341268267,
    0.6054204404354095,
    0.6030396374740771,
    0.6007299463131598,
    0.6104500714157309,
    0.6123140536780868,
    0.6210775742573398,
    0.5944695632372584
  ],
  "q_err_corr": [
    0.5258462886821043,
    0.7986759854746717,
    0.8394166052873645,
    0.8764715641736984,
    0.8862974281821933,
    0.8901227583576526,
    0.8904210603130716,
    0.8713310065546206,
    0.8724887243338993,
    0.8866149966738054,
    0.8745028429797718,
    0.8779324600473046
  ],
  "p_q_corr": [
    0.7244273929723671,
    0.746399600058794,
    0.754224166806255,
    0.7227242397410529,
    0.7019548735448292,
    0.7228817466114249,
    0.7231647468038968,
    0.7324542036013943,
    0.7191606855818203,
    0.7054890697555882,
    0.7001596556178161,
    0.725813917283501
  ],
  "ea_ratio": [
    0.0,
    0.0,
    0.0,
    0.0,
    0.0,
    0.0,
    0.0015377723155844641,
    0.0025176987442786674,
    0.005123229566899161,
    0.009451181669386901,
    0.0072949715348451195,
    0.022410177057151617
  ],
  "main_grad_norm": [
    12399.514378070831,
    3596.796886006991,
    2516.0137537320456,
    1293.0426944096882,
    800.5644894440969,
    181.4683047135671,
    191.0885467529297,
    406.013916015625,
    389.42785962422687,
    414.57619222005206,
    350.9384307861328,
    389.300973256429
  ],
  "ea_grad_norm": [
    123.20703983306885,
    72.44968477884929,
    58.29704157511393,
    48.51248550415039,
    48.13733100891113,
    57.813231468200684,
    48.13560549418131,
    55.26696268717448,
    52.08396021525065,
    42.912479400634766,
    58.411746978759766,
    49.45661544799805
  ],
  "ea_main_grad_ratio": [
    8.383001208167725,
    8.719659367640023,
    1.2184344172097112,
    1.098749603796902,
    1.616110125735463,
    1.0489499441145733,
    0.34255762693642167,
    0.14909172239931648,
    0.23928797806648602,
    0.11205989167965841,
    0.19795885834517135,
    0.20635818704657716
  ],