{
  "total_loss": [
    0.5312695209399863,
    0.06266558841408758,
    0.007596634253900447,
    0.003663643179022204,
    0.0009031894120750751,
    0.00023645006246754617,
    0.00036730881827549765,
    0.00034188158006795026,
    0.00016306158418696474,
    0.0003733139730489451,
    0.00015557396591248107,
    8.85724335993083e-05,
    5.430974817954848e-05
  ],
  "main_loss": [
    0.4826690546824222,
    0.05686246268327214,
    0.006763527608784768,
    0.003258965281556162,
    0.0007913235175627571,
    0.00019488635868063802,
    0.00027634399408173394,
    0.00026035563733525384,
    0.00011325166787758332,
    0.0002898446968434395,
    0.00010809014552088618,
    4.641605284356436e-05,
    3.129997036564548e-05
  ],
  "shap_loss": [
    0.1540102486365608,
    0.15081017584140813,
    0.151343963375049,
    0.15101973885404213,
    0.15104617570926035,
    0.15140291988583549,
    0.1495729918325586,
    0.1523116098583809,
    0.15083635884470173,
    0.15135745158685104,
    0.1505605307008539,
    0.15019811091146298,
    0.15081913396716118
  ],
  "shap_loss_normalized": [
    0.043833041413953264,
    0.041179182091062624,
    0.030268793243781796,
    0.03020394832960197,
    0.030209235747211745,
    0.03028058445280684,
    0.029914598762323812,
    0.03046232250718666,
    0.03016727216475244,
    0.03027149081961917,
    0.030112106685659716,
    0.030039622681215405,
    0.030163827252441218
  ],
  "tikhonov_loss": [
    0.0,
    0.0,
    0.0,
    0.0,
    0.0,
    0.0,
    0.0,
    0.0,
    0.0,
    0.0,
    0.0,
    0.0,
    0.0
  ],
  "nonnegativity_loss": [
    0.0,
    0.0,
    0.0,
    0.0,
    0.0,
    0.0,
    0.0,
    0.0,
    0.0,
    0.0,
    0.0,
    0.0,
    0.0
  ],
  "tikhonov_lambda": [
    0.0,
    0.0,
    0.0,
    0.0,
    0.0,
    0.0,
    0.0,
    0.0,
    0.0,
    0.0,
    0.0,
    0.0,
    0.0
  ],
  "nonnegativity_lambda": [
    0.0,
    0.0,
    0.0,
    0.0,
    0.0,
    0.0,
    0.0,
    0.0,
    0.0,
    0.0,
    0.0,
    0.0,
    0.0
  ],
  "shap_scale_factor": [
    0.2759140253893904,
    0.2759140253893904,
    0.2,
    0.2,
    0.2,
    0.2,
    0.2,
    0.2,
    0.2,
    0.2,
    0.2,
    0.2,
    0.2
  ],
  "shap_contribution": [
    0.000333573545126293,
    0.00011688503178573586,
    0.00015676077668810455,
    7.879568221470987e-05,
    3.274793354433671e-05,
    2.2085661302842903e-05,
    6.332992377013267e-05,
    5.549771968357423e-05,
    3.848424918422617e-05,
    5.4484311135638563e-05,
    3.6674307718190645e-05,
    3.75142765441134e-05,
    1.9899417489049093e-05
  ],
  "tikhonov_contribution": [
    0.0,
    0.0,
    0.0,
    0.0,
    0.0,
    0.0,
    0.0,
    0.0,
    0.0,
    0.0,
    0.0,
    0.0,
    0.0
  ],
  "nonnegativity_contribution": [
    0.0,
    0.0,
    0.0,
    0.0,
    0.0,
    0.0,
    0.0,
    0.0,
    0.0,
    0.0,
    0.0,
    0.0,
    0.0
  ],
  "regularization_share": [
    0.09606927227928327,
    0.10035274128221101,
    0.128673960981043,
    0.1669701419933999,
    0.16517137596209525,
    0.2408218718990122,
    0.34086707525682164,
    0.32792945250233024,
    0.3750660885834926,
    0.34433408901357165,
    0.3989570750308799,
    0.48017859642722566,
    0.42398437555348234
  ],
  "accuracy_guard_loss": [
    0.4826577106640408,
    0.056851101917605514,
    0.006752139030140825,
    0.00324753840829674,
    0.0007798453296053205,
    0.00018334063651082033,
    0.000264794398950536,
    0.0002488139460865568,
    0.00010170234481116884,
    0.0002782956385902123,
    9.653719493485369e-05,
    3.48695997120428e-05,
    1.9758398715501763e-05
  ],
  "accuracy_guard_contribution": [
    0.048266897797605325,
    0.005686240393905402,
    0.0006763454438052057,
    0.0003258816639564494,
    7.911746482948599e-05,
    1.9477544473797286e-05,
    2.7634400014773875e-05,
    2.6027722050514512e-05,
    1.1325167004575373e-05,
    2.8984470066209917e-05,
    1.0809014828591249e-05,
    4.641605335007983e-06,
    3.109860905173686e-06
  ],
  "distill_loss": [
    0.0,
    0.0,
    0.0,
    0.0,
    0.0,
    0.0,
    0.0,
    0.0,
    0.0,
    0.0,
    0.0,
    0.0,
    0.0
  ],
  "distill_contribution": [
    0.0,
    0.0,
    0.0,
    0.0,
    0.0,
    0.0,
    0.0,
    0.0,
    0.0,
    0.0,
    0.0,
    0.0,
    0.0
  ],
  "gate_entropy": [
    0.0012002635880240373,
    0.001200139056891203,
    0.001200139056891203,
    0.001200139056891203,
    0.001200139056891203,
    0.001200139056891203,
    0.001200139056891203,
    0.001200139056891203,
    0.001200139056891203,
    0.001200139056891203,
    0.001200139056891203,
    0.001200139056891203,
    0.001200139056891203
  ],
  "gate_min": [
    0.9998998684542519,
    0.9998999834060669,
    0.9998999834060669,
    0.9998999834060669,
    0.9998999834060669,
    0.9998999834060669,
    0.9998999834060669,
    0.9998999834060669,
    0.9998999834060669,
    0.9998999834060669,
    0.9998999834060669,
    0.9998999834060669,
    0.9998999834060669
  ],
  "gate_max": [
    0.9998999834060669,
    0.9998999834060669,
    0.9998999834060669,
    0.9998999834060669,
    0.9998999834060669,
    0.9998999834060669,
    0.9998999834060669,
    0.9998999834060669,
    0.9998999834060669,
    0.9998999834060669,
    0.9998999834060669,
    0.9998999834060669,
    0.9998999834060669
  ],
  "gate_anchor_loss": [
    1.0005343299899851e-08,
    1.000331906197971e-08,
    1.000331906197971e-08,
    1.000331906197971e-08,
    1.000331906197971e-08,
    1.000331906197971e-08,
    1.000331906197971e-08,
    1.000331906197971e-08,
    1.000331906197971e-08,
    1.000331906197971e-08,
    1.000331906197971e-08,
    1.000331906197971e-08,
    1.000331906197971e-08
  ],
  "gate_anchor_contribution": [
    5.002671659862631e-10,
    5.001659642012157e-10,
    5.001659642012157e-10,
    5.001659642012157e-10,
    5.001659642012157e-10,
    5.001659642012157e-10,
    5.001659642012157e-10,
    5.001659642012157e-10,
    5.001659642012157e-10,
    5.001659642012157e-10,
    5.001659642012157e-10,
    5.001659642012157e-10,
    5.001659642012157e-10
  ],
  "q_err_entropy": [
    2.006753720343113,
    1.9807930695159095,
    1.9759622099144118,
    1.981386227267129,
    1.9911163970828056,
    1.990553195987429,
    1.9881734581930297,
    1.9830298434410776,
    1.986348185156073,
    1.9846656269260816,
    1.9854703226259776,
    1.9830497620361192,
    1.9860206214444978
  ],
  "q_err_gini": [
    0.5173389281013182,
    0.5351245012134314,
    0.5378938282706908,
    0.5355408346014363,
    0.5301950031093189,
    0.5302219707518816,
    0.5323466876787799,
    0.5341680922678539,
    0.5332645739295653,
    0.5340695636613029,
    0.533969787348594,
    0.5344834878508534,
    0.5337758370276008
  ],
  "q_err_corr": [
    0.8766117734952016,
    0.9041669363422054,
    0.8866678343287536,
    0.9001231433025428,
    0.9144144255135741,
    0.9046450784163815,
    0.9156681724957058,
    0.9088101589253971,
    0.9063971840909549,
    0.8916445252086435,
    0.919496264308691,
    0.878132273043905,
    0.9075820584382329
  ],
  "p_q_corr": [
    0.17217978910775855,
    0.25067694631538223,
    0.25208743987604976,
    0.2544626746592777,
    0.2516790547607733,
    0.2432214158221281,
    0.2569767603251551,
    0.25000428227109034,
    0.2517448627622798,
    0.24664111353922635,
    0.2611167503720416,
    0.25167414971760343,
    0.25052324431349654
  ],
  "ea_ratio": [
    0.007710436360625802,
    0.014110279788594329,
    0.052037442543288695,
    0.17980177817798904,
    0.11832467109369256,
    0.26676618298266214,
    0.5902099171320775,
    0.5606675982915996,
    0.6036743199053619,
    0.6337192041433549,
    0.7694890465188239,
    0.9818148887051004,
    0.9150340143990304
  ],