mse,rmse,mae,r2,r2_weighted,r2_mean
0.1866178176009768,0.43199284438631247,0.2932770578634499,-1371.4122152339467,-1371.4122152339467,-908.8786497778259
