mse,rmse,mae,r2,r2_weighted,r2_mean
5.124911510850614e-06,0.0022638267404663753,0.0015838662662114602,0.9623107201128925,0.9623107201128925,0.9601099919088162
