mse,rmse,mae,r2,r2_weighted,r2_mean
6.012784876651058e-06,0.0024520980560840257,0.001633769902316008,0.9556440024905223,0.9556440024905223,0.9600146117285622
