mse,rmse,mae,r2,r2_weighted,r2_mean
5.494636465131026e-06,0.0023440640915152098,0.001687111393896967,0.9590036296705725,0.9590036296705725,0.9525615187211617
