mse,rmse,mae,r2,r2_weighted,r2_mean
3.0404574745488184e-05,0.005514034343880004,0.0038413698278714006,0.7764007193090066,0.7764007193090066,0.7087336787357502
