mse,rmse,mae,r2,r2_weighted,r2_mean
1.2099140483303627e-05,0.0034783818771525975,0.002003635331282917,0.9104804988250635,0.9104804988250635,0.8869136550821743
