mse,rmse,mae,r2,r2_weighted,r2_mean
1.1523354337680992e-05,0.0033946066543387604,0.002225452365064204,0.9157488130187248,0.9157488130187248,0.9087785171357813
