mse,rmse,mae,r2,r2_weighted,r2_mean
6.857108855262824e-06,0.002618608190482651,0.0016510839777907748,0.9503977379065408,0.9503977379065408,0.9341407342190358
