{
  "total_loss": [
    1.2109865851911163,
    0.1719295363751639,
    0.036612013887065586,
    0.005063177033995154
  ],
  "main_loss": [
    0.9315376858170339,
    0.13225821708392768,
    0.028166325191412916,
    0.003896267685141603
  ],
  "shap_loss": [
    0.7607277339058263,
    0.8314201310276985,
    0.8776160925626755,
    0.8901363834738731
  ],
  "shap_loss_normalized": [
    0.008438711535131585,
    0.0009236249284835399,
    0.00020497494961091434,
    2.1840545668640387e-05
  ],
  "tikhonov_loss": [
    0.0,
    0.0,
    0.0,
    0.0
  ],
  "nonnegativity_loss": [
    0.0,
    0.0,
    0.0,
    0.0
  ],
  "tikhonov_lambda": [
    0.0,
    0.0,
    0.0,
    0.0
  ],
  "nonnegativity_lambda": [
    0.0,
    0.0,
    0.0,
    0.0
  ],
  "shap_scale_factor": [
    0.018497143675416446,
    0.001135160694386551,
    0.00023355837931037735,
    2.453777677038973e-05
  ],
  "shap_contribution": [
    1.6877422557830951e-06,
    2.6138422911817625e-07,
    8.003783865831845e-08,
    1.0608265175024049e-08
  ],
  "tikhonov_contribution": [
    0.0,
    0.0,
    0.0,
    0.0
  ],
  "nonnegativity_contribution": [
    0.0,
    0.0,
    0.0,
    0.0
  ],
  "regularization_share": [
    0.22865591752031073,
    0.22927798689773507,
    0.2291565792028837,
    0.22794990280371374
  ],
  "accuracy_guard_loss": [
    0.9315324864499936,
    0.13225301566646003,
    0.02816112494110712,
    0.003891064831935052
  ],
  "accuracy_guard_contribution": [
    0.09315376873148905,
    0.013225818526604729,
    0.002816628560010161,
    0.00038961976549753023
  ],
  "distill_loss": [
    0.9315898245466607,
    0.13228317339858872,
    0.02816540363918258,
    0.003895459076634974
  ],
  "distill_contribution": [
    0.1862934253055885,
    0.026445240878144562,
    0.005628979923130828,
    0.0007772789910762055
  ],
  "epoch_accepted": [
    0.0,
    0.0,
    0.0,
    0.0
  ],
  "lr": [
    6e-05,
    3e-05,
    1.5e-05,
    7.5e-06
  ],
  "adaptive_gamma": [
    0.00020000000000000006,
    0.0002952380952380953,
    0.00039047619047619055,
    0.00048571428571428556
  ],
  "convergence_slowdown": [
    0.2759140253893904,
    0.2759140253893904,
    0.2,
    0.2
  ],
  "shap_consistency": [
    0.0,
    0.0,
    0.0,
    0.0
  ],
  "shap_sparsity": [
    0.7607277339058263,
    0.8314201310276985,
    0.8776160925626755,
    0.8901363834738731
  ],
  "shap_faithfulness": [
    0.0,
    0.0,
    0.0,
    0.0
  ],
  "shap_stability": [
    0.0,
    0.0,
    0.0,
    0.0
  ],
  "shap_weight_consistency": [
    0.0,
    0.0,
    0.0,
    0.0
  ],
  "shap_weight_sparsity": [
    1.0,
    1.0,
    1.0,
    1.0
  ],
  "shap_weight_faithfulness": [
    0.0,
    0.0,
    0.0,
    0.0
  ],
  "shap_weight_stability": [
    0.0,
    0.0,
    0.0,
    0.0
  ],
  "val_main_loss": [
    0.1800074279308319,
    0.12053343653678894,
    0.003907795995473862,
    0.006811107508838177
  ]
}