{
  "total_loss": [
    0.3292826983701421,
    0.023820859474653844,
    0.004813514333363855,
    0.005155489038640683,
    0.001477916434526248,
    0.0007775475402728002,
    0.0002703642152742499,
    0.00026527726413405617,
    0.0005582812495146884,
    0.00039372343079386544,
    0.0003583975039223982,
    0.00019384915469800035,
    0.00016474492875724018,
    0.00015162742774269385,
    0.00015039374066613424,
    0.00014070346337900576,
    0.00016012990001204992,
    0.00015297247356167127,
    9.605144362012652e-05,
    0.00013930404848646764,
    6.934167163308302e-05,
    0.00019381162448033656,
    0.00020133110872068625,
    0.0001410406395215042,
    0.0001687279223006044,
    6.846831956863753e-05,
    8.725031995839214e-05,
    8.083928048563394e-05,
    7.722685177213862e-05,
    6.512660300066793e-05
  ],
  "main_loss": [
    0.2993488561104251,
    0.021659138611409747,
    0.004413182822125756,
    0.004711225201130479,
    0.0014125076531529754,
    0.0007619103149149201,
    0.0002703634891076945,
    0.000265276661788708,
    0.0005564957946912078,
    0.00039372231900155645,
    0.0003583963660795624,
    0.0001938483285519916,
    0.00016474425342494214,
    0.00015162686387221975,
    0.000150393055670455,
    0.0001407028141946804,
    0.0001601291030835585,
    0.00015297165753379107,
    9.605069715235004e-05,
    0.0001393032016819364,
    6.934119445694315e-05,
    0.00019381033497925922,
    0.00020132954689090963,
    0.00014103973943032803,
    0.00016872662294125412,
    6.84675144303323e-05,
    8.724943900720714e-05,
    8.083865853742671e-05,
    7.722603978826166e-05,
    6.512608228246921e-05
  ],
  "shap_loss": [
    0.615184618958405,
    0.60472489840218,
    0.6037001865250724,
    0.602048854210547,
    0.6014238925916808,
    0.6007893138698169,
    0.6008097806147167,
    0.5990472308226994,
    0.5998257717915944,
    0.5992670357227325,
    0.5988357684441975,
    0.5995847114494869,
    0.599664951541594,
    0.5984390697308949,
    0.5993547923862934,
    0.5996252803930214,
    0.6000138648918697,
    0.6000269417251859,
    0.5994913993137223,
    0.6001742471541677,
    0.600062298987593,
    0.600249036614384,
    0.600016251206398,
    0.5994875356554985,
    0.5981940786753382,
    0.6002991449620042,
    0.6013744037066188,
    0.6004234584314483,
    0.6004488510744912,
    0.5999085658362934
  ],
  "shap_loss_normalized": [
    0.002432267266483125,
    0.00019786081189262665,
    5.779526785382976e-05,
    2.0293319705290613e-05,
    9.089883537935098e-06,
    5.387457320133697e-06,
    1.6956978429659233e-06,
    1.2902394286941541e-06,
    3.745692235871242e-06,
    2.047440360237423e-06,
    1.957128924954889e-06,
    1.3349991334621336e-06,
    1.027904185134178e-06,
    8.118309564914788e-07,
    9.335798780390243e-07,
    8.411662462443863e-07,
    9.840761389260218e-07,
    9.636311583603531e-07,
    8.43165505669065e-07,
    9.166862499552865e-07,
    4.964669033975204e-07,
    1.2883904815400423e-06,
    1.5616510502525216e-06,
    9.005381354906408e-07,
    1.2998785245648442e-06,
    8.052993634472776e-07,
    8.81030733828376e-07,
    6.216327714168659e-07,
    8.119553177112136e-07,
    5.209752253725648e-07
  ],
  "tikhonov_loss": [
    0.0,
    0.0,
    0.0,
    0.0,
    0.0,
    0.0,
    0.0,
    0.0,
    0.0,
    0.0,
    0.0,
    0.0,
    0.0,
    0.0,
    0.0,
    0.0,
    0.0,
    0.0,
    0.0,
    0.0,
    0.0,
    0.0,
    0.0,
    0.0,
    0.0,
    0.0,
    0.0,
    0.0,
    0.0,
    0.0
  ],
  "nonnegativity_loss": [
    0.0,
    0.0,
    0.0,
    0.0,
    0.0,
    0.0,
    0.0,
    0.0,
    0.0,
    0.0,
    0.0,
    0.0,
    0.0,
    0.0,
    0.0,
    0.0,
    0.0,
    0.0,
    0.0,
    0.0,
    0.0,
    0.0,
    0.0,
    0.0,
    0.0,
    0.0,
    0.0,
    0.0,
    0.0,
    0.0
  ],
  "tikhonov_lambda": [
    0.0,
    0.0,
    0.0,
    0.0,
    0.0,
    0.0,
    0.0,
    0.0,
    0.0,
    0.0,
    0.0,
    0.0,
    0.0,
    0.0,
    0.0,
    0.0,
    0.0,
    0.0,
    0.0,
    0.0,
    0.0,
    0.0,
    0.0,
    0.0,
    0.0,
    0.0,
    0.0,
    0.0,
    0.0,
    0.0
  ],
  "nonnegativity_lambda": [
    0.0,
    0.0,
    0.0,
    0.0,
    0.0,
    0.0,
    0.0,
    0.0,
    0.0,
    0.0,
    0.0,
    0.0,
    0.0,
    0.0,
    0.0,
    0.0,
    0.0,
    0.0,
    0.0,
    0.0,
    0.0,
    0.0,
    0.0,
    0.0,
    0.0,
    0.0,
    0.0,
    0.0,
    0.0,
    0.0
  ],
  "shap_scale_factor": [
    0.0038167658971748164,
    0.00032738221891166633,
    9.570453849109295e-05,
    3.3712989535948236e-05,
    1.5147433573863031e-05,
    8.989902831690196e-06,
    2.8244598244917337e-06,
    2.1537221963580123e-06,
    6.247934642360037e-06,
    3.4189164335497724e-06,
    3.2691242126099953e-06,
    2.2252834782930705e-06,
    1.7148470297549714e-06,
    1.3585035883442874e-06,
    1.5522944854793454e-06,
    1.4037806012014658e-06,
    1.6413554625994188e-06,
    1.6079314675637966e-06,
    1.40948627178425e-06,
    1.5283961580845804e-06,
    8.270050495109354e-07,
    2.1552412304919597e-06,
    2.604831700638274e-06,
    1.5018714432735063e-06,
    2.1770230053601978e-06,
    1.3405637189904899e-06,
    1.464023221109636e-06,
    1.0356533277473822e-06,
    1.352429204207578e-06,
    8.694060373157154e-07
  ],
  "shap_contribution": [
    4.864534420834232e-07,
    4.7109716397716484e-08,
    1.596250348567807e-08,
    6.377900509311831e-09,
    3.2031017372210637e-09,
    2.10367385069283e-09,
    7.267276356585719e-10,
    6.021117525698402e-10,
    1.8906826372368434e-09,
    1.1114676619548648e-09,
    1.1369987183905218e-09,
    8.264280311674556e-10,
    6.754798729286765e-10,
    5.644158310367877e-10,
    6.846252555445639e-10,
    6.488996812599655e-10,
    7.966330583788642e-10,
    8.16792104438302e-10,
    7.468037559882346e-10,
    8.468435015729359e-10,
    4.775538791297804e-10,
    1.2883905400884466e-09,
    1.5616511268658405e-09,
    9.005381765193293e-10,
    1.299878585474455e-09,
    8.052994040457546e-10,
    8.810307756163776e-10,
    6.216328012858303e-10,
    8.119553546380245e-10,
    5.209752495476711e-10
  ],
  "tikhonov_contribution": [
    0.0,
    0.0,
    0.0,
    0.0,
    0.0,
    0.0,
    0.0,
    0.0,
    0.0,
    0.0,
    0.0,
    0.0,
    0.0,
    0.0,
    0.0,
    0.0,
    0.0,
    0.0,
    0.0,
    0.0,
    0.0,
    0.0,
    0.0,
    0.0,
    0.0,
    0.0,
    0.0,
    0.0,
    0.0,
    0.0
  ],
  "nonnegativity_contribution": [
    0.0,
    0.0,
    0.0,
    0.0,
    0.0,
    0.0,
    0.0,
    0.0,
    0.0,
    0.0,
    0.0,
    0.0,
    0.0,
    0.0,
    0.0,
    0.0,
    0.0,
    0.0,
    0.0,
    0.0,
    0.0,
    0.0,
    0.0,
    0.0,
    0.0,
    0.0,
    0.0,
    0.0,
    0.0,
    0.0
  ],
  "regularization_share": [
    0.09009970240558267,
    0.08848325366958762,
    0.05941187142960846,
    0.07386529946886324,
    0.01903931772969333,
    0.005350948755454858,
    3.1929241661095236e-06,
    2.939236611661039e-06,
    0.0008179132552553803,
    3.823331250601706e-06,
    4.1596054066490384e-06,
    7.698299384923826e-06,
    5.811952321135174e-06,
    5.341005072773473e-06,
    7.333989396907479e-06,
    5.807609743653145e-06,
    8.679093865347658e-06,
    8.249676374705342e-06,
    1.4544441346468191e-05,
    8.686650384142648e-06,
    8.340937981864964e-06,
    1.3548556016619138e-05,
    1.4365774584163214e-05,
    9.541448443656745e-06,
    1.172533374184472e-05,
    1.9950635471746707e-05,
    1.5467798005389795e-05,
    1.0672846599504998e-05,
    1.60843868994859e-05,
    1.0715614429777615e-05
  ],