{
  "total_loss": [
    0.600899095373068,
    0.040362436419217475,
    0.008934915207342036,
    0.004179995049850861,
    0.0006919398913721254,
    0.00075354859986224,
    0.0003990708794877459,
    7.222744969632393e-05,
    0.0001841740035420766,
    0.00021634726833294086,
    5.188402531075553e-05,
    9.013546952019169e-05,
    4.7433686120257335e-05,
    5.483585177249292e-05,
    0.000102562122760576,
    6.337284829019804e-05,
    4.857664969547061e-05,
    8.000304703565624e-05,
    5.61747607110062e-05,
    3.678793716842067e-05,
    4.7111908194048215e-05,
    5.534938152810095e-05,
    7.358238402892831e-05,
    8.847869967861957e-05,
    6.401159086116033e-05,
    6.083031333251451e-05
  ],
  "main_loss": [
    0.5462712683094699,
    0.03669307990108856,
    0.008122646796165003,
    0.003799996288778727,
    0.0006290456811776883,
    0.0006850426946130028,
    0.0003627904418895663,
    6.566070723173263e-05,
    0.0001674301155552322,
    0.00019667836196341732,
    4.718168054702281e-05,
    8.194062853103137e-05,
    4.312094461056404e-05,
    4.98501420906905e-05,
    9.323747558807684e-05,
    5.761097079113954e-05,
    4.415993082927473e-05,
    7.272923983236979e-05,
    5.106724656960588e-05,
    3.34429342225511e-05,
    4.282832843013499e-05,
    5.0325192505949546e-05,
    6.689220260471172e-05,
    8.043421528977237e-05,
    5.819150606255009e-05,
    5.529950405096835e-05
  ],
  "shap_loss": [
    0.5721150200281825,
    0.534118822642735,
    0.532884770738227,
    0.533261096903256,
    0.5316413018320288,
    0.5318096349281924,
    0.5320317612162658,
    0.5319617379988942,
    0.5316267093377454,
    0.5326516436679023,
    0.5334489393447127,
    0.5313407427498272,
    0.5319721783910479,
    0.5326237614665713,
    0.5316582795764718,
    0.5315261052123138,
    0.5317499807902745,
    0.5321927006755557,
    0.533301267772913,
    0.5319424191755908,
    0.5317518556756633,
    0.5315291642078331,
    0.5314935195658889,
    0.532358355820179,
    0.5319501784230981,
    0.5323038111839976
  ],
  "shap_loss_normalized": [
    0.0035215960253310386,
    0.00022417914384017683,
    3.539853735544186e-05,
    2.0609732132470526e-05,
    3.154548410679224e-06,
    2.9153429268140892e-06,
    2.096494023971575e-06,
    3.685392242808965e-07,
    7.4609366545226e-07,
    1.0517506352820355e-06,
    3.298755294319936e-07,
    4.5078513924831244e-07,
    2.2378062463397036e-07,
    2.819128482402432e-07,
    5.463716930315903e-07,
    3.6439630576471214e-07,
    2.7955511048917613e-07,
    4.530359205239571e-07,
    3.276896290823775e-07,
    2.270582221289682e-07,
    2.5734732097707334e-07,
    3.5115801504710067e-07,
    4.6173777043126816e-07,
    5.640943854245961e-07,
    4.3495240209523445e-07,
    3.5940276621460043e-07
  ],
  "tikhonov_loss": [
    0.0,
    0.0,
    0.0,
    0.0,
    0.0,
    0.0,
    0.0,
    0.0,
    0.0,
    0.0,
    0.0,
    0.0,
    0.0,
    0.0,
    0.0,
    0.0,
    0.0,
    0.0,
    0.0,
    0.0,
    0.0,
    0.0,
    0.0,
    0.0,
    0.0,
    0.0
  ],
  "nonnegativity_loss": [
    0.0,
    0.0,
    0.0,
    0.0,
    0.0,
    0.0,
    0.0,
    0.0,
    0.0,
    0.0,
    0.0,
    0.0,
    0.0,
    0.0,
    0.0,
    0.0,
    0.0,
    0.0,
    0.0,
    0.0,
    0.0,
    0.0,
    0.0,
    0.0,
    0.0,
    0.0
  ],
  "tikhonov_lambda": [
    0.0,
    0.0,
    0.0,
    0.0,
    0.0,
    0.0,
    0.0,
    0.0,
    0.0,
    0.0,
    0.0,
    0.0,
    0.0,
    0.0,
    0.0,
    0.0,
    0.0,
    0.0,
    0.0,
    0.0,
    0.0,
    0.0,
    0.0,
    0.0,
    0.0,
    0.0
  ],
  "nonnegativity_lambda": [
    0.0,
    0.0,
    0.0,
    0.0,
    0.0,
    0.0,
    0.0,
    0.0,
    0.0,
    0.0,
    0.0,
    0.0,
    0.0,
    0.0,
    0.0,
    0.0,
    0.0,
    0.0,
    0.0,
    0.0,
    0.0,
    0.0,
    0.0,
    0.0,
    0.0,
    0.0
  ],
  "shap_scale_factor": [
    0.00590967954501951,
    0.0004196863199272106,
    6.637746856990524e-05,
    3.8856667216770713e-05,
    5.9297402625659306e-06,
    5.477625277696305e-06,
    3.9404000190144e-06,
    6.949681246503608e-07,
    1.4042818371319848e-06,
    1.9758682471209763e-06,
    6.195257009645335e-07,
    8.474645365400271e-07,
    4.2108665713499653e-07,
    5.296759539976141e-07,
    1.0283164512381253e-06,
    6.865933741038747e-07,
    5.263076516281047e-07,
    8.527752669347712e-07,
    6.135650012342628e-07,
    4.272880688915554e-07,
    4.843728442228726e-07,
    6.612220252128012e-07,
    8.687610903840852e-07,
    1.060243351092003e-06,
    8.195930580958531e-07,
    6.751462574272781e-07
  ],
  "shap_contribution": [
    7.04319186254276e-07,
    5.337598628164995e-08,
    9.77673938235795e-09,
    6.47734445445382e-09,
    1.1116027458632098e-09,
    1.138372017682267e-09,
    8.984974317140435e-10,
    1.7198497580201263e-10,
    3.765996375735706e-10,
    5.709503646157093e-10,
    1.9164197609785764e-10,
    2.7905746544148614e-10,
    1.4705583532886472e-10,
    1.9599656074707561e-10,
    4.0067258315742583e-10,
    2.8110572302437424e-10,
    2.2630651401704076e-10,
    3.8400186428461895e-10,
    2.90239393406896e-10,
    2.0975855216951286e-10,
    2.475436145748284e-10,
    3.511580306050921e-10,
    4.6173779358536585e-10,
    5.640944120540884e-10,
    4.3495242093036634e-10,
    3.5940278320398654e-10
  ],
  "tikhonov_contribution": [
    0.0,
    0.0,
    0.0,
    0.0,
    0.0,
    0.0,
    0.0,
    0.0,
    0.0,
    0.0,
    0.0,
    0.0,
    0.0,
    0.0,
    0.0,
    0.0,
    0.0,
    0.0,
    0.0,
    0.0,
    0.0,
    0.0,
    0.0,
    0.0,
    0.0,
    0.0
  ],
  "nonnegativity_contribution": [
    0.0,
    0.0,
    0.0,
    0.0,
    0.0,
    0.0,
    0.0,
    0.0,
    0.0,
    0.0,
    0.0,
    0.0,
    0.0,
    0.0,
    0.0,
    0.0,
    0.0,
    0.0,
    0.0,
    0.0,
    0.0,
    0.0,
    0.0,
    0.0,
    0.0,
    0.0
  ],
  "regularization_share": [
    0.09010098205557182,
    0.09038065894994207,
    0.09011924894351077,
    0.09011585696980115,
    0.09010034912895686,
    0.09091057261787976,
    0.0909103631742723,
    0.09090347130784777,
    0.0909067502829778,
    0.09090887329188832,
    0.09008776314237073,
    0.09090306314473327,
    0.0908981809375894,
    0.09090087180364922,
    0.09090749092619169,
    0.09090222171625216,
    0.09089968907122659,
    0.09090587442104882,
    0.0909021873112225,
    0.0908983003031235,
    0.09089836559880062,
    0.0900935181999829,
    0.0909065979578334,
    0.09090991541872732,
    0.09090689519212478,
    0.09090316489386854
  ],
  "accuracy_guard_loss": [
    0.5462607862864388,
    0.036682605038939595,
    0.008112152221656288,
    0.003789518309401631,
    0.0006185643764281069,
    0.0006745553461249594,
    0.0003523090962614463,
    5.5177751879195315e-05,
    0.0001569389588748241,
    0.0001861866427930181,
    3.672116365903223e-05,
    7.144378664796542e-05,
    3.262921699891714e-05,
    3.935889924784013e-05,
    8.274146622560303e-05,
    4.7119528358864826e-05,
    3.3669581662414725e-05,
    6.223964368246016e-05,
    4.057682849634148e-05,
    2.2947436073244326e-05,
    3.233831513479605e-05,
    3.983393682866725e-05,
    5.6401966406026206e-05,
    6.994458600014955e-05,
    4.770098658468669e-05,
    4.48052729983114e-05
  ],