{
  "total_loss": [
    0.5642385657241391,
    0.03990867859831886,
    0.00836682877269368,
    0.005704225071651438,
    0.0006782069673200957,
    0.0003488953780796627,
    8.952249580878353e-05,
    4.7357487379226117e-05,
    4.061587039976595e-05,
    5.3565892942840166e-05,
    4.2421564391556134e-05,
    7.099924757117801e-05,
    3.524541089713499e-05,
    3.794650834265667e-05,
    6.893973747423843e-05,
    3.155513357861699e-05,
    7.69201001600907e-05,
    4.8689096282877085e-05,
    3.36859648898878e-05,
    6.334462510640801e-05,
    4.014434417497016e-05,
    4.675485423279367e-05,
    4.317028892890968e-05,
    2.9771362246070305e-05,
    3.71052855103114e-05,
    4.442706250529227e-05,
    6.282906525305927e-05,
    6.112542372907878e-05
  ],
  "main_loss": [
    0.4340290890633988,
    0.030698943791309472,
    0.006436016276861015,
    0.004387865825419469,
    0.0005217018856699594,
    0.0002683837986085434,
    6.886701251979892e-05,
    3.64287683558879e-05,
    3.12429150101577e-05,
    4.120444136544522e-05,
    3.2631899837757116e-05,
    5.4614663310660815e-05,
    2.7111771698530773e-05,
    2.9189532613470093e-05,
    5.3030411809881374e-05,
    2.4273070721392287e-05,
    5.916910934290952e-05,
    3.745297375092248e-05,
    2.591216259669896e-05,
    4.8726417446687265e-05,
    3.08801023558252e-05,
    3.596509058313911e-05,
    3.320773084526861e-05,
    2.290092190751888e-05,
    2.854236656649586e-05,
    3.417448680157317e-05,
    4.832977225126862e-05,
    4.7019283824413704e-05
  ],
  "shap_loss": [
    0.7981766534170934,
    0.8749644559408937,
    0.888673011213541,
    0.8902091958693096,
    0.8921669290534088,
    0.8926302646952016,
    0.892806639628751,
    0.8926658257842064,
    0.8929957092872688,
    0.8924696285809789,
    0.8932155535689422,
    0.8930322458701474,
    0.8928080419344562,
    0.8930867085499423,
    0.8933478673653943,
    0.8930368237197399,
    0.8928671452615943,
    0.8928592236978667,
    0.8928119178329196,
    0.892470192696367,
    0.8931728000087398,
    0.8929900915494987,
    0.8928956410714558,
    0.8931816928088665,
    0.892977775739772,
    0.8927526708160128,
    0.8930136023887566,
    0.8925577716103622
  ],
  "shap_loss_normalized": [
    0.003835213872827608,
    0.00023681234376584013,
    4.196921085102596e-05,
    2.0525908979607266e-05,
    3.4998346991293213e-06,
    1.1706923608301167e-06,
    4.56414118689606e-07,
    1.899777721168862e-07,
    1.5991116418336203e-07,
    2.195698133152949e-07,
    1.6243125714307132e-07,
    2.987622907798685e-07,
    1.6361292695269265e-07,
    1.6643343306707186e-07,
    2.7502437635210495e-07,
    1.8366933428128262e-07,
    3.1805808805732537e-07,
    2.717466147978647e-07,
    1.728273039601293e-07,
    3.054401300138311e-07,
    2.1927806218410444e-07,
    2.3667620955133577e-07,
    2.383576918697981e-07,
    1.6361826579317347e-07,
    2.0885705622118523e-07,
    2.2957530276812577e-07,
    3.6110071707387957e-07,
    3.550056558562379e-07
  ],
  "tikhonov_loss": [
    0.0,
    0.0,
    0.0,
    0.0,
    0.0,
    0.0,
    0.0,
    0.0,
    0.0,
    0.0,
    0.0,
    0.0,
    0.0,
    0.0,
    0.0,
    0.0,
    0.0,
    0.0,
    0.0,
    0.0,
    0.0,
    0.0,
    0.0,
    0.0,
    0.0,
    0.0,
    0.0,
    0.0
  ],
  "nonnegativity_loss": [
    0.0,
    0.0,
    0.0,
    0.0,
    0.0,
    0.0,
    0.0,
    0.0,
    0.0,
    0.0,
    0.0,
    0.0,
    0.0,
    0.0,
    0.0,
    0.0,
    0.0,
    0.0,
    0.0,
    0.0,
    0.0,
    0.0,
    0.0,
    0.0,
    0.0,
    0.0,
    0.0,
    0.0
  ],
  "tikhonov_lambda": [
    0.0,
    0.0,
    0.0,
    0.0,
    0.0,
    0.0,
    0.0,
    0.0,
    0.0,
    0.0,
    0.0,
    0.0,
    0.0,
    0.0,
    0.0,
    0.0,
    0.0,
    0.0,
    0.0,
    0.0,
    0.0,
    0.0,
    0.0,
    0.0,
    0.0,
    0.0,
    0.0,
    0.0
  ],
  "nonnegativity_lambda": [
    0.0,
    0.0,
    0.0,
    0.0,
    0.0,
    0.0,
    0.0,
    0.0,
    0.0,
    0.0,
    0.0,
    0.0,
    0.0,
    0.0,
    0.0,
    0.0,
    0.0,
    0.0,
    0.0,
    0.0,
    0.0,
    0.0,
    0.0,
    0.0,
    0.0,
    0.0,
    0.0,
    0.0
  ],
  "shap_scale_factor": [
    0.007023693764998784,
    0.0002701953343916837,
    4.7303712149034246e-05,
    2.3078261817895006e-05,
    3.929993302974467e-06,
    1.312196697951826e-06,
    5.110220024525373e-07,
    2.1270503742058052e-07,
    1.7905567701424241e-07,
    2.4610560485306405e-07,
    1.818462710534647e-07,
    3.343957430147148e-07,
    1.8317753580632746e-07,
    1.8637378767018006e-07,
    3.076716789335521e-07,
    2.0568406837821568e-07,
    3.561232665595551e-07,
    3.0433867909952543e-07,
    1.935638391384378e-07,
    3.423818514227312e-07,
    2.455186173094501e-07,
    2.6503937865069766e-07,
    2.6697210350235255e-07,
    1.8322548826588356e-07,
    2.3388111748280452e-07,
    2.573258545036283e-07,
    4.043324042083781e-07,
    3.9772355113366816e-07
  ],
  "shap_contribution": [
    7.670427553339755e-07,
    5.492252790657253e-08,
    1.1591496881394444e-08,
    6.450999995101712e-09,
    1.23327506342173e-09,
    4.571275038808038e-10,
    1.9560604853373553e-10,
    8.865629600119821e-11,
    8.071705884287898e-11,
    1.191950456057201e-10,
    9.43648260040663e-11,
    1.8494808233267864e-10,
    1.0751706382844395e-10,
    1.1571086766080335e-10,
    2.0168454654372654e-10,
    1.4168777274959592e-10,
    2.574755915666598e-10,
    2.303376024141514e-10,
    1.5307561629473206e-10,
    2.8216850433574313e-10,
    2.1092461241142835e-10,
    2.366762211561402e-10,
    2.383577043578246e-10,
    1.63618273195982e-10,
    2.0885706612843883e-10,
    2.2957531343469261e-10,
    3.611007336399931e-10,
    3.550056726761167e-10
  ],
  "tikhonov_contribution": [
    0.0,
    0.0,
    0.0,
    0.0,
    0.0,
    0.0,
    0.0,
    0.0,
    0.0,
    0.0,
    0.0,
    0.0,
    0.0,
    0.0,
    0.0,
    0.0,
    0.0,
    0.0,
    0.0,
    0.0,
    0.0,
    0.0,
    0.0,
    0.0,
    0.0,
    0.0,
    0.0,
    0.0
  ],
  "nonnegativity_contribution": [
    0.0,
    0.0,
    0.0,
    0.0,
    0.0,
    0.0,
    0.0,
    0.0,
    0.0,
    0.0,
    0.0,
    0.0,
    0.0,
    0.0,
    0.0,
    0.0,
    0.0,
    0.0,
    0.0,
    0.0,
    0.0,
    0.0,
    0.0,
    0.0,
    0.0,
    0.0,
    0.0,
    0.0
  ],
  "regularization_share": [
    0.23019527824200506,
    0.23066091463874697,
    0.23026672594796663,
    0.23020279506229432,
    0.2301925860769622,
    0.2301762337122302,
    0.23015286323620218,
    0.23067224322755406,
    0.2306954634362325,
    0.23068321500699737,
    0.2306835421601975,
    0.23069978765237167,
    0.23067407136377077,
    0.23067280437783383,
    0.23068779825353572,
    0.23067434253635852,
    0.2306943631094647,
    0.23069078639865306,
    0.2306663677927774,
    0.23070403500905792,
    0.23067474667406268,
    0.23068189919276247,
    0.2306869944604781,
    0.2306625488318567,
    0.23066465598138977,
    0.23067270741708576,
    0.23071060548644823,
    0.2307157132647142
  ],
  "accuracy_guard_loss": [
    0.43402389179183437,
    0.030693742675274343,
    0.00643081596243584,
    0.004382662989948065,
    0.0005165007623223314,
    0.00026318181619038635,
    6.366464689173361e-05,
    3.122887600933869e-05,
    2.6043126061787397e-05,
    3.60032146967829e-05,
    2.7429303295483415e-05,
    4.941473315105733e-05,
    2.191003679083029e-05,
    2.398722152260494e-05,
    4.782759401272025e-05,
    1.9066561171549828e-05,
    5.396849993287235e-05,
    3.224916171161242e-05,
    2.070948041169426e-05,
    4.35251585437462e-05,
    2.5681633474050614e-05,
    3.0765007847678915e-05,
    2.800610630515621e-05,
    1.770092093522635e-05,
    2.3339524085080094e-05,
    2.897192542913477e-05,
    4.312868463175944e-05,
    4.181252093563411e-05
  ],