{
  "total_loss": [
    1.2109865851911163,
    0.2044704309581513,
    0.5374917442511234,
    0.07740439547758017,
    0.06773536061934594,
    0.030561603089414087,
    0.02830627362189781,
    0.010579373971268069,
    0.007538106482700512,
    0.006949515045042582,
    0.0020980928706454244,
    0.00175177737453071
  ],
  "main_loss": [
    0.9315376858170339,
    0.15729562625555055,
    0.41346503117321326,
    0.059549285107225715,
    0.05210909427010587,
    0.023512298159922857,
    0.021778018143127804,
    0.008140279283647292,
    0.005800319725364845,
    0.005347532069468538,
    0.0016152968985677166,
    0.0013490580079503292
  ],
  "shap_loss": [
    0.7607277339058263,
    0.8196932960833822,
    0.7523340338042804,
    0.8583302460610867,
    0.862074284681252,
    0.879721039640052,
    0.8798236149762358,
    0.887404567961182,
    0.8898154960146972,
    0.8895423279276916,
    0.8924478462764195,
    0.892433804592916
  ],
  "shap_loss_normalized": [
    0.008438711535131585,
    0.0007056015529087745,
    0.0018206219070374832,
    0.00047475009783478787,
    0.0002792704985300328,
    0.00014993715168592253,
    0.000126570336370995,
    5.903978067830654e-05,
    3.967541510974115e-05,
    3.773544592279775e-05,
    1.3831980270749358e-05,
    1.056267040309779e-05
  ],
  "tikhonov_loss": [
    0.0,
    0.0,
    0.0,
    0.0,
    0.0,
    0.0,
    0.0,
    0.0,
    0.0,
    0.0,
    0.0,
    0.0
  ],
  "nonnegativity_loss": [
    0.0,
    0.0,
    0.0,
    0.0,
    0.0,
    0.0,
    0.0,
    0.0,
    0.0,
    0.0,
    0.0,
    0.0
  ],
  "tikhonov_lambda": [
    0.0,
    0.0,
    0.0,
    0.0,
    0.0,
    0.0,
    0.0,
    0.0,
    0.0,
    0.0,
    0.0,
    0.0
  ],
  "nonnegativity_lambda": [
    0.0,
    0.0,
    0.0,
    0.0,
    0.0,
    0.0,
    0.0,
    0.0,
    0.0,
    0.0,
    0.0,
    0.0
  ],
  "shap_scale_factor": [
    0.018497143675416446,
    0.0008764692949851452,
    0.002597807614291973,
    0.0005548557204643911,
    0.0003243199145142157,
    0.00017089841599046742,
    0.0001444878528360814,
    6.653525954506586e-05,
    4.458765065036613e-05,
    4.242264189524698e-05,
    1.5499749934400836e-05,
    1.1835607785809756e-05
  ],
  "shap_contribution": [
    1.6877422557830951e-06,
    2.0832046506872155e-07,
    7.109095208386001e-07,
    2.305929076890883e-07,
    1.622428627001682e-07,
    1.0138607480542866e-07,
    9.763997423282791e-08,
    5.116781008420089e-08,
    3.8163970808976644e-08,
    3.7735447623786304e-08,
    1.3831980878136513e-08,
    1.0562670912531554e-08
  ],
  "tikhonov_contribution": [
    0.0,
    0.0,
    0.0,
    0.0,
    0.0,
    0.0,
    0.0,
    0.0,
    0.0,
    0.0,
    0.0,
    0.0
  ],
  "nonnegativity_contribution": [
    0.0,
    0.0,
    0.0,
    0.0,
    0.0,
    0.0,
    0.0,
    0.0,
    0.0,
    0.0,
    0.0,
    0.0
  ],
  "regularization_share": [
    0.22865591752031073,
    0.2306952217248095,
    0.23072523636119885,
    0.23065473843170484,
    0.23065990940918382,
    0.23058854605065188,
    0.23049339309856112,
    0.23049467308755814,
    0.23050184282359648,
    0.23041311827126512,
    0.22989693178605936,
    0.2298092208041908
  ],
  "accuracy_guard_loss": [
    0.9315324864499936,
    0.15729042525968648,
    0.4134598300775646,
    0.05954408173316291,
    0.05210389271295363,
    0.023507095948454144,
    0.021772815525244887,
    0.008135079409320107,
    0.0057951199383491515,
    0.005342330831419011,
    0.0016100942944571475,
    0.0013438580803527397
  ],
  "accuracy_guard_contribution": [
    0.09315376873148905,
    0.015729562991639665,
    0.04134650378546212,
    0.005954928610922902,
    0.005210909505486987,
    0.0023512298730565817,
    0.0021778018324961784,
    0.0008140279414874385,
    0.0005800319837102766,
    0.0005347532143917176,
    0.00016152969234488928,
    0.00013490580347154588
  ],
  "distill_loss": [
    0.9315898245466607,
    0.15726265820142413,
    0.41346191741260035,
    0.05953947476310922,
    0.05211203344099756,
    0.023510291650122132,
    0.021771671728077178,
    0.008134764504835143,
    0.00579653109681593,
    0.005340997264803653,
    0.001611347822420482,
    0.0013422072806861252
  ],
  "distill_contribution": [
    0.1862934253055885,
    0.031445033817103,
    0.0826794990903831,
    0.0118999511905713,
    0.010415194747370802,
    0.004697973601196281,
    0.00435035608545929,
    0.0016250156298026144,
    0.0011577166407213163,
    0.0010671920438523688,
    0.0003212524466757064,
    0.00026780300952720736
  ],
  "epoch_accepted": [
    1.0,
    1.0,
    0.0,
    1.0,
    0.0,
    1.0,
    1.0,
    1.0,
    1.0,
    0.0,
    1.0,
    0.0
  ],
  "lr": [
    0.00012,
    0.00012,
    6e-05,
    6e-05,
    3e-05,
    3e-05,
    3e-05,
    3e-05,
    3e-05,
    1.5e-05,
    1.5e-05,
    7.5e-06
  ],
  "adaptive_gamma": [
    0.00020000000000000006,
    0.0002952380952380953,
    0.00039047619047619055,
    0.00048571428571428556,
    0.0005809523809523809,
    0.0006761904761904762,
    0.0007714285714285716,
    0.0008666666666666667,
    0.0009619047619047622,
    0.0010000000000000005,
    0.0010000000000000005,
    0.0010000000000000005
  ],
  "convergence_slowdown": [
    0.2759140253893904,
    0.2,
    0.2,
    0.2,
    0.2,
    0.2,
    0.2,
    0.2,
    0.2,
    0.2,
    0.2,
    0.2
  ],
  "shap_consistency": [
    0.0,
    0.0,
    0.0,
    0.0,
    0.0,
    0.0,
    0.0,
    0.0,
    0.0,
    0.0,
    0.0,
    0.0
  ],
  "shap_sparsity": [
    0.7607277339058263,
    0.8196932960833822,
    0.7523340338042804,
    0.8583302460610867,
    0.862074284681252,
    0.879721039640052,
    0.8798236149762358,
    0.887404567961182,
    0.8898154960146972,
    0.8895423279276916,
    0.8924478462764195,
    0.892433804592916
  ],
  "shap_faithfulness": [
    0.0,
    0.0,
    0.0,
    0.0,
    0.0,
    0.0,
    0.0,
    0.0,
    0.0,
    0.0,
    0.0,
    0.0
  ],
  "shap_stability": [
    0.0,
    0.0,
    0.0,
    0.0,
    0.0,
    0.0,
    0.0,
    0.0,
    0.0,
    0.0,
    0.0,
    0.0
  ],
  "shap_weight_consistency": [
    0.0,
    0.0,
    0.0,
    0.0,
    0.0,
    0.0,
    0.0,
    0.0,
    0.0,
    0.0,
    0.0,
    0.0
  ],
  "shap_weight_sparsity": [
    1.0,
    1.0,
    1.0,
    1.0,
    1.0,
    1.0,
    1.0,
    1.0,
    1.0,
    1.0,
    1.0,
    1.0
  ],
  "shap_weight_faithfulness": [
    0.0,
    0.0,
    0.0,
    0.0,
    0.0,
    0.0,
    0.0,
    0.0,
    0.0,
    0.0,
    0.0,
    0.0
  ],
  "shap_weight_stability": [
    0.0,
    0.0,
    0.0,
    0.0,
    0.0,
    0.0,
    0.0,
    0.0,
    0.0,
    0.0,
    0.0,
    0.0
  ],
  "val_main_loss": [
    0.1800074279308319,
    0.06337116658687592,
    1.1522700786590576,
    0.03556891903281212,
    0.10385771095752716,
    0.012825092300772667,
    0.011283010244369507,
    0.005024630110710859,
    0.003227436915040016,
    0.00839708000421524,
    0.0010461437050253153,
    0.0015122308395802975
  ]
}