{
  "total_loss": [
    33.11983236511783,
    10.025716101750731,
    7.191749200224876,
    12.18280676539455,
    14.584819570982031,
    6.784177938210113,
    6.128548086753914,
    3.5249386371246407,
    2.8982877007552554,
    14.169873966702394,
    10.861510352098517,
    7.387784907860415
  ],
  "main_loss": [
    1.0683866698703923,
    0.3234152188191989,
    0.23199692498227314,
    0.39299876937210293,
    0.470483036711812,
    0.21884945864855712,
    0.19770010369497218,
    0.11371271032840014,
    0.09349816472136549,
    0.45709765842184424,
    0.3503762353045334,
    0.23832061484323017
  ],
  "shap_loss": [
    0.7163889793945211,
    0.7692857749227967,
    0.7846807800233364,
    0.7380003913172654,
    0.7441816119743245,
    0.7888541179043906,
    0.7959669248333999,
    0.8319543280771801,
    0.8416351793067796,
    0.7472318312419313,
    0.7684424865458693,
    0.7778109290770122
  ],
  "shap_loss_normalized": [
    0.00896960373955315,
    0.001289841237199393,
    0.00125436306708642,
    0.0018958662699982856,
    0.0025553367270601613,
    0.001254268896965576,
    0.0012216052522749773,
    0.0007447989015158132,
    0.0006249188128484613,
    0.0026741824939173447,
    0.003025048286092767,
    0.0018375909868544632
  ],
  "tikhonov_loss": [
    0.0,
    0.0,
    0.0,
    0.0,
    0.0,
    0.0,
    0.0,
    0.0,
    0.0,
    0.0,
    0.0,
    0.0
  ],
  "nonnegativity_loss": [
    0.0,
    0.0,
    0.0,
    0.0,
    0.0,
    0.0,
    0.0,
    0.0,
    0.0,
    0.0,
    0.0,
    0.0
  ],
  "tikhonov_lambda": [
    0.0,
    0.0,
    0.0,
    0.0,
    0.0,
    0.0,
    0.0,
    0.0,
    0.0,
    0.0,
    0.0,
    0.0
  ],
  "nonnegativity_lambda": [
    0.0,
    0.0,
    0.0,
    0.0,
    0.0,
    0.0,
    0.0,
    0.0,
    0.0,
    0.0,
    0.0,
    0.0
  ],
  "shap_scale_factor": [
    0.019298190984455028,
    0.0017643984886399455,
    0.0016164954364073605,
    0.0026492149206367526,
    0.0038774243036072864,
    0.0016050012129557227,
    0.0015503146303411058,
    0.0008970962163154119,
    0.0007436572309555599,
    0.004063150061044115,
    0.004421114112238855,
    0.0023793815955056924
  ],
  "shap_contribution": [
    1.7939206936346086e-06,
    3.8081028070584874e-07,
    4.897989214214249e-07,
    9.208493409066218e-07,
    1.4845289695943263e-06,
    8.48124689716607e-07,
    9.423811937787312e-07,
    6.454923848764338e-07,
    6.01112385010895e-07,
    2.674182615030369e-06,
    3.0250484316850035e-06,
    1.837591074352726e-06
  ],
  "tikhonov_contribution": [
    0.0,
    0.0,
    0.0,
    0.0,
    0.0,
    0.0,
    0.0,
    0.0,
    0.0,
    0.0,
    0.0,
    0.0
  ],
  "nonnegativity_contribution": [
    0.0,
    0.0,
    0.0,
    0.0,
    0.0,
    0.0,
    0.0,
    0.0,
    0.0,
    0.0,
    0.0,
    0.0
  ],
  "regularization_share": [
    0.9590999312370866,
    0.9677403990951899,
    0.9677408171433974,
    0.9677409331784138,
    0.9677402446612963,
    0.967740609219337,
    0.9677404300998461,
    0.9677401483928884,
    0.9677396881002014,
    0.9677404308703744,
    0.967739473322565,
    0.9677409356256242
  ],
  "accuracy_guard_loss": [
    1.068381471684136,
    0.32341001641387784,
    0.2319917252254007,
    0.3929935689832616,
    0.47047783613171695,
    0.21884425509987132,
    0.19769490149337798,
    0.11370751015575868,
    0.09349296461524707,
    0.4570924567940113,
    0.3503710342504616,
    0.23831541423818894
  ],
  "accuracy_guard_contribution": [
    32.05144420399198,
    9.702300504382167,
    6.959751777350903,
    11.789807113153595,
    14.114335041493177,
    6.565327654459646,
    5.930847034390483,
    3.4112252997500554,
    2.804788935929537,
    13.712773704901338,
    10.51113102664905,
    7.149462432733604
  ],
  "adaptive_gamma": [
    0.00020000000000000006,
    0.0002952380952380953,
    0.00039047619047619055,
    0.00048571428571428556,
    0.0005809523809523809,
    0.0006761904761904762,
    0.0007714285714285716,
    0.0008666666666666667,
    0.0009619047619047622,
    0.0010000000000000005,
    0.0010000000000000005,
    0.0010000000000000005
  ],
  "convergence_slowdown": [
    0.2759140253893904,
    0.2,
    0.2,
    0.2,
    0.2,
    0.2,
    0.2,
    0.2,
    0.2,
    0.2,
    0.2,
    0.2
  ],
  "shap_consistency": [
    0.0,
    0.0,
    0.0,
    0.0,
    0.0,
    0.0,
    0.0,
    0.0,
    0.0,
    0.0,
    0.0,
    0.0
  ],
  "shap_sparsity": [
    0.7163889793945211,
    0.7692857749227967,
    0.7846807800233364,
    0.7380003913172654,
    0.7441816119743245,
    0.7888541179043906,
    0.7959669248333999,
    0.8319543280771801,
    0.8416351793067796,
    0.7472318312419313,
    0.7684424865458693,
    0.7778109290770122
  ],
  "shap_faithfulness": [
    0.0,
    0.0,
    0.0,
    0.0,
    0.0,
    0.0,
    0.0,
    0.0,
    0.0,
    0.0,
    0.0,
    0.0
  ],
  "shap_stability": [
    0.0,
    0.0,
    0.0,
    0.0,
    0.0,
    0.0,
    0.0,
    0.0,
    0.0,
    0.0,
    0.0,
    0.0
  ],
  "shap_weight_consistency": [
    0.0,
    0.0,
    0.0,
    0.0,
    0.0,
    0.0,
    0.0,
    0.0,
    0.0,
    0.0,
    0.0,
    0.0
  ],
  "shap_weight_sparsity": [
    1.0,
    1.0,
    1.0,
    1.0,
    1.0,
    1.0,
    1.0,
    1.0,
    1.0,
    1.0,
    1.0,
    1.0
  ],
  "shap_weight_faithfulness": [
    0.0,
    0.0,
    0.0,
    0.0,
    0.0,
    0.0,
    0.0,
    0.0,
    0.0,
    0.0,
    0.0,
    0.0
  ],
  "shap_weight_stability": [
    0.0,
    0.0,
    0.0,
    0.0,
    0.0,
    0.0,
    0.0,
    0.0,
    0.0,
    0.0,
    0.0,
    0.0
  ],
  "val_main_loss": [
    0.18258599936962128,
    0.18896251916885376,
    0.3555412292480469,
    0.1558845341205597,
    0.12390484660863876,
    0.29319411516189575,
    0.09949153661727905,
    0.06176828220486641,
    0.15782304108142853,
    0.761936604976654,
    0.3070773482322693,
    0.10588258504867554
  ]
}