{
  "total_loss": [
    0.8795022860117976,
    0.06870950785156944,
    0.017652449110836903,
    0.002048373536248554,
    0.000562749472172592,
    0.000383313169326779,
    6.423194096782936e-05,
    8.148223710285103e-05,
    7.512052394531565e-05,
    4.081561723978666e-05,
    2.8993927912779327e-05,
    6.630951814047745e-05,
    6.906473057759805e-05,
    8.298587890262102e-05,
    7.914978760530695e-05,
    4.672996797085359e-05,
    4.635571299006967e-05,
    4.567673961527622e-05,
    2.8062494318906568e-05,
    5.134318758288308e-05,
    4.0145396375074984e-05,
    2.669269343462994e-05,
    2.6571757607436147e-05,
    4.0924734126487495e-05,
    5.934799240695351e-05,
    3.954725493469725e-05
  ],
  "main_loss": [
    0.7995463967042724,
    0.062463082116668796,
    0.016047661787768317,
    0.001862158374426112,
    0.0005115930935346569,
    0.00034846977149121424,
    5.8394722086875716e-05,
    7.407415260526509e-05,
    6.829077117994789e-05,
    3.710454877494028e-05,
    2.6357591703377432e-05,
    6.0306238318779446e-05,
    6.279321055200983e-05,
    7.544098007526503e-05,
    7.195881365110576e-05,
    4.248113506020802e-05,
    4.214083959855738e-05,
    4.1524602226315566e-05,
    2.5515632931468906e-05,
    4.667493103381405e-05,
    3.649513491512023e-05,
    2.42654759371622e-05,
    2.4166331627384352e-05,
    3.7213986904102315e-05,
    5.3951907505376895e-05,
    3.5987679329504575e-05
  ],
  "shap_loss": [
    0.5693602013800826,
    0.5674423671194485,
    0.5745830637003694,
    0.5698850596589702,
    0.569881195468562,
    0.571101005588259,
    0.5702957239534173,
    0.5706651950521129,
    0.5692920402756759,
    0.5691194422543049,
    0.5723563773291451,
    0.5698421091905662,
    0.5704421283943313,
    0.5705586501530239,
    0.5708876406507832,
    0.5699944506798472,
    0.5706703375492778,
    0.5707479619554111,
    0.5698837057820388,
    0.5701218524149486,
    0.5712512843310833,
    0.5692142689866679,
    0.5692393811685699,
    0.5704738231641906,
    0.56978486637984,
    0.570248373917171
  ],
  "shap_loss_normalized": [
    0.006240888193349622,
    0.0005436060717199455,
    9.417834491744413e-05,
    9.468265017988284e-06,
    2.926803269076572e-06,
    1.5826501633041192e-06,
    6.358962309097446e-07,
    3.6457773282856057e-07,
    3.493178371322918e-07,
    2.102489347701107e-07,
    1.3303730967655675e-07,
    3.155582542570455e-07,
    3.5263084947294896e-07,
    4.338327848074641e-07,
    4.2209018350344453e-07,
    2.848347843301521e-07,
    3.579470407696509e-07,
    2.461606611246582e-07,
    1.827119257795979e-07,
    2.8570817711681684e-07,
    2.58098781077568e-07,
    1.699430616548219e-07,
    1.6754202482514658e-07,
    2.4496365900818417e-07,
    3.945679923741555e-07,
    2.7514019570621227e-07
  ],
  "tikhonov_loss": [
    0.0,
    0.0,
    0.0,
    0.0,
    0.0,
    0.0,
    0.0,
    0.0,
    0.0,
    0.0,
    0.0,
    0.0,
    0.0,
    0.0,
    0.0,
    0.0,
    0.0,
    0.0,
    0.0,
    0.0,
    0.0,
    0.0,
    0.0,
    0.0,
    0.0,
    0.0
  ],
  "nonnegativity_loss": [
    0.0,
    0.0,
    0.0,
    0.0,
    0.0,
    0.0,
    0.0,
    0.0,
    0.0,
    0.0,
    0.0,
    0.0,
    0.0,
    0.0,
    0.0,
    0.0,
    0.0,
    0.0,
    0.0,
    0.0,
    0.0,
    0.0,
    0.0,
    0.0,
    0.0,
    0.0
  ],
  "tikhonov_lambda": [
    0.0,
    0.0,
    0.0,
    0.0,
    0.0,
    0.0,
    0.0,
    0.0,
    0.0,
    0.0,
    0.0,
    0.0,
    0.0,
    0.0,
    0.0,
    0.0,
    0.0,
    0.0,
    0.0,
    0.0,
    0.0,
    0.0,
    0.0,
    0.0,
    0.0,
    0.0
  ],
  "nonnegativity_lambda": [
    0.0,
    0.0,
    0.0,
    0.0,
    0.0,
    0.0,
    0.0,
    0.0,
    0.0,
    0.0,
    0.0,
    0.0,
    0.0,
    0.0,
    0.0,
    0.0,
    0.0,
    0.0,
    0.0,
    0.0,
    0.0,
    0.0,
    0.0,
    0.0,
    0.0,
    0.0
  ],
  "shap_scale_factor": [
    0.01065455778663699,
    0.0009680473036302273,
    0.0001634739894900144,
    1.662267216822231e-05,
    5.118070841025115e-06,
    2.771131483043834e-06,
    1.1143796793851414e-06,
    6.39382470305791e-07,
    6.141253424495294e-07,
    3.686571044243627e-07,
    2.3289477606403233e-07,
    5.535450610535164e-07,
    6.19065040112287e-07,
    7.608997098581319e-07,
    7.400014521793089e-07,
    5.000465826918315e-07,
    6.258625908423477e-07,
    4.312992327178912e-07,
    3.213753170709018e-07,
    5.008270052315087e-07,
    4.5184712066961427e-07,
    2.9888010228508883e-07,
    2.942795510880688e-07,
    4.28868279850537e-07,
    6.950376409602017e-07,
    4.827548082674777e-07
  ],
  "shap_contribution": [
    1.2481776130860176e-06,
    1.2117064353476893e-07,
    2.601116333037342e-08,
    2.9757404635637793e-09,
    1.0313496973608981e-09,
    6.179872172032022e-10,
    2.72526953880898e-10,
    1.701362799404392e-10,
    1.7632232677890413e-10,
    1.1413513983133633e-10,
    7.728834233077956e-11,
    1.9534558398574027e-10,
    2.3172883651627936e-10,
    3.0161708968705943e-10,
    3.095328071237421e-10,
    2.197296927741732e-10,
    2.8976664929121684e-10,
    2.0865046012876912e-10,
    1.618305677956019e-10,
    2.639399394108772e-10,
    2.482664473307805e-10,
    1.6994306984717744e-10,
    1.6754203282668253e-10,
    2.4496367007026797e-10,
    3.945680128111806e-10,
    2.7514020910323385e-10
  ],
  "tikhonov_contribution": [
    0.0,
    0.0,
    0.0,
    0.0,
    0.0,
    0.0,
    0.0,
    0.0,
    0.0,
    0.0,
    0.0,
    0.0,
    0.0,
    0.0,
    0.0,
    0.0,
    0.0,
    0.0,
    0.0,
    0.0,
    0.0,
    0.0,
    0.0,
    0.0,
    0.0,
    0.0
  ],
  "nonnegativity_contribution": [
    0.0,
    0.0,
    0.0,
    0.0,
    0.0,
    0.0,
    0.0,
    0.0,
    0.0,
    0.0,
    0.0,
    0.0,
    0.0,
    0.0,
    0.0,
    0.0,
    0.0,
    0.0,
    0.0,
    0.0,
    0.0,
    0.0,
    0.0,
    0.0,
    0.0,
    0.0
  ],
  "regularization_share": [
    0.09010111923995703,
    0.09076389782515269,
    0.09022672235521013,
    0.09011357444281574,
    0.09010367305559562,
    0.09009928307202886,
    0.0900998916287528,
    0.09090269642924678,
    0.09090255013088688,
    0.09089504530946639,
    0.09088852272259598,
    0.09008534789981759,
    0.09009042284400522,
    0.09090487523938358,
    0.09009406874679647,
    0.09090083099490834,
    0.09090021957232763,
    0.09071824351105746,
    0.09070056810798154,
    0.09090075977884582,
    0.09089831618254486,
    0.09089272848674046,
    0.09061675712436427,
    0.0899723465941522,
    0.09090382649567806,
    0.08846415597420032
  ],
  "accuracy_guard_loss": [
    0.7995401761145331,
    0.06245685520324124,
    0.016041434562794166,
    0.0018559285171509796,
    0.0005053609848541132,
    0.0003422309880534158,
    5.216156699410541e-05,
    6.78385648395111e-05,
    6.205294414079228e-05,
    3.085196515988693e-05,
    2.0112571164077053e-05,
    5.410045088995373e-05,
    5.657121743800937e-05,
    6.919437447347068e-05,
    6.571187434799088e-05,
    3.623278220946499e-05,
    3.5892054023228024e-05,
    3.527709250964303e-05,
    1.9268914182849324e-05,
    4.042723578225248e-05,
    3.0246376512975204e-05,
    1.8020190450686512e-05,
    1.7918115014075348e-05,
    3.096873037731841e-05,
    4.7706458953403595e-05,
    2.9887123795495946e-05
  ],