{
  "total_loss": [
    0.501603164367432,
    0.02643144419955742,
    0.006395517951379556,
    0.0043269112293761024,
    0.0009881162614939448,
    0.00045036607441163924,
    0.0004117335304921913,
    0.0002067153651117743,
    0.0001271402119990788,
    0.00016669687829562463,
    0.00015136028571711386,
    0.00026815062910502874,
    4.74558320401489e-05,
    5.144241233015886e-05,
    6.349190672137541e-05,
    7.84896812961376e-05,
    5.9445319769630646e-05,
    2.0072714286405763e-05,
    8.038925714767433e-05,
    6.934806308273827e-05,
    8.297016673200883e-05,
    8.12745465127916e-05,
    3.408801295888354e-05,
    3.0358037918176706e-05,
    2.484753036924303e-05,
    3.84848900085087e-05
  ],
  "main_loss": [
    0.4560021680184109,
    0.024028544478935845,
    0.005814104066217851,
    0.003933556103675073,
    0.0008982917054254358,
    0.00040942255918707815,
    0.00037430204585169643,
    0.00018792221979830565,
    0.00011558124289682123,
    0.00015154176586357998,
    0.0001375994175499987,
    0.00024377223668839827,
    4.314088961824122e-05,
    4.676520853763577e-05,
    5.7719234653014997e-05,
    7.135351543346198e-05,
    5.4040482057514184e-05,
    1.824738010165155e-05,
    7.308032601421084e-05,
    6.304290188349373e-05,
    7.542653158257704e-05,
    7.388494928355678e-05,
    3.09883677646537e-05,
    2.7597575219877918e-05,
    2.2588069648626125e-05,
    3.4985577640002574e-05
  ],
  "shap_loss": [
    0.6450586420084748,
    0.6286868367876325,
    0.6232498437166214,
    0.6251365020871162,
    0.6261573029415948,
    0.6271888783999852,
    0.6278436045561518,
    0.6274725086987019,
    0.6274348108896187,
    0.6270794309675694,
    0.6265053898096085,
    0.6273258206035409,
    0.6277779404606137,
    0.6264253977153983,
    0.6275448793811458,
    0.6281129771045276,
    0.6271238092865262,
    0.627947882350002,
    0.6275339578943593,
    0.6269803350525243,
    0.627961666988475,
    0.627777426902737,
    0.6281643946255956,
    0.6268911840660232,
    0.6262141865278993,
    0.6279233247041702
  ],
  "shap_loss_normalized": [
    0.00393344909415034,
    0.00020232828014091604,
    2.5538785986814867e-05,
    1.9125252025885076e-05,
    4.511712566974373e-06,
    1.9306228671618034e-06,
    1.814681404255225e-06,
    9.052586690419925e-07,
    6.866798502512341e-07,
    8.03485604653328e-07,
    7.339737229423398e-07,
    1.0829051915501559e-06,
    5.387487867888499e-07,
    2.6391138747377294e-07,
    3.408418487132232e-07,
    4.0794466598421355e-07,
    3.585519332866787e-07,
    1.1334422137362513e-07,
    4.510716812130714e-07,
    4.0262906710251757e-07,
    5.028436790764447e-07,
    6.028586762494927e-07,
    3.08344865006051e-07,
    2.0543634476106426e-07,
    1.537944089540539e-07,
    2.54944018531132e-07
  ],
  "tikhonov_loss": [
    0.0,
    0.0,
    0.0,
    0.0,
    0.0,
    0.0,
    0.0,
    0.0,
    0.0,
    0.0,
    0.0,
    0.0,
    0.0,
    0.0,
    0.0,
    0.0,
    0.0,
    0.0,
    0.0,
    0.0,
    0.0,
    0.0,
    0.0,
    0.0,
    0.0,
    0.0
  ],
  "nonnegativity_loss": [
    0.0,
    0.0,
    0.0,
    0.0,
    0.0,
    0.0,
    0.0,
    0.0,
    0.0,
    0.0,
    0.0,
    0.0,
    0.0,
    0.0,
    0.0,
    0.0,
    0.0,
    0.0,
    0.0,
    0.0,
    0.0,
    0.0,
    0.0,
    0.0,
    0.0,
    0.0
  ],
  "tikhonov_lambda": [
    0.0,
    0.0,
    0.0,
    0.0,
    0.0,
    0.0,
    0.0,
    0.0,
    0.0,
    0.0,
    0.0,
    0.0,
    0.0,
    0.0,
    0.0,
    0.0,
    0.0,
    0.0,
    0.0,
    0.0,
    0.0,
    0.0,
    0.0,
    0.0,
    0.0,
    0.0
  ],
  "nonnegativity_lambda": [
    0.0,
    0.0,
    0.0,
    0.0,
    0.0,
    0.0,
    0.0,
    0.0,
    0.0,
    0.0,
    0.0,
    0.0,
    0.0,
    0.0,
    0.0,
    0.0,
    0.0,
    0.0,
    0.0,
    0.0,
    0.0,
    0.0,
    0.0,
    0.0,
    0.0,
    0.0
  ],
  "shap_scale_factor": [
    0.005772158260968651,
    0.0003232438537864407,
    4.096016626675558e-05,
    3.06651460120733e-05,
    7.211374749003396e-06,
    3.0791263126315974e-06,
    2.8918368111769115e-06,
    1.4425939077594125e-06,
    1.094490925951982e-06,
    1.2809283005793318e-06,
    1.171267147121532e-06,
    1.7284011658811071e-06,
    8.594970469585455e-07,
    4.2156619834588967e-07,
    5.435307876658937e-07,
    6.502512996185417e-07,
    5.718465350248243e-07,
    1.8054470581414265e-07,
    7.195791030998913e-07,
    6.418469189077969e-07,
    8.011071086638604e-07,
    9.627085708048616e-07,
    4.915089779534275e-07,
    3.279785253548376e-07,
    2.4581368852966965e-07,
    4.071017984247238e-07
  ],
  "shap_contribution": [
    7.866898031708711e-07,
    4.8173399428260866e-08,
    7.053569835356401e-09,
    6.010793507768167e-09,
    1.5898415208334286e-09,
    7.53862277166498e-10,
    7.777205957610572e-10,
    4.224540549968966e-10,
    3.466098091825917e-10,
    4.3617791211707027e-10,
    4.264037870313883e-10,
    6.703698719646394e-10,
    3.5403490741726344e-10,
    1.834812570355409e-10,
    2.499506949382327e-10,
    3.14700171056321e-10,
    2.90256323316751e-10,
    9.607271885278942e-11,
    3.9952064263528865e-10,
    3.719525721649987e-10,
    4.836877295018503e-10,
    6.028587031862789e-10,
    3.0834487759469146e-10,
    2.0543635474563693e-10,
    1.537944162522834e-10,
    2.5494403172147366e-10
  ],
  "tikhonov_contribution": [
    0.0,
    0.0,
    0.0,
    0.0,
    0.0,
    0.0,
    0.0,
    0.0,
    0.0,
    0.0,
    0.0,
    0.0,
    0.0,
    0.0,
    0.0,
    0.0,
    0.0,
    0.0,
    0.0,
    0.0,
    0.0,
    0.0,
    0.0,
    0.0,
    0.0,
    0.0
  ],
  "nonnegativity_contribution": [
    0.0,
    0.0,
    0.0,
    0.0,
    0.0,
    0.0,
    0.0,
    0.0,
    0.0,
    0.0,
    0.0,
    0.0,
    0.0,
    0.0,
    0.0,
    0.0,
    0.0,
    0.0,
    0.0,
    0.0,
    0.0,
    0.0,
    0.0,
    0.0,
    0.0,
    0.0
  ],
  "regularization_share": [
    0.09010088216055724,
    0.09075890141151818,
    0.0901212750951109,
    0.09011033324355688,
    0.09010270180193004,
    0.09090984666740835,
    0.09090998046843847,
    0.09090755538164692,
    0.09090622675030703,
    0.09090716970312651,
    0.09090598667791379,
    0.09090948739206114,
    0.0909029473676534,
    0.09089876168177409,
    0.09089884643114646,
    0.09090449374477738,
    0.09090084321191894,
    0.09088691240025741,
    0.09090447698219643,
    0.0909051116674808,
    0.09090848745526459,
    0.09091318267915074,
    0.0908976543063792,
    0.09089529219059367,
    0.0908916791352072,
    0.090894972498444
  ],
  "accuracy_guard_loss": [
    0.45599696218102637,
    0.024023343214399313,
    0.005808903551561733,
    0.003928352866816047,
    0.0008930900017471036,
    0.0004042196333427585,
    0.0003690984196314925,
    0.00018272112002445544,
    0.00011037989198265612,
    0.000146338654778739,
    0.00013239460534464342,
    0.00023856968076480762,
    3.793657219830493e-05,
    4.1560289229128754e-05,
    5.251379521504467e-05,
    6.614435922561565e-05,
    4.88372734171857e-05,
    1.3040924386586994e-05,
    6.787500760196963e-05,
    5.78390029813493e-05,
    7.022545846016978e-05,
    6.86822462410776e-05,
    2.5784158511653133e-05,
    2.239495873368469e-05,
    1.7382626745237368e-05,
    2.9780390929902622e-05
  ],