{
  "total_loss": [
    0.5873198364042764,
    0.030440758182805894,
    0.012105419074414061,
    0.003406806772805534,
    0.0003592056892947377,
    0.00016175202687561198,
    0.0001142471360903333,
    6.85115879183026e-05,
    9.432088342821641e-05,
    9.570310383618821e-05,
    7.338841054758762e-05,
    8.657179229690623e-05,
    7.236611138848405e-05
  ],
  "main_loss": [
    0.5339264808951286,
    0.02767328425172114,
    0.011004904163225351,
    0.003097108539934977,
    0.00032656739101964504,
    0.0001470536540019956,
    0.00010386863314287049,
    6.228256857606798e-05,
    8.574540059466276e-05,
    8.700193892049615e-05,
    6.675259910642646e-05,
    7.870067801312481e-05,
    6.578651874633579e-05
  ],
  "shap_loss": [
    0.6134395934641361,
    0.5899798588028976,
    0.5902739598282746,
    0.5904059420738902,
    0.5899447633751801,
    0.5900857107979911,
    0.5896483127559934,
    0.5894146726599762,
    0.5900089980236122,
    0.58986254462174,
    0.589866325791393,
    0.5902474815292018,
    0.5891394247966153
  ],
  "shap_loss_normalized": [
    0.0036268040245754918,
    0.0006051455779925163,
    9.435397354146906e-05,
    1.671411221845379e-05,
    2.7889961639207935e-06,
    1.6320557837242892e-06,
    6.092965101345271e-07,
    3.59487471536722e-07,
    5.479066508432393e-07,
    5.319652418884451e-07,
    4.6753921521615537e-07,
    5.484206618991802e-07,
    4.412152209301975e-07
  ],
  "tikhonov_loss": [
    0.0,
    0.0,
    0.0,
    0.0,
    0.0,
    0.0,
    0.0,
    0.0,
    0.0,
    0.0,
    0.0,
    0.0,
    0.0
  ],
  "nonnegativity_loss": [
    0.0,
    0.0,
    0.0,
    0.0,
    0.0,
    0.0,
    0.0,
    0.0,
    0.0,
    0.0,
    0.0,
    0.0,
    0.0
  ],
  "tikhonov_lambda": [
    0.0,
    0.0,
    0.0,
    0.0,
    0.0,
    0.0,
    0.0,
    0.0,
    0.0,
    0.0,
    0.0,
    0.0,
    0.0
  ],
  "nonnegativity_lambda": [
    0.0,
    0.0,
    0.0,
    0.0,
    0.0,
    0.0,
    0.0,
    0.0,
    0.0,
    0.0,
    0.0,
    0.0,
    0.0
  ],
  "shap_scale_factor": [
    0.005839674693134352,
    0.0010181494481728492,
    0.0001600201125583667,
    2.82885299324751e-05,
    4.726232981834142e-06,
    2.7602832400619548e-06,
    1.0332018652997114e-06,
    6.100020674926013e-07,
    9.27326596745471e-07,
    9.02267126833549e-07,
    7.929476204874394e-07,
    9.304016642296021e-07,
    7.490613607841559e-07
  ],
  "shap_contribution": [
    7.253607861695412e-07,
    1.5534367262378827e-07,
    3.324854241133173e-08,
    7.163190869828386e-09,
    1.407778938561366e-09,
    9.481467027676128e-10,
    4.003948373251401e-10,
    2.6362415189817064e-10,
    4.4354347612895236e-10,
    4.711692291286302e-10,
    4.4972819838213455e-10,
    5.484206878308179e-10,
    4.412152405583458e-10
  ],
  "tikhonov_contribution": [
    0.0,
    0.0,
    0.0,
    0.0,
    0.0,
    0.0,
    0.0,
    0.0,
    0.0,
    0.0,
    0.0,
    0.0,
    0.0
  ],
  "nonnegativity_contribution": [
    0.0,
    0.0,
    0.0,
    0.0,
    0.0,
    0.0,
    0.0,
    0.0,
    0.0,
    0.0,
    0.0,
    0.0,
    0.0
  ],
  "regularization_share": [
    0.09010045650479577,
    0.09076461242990888,
    0.09021966980235896,
    0.09010675520607205,
    0.0901037127510577,
    0.09010557141751688,
    0.09009553435896137,
    0.09090332390098851,
    0.0909072701524032,
    0.09090825638659882,
    0.08943094815170406,
    0.09090725268341014,
    0.09090683473748846
  ],
  "accuracy_guard_loss": [
    0.5339075348123775,
    0.027654345745499347,
    0.010985958992543081,
    0.003078158268440997,
    0.00030761921514762695,
    0.0001280972585634897,
    8.491507572573807e-05,
    4.332685396743078e-05,
    6.67840256564237e-05,
    6.804424055774559e-05,
    4.779441089145361e-05,
    5.975313527934694e-05,
    4.683592456444785e-05
  ],
  "accuracy_guard_contribution": [
    0.053392637301710365,
    0.0027673184754348767,
    0.0011004811764386041,
    0.0003096905794401599,
    3.2636390096334776e-05,
    1.4696926653203133e-05,
    1.0377603412540079e-05,
    6.228256993827992e-06,
    8.574540232635692e-06,
    8.700194058519628e-06,
    6.634862411861572e-06,
    7.870067919262575e-06,
    6.578652000298137e-06
  ],
  "distill_loss": [
    0.0,
    0.0,
    0.0,
    0.0,
    0.0,
    0.0,
    0.0,
    0.0,
    0.0,
    0.0,
    0.0,
    0.0,
    0.0
  ],
  "distill_contribution": [
    0.0,
    0.0,
    0.0,
    0.0,
    0.0,
    0.0,
    0.0,
    0.0,
    0.0,
    0.0,
    0.0,
    0.0,
    0.0
  ],
  "gate_entropy": [
    0.001200332771986723,
    0.001200139056891203,
    0.001200139056891203,
    0.001200139056891203,
    0.001200139056891203,
    0.001200139056891203,
    0.001200139056891203,
    0.001200139056891203,
    0.001200139056891203,
    0.001200139056891203,
    0.001200139056891203,
    0.001200139056891203,
    0.001200139056891203
  ],
  "gate_min": [
    0.9998998535530907,
    0.9998999834060669,
    0.9998999834060669,
    0.9998999834060669,
    0.9998999834060669,
    0.9998999834060669,
    0.9998999834060669,
    0.9998999834060669,
    0.9998999834060669,
    0.9998999834060669,
    0.9998999834060669,
    0.9998999834060669,
    0.9998999834060669
  ],
  "gate_max": [
    0.9999000621693475,
    0.9998999834060669,
    0.9998999834060669,
    0.9998999834060669,
    0.9998999834060669,
    0.9998999834060669,
    0.9998999834060669,
    0.9998999834060669,
    0.9998999834060669,
    0.9998999834060669,
    0.9998999834060669,
    0.9998999834060669,
    0.9998999834060669
  ],
  "gate_anchor_loss": [
    1.0006464276227485e-08,
    1.000331906197971e-08,
    1.000331906197971e-08,
    1.000331906197971e-08,
    1.000331906197971e-08,
    1.000331906197971e-08,
    1.000331906197971e-08,
    1.000331906197971e-08,
    1.000331906197971e-08,
    1.000331906197971e-08,
    1.000331906197971e-08,
    1.000331906197971e-08,
    1.000331906197971e-08
  ],
  "gate_anchor_contribution": [
    5.00323229275195e-10,
    5.001659642012157e-10,
    5.001659642012157e-10,
    5.001659642012157e-10,
    5.001659642012157e-10,
    5.001659642012157e-10,
    5.001659642012157e-10,
    5.001659642012157e-10,
    5.001659642012157e-10,
    5.001659642012157e-10,
    5.001659642012157e-10,
    5.001659642012157e-10,
    5.001659642012157e-10
  ],
  "epoch_accepted": [
    0.0,
    0.0,
    0.0,
    0.0,
    0.0,
    0.0,
    1.0,
    1.0,
    1.0,
    1.0,
    1.0,
    1.0,
    1.0
  ],
  "lr": [
    4e-05,
    2e-05,
    1e-05,
    5e-06,
    2.5e-06,
    1.25e-06,
    1.25e-06,
    1.25e-06,
    1.25e-06,
    1.25e-06,
    1.25e-06,
    1.25e-06,
    1.25e-06
  ],
  "adaptive_gamma": [
    0.00020000000000000006,
    0.00027619047619047626,
    0.00035238095238095243,
    0.0004285714285714286,
    0.0005047619047619047,
    0.0005809523809523809,
    0.0006571428571428572,
    0.0007333333333333334,
    0.0008095238095238098,
    0.000885714285714286,
    0.0009619047619047622,
    0.0010000000000000005,
    0.0010000000000000005
  ],
  "convergence_slowdown": [
    0.2759140253893904,
    0.2759140253893904,
    0.2759140253893904,
    0.2,
    0.2,
    0.2759140253893904,
    0.2,
    0.2,
    0.2,
    0.2,
    0.2,
    0.2,
    0.2
  ],
  "shap_consistency": [
    0.13540934465293372,
    0.1473559918148177,
    0.1494330009445548,
    0.14975797863943235,
    0.15022913805608237,
    0.1501432957925967,
    0.1501147212194545,
    0.14954071997531823,
    0.1500069491033043,
    0.1502098882836955,
    0.1502787276570286,
    0.15030150833938802,
    0.14941750839352608
  ],
  "shap_sparsity": [
    0.9165749581796783,
    0.9165749645658902,
    0.9165749666946275,
    0.9165749688233648,
    0.9165749709521022,
    0.9165749677589962,
    0.9165749730808395,
    0.9165749698877335,
    0.916574974145208,
    0.9165749730808395,
    0.9165749720164708,
    0.9165749688233648,
    0.916574974145208
  ],