{
  "total_loss": [
    0.6908160882271009,
    0.060983450859136416,
    0.015025120182266554,
    0.003904092615828501,
    0.0005820154151560278,
    0.0006187246320743205,
    0.0002472663110211215,
    7.134612305646572e-05,
    4.0484422348591966e-05,
    4.273167561612874e-05,
    3.1665436024143544e-05,
    5.7663158072175846e-05,
    8.867873323684503e-05,
    8.356738205098477e-05,
    6.1733978221972e-05,
    6.736821303223093e-05,
    4.261137071840234e-05,
    2.9340947987423404e-05,
    3.867411075881526e-05,
    4.603006826593108e-05,
    3.779120295023729e-05,
    6.571072162842029e-05,
    3.098128535482049e-05,
    3.901372809878012e-05,
    3.20841814657667e-05,
    4.2545003038542616e-05,
    6.761691685954117e-05
  ],
  "main_loss": [
    0.6280136486459956,
    0.055439423770963,
    0.013659189273344705,
    0.0035491780689410135,
    0.0005291098593716015,
    0.0005624754150436015,
    0.00022478656571982874,
    6.485945003272977e-05,
    3.6803476502557585e-05,
    3.884641980838361e-05,
    2.878623152875142e-05,
    5.2420448054947754e-05,
    8.061630260921706e-05,
    7.596961125955204e-05,
    5.6121116910747203e-05,
    6.124314138235474e-05,
    3.873695050872682e-05,
    2.6702648272345997e-05,
    3.521975651210596e-05,
    4.184483242803643e-05,
    3.435491903149211e-05,
    5.9743323877877886e-05,
    2.8164173029056527e-05,
    3.546633272273019e-05,
    2.91747564671953e-05,
    3.873872796183215e-05,
    6.146904320303292e-05
  ],
  "shap_loss": [
    0.6125586229775634,
    0.6203193999826908,
    0.6292826884559223,
    0.6343862951866218,
    0.6342454866639206,
    0.6339612475463322,
    0.63446487060615,
    0.6339573833559241,
    0.6335058749786445,
    0.6341546140611172,
    0.6340935081243515,
    0.6339933393257005,
    0.6334120365125793,
    0.6341926136187145,
    0.6343134758727891,
    0.6349000888211387,
    0.6337461285293102,
    0.6347464573170457,
    0.6339044235646725,
    0.6342141388782433,
    0.6349097341299057,
    0.6340620198420116,
    0.6345701824341502,
    0.6338683153901782,
    0.6345147400030068,
    0.63429134073002,
    0.634017081132957
  ],
  "shap_loss_normalized": [
    0.005375863154409696,
    0.00038462355892729,
    7.195315561148163e-05,
    1.6395461390824755e-05,
    5.399232834792299e-06,
    3.0097351384483773e-06,
    1.370618530417898e-06,
    4.888166460809933e-07,
    1.9571730141316429e-07,
    2.1060927605073436e-07,
    1.4037714933325317e-07,
    2.672560069757627e-07,
    4.5908171664166275e-07,
    4.46926318429876e-07,
    3.4112455197085214e-07,
    3.34888332049437e-07,
    2.784116037395685e-07,
    1.587831061554214e-07,
    2.2862896985133473e-07,
    2.7357668638420106e-07,
    3.037507300922877e-07,
    4.0160252697977026e-07,
    1.9516964996516402e-07,
    2.624439848933743e-07,
    2.0923191725229019e-07,
    2.755810560068588e-07,
    4.703173270519707e-07
  ],
  "tikhonov_loss": [
    0.0,
    0.0,
    0.0,
    0.0,
    0.0,
    0.0,
    0.0,
    0.0,
    0.0,
    0.0,
    0.0,
    0.0,
    0.0,
    0.0,
    0.0,
    0.0,
    0.0,
    0.0,
    0.0,
    0.0,
    0.0,
    0.0,
    0.0,
    0.0,
    0.0,
    0.0,
    0.0
  ],
  "nonnegativity_loss": [
    0.0,
    0.0,
    0.0,
    0.0,
    0.0,
    0.0,
    0.0,
    0.0,
    0.0,
    0.0,
    0.0,
    0.0,
    0.0,
    0.0,
    0.0,
    0.0,
    0.0,
    0.0,
    0.0,
    0.0,
    0.0,
    0.0,
    0.0,
    0.0,
    0.0,
    0.0,
    0.0
  ],
  "tikhonov_lambda": [
    0.0,
    0.0,
    0.0,
    0.0,
    0.0,
    0.0,
    0.0,
    0.0,
    0.0,
    0.0,
    0.0,
    0.0,
    0.0,
    0.0,
    0.0,
    0.0,
    0.0,
    0.0,
    0.0,
    0.0,
    0.0,
    0.0,
    0.0,
    0.0,
    0.0,
    0.0,
    0.0
  ],
  "nonnegativity_lambda": [
    0.0,
    0.0,
    0.0,
    0.0,
    0.0,
    0.0,
    0.0,
    0.0,
    0.0,
    0.0,
    0.0,
    0.0,
    0.0,
    0.0,
    0.0,
    0.0,
    0.0,
    0.0,
    0.0,
    0.0,
    0.0,
    0.0,
    0.0,
    0.0,
    0.0,
    0.0,
    0.0
  ],
  "shap_scale_factor": [
    0.008742574801847817,
    0.0006332478616029462,
    0.00011482105503573475,
    2.5840098635612637e-05,
    8.56357361211392e-06,
    4.752188678308382e-06,
    2.1637838364626415e-06,
    7.721350709527313e-07,
    3.091228508241733e-07,
    3.321512172321139e-07,
    2.2147375416386736e-07,
    4.215035582796287e-07,
    7.252017627487084e-07,
    7.046813243295221e-07,
    5.389043171455005e-07,
    5.283281649496407e-07,
    4.3981631331314247e-07,
    2.50250795098927e-07,
    3.609260586974081e-07,
    4.311826662862431e-07,
    4.789841870375978e-07,
    6.334801075081802e-07,
    3.07648950418485e-07,
    4.1419172895746725e-07,
    3.2991077422296424e-07,
    4.3498636580667284e-07,
    7.416580018869893e-07
  ],
  "shap_contribution": [
    1.0751726043635248e-06,
    9.15770367950129e-08,
    1.987277733642553e-08,
    5.1528593237553415e-09,
    1.902586750348759e-09,
    1.1752299324679916e-09,
    5.874079368998436e-10,
    2.2811444121288915e-10,
    9.87906322347441e-11,
    1.1433075338397404e-10,
    8.155244014818042e-11,
    1.6544419319154084e-10,
    3.0168226200896365e-10,
    3.1072021530643383e-10,
    2.5015801013003204e-10,
    2.5834242929424963e-10,
    2.2538081984790507e-10,
    1.345875818406704e-10,
    2.0249995083543304e-10,
    2.5273275201302484e-10,
    2.9217927345912397e-10,
    4.016025469766712e-10,
    1.9516965833644388e-10,
    2.6244399758560254e-10,
    2.0923192754266984e-10,
    2.755810697448775e-10,
    4.703173496737561e-10
  ],
  "tikhonov_contribution": [
    0.0,
    0.0,
    0.0,
    0.0,
    0.0,
    0.0,
    0.0,
    0.0,
    0.0,
    0.0,
    0.0,
    0.0,
    0.0,
    0.0,
    0.0,
    0.0,
    0.0,
    0.0,
    0.0,
    0.0,
    0.0,
    0.0,
    0.0,
    0.0,
    0.0,
    0.0,
    0.0
  ],
  "nonnegativity_contribution": [
    0.0,
    0.0,
    0.0,
    0.0,
    0.0,
    0.0,
    0.0,
    0.0,
    0.0,
    0.0,
    0.0,
    0.0,
    0.0,
    0.0,
    0.0,
    0.0,
    0.0,
    0.0,
    0.0,
    0.0,
    0.0,
    0.0,
    0.0,
    0.0,
    0.0,
    0.0,
    0.0
  ],
  "regularization_share": [
    0.09010059770568549,
    0.09036343246341184,
    0.09015157322615772,
    0.09011283767391756,
    0.09011527966579047,
    0.09091322864661112,
    0.0909084181397815,
    0.09090227686605476,
    0.0908974626773155,
    0.09089780522023938,
    0.09089305056952844,
    0.0908997099596762,
    0.09090571230672913,
    0.0909050297933558,
    0.09090193507499052,
    0.09090201825330609,
    0.09089996656509165,
    0.0900825837189755,
    0.09008856493524524,
    0.090901265467203,
    0.09090097300302451,
    0.09042919493091237,
    0.09089663126521448,
    0.09090014539436446,
    0.09008751224024407,
    0.08974485644755581,
    0.09090629999715742
  ],
  "accuracy_guard_loss": [
    0.6280035213546528,
    0.05542928960910233,
    0.013649054319103016,
    0.003539043896320696,
    0.0005189794766887904,
    0.0005523390080465365,
    0.00021465281609169194,
    5.471893749943645e-05,
    2.6661018401747632e-05,
    2.87033623789869e-05,
    1.86392662036334e-05,
    4.226434303892087e-05,
    7.046266778486045e-05,
    6.581797978810755e-05,
    4.5970785996425025e-05,
    5.109328617842428e-05,
    2.8581688155782103e-05,
    1.6550667936598984e-05,
    2.506641650614126e-05,
    3.169267228031458e-05,
    2.4205076004234017e-05,
    4.959093555661249e-05,
    1.8009692597940686e-05,
    2.5312371864824206e-05,
    1.9026064649096952e-05,
    2.86015381902871e-05,
    5.1311042670119734e-05
  ],