{
  "manifest": "/home/lebedeffson/Code/bonner-shap-reconstruction/results/ablation/ablation_manifest_config_sml2010_ea_minimal_neg_core_v2_s1.json",
  "rows": [
    {
      "variant": "full_rho1",
      "n_seeds": 1,
      "r2_final_mean": 0.8860768933453859,
      "r2_final_std": 0.0,
      "r2_vanilla_mean": 0.958045274677095,
      "r2_shap_raw_mean": 0.8860768933453859,
      "delta_r2_mean": -0.07196838133170913,
      "wins": 0,
      "losses": 1,
      "fallback_rate": 0.0,
      "shap_rate": 1.0,
      "auc_top": NaN,
      "auc_random": NaN,
      "auc_bottom": NaN,
      "auc_gap": NaN,
      "auc_top_random_ratio": NaN,
      "n_eff_shap": 10.235528295485155,
      "mass3_shap": 0.4254987495228406,
      "entropy_shap": 2.5346485653644106,
      "gini_shap": 0.49551528796926125
    },
    {
      "variant": "random_target",
      "n_seeds": 1,
      "r2_final_mean": 0.9031744286919235,
      "r2_final_std": 0.0,
      "r2_vanilla_mean": 0.958045274677095,
      "r2_shap_raw_mean": 0.9031744286919235,
      "delta_r2_mean": -0.054870845985171446,
      "wins": 0,
      "losses": 1,
      "fallback_rate": 0.0,
      "shap_rate": 1.0,
      "auc_top": NaN,
      "auc_random": NaN,
      "auc_bottom": NaN,
      "auc_gap": NaN,
      "auc_top_random_ratio": NaN,
      "n_eff_shap": 10.251782371627174,
      "mass3_shap": 0.424589702186224,
      "entropy_shap": 2.535103431424772,
      "gini_shap": 0.4951452413855686
    },
    {
      "variant": "shuffled_q_err",
      "n_seeds": 1,
      "r2_final_mean": 0.8769574478744,
      "r2_final_std": 0.0,
      "r2_vanilla_mean": 0.958045274677095,
      "r2_shap_raw_mean": 0.8769574478744,
      "delta_r2_mean": -0.081087826802695,
      "wins": 0,
      "losses": 1,
      "fallback_rate": 0.0,
      "shap_rate": 1.0,
      "auc_top": NaN,
      "auc_random": NaN,
      "auc_bottom": NaN,
      "auc_gap": NaN,
      "auc_top_random_ratio": NaN,
      "n_eff_shap": 10.230817342805771,
      "mass3_shap": 0.4258039830820507,
      "entropy_shap": 2.5344803401834013,
      "gini_shap": 0.49559070682788064
    },
    {
      "variant": "uniform_target",
      "n_seeds": 1,
      "r2_final_mean": 0.8786173197191139,
      "r2_final_std": 0.0,
      "r2_vanilla_mean": 0.958045274677095,
      "r2_shap_raw_mean": 0.8786173197191139,
      "delta_r2_mean": -0.07942795495798105,
      "wins": 0,
      "losses": 1,
      "fallback_rate": 0.0,
      "shap_rate": 1.0,
      "auc_top": NaN,
      "auc_random": NaN,
      "auc_bottom": NaN,
      "auc_gap": NaN,
      "auc_top_random_ratio": NaN,
      "n_eff_shap": 10.231502230423322,
      "mass3_shap": 0.42575637616613915,
      "entropy_shap": 2.534549277374799,
      "gini_shap": 0.49557256446208053
    },
    {
      "variant": "anti_q_err",
      "n_seeds": 1,
      "r2_final_mean": 0.8859949558581957,
      "r2_final_std": 0.0,
      "r2_vanilla_mean": 0.958045274677095,
      "r2_shap_raw_mean": 0.8859949558581957,
      "delta_r2_mean": -0.07205031881889934,
      "wins": 0,
      "losses": 1,
      "fallback_rate": 0.0,
      "shap_rate": 1.0,
      "auc_top": NaN,
      "auc_random": NaN,
      "auc_bottom": NaN,
      "auc_gap": NaN,
      "auc_top_random_ratio": NaN,
      "n_eff_shap": 10.23560262473748,
      "mass3_shap": 0.4254899420830779,
      "entropy_shap": 2.5346489500635943,
      "gini_shap": 0.49551486114026577
    },
    {
      "variant": "sparsity_only",
      "n_seeds": 1,
      "r2_final_mean": 0.9101964167331085,
      "r2_final_std": 0.0,
      "r2_vanilla_mean": 0.958045274677095,
      "r2_shap_raw_mean": 0.9101964167331085,
      "delta_r2_mean": -0.04784885794398652,
      "wins": 0,
      "losses": 1,
      "fallback_rate": 0.0,
      "shap_rate": 1.0,
      "auc_top": NaN,
      "auc_random": NaN,
      "auc_bottom": NaN,
      "auc_gap": NaN,
      "auc_top_random_ratio": NaN,
      "n_eff_shap": 10.205115033201887,
      "mass3_shap": 0.42687435792246053,
      "entropy_shap": 2.5330577207241705,
      "gini_shap": 0.49624936683007137
    },
    {
      "variant": "task_only",
      "n_seeds": 1,
      "r2_final_mean": 0.8888782066659727,
      "r2_final_std": 0.0,
      "r2_vanilla_mean": 0.958045274677095,
      "r2_shap_raw_mean": 0.8888782066659727,
      "delta_r2_mean": -0.06916706801112227,
      "wins": 0,
      "losses": 1,
      "fallback_rate": 0.0,
      "shap_rate": 1.0,
      "auc_top": NaN,
      "auc_random": NaN,
      "auc_bottom": NaN,
      "auc_gap": NaN,
      "auc_top_random_ratio": NaN,
      "n_eff_shap": 10.237968325370703,
      "mass3_shap": 0.4253542691120162,
      "entropy_shap": 2.5347130329125305,
      "gini_shap": 0.4954662581634197
    }
  ]
}