{
  "manifest": "/home/lebedeffson/Code/bonner-shap-reconstruction/results/ablation/ablation_manifest_config_sml2010_ea_minimal_sml_ablation.json",
  "rows": [
    {
      "variant": "full",
      "n_seeds": 5,
      "r2_final_mean": 0.9490674164749237,
      "r2_final_std": 0.007003268707412952,
      "r2_vanilla_mean": 0.9490582370313858,
      "r2_shap_raw_mean": 0.9490674164749237,
      "delta_r2_mean": 9.179443537932208e-06,
      "wins": 5,
      "losses": 0,
      "fallback_rate": 0.0,
      "shap_rate": 1.0,
      "auc_top": 0.39691775388648126,
      "auc_random": 0.22320913626091682,
      "auc_bottom": 0.015364832305249366,
      "auc_gap": 0.3815529215812319,
      "auc_top_random_ratio": NaN,
      "n_eff_shap": 6.501686060654601,
      "mass3_shap": 0.6236068064119674,
      "entropy_shap": 2.1272333082389547,
      "gini_shap": 0.6293849807410874
    },
    {
      "variant": "no_ema",
      "n_seeds": 5,
      "r2_final_mean": 0.9490674164749237,
      "r2_final_std": 0.007003268707412952,
      "r2_vanilla_mean": 0.9490582370313858,
      "r2_shap_raw_mean": 0.9490674164749237,
      "delta_r2_mean": 9.179443537932208e-06,
      "wins": 5,
      "losses": 0,
      "fallback_rate": 0.0,
      "shap_rate": 1.0,
      "auc_top": 0.39691775388648126,
      "auc_random": 0.22320913626091682,
      "auc_bottom": 0.015364832305249366,
      "auc_gap": 0.3815529215812319,
      "auc_top_random_ratio": NaN,
      "n_eff_shap": 6.501686060654601,
      "mass3_shap": 0.6236068064119674,
      "entropy_shap": 2.1272333082389547,
      "gini_shap": 0.6293849807410874
    },
    {
      "variant": "no_warmup",
      "n_seeds": 5,
      "r2_final_mean": 0.9490674164749237,
      "r2_final_std": 0.007003268707412952,
      "r2_vanilla_mean": 0.9490582370313858,
      "r2_shap_raw_mean": 0.9490674164749237,
      "delta_r2_mean": 9.179443537932208e-06,
      "wins": 5,
      "losses": 0,
      "fallback_rate": 0.0,
      "shap_rate": 1.0,
      "auc_top": 0.39691775388648126,
      "auc_random": 0.22320913626091682,
      "auc_bottom": 0.015364832305249366,
      "auc_gap": 0.3815529215812319,
      "auc_top_random_ratio": NaN,
      "n_eff_shap": 6.501686060654601,
      "mass3_shap": 0.6236068064119674,
      "entropy_shap": 2.1272333082389547,
      "gini_shap": 0.6293849807410874
    },
    {
      "variant": "no_grad_balance",
      "n_seeds": 5,
      "r2_final_mean": 0.9490674164749237,
      "r2_final_std": 0.007003268707412952,
      "r2_vanilla_mean": 0.9490582370313858,
      "r2_shap_raw_mean": 0.9490674164749237,
      "delta_r2_mean": 9.179443537932208e-06,
      "wins": 5,
      "losses": 0,
      "fallback_rate": 0.0,
      "shap_rate": 1.0,
      "auc_top": 0.39691775388648126,
      "auc_random": 0.22320913626091682,
      "auc_bottom": 0.015364832305249366,
      "auc_gap": 0.3815529215812319,
      "auc_top_random_ratio": NaN,
      "n_eff_shap": 6.501686060654601,
      "mass3_shap": 0.6236068064119674,
      "entropy_shap": 2.1272333082389547,
      "gini_shap": 0.6293849807410874
    },
    {
      "variant": "train_target",
      "n_seeds": 5,
      "r2_final_mean": 0.9490674164749237,
      "r2_final_std": 0.007003268707412952,
      "r2_vanilla_mean": 0.9490582370313858,
      "r2_shap_raw_mean": 0.9490674164749237,
      "delta_r2_mean": 9.179443537932208e-06,
      "wins": 5,
      "losses": 0,
      "fallback_rate": 0.0,
      "shap_rate": 1.0,
      "auc_top": 0.39691775388648126,
      "auc_random": 0.22320913626091682,
      "auc_bottom": 0.015364832305249366,
      "auc_gap": 0.3815529215812319,
      "auc_top_random_ratio": NaN,
      "n_eff_shap": 6.501686060654601,
      "mass3_shap": 0.6236068064119674,
      "entropy_shap": 2.1272333082389547,
      "gini_shap": 0.6293849807410874
    },
    {
      "variant": "val_target",
      "n_seeds": 5,
      "r2_final_mean": 0.9490674164749237,
      "r2_final_std": 0.007003268707412952,
      "r2_vanilla_mean": 0.9490582370313858,
      "r2_shap_raw_mean": 0.9490674164749237,
      "delta_r2_mean": 9.179443537932208e-06,
      "wins": 5,
      "losses": 0,
      "fallback_rate": 0.0,
      "shap_rate": 1.0,
      "auc_top": 0.39691775388648126,
      "auc_random": 0.22320913626091682,
      "auc_bottom": 0.015364832305249366,
      "auc_gap": 0.3815529215812319,
      "auc_top_random_ratio": NaN,
      "n_eff_shap": 6.501686060654601,
      "mass3_shap": 0.6236068064119674,
      "entropy_shap": 2.1272333082389547,
      "gini_shap": 0.6293849807410874
    },
    {
      "variant": "mask_mean",
      "n_seeds": 5,
      "r2_final_mean": 0.9490674164749237,
      "r2_final_std": 0.007003268707412952,
      "r2_vanilla_mean": 0.9490582370313858,
      "r2_shap_raw_mean": 0.9490674164749237,
      "delta_r2_mean": 9.179443537932208e-06,
      "wins": 5,
      "losses": 0,
      "fallback_rate": 0.0,
      "shap_rate": 1.0,
      "auc_top": 0.39691775388648126,
      "auc_random": 0.22320913626091682,
      "auc_bottom": 0.015364832305249366,
      "auc_gap": 0.3815529215812319,
      "auc_top_random_ratio": NaN,
      "n_eff_shap": 6.501686060654601,
      "mass3_shap": 0.6236068064119674,
      "entropy_shap": 2.1272333082389547,
      "gini_shap": 0.6293849807410874
    },
    {
      "variant": "mask_noise",
      "n_seeds": 5,
      "r2_final_mean": 0.9490674164749237,
      "r2_final_std": 0.007003268707412952,
      "r2_vanilla_mean": 0.9490582370313858,
      "r2_shap_raw_mean": 0.9490674164749237,
      "delta_r2_mean": 9.179443537932208e-06,
      "wins": 5,
      "losses": 0,
      "fallback_rate": 0.0,
      "shap_rate": 1.0,
      "auc_top": 0.39691775388648126,
      "auc_random": 0.22320913626091682,
      "auc_bottom": 0.015364832305249366,
      "auc_gap": 0.3815529215812319,
      "auc_top_random_ratio": NaN,
      "n_eff_shap": 6.501686060654601,
      "mass3_shap": 0.6236068064119674,
      "entropy_shap": 2.1272333082389547,
      "gini_shap": 0.6293849807410874
    },
    {
      "variant": "no_fallback",
      "n_seeds": 5,
      "r2_final_mean": 0.9490582370313858,
      "r2_final_std": 0.007013622309327205,
      "r2_vanilla_mean": 0.9490582370313858,
      "r2_shap_raw_mean": 0.9218103566315996,
      "delta_r2_mean": -0.02724788039978616,
      "wins": 0,
      "losses": 5,
      "fallback_rate": 1.0,
      "shap_rate": 0.0,
      "auc_top": 0.1114179870703083,
      "auc_random": 0.22320913626091682,
      "auc_bottom": 0.5574932210149711,
      "auc_gap": -0.44607523394466286,
      "auc_top_random_ratio": NaN,
      "n_eff_shap": 6.524118977236829,
      "mass3_shap": 0.6236251326990793,
      "entropy_shap": 2.13134387946009,
      "gini_shap": 0.6265895316536774
    },
    {
      "variant": "no_feature_gates",
      "n_seeds": 5,
      "r2_final_mean": 0.9490582473317886,
      "r2_final_std": 0.007013627393574417,
      "r2_vanilla_mean": 0.9490582370313858,
      "r2_shap_raw_mean": 0.9490582467495636,
      "delta_r2_mean": 9.718177995665655e-09,
      "wins": 3,
      "losses": 2,
      "fallback_rate": 0.4,
      "shap_rate": 0.6,
      "auc_top": 0.2926819421072423,
      "auc_random": 0.22320913626091682,
      "auc_bottom": 0.25057553993503345,
      "auc_gap": 0.042106402172208846,
      "auc_top_random_ratio": NaN,
      "n_eff_shap": 6.501605967790451,
      "mass3_shap": 0.6236085304080708,
      "entropy_shap": 2.127230666688789,
      "gini_shap": 0.6293880910816589
    }
  ]
}