{
  "manifest": "/home/lebedeffson/Code/bonner-shap-reconstruction/results/ablation_neg_sentinel_core1b/ablation_manifest_config_sml2010_ea_minimal_sml_neg_sentinel_core1b.json",
  "rows": [
    {
      "variant": "full",
      "n_seeds": 1,
      "r2_final_mean": 0.7840446593397604,
      "r2_final_std": 0.0,
      "r2_vanilla_mean": 0.9463535117983867,
      "r2_shap_raw_mean": 0.7840446593397604,
      "delta_r2_mean": -0.16230885245862625,
      "wins": 0,
      "losses": 1,
      "fallback_rate": 0.0,
      "shap_rate": 1.0,
      "auc_top": 0.5109042805787283,
      "auc_random": 0.24442579675910991,
      "auc_bottom": 0.02354957963601123,
      "auc_gap": 0.48735470094271705,
      "auc_top_random_ratio": NaN,
      "n_eff_shap": 4.863730470776527,
      "mass3_shap": 0.6366233747408291,
      "entropy_shap": 2.1040688665959437,
      "gini_shap": 0.6503504535120241
    },
    {
      "variant": "random_target",
      "n_seeds": 1,
      "r2_final_mean": 0.78398665414611,
      "r2_final_std": 0.0,
      "r2_vanilla_mean": 0.9463535117983867,
      "r2_shap_raw_mean": 0.78398665414611,
      "delta_r2_mean": -0.16236685765227665,
      "wins": 0,
      "losses": 1,
      "fallback_rate": 0.0,
      "shap_rate": 1.0,
      "auc_top": 0.5106563577786289,
      "auc_random": 0.24426951556023227,
      "auc_bottom": 0.0235321093016978,
      "auc_gap": 0.48712424847693114,
      "auc_top_random_ratio": NaN,
      "n_eff_shap": 4.863745168363558,
      "mass3_shap": 0.6366204039774936,
      "entropy_shap": 2.104065854475818,
      "gini_shap": 0.6503510594751378
    },
    {
      "variant": "shuffled_q_err",
      "n_seeds": 1,
      "r2_final_mean": 0.785772043406588,
      "r2_final_std": 0.0,
      "r2_vanilla_mean": 0.9463535117983867,
      "r2_shap_raw_mean": 0.785772043406588,
      "delta_r2_mean": -0.16058146839179865,
      "wins": 0,
      "losses": 1,
      "fallback_rate": 0.0,
      "shap_rate": 1.0,
      "auc_top": 0.5144229118279213,
      "auc_random": 0.2466918275174379,
      "auc_bottom": 0.023832065135991343,
      "auc_gap": 0.49059084669193,
      "auc_top_random_ratio": NaN,
      "n_eff_shap": 4.864138600884264,
      "mass3_shap": 0.6366442394079588,
      "entropy_shap": 2.104165574604693,
      "gini_shap": 0.6503329217791081
    },
    {
      "variant": "sparsity_only",
      "n_seeds": 1,
      "r2_final_mean": 0.7857939153009518,
      "r2_final_std": 0.0,
      "r2_vanilla_mean": 0.9463535117983867,
      "r2_shap_raw_mean": 0.7857939153009518,
      "delta_r2_mean": -0.1605595964974349,
      "wins": 0,
      "losses": 1,
      "fallback_rate": 0.0,
      "shap_rate": 1.0,
      "auc_top": 0.5148465835473814,
      "auc_random": 0.2469461424984388,
      "auc_bottom": 0.023882880141911755,
      "auc_gap": 0.4909637034054697,
      "auc_top_random_ratio": NaN,
      "n_eff_shap": 4.864120981059223,
      "mass3_shap": 0.6366639246836778,
      "entropy_shap": 2.104125098391571,
      "gini_shap": 0.6503547504849894
    },
    {
      "variant": "task_only",
      "n_seeds": 1,
      "r2_final_mean": 0.7845632360458973,
      "r2_final_std": 0.0,
      "r2_vanilla_mean": 0.9463535117983867,
      "r2_shap_raw_mean": 0.7845632360458973,
      "delta_r2_mean": -0.1617902757524894,
      "wins": 0,
      "losses": 1,
      "fallback_rate": 0.0,
      "shap_rate": 1.0,
      "auc_top": 0.512062130730925,
      "auc_random": 0.24518148657864033,
      "auc_bottom": 0.02361871155528661,
      "auc_gap": 0.4884434191756384,
      "auc_top_random_ratio": NaN,
      "n_eff_shap": 4.864003323074396,
      "mass3_shap": 0.6366148214238021,
      "entropy_shap": 2.104159405277686,
      "gini_shap": 0.65031938932264
    },
    {
      "variant": "frozen_q_err",
      "n_seeds": 1,
      "r2_final_mean": 0.7840979515218093,
      "r2_final_std": 0.0,
      "r2_vanilla_mean": 0.9463535117983867,
      "r2_shap_raw_mean": 0.7840979515218093,
      "delta_r2_mean": -0.1622555602765774,
      "wins": 0,
      "losses": 1,
      "fallback_rate": 0.0,
      "shap_rate": 1.0,
      "auc_top": 0.5111178552578792,
      "auc_random": 0.24456389300602127,
      "auc_bottom": 0.02356025916822091,
      "auc_gap": 0.4875575960896583,
      "auc_top_random_ratio": NaN,
      "n_eff_shap": 4.863769267490895,
      "mass3_shap": 0.6366224720417787,
      "entropy_shap": 2.1040852792877485,
      "gini_shap": 0.6503446798746353
    },
    {
      "variant": "no_positive_clipping",
      "n_seeds": 1,
      "r2_final_mean": 0.784012126746788,
      "r2_final_std": 0.0,
      "r2_vanilla_mean": 0.9463535117983867,
      "r2_shap_raw_mean": 0.784012126746788,
      "delta_r2_mean": -0.16234138505159867,
      "wins": 0,
      "losses": 1,
      "fallback_rate": 0.0,
      "shap_rate": 1.0,
      "auc_top": 0.5106901897825935,
      "auc_random": 0.24428834971235885,
      "auc_bottom": 0.02353807007540354,
      "auc_gap": 0.48715211970718997,
      "auc_top_random_ratio": NaN,
      "n_eff_shap": 4.8636783430832216,
      "mass3_shap": 0.6366240197180717,
      "entropy_shap": 2.104052496971907,
      "gini_shap": 0.6503556383428386
    }
  ]
}