{
  "manifest": "/home/lebedeffson/Code/bonner-shap-reconstruction/results/ablation/ablation_manifest_config_sml2010_ea_minimal_gamma_sweep_v2_fast3_final.json",
  "rows": [
    {
      "variant": "task_only",
      "n_seeds": 3,
      "r2_final_mean": 0.9224964546112532,
      "r2_final_std": 0.009351144135967084,
      "r2_vanilla_mean": 0.9526149122406989,
      "r2_shap_raw_mean": 0.9224964546112532,
      "delta_r2_mean": -0.0301184576294458,
      "wins": 0,
      "losses": 3,
      "fallback_rate": 0.0,
      "shap_rate": 1.0,
      "auc_top": 0.31652954960613516,
      "auc_random": 0.19902488088194825,
      "auc_bottom": 0.013487314806392684,
      "auc_gap": 0.3030422347997425,
      "auc_top_random_ratio": 1.512383013135934,
      "n_eff_shap": 5.913882071337837,
      "mass3_shap": 0.6502074714985553,
      "entropy_shap": 2.049292849888111,
      "gini_shap": 0.6455339949437701
    },
    {
      "variant": "gamma_x03_rho1",
      "n_seeds": 3,
      "r2_final_mean": 0.9224979613662696,
      "r2_final_std": 0.009349269196217895,
      "r2_vanilla_mean": 0.9526149122406989,
      "r2_shap_raw_mean": 0.9224979613662696,
      "delta_r2_mean": -0.030116950874429338,
      "wins": 0,
      "losses": 3,
      "fallback_rate": 0.0,
      "shap_rate": 1.0,
      "auc_top": 0.31652977232519675,
      "auc_random": 0.19902467517803615,
      "auc_bottom": 0.01348708594847873,
      "auc_gap": 0.303042686376718,
      "auc_top_random_ratio": 1.5123854696162844,
      "n_eff_shap": 5.913883628518705,
      "mass3_shap": 0.6502073368811491,
      "entropy_shap": 2.0492933096581294,
      "gini_shap": 0.6455338135756062
    },
    {
      "variant": "gamma_x10_rho1",
      "n_seeds": 3,
      "r2_final_mean": 0.9224979613662696,
      "r2_final_std": 0.009349269196217895,
      "r2_vanilla_mean": 0.9526149122406989,
      "r2_shap_raw_mean": 0.9224979613662696,
      "delta_r2_mean": -0.030116950874429338,
      "wins": 0,
      "losses": 3,
      "fallback_rate": 0.0,
      "shap_rate": 1.0,
      "auc_top": 0.31652977232519675,
      "auc_random": 0.19902467517803615,
      "auc_bottom": 0.01348708594847873,
      "auc_gap": 0.303042686376718,
      "auc_top_random_ratio": 1.5123854696162844,
      "n_eff_shap": 5.913883628518705,
      "mass3_shap": 0.6502073368811491,
      "entropy_shap": 2.0492933096581294,
      "gini_shap": 0.6455338135756062
    },
    {
      "variant": "gamma_x30_rho1",
      "n_seeds": 3,
      "r2_final_mean": 0.9224979613662696,
      "r2_final_std": 0.009349269196217895,
      "r2_vanilla_mean": 0.9526149122406989,
      "r2_shap_raw_mean": 0.9224979613662696,
      "delta_r2_mean": -0.030116950874429338,
      "wins": 0,
      "losses": 3,
      "fallback_rate": 0.0,
      "shap_rate": 1.0,
      "auc_top": 0.31652977232519675,
      "auc_random": 0.19902467517803615,
      "auc_bottom": 0.01348708594847873,
      "auc_gap": 0.303042686376718,
      "auc_top_random_ratio": 1.5123854696162844,
      "n_eff_shap": 5.913883628518705,
      "mass3_shap": 0.6502073368811491,
      "entropy_shap": 2.0492933096581294,
      "gini_shap": 0.6455338135756062
    },
    {
      "variant": "gamma_x100_rho1",
      "n_seeds": 3,
      "r2_final_mean": 0.9224979613662696,
      "r2_final_std": 0.009349269196217895,
      "r2_vanilla_mean": 0.9526149122406989,
      "r2_shap_raw_mean": 0.9224979613662696,
      "delta_r2_mean": -0.030116950874429338,
      "wins": 0,
      "losses": 3,
      "fallback_rate": 0.0,
      "shap_rate": 1.0,
      "auc_top": 0.31652977232519675,
      "auc_random": 0.19902467517803615,
      "auc_bottom": 0.01348708594847873,
      "auc_gap": 0.303042686376718,
      "auc_top_random_ratio": 1.5123854696162844,
      "n_eff_shap": 5.913883628518705,
      "mass3_shap": 0.6502073368811491,
      "entropy_shap": 2.0492933096581294,
      "gini_shap": 0.6455338135756062
    }
  ]
}