{
  "manifest": "/home/lebedeffson/Code/bonner-shap-reconstruction/results/ablation_strong_sentinel1/ablation_manifest_config_sml2010_ea_minimal_sml_strong_sentinel1.json",
  "rows": [
    {
      "variant": "full_strong",
      "n_seeds": 1,
      "r2_final_mean": 0.8454610791790643,
      "r2_final_std": 0.0,
      "r2_vanilla_mean": 0.9449178478056306,
      "r2_shap_raw_mean": 0.8454610791790643,
      "delta_r2_mean": -0.09945676862656627,
      "wins": 0,
      "losses": 1,
      "fallback_rate": 0.0,
      "shap_rate": 1.0,
      "auc_top": 0.5914868631477361,
      "auc_random": 0.19543499087178873,
      "auc_bottom": 0.01864904534852485,
      "auc_gap": 0.5728378177992113,
      "auc_top_random_ratio": 3.0265146507604817,
      "n_eff_shap": 6.625243754031151,
      "mass3_shap": 0.5310912676901622,
      "entropy_shap": 2.317468370948638,
      "gini_shap": 0.5819404561359758
    },
    {
      "variant": "random_target_strong",
      "n_seeds": 1,
      "r2_final_mean": 0.8681561938316835,
      "r2_final_std": 0.0,
      "r2_vanilla_mean": 0.9449178478056306,
      "r2_shap_raw_mean": 0.8681561938316835,
      "delta_r2_mean": -0.07676165397394707,
      "wins": 0,
      "losses": 1,
      "fallback_rate": 0.0,
      "shap_rate": 1.0,
      "auc_top": 0.5518842549049339,
      "auc_random": 0.17995996335868653,
      "auc_bottom": 0.016221071463007775,
      "auc_gap": 0.5356631834419261,
      "auc_top_random_ratio": 3.0667057527783617,
      "n_eff_shap": 6.593906615708006,
      "mass3_shap": 0.5318503580080931,
      "entropy_shap": 2.3148764274096303,
      "gini_shap": 0.5826233908324909
    },
    {
      "variant": "anti_q_err_strong",
      "n_seeds": 1,
      "r2_final_mean": 0.8890000914585018,
      "r2_final_std": 0.0,
      "r2_vanilla_mean": 0.9449178478056306,
      "r2_shap_raw_mean": 0.8890000914585018,
      "delta_r2_mean": -0.05591775634712881,
      "wins": 0,
      "losses": 1,
      "fallback_rate": 0.0,
      "shap_rate": 1.0,
      "auc_top": 0.5947339630647548,
      "auc_random": 0.19626596451616934,
      "auc_bottom": 0.021147453885646428,
      "auc_gap": 0.5735865091791084,
      "auc_top_random_ratio": 3.0302450275973727,
      "n_eff_shap": 6.707555657848303,
      "mass3_shap": 0.5293531238073045,
      "entropy_shap": 2.3217621449747416,
      "gini_shap": 0.581176319635144
    }
  ]
}