{
  "manifest": "/home/lebedeffson/Code/bonner-shap-reconstruction/results/ablation_nonfast/ablation_manifest_config_sml2010_ea_minimal_sml_ablation_nf3.json",
  "rows": [
    {
      "variant": "full",
      "n_seeds": 3,
      "r2_final_mean": 0.9505974885153554,
      "r2_final_std": 0.010862187596428216,
      "r2_vanilla_mean": 0.9505972024975712,
      "r2_shap_raw_mean": 0.9504828496851184,
      "delta_r2_mean": -0.00011435281245268196,
      "wins": 1,
      "losses": 2,
      "fallback_rate": 0.6666666666666666,
      "shap_rate": 0.3333333333333333,
      "auc_top": 0.2562685802797849,
      "auc_random": 0.22803170640837275,
      "auc_bottom": 0.33220667949111277,
      "auc_gap": -0.07593809921132788,
      "auc_top_random_ratio": NaN,
      "n_eff_shap": 2.9011333193765143,
      "mass3_shap": 0.8220155977102941,
      "entropy_shap": 1.369283740163465,
      "gini_shap": 0.79777447352325
    },
    {
      "variant": "no_ema",
      "n_seeds": 3,
      "r2_final_mean": 0.9505974885153554,
      "r2_final_std": 0.010862187596428216,
      "r2_vanilla_mean": 0.9505972024975712,
      "r2_shap_raw_mean": 0.950482852049824,
      "delta_r2_mean": -0.00011435044774702845,
      "wins": 1,
      "losses": 2,
      "fallback_rate": 0.6666666666666666,
      "shap_rate": 0.3333333333333333,
      "auc_top": 0.2562685802797849,
      "auc_random": 0.22803170640837275,
      "auc_bottom": 0.33220667949111277,
      "auc_gap": -0.07593809921132788,
      "auc_top_random_ratio": NaN,
      "n_eff_shap": 2.9011333200773426,
      "mass3_shap": 0.8220155974765685,
      "entropy_shap": 1.3692837412226853,
      "gini_shap": 0.7977744735168789
    },
    {
      "variant": "no_warmup",
      "n_seeds": 3,
      "r2_final_mean": 0.9505974885153554,
      "r2_final_std": 0.010862187596428216,
      "r2_vanilla_mean": 0.9505972024975712,
      "r2_shap_raw_mean": 0.950482850790754,
      "delta_r2_mean": -0.00011435170681702485,
      "wins": 1,
      "losses": 2,
      "fallback_rate": 0.6666666666666666,
      "shap_rate": 0.3333333333333333,
      "auc_top": 0.2562685802797849,
      "auc_random": 0.22803170640837275,
      "auc_bottom": 0.33220667949111277,
      "auc_gap": -0.07593809921132788,
      "auc_top_random_ratio": NaN,
      "n_eff_shap": 2.9011333146192286,
      "mass3_shap": 0.8220155976447897,
      "entropy_shap": 1.369283736633357,
      "gini_shap": 0.7977744738416571
    },
    {
      "variant": "no_grad_balance",
      "n_seeds": 3,
      "r2_final_mean": 0.9505974885153554,
      "r2_final_std": 0.010862187596428216,
      "r2_vanilla_mean": 0.9505972024975712,
      "r2_shap_raw_mean": 0.950482855656892,
      "delta_r2_mean": -0.00011434684067916183,
      "wins": 1,
      "losses": 2,
      "fallback_rate": 0.6666666666666666,
      "shap_rate": 0.3333333333333333,
      "auc_top": 0.2562685802797849,
      "auc_random": 0.22803170640837275,
      "auc_bottom": 0.33220667949111277,
      "auc_gap": -0.07593809921132788,
      "auc_top_random_ratio": NaN,
      "n_eff_shap": 2.901133314578413,
      "mass3_shap": 0.8220155976549517,
      "entropy_shap": 1.3692837360656025,
      "gini_shap": 0.7977744737711564
    },
    {
      "variant": "no_fallback",
      "n_seeds": 3,
      "r2_final_mean": 0.9505972024975712,
      "r2_final_std": 0.010861949337568866,
      "r2_vanilla_mean": 0.9505972024975712,
      "r2_shap_raw_mean": 0.8950340555620401,
      "delta_r2_mean": -0.05556314693553103,
      "wins": 0,
      "losses": 3,
      "fallback_rate": 1.0,
      "shap_rate": 0.0,
      "auc_top": 0.09120817297142025,
      "auc_random": 0.22803170640837275,
      "auc_bottom": 0.569074670688868,
      "auc_gap": -0.47786649771744766,
      "auc_top_random_ratio": NaN,
      "n_eff_shap": 2.9017510680014804,
      "mass3_shap": 0.8203467115581868,
      "entropy_shap": 1.3737393216196272,
      "gini_shap": 0.7962555710104618
    }
  ]
}