{
  "manifest": "/home/lebedeffson/Code/bonner-shap-reconstruction/results/ablation_neg_mid3_core/ablation_manifest_config_sml2010_ea_minimal_sml_neg_mid3_core.json",
  "rows": [
    {
      "variant": "full",
      "n_seeds": 3,
      "r2_final_mean": -19.563861033299705,
      "r2_final_std": 35.34574348438241,
      "r2_vanilla_mean": -19.642951838650085,
      "r2_shap_raw_mean": -19.563861033299705,
      "delta_r2_mean": 0.07909080535037911,
      "wins": 1,
      "losses": 2,
      "fallback_rate": 0.0,
      "shap_rate": 1.0,
      "auc_top": 0.3890173709533542,
      "auc_random": 0.1813214164062733,
      "auc_bottom": 0.014042390649156763,
      "auc_gap": 0.37497498030419746,
      "auc_top_random_ratio": 2.0650810223967486,
      "n_eff_shap": 3.8706029484217606,
      "mass3_shap": 0.7371930873006619,
      "entropy_shap": 1.7883354232259505,
      "gini_shap": 0.720470674893661
    },
    {
      "variant": "random_target",
      "n_seeds": 3,
      "r2_final_mean": -19.533807497797937,
      "r2_final_std": 35.28146836014241,
      "r2_vanilla_mean": -19.642951838650085,
      "r2_shap_raw_mean": -19.533807497797937,
      "delta_r2_mean": 0.10914434085214697,
      "wins": 1,
      "losses": 2,
      "fallback_rate": 0.0,
      "shap_rate": 1.0,
      "auc_top": 0.4166524832506582,
      "auc_random": 0.19353286499262676,
      "auc_bottom": 0.015876781089038634,
      "auc_gap": 0.40077570216161956,
      "auc_top_random_ratio": 2.0971030931127737,
      "n_eff_shap": 3.8719979680423076,
      "mass3_shap": 0.7368664352071767,
      "entropy_shap": 1.7889316100842045,
      "gini_shap": 0.7203490665859688
    },
    {
      "variant": "shuffled_q_err",
      "n_seeds": 3,
      "r2_final_mean": -19.538935681202236,
      "r2_final_std": 35.330765933630595,
      "r2_vanilla_mean": -19.642951838650085,
      "r2_shap_raw_mean": -19.538935681202236,
      "delta_r2_mean": 0.1040161574478478,
      "wins": 1,
      "losses": 2,
      "fallback_rate": 0.0,
      "shap_rate": 1.0,
      "auc_top": 0.4072539904792715,
      "auc_random": 0.1894303118184155,
      "auc_bottom": 0.01598393219288141,
      "auc_gap": 0.3912700582863901,
      "auc_top_random_ratio": 2.071039631856793,
      "n_eff_shap": 3.8638391878520006,
      "mass3_shap": 0.7380024701878479,
      "entropy_shap": 1.7864174858972721,
      "gini_shap": 0.7206914433008865
    },
    {
      "variant": "sparsity_only",
      "n_seeds": 3,
      "r2_final_mean": -19.607810179913464,
      "r2_final_std": 35.454915941402355,
      "r2_vanilla_mean": -19.642951838650085,
      "r2_shap_raw_mean": -19.607810179913464,
      "delta_r2_mean": 0.035141658736620375,
      "wins": 1,
      "losses": 2,
      "fallback_rate": 0.0,
      "shap_rate": 1.0,
      "auc_top": 0.39805459025364104,
      "auc_random": 0.18055459911466018,
      "auc_bottom": 0.01119413998607873,
      "auc_gap": 0.38686045026756233,
      "auc_top_random_ratio": 2.163043766679256,
      "n_eff_shap": 3.993109887145902,
      "mass3_shap": 0.7348984623193598,
      "entropy_shap": 1.7985228698908768,
      "gini_shap": 0.7177465665492218
    },
    {
      "variant": "task_only",
      "n_seeds": 3,
      "r2_final_mean": -19.553696083062466,
      "r2_final_std": 35.353472169961854,
      "r2_vanilla_mean": -19.642951838650085,
      "r2_shap_raw_mean": -19.553696083062466,
      "delta_r2_mean": 0.08925575558761667,
      "wins": 1,
      "losses": 2,
      "fallback_rate": 0.0,
      "shap_rate": 1.0,
      "auc_top": 0.38511537109836996,
      "auc_random": 0.17956841302290863,
      "auc_bottom": 0.014041077215409814,
      "auc_gap": 0.37107429388296015,
      "auc_top_random_ratio": 2.066663107595734,
      "n_eff_shap": 3.8679817532768737,
      "mass3_shap": 0.7375410321560171,
      "entropy_shap": 1.7875195551736407,
      "gini_shap": 0.720607239906346
    }
  ]
}