{
  "multiseed": "/home/lebedeffson/Code/bonner-shap-reconstruction/results/multiseed_config_energy_ea_minimal_energy_ea10.json",
  "config": "/home/lebedeffson/Code/bonner-shap-reconstruction/configs/config_energy_ea_minimal.yaml",
  "results_dir": "/home/lebedeffson/Code/bonner-shap-reconstruction/results/energy_ea_minimal",
  "eval_importance": "final",
  "mask": "permute",
  "insertion_baseline": "mean",
  "k_list": [
    1,
    2,
    3,
    4
  ],
  "aggregate": {
    "n_runs": 10,
    "delta_r2_mean": -0.00030178586745248647,
    "delta_r2_std": 0.0004868945527568518,
    "wins": 4,
    "losses": 6,
    "deletion_runs_with_model": 0,
    "deletion_runs_skipped_no_model": 10,
    "shap_stability": {
      "pearson_mean": 0.7990460494546687,
      "spearman_mean": 0.9105820105820105,
      "topk_overlap_mean": 0.7851851851851851
    },
    "vanilla_stability": {
      "pearson_mean": 0.41373122906774046,
      "spearman_mean": 0.35767195767195764,
      "topk_overlap_mean": 0.5555555555555554
    },
    "entropy_shap_mean": 1.5176792456050041,
    "entropy_shap_std": 0.16900260840188322,
    "gini_shap_mean": 0.5381704553924085,
    "gini_shap_std": 0.08253345751604,
    "n_eff_shap_mean": 3.9877441481253215,
    "n_eff_shap_std": 0.7825676465557928,
    "mass3_shap_mean": 0.7972602594448897,
    "mass3_shap_std": 0.09017975352844684,
    "entropy_vanilla_mean": 1.8536239504940248,
    "entropy_vanilla_std": 0.08632100323219928,
    "gini_vanilla_mean": 0.35398480596364157,
    "gini_vanilla_std": 0.04833232103844459,
    "n_eff_vanilla_mean": 5.432533465393494,
    "n_eff_vanilla_std": 0.806236278681448,
    "mass3_vanilla_mean": 0.6357917147358219,
    "mass3_vanilla_std": 0.03141187130395609
  },
  "runs": [
    {
      "seed": 42,
      "tag": "energy_ea10_s42",
      "summary": "/home/lebedeffson/Code/bonner-shap-reconstruction/results/energy_ea_minimal/training_summary_20260502_211608_energy_ea10_s42.json",
      "metrics_source": "vanilla_fallback",
      "importance_kind_eval": "vanilla",
      "r2_final": 0.9819457146100332,
      "r2_vanilla": 0.9819457146100332,
      "r2_shap_raw": 0.9815698910972591,
      "entropy_shap": 1.4197667045354128,
      "gini_shap": 0.5810631393395544,
      "n_eff_shap": 3.653085465936498,
      "mass3_shap": 0.8448438572935567,
      "entropy_vanilla": 1.8536697917856237,
      "gini_vanilla": 0.3641525179607965,
      "n_eff_vanilla": 5.5256075947431045,
      "mass3_vanilla": 0.6280985079894129
    },
    {
      "seed": 43,
      "tag": "energy_ea10_s43",
      "summary": "/home/lebedeffson/Code/bonner-shap-reconstruction/results/energy_ea_minimal/training_summary_20260502_211616_energy_ea10_s43.json",
      "metrics_source": "shap",
      "importance_kind_eval": "shap",
      "r2_final": 0.987271519227912,
      "r2_vanilla": 0.9872260203632655,
      "r2_shap_raw": 0.987271519227912,
      "entropy_shap": 1.6751763331779943,
      "gini_shap": 0.47231983247934406,
      "n_eff_shap": 4.616860143410669,
      "mass3_shap": 0.7183184465307231,
      "entropy_vanilla": 1.777984541811759,
      "gini_vanilla": 0.40822120715828225,
      "n_eff_vanilla": 4.718463055655816,
      "mass3_vanilla": 0.6518399278416743
    },
    {
      "seed": 44,
      "tag": "energy_ea10_s44",
      "summary": "/home/lebedeffson/Code/bonner-shap-reconstruction/results/energy_ea_minimal/training_summary_20260502_211623_energy_ea10_s44.json",
      "metrics_source": "vanilla_fallback",
      "importance_kind_eval": "vanilla",
      "r2_final": 0.9799275898739993,
      "r2_vanilla": 0.9799275898739993,
      "r2_shap_raw": 0.9790553040830171,
      "entropy_shap": 1.8143840138325926,
      "gini_shap": 0.37582323394327566,
      "n_eff_shap": 5.565814394190478,
      "mass3_shap": 0.6495769715584195,
      "entropy_vanilla": 1.9203491091334124,
      "gini_vanilla": 0.3068592249348594,
      "n_eff_vanilla": 6.0280401829704005,
      "mass3_vanilla": 0.6442815578504357
    },
    {
      "seed": 45,
      "tag": "energy_ea10_s45",
      "summary": "/home/lebedeffson/Code/bonner-shap-reconstruction/results/energy_ea_minimal/training_summary_20260502_211631_energy_ea10_s45.json",
      "metrics_source": "shap",
      "importance_kind_eval": "shap",
      "r2_final": 0.9758477061175255,
      "r2_vanilla": 0.9758018433089225,
      "r2_shap_raw": 0.9758477061175255,
      "entropy_shap": 1.574550209724705,
      "gini_shap": 0.5190887142816876,
      "n_eff_shap": 4.146298994594569,
      "mass3_shap": 0.759619171673644,
      "entropy_vanilla": 1.6291714284081773,
      "gini_vanilla": 0.4615019623789032,
      "n_eff_vanilla": 3.411413263001744,
      "mass3_vanilla": 0.7036773894297298
    },
    {
      "seed": 46,
      "tag": "energy_ea10_s46",
      "summary": "/home/lebedeffson/Code/bonner-shap-reconstruction/results/energy_ea_minimal/training_summary_20260502_211639_energy_ea10_s46.json",
      "metrics_source": "vanilla_fallback",
      "importance_kind_eval": "vanilla",
      "r2_final": 0.9863538142698172,
      "r2_vanilla": 0.9863538142698172,
      "r2_shap_raw": 0.986066244429446,
      "entropy_shap": 1.6243191229248086,
      "gini_shap": 0.4955480791648834,
      "n_eff_shap": 4.293390808754082,
      "mass3_shap": 0.7479743806594704,
      "entropy_vanilla": 1.875417707626427,
      "gini_vanilla": 0.35314384522527065,
      "n_eff_vanilla": 5.621757880019649,
      "mass3_vanilla": 0.6521554840014129
    },
    {
      "seed": 47,
      "tag": "energy_ea10_s47",
      "summary": "/home/lebedeffson/Code/bonner-shap-reconstruction/results/energy_ea_minimal/training_summary_20260502_211646_energy_ea10_s47.json",
      "metrics_source": "shap",
      "importance_kind_eval": "shap",
      "r2_final": 0.9867725724528743,
      "r2_vanilla": 0.9865877244376344,
      "r2_shap_raw": 0.9867725724528743,
      "entropy_shap": 1.6317930651324715,
      "gini_shap": 0.4698691760069109,
      "n_eff_shap": 4.6807936858901105,
      "mass3_shap": 0.7086079065511575,
      "entropy_vanilla": 1.9353130351910517,
      "gini_vanilla": 0.2876098531639044,
      "n_eff_vanilla": 6.34789144553913,
      "mass3_vanilla": 0.570492170569695
    },
    {
      "seed": 48,
      "tag": "energy_ea10_s48",
      "summary": "/home/lebedeffson/Code/bonner-shap-reconstruction/results/energy_ea_minimal/training_summary_20260502_211654_energy_ea10_s48.json",
      "metrics_source": "vanilla_fallback",
      "importance_kind_eval": "vanilla",
      "r2_final": 0.9799822798235718,
      "r2_vanilla": 0.9799822798235718,
      "r2_shap_raw": 0.9799685086853371,
      "entropy_shap": 1.442637644355996,
      "gini_shap": 0.5893094928803964,
      "n_eff_shap": 3.5627947165592473,
      "mass3_shap": 0.8494731477619177,
      "entropy_vanilla": 1.9238233577241202,
      "gini_vanilla": 0.3113549930093833,
      "n_eff_vanilla": 6.039289274570824,
      "mass3_vanilla": 0.624147609038243
    },
    {
      "seed": 49,
      "tag": "energy_ea10_s49",
      "summary": "/home/lebedeffson/Code/bonner-shap-reconstruction/results/energy_ea_minimal/training_summary_20260502_211702_energy_ea10_s49.json",
      "metrics_source": "shap",
      "importance_kind_eval": "shap",
      "r2_final": 0.9832488121272154,
      "r2_vanilla": 0.9831898436332166,
      "r2_shap_raw": 0.9832488121272154,
      "entropy_shap": 1.2998319496408164,
      "gini_shap": 0.640847613436117,
      "n_eff_shap": 3.036635149815923,
      "mass3_shap": 0.9122746505393543,
      "entropy_vanilla": 1.857278390710924,
      "gini_vanilla": 0.35339824195495306,
      "n_eff_vanilla": 5.1653821462646,
      "mass3_vanilla": 0.6272847632276976
    },
    {
      "seed": 50,
      "tag": "energy_ea10_s50",
      "summary": "/home/lebedeffson/Code/bonner-shap-reconstruction/results/energy_ea_minimal/training_summary_20260502_211709_energy_ea10_s50.json",
      "metrics_source": "vanilla_fallback",
      "importance_kind_eval": "vanilla",
      "r2_final": 0.9802083542613446,