{
  "multiseed": "/home/lebedeffson/Code/bonner-shap-reconstruction/results/multiseed_config_sml2010_ea_minimal_random_target_qerr_focus_orderfix_nf3_random_target.json",
  "config": "/home/lebedeffson/Code/bonner-shap-reconstruction/results/ablation/configs/config_sml2010_ea_minimal_random_target.yaml",
  "results_dir": "/home/lebedeffson/Code/bonner-shap-reconstruction/results/sml2010_ea_minimal",
  "eval_importance": "ea_raw",
  "mask": "permute",
  "insertion_baseline": "mean",
  "k_list": [
    1,
    2,
    3,
    4
  ],
  "random_trials": 20,
  "aggregate": {
    "n_runs": 3,
    "delta_r2_mean": -0.05033477317092453,
    "delta_r2_std": 0.01530928991483054,
    "wins": 0,
    "losses": 3,
    "deletion_runs_with_model": 3,
    "deletion_runs_skipped_no_model": 0,
    "shap_stability": {
      "pearson_mean": 0.531535558005703,
      "spearman_mean": 0.8502923976608187,
      "topk_overlap_mean": 0.7777777777777777
    },
    "vanilla_stability": {
      "pearson_mean": 0.7895004866979054,
      "spearman_mean": 0.8415204678362572,
      "topk_overlap_mean": 0.5555555555555555
    },
    "entropy_shap_mean": 1.3674396275106335,
    "entropy_shap_std": 0.5763581585739397,
    "entropy_shap_ci95_low": 0.568647973363778,
    "entropy_shap_ci95_high": 2.166231281657489,
    "gini_shap_mean": 0.7970150656397763,
    "gini_shap_std": 0.10163061833898007,
    "gini_shap_ci95_low": 0.656162214808574,
    "gini_shap_ci95_high": 0.9378679164709787,
    "n_eff_shap_mean": 2.8983743629765413,
    "n_eff_shap_std": 1.6641641503027778,
    "n_eff_shap_ci95_low": 0.5919605218307207,
    "n_eff_shap_ci95_high": 5.204788204122362,
    "mass3_shap_mean": 0.8211005890177239,
    "mass3_shap_std": 0.14173087396549863,
    "mass3_shap_ci95_low": 0.6246716193321039,
    "mass3_shap_ci95_high": 1.0175295587033437,
    "entropy_vanilla_mean": 2.441215264634958,
    "entropy_vanilla_std": 0.047827272914548406,
    "entropy_vanilla_ci95_low": 2.374930046188026,
    "entropy_vanilla_ci95_high": 2.5075004830818903,
    "gini_vanilla_mean": 0.5292440727878728,
    "gini_vanilla_std": 0.02833552198812563,
    "gini_vanilla_ci95_low": 0.48997304288519505,
    "gini_vanilla_ci95_high": 0.5685151026905505,
    "n_eff_vanilla_mean": 9.54919428542768,
    "n_eff_vanilla_std": 0.8987483330106443,
    "n_eff_vanilla_ci95_low": 8.303592645357893,
    "n_eff_vanilla_ci95_high": 10.794795925497466,
    "mass3_vanilla_mean": 0.4464642243522454,
    "mass3_vanilla_std": 0.05197069301794146,
    "mass3_vanilla_ci95_low": 0.3744365186185819,
    "mass3_vanilla_ci95_high": 0.518491930085909,
    "auc_deletion_top_mean": 0.4679149906155355,
    "auc_deletion_top_std": 0.1620610657640695,
    "auc_deletion_top_ci95_low": 0.24330981262207402,
    "auc_deletion_top_ci95_high": 0.692520168608997,
    "auc_deletion_bottom_mean": 0.011311372200623282,
    "auc_deletion_bottom_std": 0.0020879712490505277,
    "auc_deletion_bottom_ci95_low": 0.008417591687535982,
    "auc_deletion_bottom_ci95_high": 0.014205152713710582,
    "auc_deletion_random_mean": 0.18710865007896063,
    "auc_deletion_random_std": 0.04442706850215351,
    "auc_deletion_random_ci95_low": 0.12553587452298107,
    "auc_deletion_random_ci95_high": 0.2486814256349402,
    "auc_deletion_top_rel_mean": 0.0011658088207706198,
    "auc_deletion_top_rel_std": 0.000396079935704536,
    "auc_deletion_top_rel_ci95_low": 0.0006168700362505458,
    "auc_deletion_top_rel_ci95_high": 0.0017147476052906938,
    "auc_deletion_bottom_rel_mean": 2.83220675902101e-05,
    "auc_deletion_bottom_rel_std": 5.469527092109592e-06,
    "auc_deletion_bottom_rel_ci95_low": 2.0741689784650206e-05,
    "auc_deletion_bottom_rel_ci95_high": 3.590244539576999e-05,
    "auc_deletion_random_rel_mean": 0.0004666709643793034,
    "auc_deletion_random_rel_std": 0.00010718686168008296,
    "auc_deletion_random_rel_ci95_low": 0.0003181175531530447,
    "auc_deletion_random_rel_ci95_high": 0.000615224375605562,
    "auc_insertion_gain_top_mean": -0.28120014319591746,
    "auc_insertion_gain_top_std": 0.1364730975066233,
    "auc_insertion_gain_top_ci95_low": -0.47034220648099134,
    "auc_insertion_gain_top_ci95_high": -0.09205807991084361,
    "auc_insertion_gain_top_rel_mean": -0.0007022156220622636,
    "auc_insertion_gain_top_rel_std": 0.00033880951474138176,
    "auc_insertion_gain_top_rel_ci95_low": -0.0011717816526544064,
    "auc_insertion_gain_top_rel_ci95_high": -0.00023264959147012074,
    "auc_deletion_gap_top_bottom_mean": 0.4566036184149122,
    "auc_deletion_gap_top_bottom_std": 0.1639396709177548,
    "auc_deletion_gap_top_bottom_ci95_low": 0.22939482651249868,
    "auc_deletion_gap_top_bottom_ci95_high": 0.6838124103173258,
    "auc_deletion_gap_top_random_mean": 0.2808063405365748,
    "auc_deletion_gap_top_random_std": 0.1176442500500841,
    "auc_deletion_gap_top_random_ci95_low": 0.11775972845965504,
    "auc_deletion_gap_top_random_ci95_high": 0.4438529526134946,
    "auc_del_top_bottom_ratio_mean": 45.42727921125253,
    "auc_del_top_bottom_ratio_std": 22.270604928664767,
    "auc_del_top_bottom_ratio_ci95_low": 14.561795509529137,
    "auc_del_top_bottom_ratio_ci95_high": 76.29276291297593,
    "auc_del_top_random_ratio_mean": 2.419823608471853,
    "auc_del_top_random_ratio_std": 0.34114540452172404,
    "auc_del_top_random_ratio_ci95_low": 1.9470201998122927,
    "auc_del_top_random_ratio_ci95_high": 2.8926270171314132
  },
  "runs": [
    {
      "seed": 42,
      "tag": "qerr_focus_orderfix_nf3_random_target_s42",
      "summary": "/home/lebedeffson/Code/bonner-shap-reconstruction/results/sml2010_ea_minimal/training_summary_20260504_184134_qerr_focus_orderfix_nf3_random_target_s42.json",
      "metrics_source": "shap",
      "importance_kind_eval": "ea_raw",
      "r2_final": 0.8724592374067909,
      "r2_vanilla": 0.9380579076447224,
      "r2_shap_raw": 0.8724592374067909,
      "entropy_shap": 1.2775121398196252,
      "gini_shap": 0.8252428804811573,
      "n_eff_shap": 2.0321695813832643,
      "mass3_shap": 0.8667153085103158,
      "entropy_vanilla": 2.486457289498423,
      "gini_vanilla": 0.5037672074553787,
      "n_eff_vanilla": 10.385866708993037,
      "mass3_vanilla": 0.3935269997110678,
      "base_mse": 394.808443892852,
      "del_top_k1": 0.01957404796519313,
      "del_bottom_k1": 9.490576150028573e-05,
      "del_random_k1": 0.009928043318032565,
      "del_top_rel_k1": 4.9578595057874014e-05,
      "del_bottom_rel_k1": 2.4038432553393463e-07,
      "del_random_rel_k1": 2.5146481721973847e-05,
      "del_random_trials_k1": 20,
      "del_ratio_k1": 206.24720195608987,
      "del_top_random_ratio_k1": 1.9715917161308798,
      "ins_gain_k1": 0.03854342469395533,
      "ins_gain_rel_k1": 9.759692545303809e-05,
      "del_top_k2": 0.06341603242901783,
      "del_bottom_k2": 0.001734340895495734,
      "del_random_k2": 0.03497088605388967,
      "del_top_rel_k2": 0.00016062481289338458,
      "del_bottom_rel_k2": 4.392866774567812e-06,
      "del_random_rel_k2": 8.857684427686763e-05,
      "del_random_trials_k2": 20,
      "del_ratio_k2": 36.564917864273994,
      "del_top_random_ratio_k2": 1.8133950718172018,
      "ins_gain_k2": 0.02699234884727275,
      "ins_gain_rel_k2": 6.834811071323455e-05,
      "del_top_k3": 0.1060880906861712,
      "del_bottom_k3": 0.010113291479228792,
      "del_random_k3": 0.055502294642994346,
      "del_top_rel_k3": 0.0002687077551840873,
      "del_bottom_rel_k3": 2.5615691953066325e-05,
      "del_random_rel_k3": 0.0001405803130645734,
      "del_random_trials_k3": 20,
      "del_ratio_k3": 10.489966683306864,
      "del_top_random_ratio_k3": 1.9114181020198688,
      "ins_gain_k3": -0.16269428889120263,
      "ins_gain_rel_k3": -0.00041196293558833465,
      "del_top_k4": 0.1286627373299325,
      "del_bottom_k4": 0.0034924500051829455,
      "del_random_k4": 0.05991651209519944,
      "del_top_rel_k4": 0.00032588648829620843,
      "del_bottom_rel_k4": 8.845935438328065e-06,