{
  "multiseed": "/home/lebedeffson/Code/bonner-shap-reconstruction/results/multiseed_config_sml2010_ea_minimal_full_sml_neg_mid3_anti_full.json",
  "config": "/home/lebedeffson/Code/bonner-shap-reconstruction/results/ablation_neg_mid3_anti/configs/config_sml2010_ea_minimal_full.yaml",
  "results_dir": "/home/lebedeffson/Code/bonner-shap-reconstruction/results/sml2010_ea_minimal",
  "eval_importance": "ea_raw",
  "mask": "permute",
  "insertion_baseline": "mean",
  "k_list": [
    1,
    2,
    3,
    4
  ],
  "random_trials": 20,
  "aggregate": {
    "n_runs": 3,
    "delta_r2_mean": 0.07909080535037911,
    "delta_r2_std": 0.18850481393121246,
    "wins": 1,
    "losses": 2,
    "deletion_runs_with_model": 3,
    "deletion_runs_skipped_no_model": 0,
    "shap_stability": {
      "pearson_mean": 0.2909559767541087,
      "spearman_mean": 0.8567251461988303,
      "topk_overlap_mean": 0.5555555555555555
    },
    "vanilla_stability": {
      "pearson_mean": 0.813715694935687,
      "spearman_mean": 0.8368421052631579,
      "topk_overlap_mean": 0.4444444444444444
    },
    "entropy_shap_mean": 1.7883354232259505,
    "entropy_shap_std": 0.3546709356097625,
    "entropy_shap_ci95_low": 1.2967865848534472,
    "entropy_shap_ci95_high": 2.2798842615984536,
    "gini_shap_mean": 0.720470674893661,
    "gini_shap_std": 0.08281171670252352,
    "gini_shap_ci95_low": 0.6056994910672359,
    "gini_shap_ci95_high": 0.8352418587200862,
    "n_eff_shap_mean": 3.8706029484217606,
    "n_eff_shap_std": 1.4624504865049293,
    "n_eff_shap_ci95_low": 1.8437499823536467,
    "n_eff_shap_ci95_high": 5.897455914489875,
    "mass3_shap_mean": 0.7371930873006619,
    "mass3_shap_std": 0.1037703758243195,
    "mass3_shap_ci95_low": 0.5933746838946222,
    "mass3_shap_ci95_high": 0.8810114907067016,
    "entropy_vanilla_mean": 2.5773047594240155,
    "entropy_vanilla_std": 0.03533850328930967,
    "entropy_vanilla_ci95_low": 2.528328092610822,
    "entropy_vanilla_ci95_high": 2.626281426237209,
    "gini_vanilla_mean": 0.4320225472338944,
    "gini_vanilla_std": 0.03403577548268231,
    "gini_vanilla_ci95_low": 0.38485136904626926,
    "gini_vanilla_ci95_high": 0.4791937254215195,
    "n_eff_vanilla_mean": 11.626279252737142,
    "n_eff_vanilla_std": 0.9174775007316994,
    "n_eff_vanilla_ci95_low": 10.354720310524339,
    "n_eff_vanilla_ci95_high": 12.897838194949944,
    "mass3_vanilla_mean": 0.37040902375637824,
    "mass3_vanilla_std": 0.05058900343541084,
    "mass3_vanilla_ci95_low": 0.30029624208638706,
    "mass3_vanilla_ci95_high": 0.44052180542636943,
    "auc_deletion_top_mean": 0.3890173709533542,
    "auc_deletion_top_std": 0.16789180317021052,
    "auc_deletion_top_ci95_low": 0.15633120319986002,
    "auc_deletion_top_ci95_high": 0.6217035387068484,
    "auc_deletion_bottom_mean": 0.014042390649156763,
    "auc_deletion_bottom_std": 0.001830205102110524,
    "auc_deletion_bottom_ci95_low": 0.011505855789374207,
    "auc_deletion_bottom_ci95_high": 0.01657892550893932,
    "auc_deletion_random_mean": 0.1813214164062733,
    "auc_deletion_random_std": 0.06029439398030109,
    "auc_deletion_random_ci95_low": 0.09775764969830499,
    "auc_deletion_random_ci95_high": 0.26488518311424164,
    "auc_deletion_top_rel_mean": 0.0009694279623265533,
    "auc_deletion_top_rel_std": 0.0004147847107918388,
    "auc_deletion_top_rel_ci95_low": 0.0003945656821290694,
    "auc_deletion_top_rel_ci95_high": 0.0015442902425240371,
    "auc_deletion_bottom_rel_mean": 3.5113934338857335e-05,
    "auc_deletion_bottom_rel_std": 4.654574108671179e-06,
    "auc_deletion_bottom_rel_ci95_low": 2.8663023743934963e-05,
    "auc_deletion_bottom_rel_ci95_high": 4.1564844933779705e-05,
    "auc_deletion_random_rel_mean": 0.0004520367802950155,
    "auc_deletion_random_rel_std": 0.00014796205215618325,
    "auc_deletion_random_rel_ci95_low": 0.0002469718382367025,
    "auc_deletion_random_rel_ci95_high": 0.0006571017223533285,
    "auc_insertion_gain_top_mean": -0.3612285857596665,
    "auc_insertion_gain_top_std": 0.2066153529648588,
    "auc_insertion_gain_top_ci95_low": -0.6475828554299258,
    "auc_insertion_gain_top_ci95_high": -0.0748743160894072,
    "auc_insertion_gain_top_rel_mean": -0.0008987073025578978,
    "auc_insertion_gain_top_rel_std": 0.0005123151554638189,
    "auc_insertion_gain_top_rel_ci95_low": -0.0016087398828027867,
    "auc_insertion_gain_top_rel_ci95_high": -0.00018867472231300878,
    "auc_deletion_gap_top_bottom_mean": 0.37497498030419746,
    "auc_deletion_gap_top_bottom_std": 0.1693860921457117,
    "auc_deletion_gap_top_bottom_ci95_low": 0.14021783369015003,
    "auc_deletion_gap_top_bottom_ci95_high": 0.6097321269182449,
    "auc_deletion_gap_top_random_mean": 0.2076959545470809,
    "auc_deletion_gap_top_random_std": 0.1088206659741708,
    "auc_deletion_gap_top_random_ci95_low": 0.05687820609367905,
    "auc_deletion_gap_top_random_ci95_high": 0.35851370300048274,
    "auc_del_top_bottom_ratio_mean": 29.66839108893849,
    "auc_del_top_bottom_ratio_std": 16.449347412991113,
    "auc_del_top_bottom_ratio_ci95_low": 6.8707586893724475,
    "auc_del_top_bottom_ratio_ci95_high": 52.46602348850453,
    "auc_del_top_random_ratio_mean": 2.0650810223967486,
    "auc_del_top_random_ratio_std": 0.25804767995011724,
    "auc_del_top_random_ratio_ci95_low": 1.7074451842468683,
    "auc_del_top_random_ratio_ci95_high": 2.422716860546629
  },
  "runs": [
    {
      "seed": 42,
      "tag": "sml_neg_mid3_anti_full_s42",
      "summary": "/home/lebedeffson/Code/bonner-shap-reconstruction/results/sml2010_ea_minimal/training_summary_20260503_191735_sml_neg_mid3_anti_full_s42.json",
      "metrics_source": "shap",
      "importance_kind_eval": "ea_raw",
      "r2_final": -60.37756339190766,
      "r2_vanilla": -60.72322309463531,
      "r2_shap_raw": -60.37756339190766,
      "entropy_shap": 1.366522755164939,
      "gini_shap": 0.8003047489975936,
      "n_eff_shap": 2.097864792109375,
      "mass3_shap": 0.8201371861266349,
      "entropy_vanilla": 2.546675489734265,
      "gini_vanilla": 0.47205881919467974,
      "n_eff_vanilla": 10.723818877341339,
      "mass3_vanilla": 0.4267325279762794,
      "base_mse": 394.7582471946398,
      "del_top_k1": 0.0007723939279458136,
      "del_bottom_k1": -0.0006421203721629354,
      "del_random_k1": 0.008175840651344402,
      "del_top_rel_k1": 1.9566251837291556e-06,
      "del_bottom_rel_k1": -1.6266167375252564e-06,
      "del_random_rel_k1": 2.0711006570340746e-05,
      "del_random_trials_k1": 20,
      "del_ratio_k1": -1.2028802739071205,
      "del_top_random_ratio_k1": 0.09447272284157489,
      "ins_gain_k1": 0.10110515023541211,
      "ins_gain_rel_k1": 0.0002560671605069224,
      "del_top_k2": 0.07380822844044133,
      "del_bottom_k2": 0.0003601723298061188,
      "del_random_k2": 0.027523488812113327,
      "del_top_rel_k2": 0.0001869707066665771,
      "del_bottom_rel_k2": 9.123870935330479e-07,
      "del_random_rel_k2": 6.972239087519938e-05,
      "del_random_trials_k2": 20,
      "del_ratio_k2": 204.92475997600266,
      "del_top_random_ratio_k2": 2.6816450829182688,
      "ins_gain_k2": -0.09282966485267252,
      "ins_gain_rel_k2": -0.0002351079903870954,
      "del_top_k3": 0.06474173245192105,
      "del_bottom_k3": 0.009215756057756153,
      "del_random_k3": 0.0454332158018957,
      "del_top_rel_k3": 0.00016400349558751403,
      "del_bottom_rel_k3": 2.3345316084586325e-05,
      "del_random_rel_k3": 0.00011509123906788006,
      "del_random_trials_k3": 20,
      "del_ratio_k3": 7.025113516368316,
      "del_top_random_ratio_k3": 1.42498679232375,
      "ins_gain_k3": -0.024612732950060945,
      "ins_gain_rel_k3": -6.233621753355366e-05,
      "del_top_k4": 0.08013427267212592,
      "del_bottom_k4": 0.011904510438853322,
      "del_random_k4": 0.04685895973362619,
      "del_top_rel_k4": 0.00020299581640561556,
      "del_bottom_rel_k4": 3.0156457840850743e-05,