{
  "multiseed": "/home/lebedeffson/Code/bonner-shap-reconstruction/results/multiseed_config_sml2010_ea_minimal_timeblock_sml_timeblock3_nf.json",
  "config": "/home/lebedeffson/Code/bonner-shap-reconstruction/configs/config_sml2010_ea_minimal_timeblock.yaml",
  "results_dir": "/home/lebedeffson/Code/bonner-shap-reconstruction/results/sml2010_ea_minimal",
  "eval_importance": "vanilla_gradient",
  "mask": "permute",
  "insertion_baseline": "mean",
  "k_list": [
    1,
    2,
    3,
    4
  ],
  "random_trials": 20,
  "aggregate": {
    "n_runs": 3,
    "delta_r2_mean": -0.0001514229326120923,
    "delta_r2_std": 2.2997695083045e-05,
    "wins": 0,
    "losses": 3,
    "deletion_runs_with_model": 3,
    "deletion_runs_skipped_no_model": 0,
    "shap_stability": {
      "pearson_mean": 0.5549679954588703,
      "spearman_mean": 0.8666666666666666,
      "topk_overlap_mean": 0.3333333333333333
    },
    "vanilla_stability": {
      "pearson_mean": 0.8248693418048045,
      "spearman_mean": 0.9081871345029239,
      "topk_overlap_mean": 0.5555555555555555
    },
    "entropy_shap_mean": 2.3030147022116676,
    "entropy_shap_std": 0.40739254785759593,
    "entropy_shap_ci95_low": 1.738397437149524,
    "entropy_shap_ci95_high": 2.867631967273811,
    "gini_shap_mean": 0.5594586604823103,
    "gini_shap_std": 0.14072617730000345,
    "gini_shap_ci95_low": 0.36442212933409635,
    "gini_shap_ci95_high": 0.7544951916305243,
    "n_eff_shap_mean": 8.424020017505944,
    "n_eff_shap_std": 3.511929576161689,
    "n_eff_shap_ci95_low": 3.5567339495330303,
    "n_eff_shap_ci95_high": 13.291306085478858,
    "mass3_shap_mean": 0.5335845847517383,
    "mass3_shap_std": 0.1941045808067548,
    "mass3_shap_ci95_low": 0.2645693606699945,
    "mass3_shap_ci95_high": 0.8025998088334821,
    "entropy_vanilla_mean": 2.4391686229117684,
    "entropy_vanilla_std": 0.04318175852445152,
    "entropy_vanilla_ci95_low": 2.379321758930417,
    "entropy_vanilla_ci95_high": 2.4990154868931196,
    "gini_vanilla_mean": 0.5171822877789531,
    "gini_vanilla_std": 0.02106258066474541,
    "gini_vanilla_ci95_low": 0.4879910402889861,
    "gini_vanilla_ci95_high": 0.5463735352689202,
    "n_eff_vanilla_mean": 9.17876318735466,
    "n_eff_vanilla_std": 0.9820482062244404,
    "n_eff_vanilla_ci95_low": 7.817713813050822,
    "n_eff_vanilla_ci95_high": 10.539812561658499,
    "mass3_vanilla_mean": 0.44275244327366486,
    "mass3_vanilla_std": 0.021901893753987198,
    "mass3_vanilla_ci95_low": 0.41239796718889243,
    "mass3_vanilla_ci95_high": 0.4731069193584373,
    "auc_deletion_top_mean": 0.011847500448150564,
    "auc_deletion_top_std": 0.03189497473348129,
    "auc_deletion_top_ci95_low": -0.03235667927469314,
    "auc_deletion_top_ci95_high": 0.05605168017099427,
    "auc_deletion_bottom_mean": 0.30715110334621915,
    "auc_deletion_bottom_std": 0.09839848481182573,
    "auc_deletion_bottom_ci95_low": 0.17077776104312914,
    "auc_deletion_bottom_ci95_high": 0.44352444564930915,
    "auc_deletion_random_mean": 0.11499312148501228,
    "auc_deletion_random_std": 0.03231830950609407,
    "auc_deletion_random_ci95_low": 0.07020222970085252,
    "auc_deletion_random_ci95_high": 0.15978401326917205,
    "auc_deletion_top_rel_mean": 2.4123784204002743e-05,
    "auc_deletion_top_rel_std": 6.494403892774833e-05,
    "auc_deletion_top_rel_ci95_low": -6.588406162996702e-05,
    "auc_deletion_top_rel_ci95_high": 0.00011413163003797251,
    "auc_deletion_bottom_rel_mean": 0.0006254164106063906,
    "auc_deletion_bottom_rel_std": 0.00020035800801559883,
    "auc_deletion_bottom_rel_ci95_low": 0.00034773437858598785,
    "auc_deletion_bottom_rel_ci95_high": 0.0009030984426267935,
    "auc_deletion_random_rel_mean": 0.00023414725691673144,
    "auc_deletion_random_rel_std": 6.580628623405649e-05,
    "auc_deletion_random_rel_ci95_low": 0.00014294439728475503,
    "auc_deletion_random_rel_ci95_high": 0.0003253501165487078,
    "auc_insertion_gain_top_mean": -0.06290744226091267,
    "auc_insertion_gain_top_std": 0.019390405813817898,
    "auc_insertion_gain_top_ci95_low": -0.08978117364509566,
    "auc_insertion_gain_top_ci95_high": -0.03603371087672968,
    "auc_insertion_gain_top_rel_mean": -0.0001280977046622637,
    "auc_insertion_gain_top_rel_std": 3.948738041929484e-05,
    "auc_insertion_gain_top_rel_ci95_low": -0.0001828244218151852,
    "auc_insertion_gain_top_rel_ci95_high": -7.337098750934221e-05,
    "auc_deletion_gap_top_bottom_mean": -0.2953036028980686,
    "auc_deletion_gap_top_bottom_std": 0.08696207433061194,
    "auc_deletion_gap_top_bottom_ci95_low": -0.41582688892990827,
    "auc_deletion_gap_top_bottom_ci95_high": -0.17478031686622897,
    "auc_deletion_gap_top_random_mean": -0.10314562103686171,
    "auc_deletion_gap_top_random_std": 0.020904404338292316,
    "auc_deletion_gap_top_random_ci95_low": -0.1321176473228348,
    "auc_deletion_gap_top_random_ci95_high": -0.07417359475088864,
    "auc_del_top_bottom_ratio_mean": 0.01716373506397589,
    "auc_del_top_bottom_ratio_std": 0.12958455835186036,
    "auc_del_top_bottom_ratio_ci95_low": -0.1624313000334462,
    "auc_del_top_bottom_ratio_ci95_high": 0.19675877016139798,
    "auc_del_top_random_ratio_mean": 0.025347143483206224,
    "auc_del_top_random_ratio_std": 0.32855337158105935,
    "auc_del_top_random_ratio_ci95_low": -0.43000459788906814,
    "auc_del_top_random_ratio_ci95_high": 0.48069888485548057
  },
  "runs": [
    {
      "seed": 42,
      "tag": "sml_timeblock3_nf_s42",
      "summary": "/home/lebedeffson/Code/bonner-shap-reconstruction/results/sml2010_ea_minimal/training_summary_20260503_203033_sml_timeblock3_nf_s42.json",
      "metrics_source": "shap",
      "importance_kind_eval": "vanilla_gradient",
      "r2_final": 0.7848413956877439,
      "r2_vanilla": 0.7849669061702085,
      "r2_shap_raw": 0.7848413956877439,
      "entropy_shap": 2.581546485474997,
      "gini_shap": 0.46486810459369377,
      "n_eff_shap": 10.837400198514485,
      "mass3_shap": 0.39476196085398685,
      "entropy_vanilla": 2.419619221558985,
      "gini_vanilla": 0.5177342104344118,
      "n_eff_vanilla": 8.290621533270059,
      "mass3_vanilla": 0.4489742113420585,
      "base_mse": 491.1140908879588,
      "del_top_k1": -0.0007047431642490665,
      "del_bottom_k1": 0.030562233479827228,
      "del_random_k1": 0.009257734442471133,
      "del_top_rel_k1": -1.434988686589819e-06,
      "del_bottom_rel_k1": 6.223041457549938e-05,
      "del_random_rel_k1": 1.885047611998399e-05,
      "del_random_trials_k1": 20,
      "del_ratio_k1": -0.023059282126457702,
      "del_top_random_ratio_k1": -0.07612479797863236,
      "ins_gain_k1": -0.012093907316341301,
      "ins_gain_rel_k1": -2.462651304557234e-05,
      "del_top_k2": 0.014473713831534951,
      "del_bottom_k2": 0.07472623964565628,
      "del_random_k2": 0.03206419561907694,
      "del_top_rel_k2": 2.947118419136727e-05,
      "del_bottom_rel_k2": 0.00015215657834322642,
      "del_random_rel_k2": 6.528868996835991e-05,
      "del_random_trials_k2": 20,
      "del_ratio_k2": 0.19368984576199794,
      "del_top_random_ratio_k2": 0.4513980017784155,
      "ins_gain_k2": -0.012066395388160345,
      "ins_gain_rel_k2": -2.4570491212385167e-05,
      "del_top_k3": 0.022105897838628152,
      "del_bottom_k3": 0.14099824750849166,
      "del_random_k3": 0.06316283928925373,
      "del_top_rel_k3": 4.5011736068618064e-05,
      "del_bottom_rel_k3": 0.0002870987620281053,
      "del_random_rel_k3": 0.00012861133586098504,
      "del_random_trials_k3": 20,
      "del_ratio_k3": 0.15678136593250946,
      "del_top_random_ratio_k3": 0.3499826494031464,
      "ins_gain_k3": -0.01747477630146932,
      "ins_gain_rel_k3": -3.5583438445498327e-05,
      "del_top_k4": 0.025191637591319704,
      "del_bottom_k4": 0.12825539946072695,
      "del_random_k4": 0.05710523147960487,
      "del_top_rel_k4": 5.129487843806703e-05,
      "del_bottom_rel_k4": 0.0002611519437954519,