{
  "multiseed": "/home/lebedeffson/Code/bonner-shap-reconstruction/results/multiseed_config_sml2010_ea_minimal_full_strong_sml_neg_mid3_strong_full_strong.json",
  "config": "/home/lebedeffson/Code/bonner-shap-reconstruction/results/ablation_neg_mid3_strong/configs/config_sml2010_ea_minimal_full_strong.yaml",
  "results_dir": "/home/lebedeffson/Code/bonner-shap-reconstruction/results/sml2010_ea_minimal",
  "eval_importance": "ea_raw",
  "mask": "permute",
  "insertion_baseline": "mean",
  "k_list": [
    1,
    2,
    3,
    4
  ],
  "random_trials": 20,
  "aggregate": {
    "n_runs": 3,
    "delta_r2_mean": 0.10164214968889695,
    "delta_r2_std": 0.23360938669286502,
    "wins": 1,
    "losses": 2,
    "deletion_runs_with_model": 3,
    "deletion_runs_skipped_no_model": 0,
    "shap_stability": {
      "pearson_mean": 0.27813734477568586,
      "spearman_mean": 0.8385964912280701,
      "topk_overlap_mean": 0.5555555555555555
    },
    "vanilla_stability": {
      "pearson_mean": 0.813715694935687,
      "spearman_mean": 0.8368421052631579,
      "topk_overlap_mean": 0.4444444444444444
    },
    "entropy_shap_mean": 1.7860413388016447,
    "entropy_shap_std": 0.36630032402185175,
    "entropy_shap_ci95_low": 1.27837499039095,
    "entropy_shap_ci95_high": 2.2937076872123394,
    "gini_shap_mean": 0.7196324754389521,
    "gini_shap_std": 0.08522583523403923,
    "gini_shap_ci95_low": 0.6015154940274501,
    "gini_shap_ci95_high": 0.8377494568504542,
    "n_eff_shap_mean": 3.8800638848755504,
    "n_eff_shap_std": 1.483020530828068,
    "n_eff_shap_ci95_low": 1.824702291860246,
    "n_eff_shap_ci95_high": 5.935425477890854,
    "mass3_shap_mean": 0.7390009372496538,
    "mass3_shap_std": 0.10413057700316175,
    "mass3_shap_ci95_low": 0.5946833204791586,
    "mass3_shap_ci95_high": 0.8833185540201489,
    "entropy_vanilla_mean": 2.5773047594240155,
    "entropy_vanilla_std": 0.03533850328930967,
    "entropy_vanilla_ci95_low": 2.528328092610822,
    "entropy_vanilla_ci95_high": 2.626281426237209,
    "gini_vanilla_mean": 0.4320225472338944,
    "gini_vanilla_std": 0.03403577548268231,
    "gini_vanilla_ci95_low": 0.38485136904626926,
    "gini_vanilla_ci95_high": 0.4791937254215195,
    "n_eff_vanilla_mean": 11.626279252737142,
    "n_eff_vanilla_std": 0.9174775007316994,
    "n_eff_vanilla_ci95_low": 10.354720310524339,
    "n_eff_vanilla_ci95_high": 12.897838194949944,
    "mass3_vanilla_mean": 0.37040902375637824,
    "mass3_vanilla_std": 0.05058900343541084,
    "mass3_vanilla_ci95_low": 0.30029624208638706,
    "mass3_vanilla_ci95_high": 0.44052180542636943,
    "auc_deletion_top_mean": 0.37165509267353514,
    "auc_deletion_top_std": 0.13608244685738877,
    "auc_deletion_top_ci95_low": 0.18305444356583267,
    "auc_deletion_top_ci95_high": 0.5602557417812376,
    "auc_deletion_bottom_mean": 0.015570589177211028,
    "auc_deletion_bottom_std": 0.00745412648791235,
    "auc_deletion_bottom_ci95_low": 0.005239696937857859,
    "auc_deletion_bottom_ci95_high": 0.025901481416564197,
    "auc_deletion_random_mean": 0.17474041351766326,
    "auc_deletion_random_std": 0.04672267784345015,
    "auc_deletion_random_ci95_low": 0.10998608573459907,
    "auc_deletion_random_ci95_high": 0.23949474130072745,
    "auc_deletion_top_rel_mean": 0.0009265414635306418,
    "auc_deletion_top_rel_std": 0.00033511084647682034,
    "auc_deletion_top_rel_ci95_low": 0.00046210152562451134,
    "auc_deletion_top_rel_ci95_high": 0.0013909814014367724,
    "auc_deletion_bottom_rel_mean": 3.90968651389767e-05,
    "auc_deletion_bottom_rel_std": 1.9124380034109906e-05,
    "auc_deletion_bottom_rel_ci95_low": 1.2591826675085542e-05,
    "auc_deletion_bottom_rel_ci95_high": 6.560190360286786e-05,
    "auc_deletion_random_rel_mean": 0.0004358248839906329,
    "auc_deletion_random_rel_std": 0.00011387997405654174,
    "auc_deletion_random_rel_ci95_low": 0.0002779952922730445,
    "auc_deletion_random_rel_ci95_high": 0.0005936544757082213,
    "auc_insertion_gain_top_mean": -0.2724547015968047,
    "auc_insertion_gain_top_std": 0.3496008396018304,
    "auc_insertion_gain_top_ci95_low": -0.7569767454030958,
    "auc_insertion_gain_top_ci95_high": 0.21206734220948636,
    "auc_insertion_gain_top_rel_mean": -0.0006739072014793865,
    "auc_insertion_gain_top_rel_std": 0.0008736340440928579,
    "auc_insertion_gain_top_rel_ci95_low": -0.001884702212912221,
    "auc_insertion_gain_top_rel_ci95_high": 0.0005368878099534482,
    "auc_deletion_gap_top_bottom_mean": 0.3560845034963241,
    "auc_deletion_gap_top_bottom_std": 0.14291927790941422,
    "auc_deletion_gap_top_bottom_ci95_low": 0.15800848997514227,
    "auc_deletion_gap_top_bottom_ci95_high": 0.5541605170175059,
    "auc_deletion_gap_top_random_mean": 0.19691467915587188,
    "auc_deletion_gap_top_random_std": 0.09062395704726056,
    "auc_deletion_gap_top_random_ci95_low": 0.07131628260636219,
    "auc_deletion_gap_top_random_ci95_high": 0.32251307570538157,
    "auc_del_top_bottom_ratio_mean": 32.439261927328715,
    "auc_del_top_bottom_ratio_std": 19.161263318654516,
    "auc_del_top_bottom_ratio_ci95_low": 5.883105839034261,
    "auc_del_top_bottom_ratio_ci95_high": 58.99541801562317,
    "auc_del_top_random_ratio_mean": 2.0665491596960988,
    "auc_del_top_random_ratio_std": 0.2476043169111679,
    "auc_del_top_random_ratio_ci95_low": 1.7233870842797572,
    "auc_del_top_random_ratio_ci95_high": 2.4097112351124403
  },
  "runs": [
    {
      "seed": 42,
      "tag": "sml_neg_mid3_strong_full_strong_s42",
      "summary": "/home/lebedeffson/Code/bonner-shap-reconstruction/results/sml2010_ea_minimal/training_summary_20260503_191955_sml_neg_mid3_strong_full_strong_s42.json",
      "metrics_source": "shap",
      "importance_kind_eval": "ea_raw",
      "r2_final": -60.291393064042055,
      "r2_vanilla": -60.72322309463531,
      "r2_shap_raw": -60.291393064042055,
      "entropy_shap": 1.344882174730977,
      "gini_shap": 0.8039990110683659,
      "n_eff_shap": 2.0614107042919327,
      "mass3_shap": 0.8236139322854013,
      "entropy_vanilla": 2.546675489734265,
      "gini_vanilla": 0.47205881919467974,
      "n_eff_vanilla": 10.723818877341339,
      "mass3_vanilla": 0.4267325279762794,
      "base_mse": 394.7496838195607,
      "del_top_k1": 0.0007605283157090525,
      "del_bottom_k1": 9.985302057202716e-05,
      "del_random_k1": 0.00853942771782954,
      "del_top_rel_k1": 1.926609056023175e-06,
      "del_bottom_rel_k1": 2.5295275630333255e-07,
      "del_random_rel_k1": 2.1632513128833493e-05,
      "del_random_trials_k1": 20,
      "del_ratio_k1": 7.616477736334291,
      "del_top_random_ratio_k1": 0.08906080603411849,
      "ins_gain_k1": 0.16535679481967236,
      "ins_gain_rel_k1": 0.00041869597994093045,
      "del_top_k2": 0.082651851461776,
      "del_bottom_k2": 0.0034736998950961606,
      "del_random_k2": 0.03175111964804955,
      "del_top_rel_k2": 0.00020937787881688535,
      "del_bottom_rel_k2": 8.799753457646778e-06,
      "del_random_rel_k2": 8.043355308313014e-05,
      "del_random_trials_k2": 20,
      "del_ratio_k2": 23.793607373700425,
      "del_top_random_ratio_k2": 2.6031161223711408,
      "ins_gain_k2": 0.00379657268081246,
      "ins_gain_rel_k2": 9.613210758851886e-06,
      "del_top_k3": 0.07309313069822565,
      "del_bottom_k3": 0.01494457486256806,
      "del_random_k3": 0.049955709532460445,
      "del_top_rel_k3": 0.00018516324064146987,
      "del_bottom_rel_k3": 3.785835803075439e-05,
      "del_random_rel_k3": 0.00012655034716961287,
      "del_random_trials_k3": 20,
      "del_ratio_k3": 4.89094747528833,
      "del_top_random_ratio_k3": 1.4631586935877212,
      "ins_gain_k3": 0.08152706097138207,
      "ins_gain_rel_k3": 0.00020643271854865308,
      "del_top_k4": 0.08873929003482317,
      "del_bottom_k4": 0.015257264294973538,
      "del_random_k4": 0.05072025847541397,
      "del_top_rel_k4": 0.0002247988881870403,
      "del_bottom_rel_k4": 3.865047882330303e-05,