{
  "multiseed": "/home/lebedeffson/Code/bonner-shap-reconstruction/results/multiseed_config_sml2010_ea_minimal_timeblock_sml_timeblock3_nf.json",
  "config": "/home/lebedeffson/Code/bonner-shap-reconstruction/configs/config_sml2010_ea_minimal_timeblock.yaml",
  "results_dir": "/home/lebedeffson/Code/bonner-shap-reconstruction/results/sml2010_ea_minimal",
  "eval_importance": "vanilla_permutation",
  "mask": "permute",
  "insertion_baseline": "mean",
  "k_list": [
    1,
    2,
    3,
    4
  ],
  "random_trials": 20,
  "aggregate": {
    "n_runs": 3,
    "delta_r2_mean": -0.0001514229326120923,
    "delta_r2_std": 2.2997695083045e-05,
    "wins": 0,
    "losses": 3,
    "deletion_runs_with_model": 3,
    "deletion_runs_skipped_no_model": 0,
    "shap_stability": {
      "pearson_mean": 0.5549679954588703,
      "spearman_mean": 0.8666666666666666,
      "topk_overlap_mean": 0.3333333333333333
    },
    "vanilla_stability": {
      "pearson_mean": 0.8248693418048045,
      "spearman_mean": 0.9081871345029239,
      "topk_overlap_mean": 0.5555555555555555
    },
    "entropy_shap_mean": 2.3030147022116676,
    "entropy_shap_std": 0.40739254785759593,
    "entropy_shap_ci95_low": 1.738397437149524,
    "entropy_shap_ci95_high": 2.867631967273811,
    "gini_shap_mean": 0.5594586604823103,
    "gini_shap_std": 0.14072617730000345,
    "gini_shap_ci95_low": 0.36442212933409635,
    "gini_shap_ci95_high": 0.7544951916305243,
    "n_eff_shap_mean": 8.424020017505944,
    "n_eff_shap_std": 3.511929576161689,
    "n_eff_shap_ci95_low": 3.5567339495330303,
    "n_eff_shap_ci95_high": 13.291306085478858,
    "mass3_shap_mean": 0.5335845847517383,
    "mass3_shap_std": 0.1941045808067548,
    "mass3_shap_ci95_low": 0.2645693606699945,
    "mass3_shap_ci95_high": 0.8025998088334821,
    "entropy_vanilla_mean": 2.4391686229117684,
    "entropy_vanilla_std": 0.04318175852445152,
    "entropy_vanilla_ci95_low": 2.379321758930417,
    "entropy_vanilla_ci95_high": 2.4990154868931196,
    "gini_vanilla_mean": 0.5171822877789531,
    "gini_vanilla_std": 0.02106258066474541,
    "gini_vanilla_ci95_low": 0.4879910402889861,
    "gini_vanilla_ci95_high": 0.5463735352689202,
    "n_eff_vanilla_mean": 9.17876318735466,
    "n_eff_vanilla_std": 0.9820482062244404,
    "n_eff_vanilla_ci95_low": 7.817713813050822,
    "n_eff_vanilla_ci95_high": 10.539812561658499,
    "mass3_vanilla_mean": 0.44275244327366486,
    "mass3_vanilla_std": 0.021901893753987198,
    "mass3_vanilla_ci95_low": 0.41239796718889243,
    "mass3_vanilla_ci95_high": 0.4731069193584373,
    "auc_deletion_top_mean": 0.37914189046333036,
    "auc_deletion_top_std": 0.08232664824227466,
    "auc_deletion_top_ci95_low": 0.26504297722416525,
    "auc_deletion_top_ci95_high": 0.49324080370249546,
    "auc_deletion_bottom_mean": -0.0143656951406399,
    "auc_deletion_bottom_std": 0.0031034251830120954,
    "auc_deletion_bottom_ci95_low": -0.018666823004593294,
    "auc_deletion_bottom_ci95_high": -0.010064567276686507,
    "auc_deletion_random_mean": 0.11499312148501228,
    "auc_deletion_random_std": 0.03231830950609407,
    "auc_deletion_random_ci95_low": 0.07020222970085252,
    "auc_deletion_random_ci95_high": 0.15978401326917205,
    "auc_deletion_top_rel_mean": 0.0007720029094807272,
    "auc_deletion_top_rel_std": 0.00016763307328992037,
    "auc_deletion_top_rel_ci95_low": 0.0005396753230468166,
    "auc_deletion_top_rel_ci95_high": 0.0010043304959146378,
    "auc_deletion_bottom_rel_mean": -2.9251209281713417e-05,
    "auc_deletion_bottom_rel_std": 6.319183020642202e-06,
    "auc_deletion_bottom_rel_ci95_low": -3.80091501260052e-05,
    "auc_deletion_bottom_rel_ci95_high": -2.0493268437421632e-05,
    "auc_deletion_random_rel_mean": 0.00023414725691673144,
    "auc_deletion_random_rel_std": 6.580628623405649e-05,
    "auc_deletion_random_rel_ci95_low": 0.00014294439728475503,
    "auc_deletion_random_rel_ci95_high": 0.0003253501165487078,
    "auc_insertion_gain_top_mean": -0.3129142024802339,
    "auc_insertion_gain_top_std": 0.020831969814083216,
    "auc_insertion_gain_top_ci95_low": -0.3417858396374168,
    "auc_insertion_gain_top_ci95_high": -0.28404256532305094,
    "auc_insertion_gain_top_rel_mean": -0.0006371798168528348,
    "auc_insertion_gain_top_rel_std": 4.242024887020258e-05,
    "auc_insertion_gain_top_rel_ci95_low": -0.0006959712822988876,
    "auc_insertion_gain_top_rel_ci95_high": -0.000578388351406782,
    "auc_deletion_gap_top_bottom_mean": 0.39350758560397026,
    "auc_deletion_gap_top_bottom_std": 0.08477809895771607,
    "auc_deletion_gap_top_bottom_ci95_low": 0.27601113501252406,
    "auc_deletion_gap_top_bottom_ci95_high": 0.5110040361954165,
    "auc_deletion_gap_top_random_mean": 0.26414876897831807,
    "auc_deletion_gap_top_random_std": 0.050392377317109,
    "auc_deletion_gap_top_random_ci95_low": 0.19430849720508175,
    "auc_deletion_gap_top_random_ci95_high": 0.3339890407515544,
    "auc_del_top_bottom_ratio_mean": -26.59466435652779,
    "auc_del_top_bottom_ratio_std": 3.3110428105942367,
    "auc_del_top_bottom_ratio_ci95_low": -31.183535571901285,
    "auc_del_top_bottom_ratio_ci95_high": -22.005793141154296,
    "auc_del_top_random_ratio_mean": 3.3811565793714173,
    "auc_del_top_random_ratio_std": 0.31761808892000054,
    "auc_del_top_random_ratio_ci95_low": 2.9409603665458426,
    "auc_del_top_random_ratio_ci95_high": 3.821352792196992
  },
  "runs": [
    {
      "seed": 42,
      "tag": "sml_timeblock3_nf_s42",
      "summary": "/home/lebedeffson/Code/bonner-shap-reconstruction/results/sml2010_ea_minimal/training_summary_20260503_203033_sml_timeblock3_nf_s42.json",
      "metrics_source": "shap",
      "importance_kind_eval": "vanilla_permutation",
      "r2_final": 0.7848413956877439,
      "r2_vanilla": 0.7849669061702085,
      "r2_shap_raw": 0.7848413956877439,
      "entropy_shap": 2.581546485474997,
      "gini_shap": 0.46486810459369377,
      "n_eff_shap": 10.837400198514485,
      "mass3_shap": 0.39476196085398685,
      "entropy_vanilla": 2.419619221558985,
      "gini_vanilla": 0.5177342104344118,
      "n_eff_vanilla": 8.290621533270059,
      "mass3_vanilla": 0.4489742113420585,
      "base_mse": 491.1140908879588,
      "del_top_k1": 0.09568977233948317,
      "del_bottom_k1": -0.0017971846415321124,
      "del_random_k1": 0.009257734442471133,
      "del_top_rel_k1": 0.0001948422456510484,
      "del_bottom_rel_k1": -3.6594035375419775e-06,
      "del_random_rel_k1": 1.885047611998399e-05,
      "del_random_trials_k1": 20,
      "del_ratio_k1": -53.24426337805293,
      "del_top_random_ratio_k1": 10.33619757876797,
      "ins_gain_k1": -0.15446443415856947,
      "ins_gain_rel_k1": -0.00031453196253150535,
      "del_top_k2": 0.1425828908575113,
      "del_bottom_k2": -0.009449387154859323,
      "del_random_k2": 0.03206419561907694,
      "del_top_rel_k2": 0.0002903253918039982,
      "del_bottom_rel_k2": -1.9240716831753575e-05,
      "del_random_rel_k2": 6.528868996835991e-05,
      "del_random_trials_k2": 20,
      "del_ratio_k2": -15.089115149576397,
      "del_top_random_ratio_k2": 4.446794566342818,
      "ins_gain_k2": -0.19666491703372913,
      "ins_gain_rel_k2": -0.0004004637226211775,
      "del_top_k3": 0.14150433880763558,
      "del_bottom_k3": -0.005991089651729453,
      "del_random_k3": 0.06316283928925373,
      "del_top_rel_k3": 0.00028812925842096765,
      "del_bottom_rel_k3": -1.219897731074515e-05,
      "del_random_rel_k3": 0.00012861133586098504,
      "del_random_trials_k3": 20,
      "del_ratio_k3": -23.61913225424803,
      "del_top_random_ratio_k3": 2.2403099733591336,
      "ins_gain_k3": -0.0688640243035934,
      "ins_gain_rel_k3": -0.0001402260451088109,
      "del_top_k4": 0.13552400684466193,
      "del_bottom_k4": -0.002642335728069156,
      "del_random_k4": 0.05710523147960487,
      "del_top_rel_k4": 0.00027595218577342685,
      "del_bottom_rel_k4": -5.380288973773234e-06,