{
  "multiseed": "/home/lebedeffson/Code/bonner-shap-reconstruction/results/multiseed_config_sml2010_ea_minimal_full_rho1_qerr_focus_orderfix_smoke1_full_rho1.json",
  "config": "/home/lebedeffson/Code/bonner-shap-reconstruction/results/ablation/configs/config_sml2010_ea_minimal_full_rho1.yaml",
  "results_dir": "/home/lebedeffson/Code/bonner-shap-reconstruction/results/sml2010_ea_minimal",
  "eval_importance": "ea_raw",
  "mask": "permute",
  "insertion_baseline": "mean",
  "k_list": [
    1,
    2,
    3,
    4
  ],
  "random_trials": 8,
  "aggregate": {
    "n_runs": 1,
    "delta_r2_mean": -0.040164104972211956,
    "delta_r2_std": 0.0,
    "wins": 0,
    "losses": 1,
    "deletion_runs_with_model": 1,
    "deletion_runs_skipped_no_model": 0,
    "shap_stability": {
      "pearson_mean": NaN,
      "spearman_mean": NaN,
      "topk_overlap_mean": NaN
    },
    "vanilla_stability": {
      "pearson_mean": NaN,
      "spearman_mean": NaN,
      "topk_overlap_mean": NaN
    },
    "entropy_shap_mean": 2.091230955232948,
    "entropy_shap_std": 0.0,
    "entropy_shap_ci95_low": 2.091230955232948,
    "entropy_shap_ci95_high": 2.091230955232948,
    "gini_shap_mean": 0.655737287710203,
    "gini_shap_std": 0.0,
    "gini_shap_ci95_low": 0.655737287710203,
    "gini_shap_ci95_high": 0.655737287710203,
    "n_eff_shap_mean": 4.7257847166315265,
    "n_eff_shap_std": 0.0,
    "n_eff_shap_ci95_low": 4.7257847166315265,
    "n_eff_shap_ci95_high": 4.7257847166315265,
    "mass3_shap_mean": 0.6361848721971339,
    "mass3_shap_std": 0.0,
    "mass3_shap_ci95_low": 0.6361848721971339,
    "mass3_shap_ci95_high": 0.6361848721971339,
    "entropy_vanilla_mean": 2.4798542555824343,
    "entropy_vanilla_std": 0.0,
    "entropy_vanilla_ci95_low": 2.4798542555824343,
    "entropy_vanilla_ci95_high": 2.4798542555824343,
    "gini_vanilla_mean": 0.506434328426344,
    "gini_vanilla_std": 0.0,
    "gini_vanilla_ci95_low": 0.506434328426344,
    "gini_vanilla_ci95_high": 0.506434328426344,
    "n_eff_vanilla_mean": 10.25452818475302,
    "n_eff_vanilla_std": 0.0,
    "n_eff_vanilla_ci95_low": 10.25452818475302,
    "n_eff_vanilla_ci95_high": 10.25452818475302,
    "mass3_vanilla_mean": 0.42948782989815126,
    "mass3_vanilla_std": 0.0,
    "mass3_vanilla_ci95_low": 0.42948782989815126,
    "mass3_vanilla_ci95_high": 0.42948782989815126,
    "auc_deletion_top_mean": 0.19918018115328096,
    "auc_deletion_top_std": 0.0,
    "auc_deletion_top_ci95_low": 0.19918018115328096,
    "auc_deletion_top_ci95_high": 0.19918018115328096,
    "auc_deletion_bottom_mean": 0.00369413340479241,
    "auc_deletion_bottom_std": 0.0,
    "auc_deletion_bottom_ci95_low": 0.00369413340479241,
    "auc_deletion_bottom_ci95_high": 0.00369413340479241,
    "auc_deletion_random_mean": 0.12434743359092693,
    "auc_deletion_random_std": 0.0,
    "auc_deletion_random_ci95_low": 0.12434743359092693,
    "auc_deletion_random_ci95_high": 0.12434743359092693,
    "auc_deletion_top_rel_mean": 0.0005044900791870882,
    "auc_deletion_top_rel_std": 0.0,
    "auc_deletion_top_rel_ci95_low": 0.0005044900791870882,
    "auc_deletion_top_rel_ci95_high": 0.0005044900791870882,
    "auc_deletion_bottom_rel_mean": 9.356621944616063e-06,
    "auc_deletion_bottom_rel_std": 0.0,
    "auc_deletion_bottom_rel_ci95_low": 9.356621944616063e-06,
    "auc_deletion_bottom_rel_ci95_high": 9.356621944616063e-06,
    "auc_deletion_random_rel_mean": 0.00031495124793928114,
    "auc_deletion_random_rel_std": 0.0,
    "auc_deletion_random_rel_ci95_low": 0.00031495124793928114,
    "auc_deletion_random_rel_ci95_high": 0.00031495124793928114,
    "auc_insertion_gain_top_mean": 0.0016833782009939569,
    "auc_insertion_gain_top_std": 0.0,
    "auc_insertion_gain_top_ci95_low": 0.0016833782009939569,
    "auc_insertion_gain_top_ci95_high": 0.0016833782009939569,
    "auc_insertion_gain_top_rel_mean": 4.263384865325491e-06,
    "auc_insertion_gain_top_rel_std": 0.0,
    "auc_insertion_gain_top_rel_ci95_low": 4.263384865325491e-06,
    "auc_insertion_gain_top_rel_ci95_high": 4.263384865325491e-06,
    "auc_deletion_gap_top_bottom_mean": 0.19548604774848855,
    "auc_deletion_gap_top_bottom_std": 0.0,
    "auc_deletion_gap_top_bottom_ci95_low": 0.19548604774848855,
    "auc_deletion_gap_top_bottom_ci95_high": 0.19548604774848855,
    "auc_deletion_gap_top_random_mean": 0.07483274756235403,
    "auc_deletion_gap_top_random_std": 0.0,
    "auc_deletion_gap_top_random_ci95_low": 0.07483274756235403,
    "auc_deletion_gap_top_random_ci95_high": 0.07483274756235403,
    "auc_del_top_bottom_ratio_mean": 53.91797189591636,
    "auc_del_top_bottom_ratio_std": 0.0,
    "auc_del_top_bottom_ratio_ci95_low": 53.91797189591636,
    "auc_del_top_bottom_ratio_ci95_high": 53.91797189591636,
    "auc_del_top_random_ratio_mean": 1.6018037156032823,
    "auc_del_top_random_ratio_std": 0.0,
    "auc_del_top_random_ratio_ci95_low": 1.6018037156032823,
    "auc_del_top_random_ratio_ci95_high": 1.6018037156032823
  },
  "runs": [
    {
      "seed": 42,
      "tag": "qerr_focus_orderfix_smoke1_full_rho1_s42",
      "summary": "/home/lebedeffson/Code/bonner-shap-reconstruction/results/sml2010_ea_minimal/training_summary_20260504_182616_qerr_focus_orderfix_smoke1_full_rho1_s42.json",
      "metrics_source": "shap",
      "importance_kind_eval": "ea_raw",
      "r2_final": 0.4591345210602041,
      "r2_vanilla": 0.49929862603241604,
      "r2_shap_raw": 0.4591345210602041,
      "entropy_shap": 2.091230955232948,
      "gini_shap": 0.655737287710203,
      "n_eff_shap": 4.7257847166315265,
      "mass3_shap": 0.6361848721971339,
      "entropy_vanilla": 2.4798542555824343,
      "gini_vanilla": 0.506434328426344,
      "n_eff_vanilla": 10.25452818475302,
      "mass3_vanilla": 0.42948782989815126,
      "base_mse": 394.814862314498,
      "del_top_k1": 0.001983368325227275,
      "del_bottom_k1": -0.0017031349284479802,
      "del_random_k1": 0.013689134711164286,
      "del_top_rel_k1": 5.023540181846996e-06,
      "del_bottom_rel_k1": -4.313755866392152e-06,
      "del_random_rel_k1": 3.4672288249017045e-05,
      "del_random_trials_k1": 8,
      "del_ratio_k1": -1.1645397515270286,
      "del_top_random_ratio_k1": 0.14488631801284244,
      "ins_gain_k1": 0.04559625725016758,
      "ins_gain_rel_k1": 0.00011547873969204924,
      "del_top_k2": 0.03057835692243316,
      "del_bottom_k2": -0.0006790727958332354,
      "del_random_k2": 0.05011374842908367,
      "del_top_rel_k2": 7.744986281209255e-05,
      "del_bottom_rel_k2": -1.7199777937749065e-06,
      "del_random_rel_k2": 0.00012692974153836285,
      "del_random_trials_k2": 8,
      "del_ratio_k2": -45.02957143194419,
      "del_top_random_ratio_k2": 0.610179000381395,
      "ins_gain_k2": 0.04763363027188916,
      "ins_gain_rel_k2": 0.00012063866471703854,
      "del_top_k3": 0.10073775144593355,
      "del_bottom_k3": 0.002677759835478355,
      "del_random_k3": 0.04334993559510991,
      "del_top_rel_k3": 0.00025515187259006613,
      "del_bottom_rel_k3": 6.782317716665192e-06,
      "del_random_rel_k3": 0.00010979813510814217,
      "del_random_trials_k3": 8,
      "del_ratio_k3": 37.62015923669182,
      "del_top_random_ratio_k3": 2.323827015211839,
      "ins_gain_k3": 0.020619818375507748,
      "ins_gain_rel_k3": 5.222250207112868e-05,
      "del_top_k4": 0.1337447772446012,
      "del_bottom_k4": 0.0050940276587425615,
      "del_random_k4": 0.0480783644223024,
      "del_top_rel_k4": 0.0003387531473880122,
      "del_bottom_rel_k4": 1.2902319909843705e-05,
      "del_random_rel_k4": 0.00012177445433653522,
      "del_random_trials_k4": 8,
      "del_ratio_k4": 26.255212216762935,
      "del_top_random_ratio_k4": 2.781807968071776,
      "ins_gain_k4": -0.17873639814297348,
      "ins_gain_rel_k4": -0.00045267430353773273,
      "insertion_baseline_mse": 394.8454700125792,
      "auc_deletion_top": 0.19918018115328096,
      "auc_deletion_bottom": 0.00369413340479241,