{
  "multiseed": "/home/lebedeffson/Code/bonner-shap-reconstruction/results/multiseed_config_sml2010_ea_minimal_sml_ea10_ckpt.json",
  "config": "/home/lebedeffson/Code/bonner-shap-reconstruction/configs/config_sml2010_ea_minimal.yaml",
  "results_dir": "/home/lebedeffson/Code/bonner-shap-reconstruction/results/sml2010_ea_minimal",
  "eval_importance": "final",
  "mask": "mean",
  "insertion_baseline": "mean",
  "k_list": [
    1,
    2,
    3,
    4
  ],
  "aggregate": {
    "n_runs": 10,
    "delta_r2_mean": 7.206160178996335e-06,
    "delta_r2_std": 6.990059750944925e-06,
    "wins": 10,
    "losses": 0,
    "deletion_runs_with_model": 10,
    "deletion_runs_skipped_no_model": 0,
    "shap_stability": {
      "pearson_mean": 0.44029787925245484,
      "spearman_mean": 0.8910331384015595,
      "topk_overlap_mean": 0.7111111111111111
    },
    "vanilla_stability": {
      "pearson_mean": 0.8845130755188819,
      "spearman_mean": 0.9229239766081871,
      "topk_overlap_mean": 0.8814814814814814
    },
    "entropy_shap_mean": 1.7548297026692043,
    "entropy_shap_std": 0.7079374706235019,
    "gini_shap_mean": 0.6994880265828562,
    "gini_shap_std": 0.164117080428535,
    "n_eff_shap_mean": 5.198638306169995,
    "n_eff_shap_std": 3.5690414543804345,
    "mass3_shap_mean": 0.7092295970936776,
    "mass3_shap_std": 0.20121003617406824,
    "entropy_vanilla_mean": 2.440815681862613,
    "entropy_vanilla_std": 0.08330967773392807,
    "gini_vanilla_mean": 0.5210004064731606,
    "gini_vanilla_std": 0.0410937864257016,
    "n_eff_vanilla_mean": 9.264825329225006,
    "n_eff_vanilla_std": 1.3389641095103046,
    "mass3_vanilla_mean": 0.45790212928924284,
    "mass3_vanilla_std": 0.05087589241313487,
    "auc_deletion_top_mean": 0.3288009541446428,
    "auc_deletion_top_std": 0.2170681126550702,
    "auc_deletion_bottom_mean": 0.007872471479271326,
    "auc_deletion_bottom_std": 0.0033998172458374917,
    "auc_insertion_gain_top_mean": -0.26723425448825255,
    "auc_insertion_gain_top_std": 0.16922909169072115,
    "auc_del_top_bottom_ratio_mean": 121.90678879084268,
    "auc_del_top_bottom_ratio_std": 263.32660157509923
  },
  "runs": [
    {
      "seed": 42,
      "tag": "sml_ea10_ckpt_s42",
      "summary": "/home/lebedeffson/Code/bonner-shap-reconstruction/results/sml2010_ea_minimal/training_summary_20260502_214148_sml_ea10_ckpt_s42.json",
      "metrics_source": "shap",
      "importance_kind_eval": "shap",
      "r2_final": 0.9532353169852847,
      "r2_vanilla": 0.9532332813069075,
      "r2_shap_raw": 0.9532353169852847,
      "entropy_shap": 1.449015695231739,
      "gini_shap": 0.8112995111487793,
      "n_eff_shap": 2.8429903439298543,
      "mass3_shap": 0.8723945308961055,
      "entropy_vanilla": 2.4316954853843225,
      "gini_vanilla": 0.5314071238325195,
      "n_eff_vanilla": 8.85484168830812,
      "mass3_vanilla": 0.49522172288105043,
      "base_mse": 394.73258970288776,
      "del_top_k1": 0.037059826781671745,
      "del_bottom_k1": -0.0007563740801401764,
      "del_ratio_k1": -48.99669066369945,
      "ins_gain_k1": -0.21810310166318914,
      "del_top_k2": 0.09200436496638531,
      "del_bottom_k2": -0.0006680966145609091,
      "del_ratio_k2": -137.71116796417866,
      "ins_gain_k2": -0.1970480592914896,
      "del_top_k3": 0.06217682155801185,
      "del_bottom_k3": 0.007135419227040529,
      "del_ratio_k3": 8.713828798407734,
      "ins_gain_k3": -0.039927390686557374,
      "del_top_k4": 0.0867547496957286,
      "del_bottom_k4": 0.00965818856985834,
      "del_ratio_k4": 8.982507336571764,
      "ins_gain_k4": -0.03596802453176906,
      "insertion_baseline_mse": 394.75324097172324,
      "auc_deletion_top": 0.21608847476309734,
      "auc_deletion_bottom": 0.010918229857338702,
      "auc_insertion_gain_top": -0.3640110130755261,
      "auc_del_top_bottom_ratio": 19.791530089290223
    },
    {
      "seed": 43,
      "tag": "sml_ea10_ckpt_s43",
      "summary": "/home/lebedeffson/Code/bonner-shap-reconstruction/results/sml2010_ea_minimal/training_summary_20260502_214214_sml_ea10_ckpt_s43.json",
      "metrics_source": "shap",
      "importance_kind_eval": "shap",
      "r2_final": 0.9504549459973808,
      "r2_vanilla": 0.9504482777730557,
      "r2_shap_raw": 0.9504549459973808,
      "entropy_shap": 2.1798452591726205,
      "gini_shap": 0.6218841035237361,
      "n_eff_shap": 5.227714574458774,
      "mass3_shap": 0.6182939907143362,
      "entropy_vanilla": 2.285008200487149,
      "gini_vanilla": 0.5857461316113322,
      "n_eff_vanilla": 6.881086457511058,
      "mass3_vanilla": 0.54940125587356,
      "base_mse": 403.8014439266034,
      "del_top_k1": 0.03825315627642567,
      "del_bottom_k1": -0.0007022301807637632,
      "del_ratio_k1": -54.47381411219664,
      "ins_gain_k1": 0.024210837881014413,
      "del_top_k2": 0.03988262723112257,
      "del_bottom_k2": -0.0010776111469112948,
      "del_ratio_k2": -37.01022152791056,
      "ins_gain_k2": 0.028614045163067203,
      "del_top_k3": 0.03946386603820429,
      "del_bottom_k3": 0.0022431003336578215,
      "del_ratio_k3": 17.593446636538612,
      "ins_gain_k3": 0.030939492009963487,
      "del_top_k4": 0.014020677428106865,
      "del_bottom_k4": 0.005289958783237125,
      "del_ratio_k4": 2.650432262324103,
      "ins_gain_k4": -0.2432410822057136,
      "insertion_baseline_mse": 403.8630902458222,
      "auc_deletion_top": 0.10548341012159312,
      "auc_deletion_bottom": 0.0034593534879832077,
      "auc_insertion_gain_top": -0.04996158498931891,
      "auc_del_top_bottom_ratio": 30.492232279100623
    },
    {
      "seed": 44,
      "tag": "sml_ea10_ckpt_s44",
      "summary": "/home/lebedeffson/Code/bonner-shap-reconstruction/results/sml2010_ea_minimal/training_summary_20260502_214240_sml_ea10_ckpt_s44.json",
      "metrics_source": "shap",
      "importance_kind_eval": "shap",
      "r2_final": 0.9541671047241952,
      "r2_vanilla": 0.9541631776421334,
      "r2_shap_raw": 0.9541671047241952,
      "entropy_shap": 2.5128735840533576,
      "gini_shap": 0.5087852807213056,
      "n_eff_shap": 9.683909710161034,
      "mass3_shap": 0.45828683563216166,
      "entropy_vanilla": 2.4201430751972604,
      "gini_vanilla": 0.5297060769369268,
      "n_eff_vanilla": 8.535463313829155,
      "mass3_vanilla": 0.4599375628586926,
      "base_mse": 401.5606194114059,
      "del_top_k1": 0.0028615932918114595,
      "del_bottom_k1": -0.00013671917929514166,
      "del_ratio_k1": -20.930445366150558,
      "ins_gain_k1": -0.15657184866870466,
      "del_top_k2": 0.06221770524598469,
      "del_bottom_k2": 3.788417143368861e-05,
      "del_ratio_k2": 1642.313959870413,
      "ins_gain_k2": -0.1930687916569127,
      "del_top_k3": 0.03233344800634086,
      "del_bottom_k3": 0.0047317395600430245,
      "del_ratio_k3": 6.833311003113101,
      "ins_gain_k3": -0.23422684720981124,
      "del_top_k4": 0.03389445433049332,
      "del_bottom_k4": 0.00722843743744761,
      "del_ratio_k4": 4.689043049637646,
      "ins_gain_k4": -0.23228923631660336,
      "insertion_baseline_mse": 401.56446826152364,
      "auc_deletion_top": 0.11292917706347794,
      "auc_deletion_bottom": 0.008315482860552947,
      "auc_insertion_gain_top": -0.621726181359378,
      "auc_del_top_bottom_ratio": 13.580591643765109
    },
    {
      "seed": 45,
      "tag": "sml_ea10_ckpt_s45",
      "summary": "/home/lebedeffson/Code/bonner-shap-reconstruction/results/sml2010_ea_minimal/training_summary_20260502_214305_sml_ea10_ckpt_s45.json",
      "metrics_source": "shap",
      "importance_kind_eval": "shap",
      "r2_final": 0.9505996628876295,
      "r2_vanilla": 0.9505940044327843,
      "r2_shap_raw": 0.9505996628876295,
      "entropy_shap": 2.5600973956873108,
      "gini_shap": 0.4821085696279379,
      "n_eff_shap": 10.087173164591789,
      "mass3_shap": 0.4478418838023646,
      "entropy_vanilla": 2.372308396673645,
      "gini_vanilla": 0.5587223032574935,