{
  "multiseed": "/home/lebedeffson/Code/bonner-shap-reconstruction/results/multiseed_config_sml2010_eaar_v2_eaar_bottom_007_sml_eaar_v2_fast3_eaar_bottom_007.json",
  "config": "/home/lebedeffson/Code/bonner-shap-reconstruction/results/eaar_v2_ablation_fast3/configs/config_sml2010_eaar_v2_eaar_bottom_007.yaml",
  "results_dir": "/home/lebedeffson/Code/bonner-shap-reconstruction/results/sml2010_eaar_v2",
  "eval_importance": "ea_raw",
  "mask": "permute",
  "insertion_baseline": "mean",
  "k_list": [
    1,
    2,
    3,
    4
  ],
  "random_trials": 20,
  "aggregate": {
    "n_runs": 3,
    "delta_r2_mean": -6.903172414810903e-05,
    "delta_r2_std": 0.00031440389205774125,
    "wins": 1,
    "losses": 2,
    "deletion_runs_with_model": 3,
    "deletion_runs_skipped_no_model": 0,
    "shap_stability": {
      "pearson_mean": 0.5708214147571944,
      "spearman_mean": 0.8760233918128656,
      "topk_overlap_mean": 0.7777777777777777
    },
    "vanilla_stability": {
      "pearson_mean": 0.8830804587805515,
      "spearman_mean": 0.9187134502923976,
      "topk_overlap_mean": 0.7777777777777777
    },
    "entropy_shap_mean": 2.045811721524945,
    "entropy_shap_std": 0.447103400685919,
    "entropy_shap_ci95_low": 1.4261580223524495,
    "entropy_shap_ci95_high": 2.6654654206974406,
    "gini_shap_mean": 0.6476276620250344,
    "gini_shap_std": 0.12534006873692122,
    "gini_shap_ci95_low": 0.47391518941083505,
    "gini_shap_ci95_high": 0.8213401346392337,
    "n_eff_shap_mean": 5.912648597038145,
    "n_eff_shap_std": 2.831089164742306,
    "n_eff_shap_ci95_low": 1.9889591978333794,
    "n_eff_shap_ci95_high": 9.83633799624291,
    "mass3_shap_mean": 0.6500141320255756,
    "mass3_shap_std": 0.17124457851705616,
    "mass3_shap_ci95_low": 0.4126812547123241,
    "mass3_shap_ci95_high": 0.887347009338827,
    "entropy_vanilla_mean": 2.378948920356244,
    "entropy_vanilla_std": 0.06659333641551711,
    "entropy_vanilla_ci95_low": 2.2866552648241956,
    "entropy_vanilla_ci95_high": 2.4712425758882923,
    "gini_vanilla_mean": 0.5489531107935929,
    "gini_vanilla_std": 0.02602586118723964,
    "gini_vanilla_ci95_low": 0.5128831074474277,
    "gini_vanilla_ci95_high": 0.585023114139758,
    "n_eff_vanilla_mean": 8.090463819882778,
    "n_eff_vanilla_std": 0.8650417485046948,
    "n_eff_vanilla_ci95_low": 6.8915771225835885,
    "n_eff_vanilla_ci95_high": 9.289350517181969,
    "mass3_vanilla_mean": 0.5015201805377677,
    "mass3_vanilla_std": 0.03679393988693161,
    "mass3_vanilla_ci95_low": 0.4505263815125534,
    "mass3_vanilla_ci95_high": 0.552513979562982,
    "auc_deletion_top_mean": 0.3407925310602972,
    "auc_deletion_top_std": 0.13109357054346987,
    "auc_deletion_top_ci95_low": 0.15910611176585782,
    "auc_deletion_top_ci95_high": 0.5224789503547367,
    "auc_deletion_bottom_mean": 0.013565199801538105,
    "auc_deletion_bottom_std": 0.0031029808504519935,
    "auc_deletion_bottom_ci95_low": 0.00926468775109476,
    "auc_deletion_bottom_ci95_high": 0.01786571185198145,
    "auc_deletion_random_mean": 0.20577952214823983,
    "auc_deletion_random_std": 0.031182999373602818,
    "auc_deletion_random_ci95_low": 0.1625620899312114,
    "auc_deletion_random_ci95_high": 0.24899695436526825,
    "auc_deletion_top_rel_mean": 0.0008540507065040243,
    "auc_deletion_top_rel_std": 0.0003314645822682522,
    "auc_deletion_top_rel_ci95_low": 0.00039466423296773145,
    "auc_deletion_top_rel_ci95_high": 0.001313437180040317,
    "auc_deletion_bottom_rel_mean": 3.394130416151799e-05,
    "auc_deletion_bottom_rel_std": 7.832135460773975e-06,
    "auc_deletion_bottom_rel_ci95_low": 2.3086518214367582e-05,
    "auc_deletion_bottom_rel_ci95_high": 4.479609010866841e-05,
    "auc_deletion_random_rel_mean": 0.0005146679397476868,
    "auc_deletion_random_rel_std": 7.896715978405555e-05,
    "auc_deletion_random_rel_ci95_low": 0.0004052250399659661,
    "auc_deletion_random_rel_ci95_high": 0.0006241108395294076,
    "auc_insertion_gain_top_mean": -0.3444639410200618,
    "auc_insertion_gain_top_std": 0.2328906280635655,
    "auc_insertion_gain_top_ci95_low": -0.6672338840820027,
    "auc_insertion_gain_top_ci95_high": -0.021693997958120936,
    "auc_insertion_gain_top_rel_mean": -0.0008627820205838041,
    "auc_insertion_gain_top_rel_std": 0.0005807424612607359,
    "auc_insertion_gain_top_rel_ci95_low": -0.0016676500082454513,
    "auc_insertion_gain_top_rel_ci95_high": -5.791403292215681e-05,
    "auc_deletion_gap_top_bottom_mean": 0.3272273312587591,
    "auc_deletion_gap_top_bottom_std": 0.1281573608450928,
    "auc_deletion_gap_top_bottom_ci95_low": 0.14961029099018766,
    "auc_deletion_gap_top_bottom_ci95_high": 0.5048443715273305,
    "auc_deletion_gap_top_random_mean": 0.13501300891205734,
    "auc_deletion_gap_top_random_std": 0.10341287250131197,
    "auc_deletion_gap_top_random_ci95_low": -0.008309920166951423,
    "auc_deletion_gap_top_random_ci95_high": 0.2783359379910661,
    "auc_del_top_bottom_ratio_mean": 24.102221256396096,
    "auc_del_top_bottom_ratio_std": 5.674775770570258,
    "auc_del_top_bottom_ratio_ci95_low": 16.23738329539274,
    "auc_del_top_bottom_ratio_ci95_high": 31.967059217399452,
    "auc_del_top_random_ratio_mean": 1.5990569316895353,
    "auc_del_top_random_ratio_std": 0.4784679661980822,
    "auc_del_top_random_ratio_ci95_low": 0.9359341624703039,
    "auc_del_top_random_ratio_ci95_high": 2.2621797009087667
  },
  "runs": [
    {
      "seed": 42,
      "tag": "sml_eaar_v2_fast3_eaar_bottom_007_s42",
      "summary": "/home/lebedeffson/Code/bonner-shap-reconstruction/results/sml2010_eaar_v2/training_summary_20260503_114155_sml_eaar_v2_fast3_eaar_bottom_007_s42.json",
      "metrics_source": "vanilla_fallback",
      "importance_kind_eval": "ea_raw",
      "r2_final": 0.9532332813069075,
      "r2_vanilla": 0.9532332813069075,
      "r2_shap_raw": 0.9528328159654386,
      "entropy_shap": 1.4428678286611505,
      "gini_shap": 0.8126400879831424,
      "n_eff_shap": 2.828608980760445,
      "mass3_shap": 0.8742005573294667,
      "entropy_vanilla": 2.4316954853843225,
      "gini_vanilla": 0.5314071238325195,
      "n_eff_vanilla": 8.85484168830812,
      "mass3_vanilla": 0.49522172288105043,
      "base_mse": 394.73258970288776,
      "del_top_k1": 0.11053640781318563,
      "del_bottom_k1": -0.0005463709882747025,
      "del_random_k1": 0.020708248219116855,
      "del_top_rel_k1": 0.00028002858313874024,
      "del_bottom_rel_k1": -1.3841547481193545e-06,
      "del_random_rel_k1": 5.2461460642770196e-05,
      "del_random_trials_k1": 20,
      "del_ratio_k1": -202.3101709051958,
      "del_top_random_ratio_k1": 5.337796159204136,
      "ins_gain_k1": -0.21810310166318914,
      "ins_gain_rel_k1": -0.0005525049043962418,
      "del_top_k2": 0.12175455210802966,
      "del_bottom_k2": -0.00010486751665439442,
      "del_random_k2": 0.05862698945302327,
      "del_top_rel_k2": 0.00030844818817638817,
      "del_bottom_rel_k2": -2.65667237491911e-07,
      "del_random_rel_k2": 0.0001485233066191753,
      "del_random_trials_k2": 20,
      "del_ratio_k2": -1161.032101773907,
      "del_top_random_ratio_k2": 2.0767662341507847,
      "ins_gain_k2": -0.1970480592914896,
      "ins_gain_rel_k2": -0.0004991676795520064,
      "del_top_k3": 0.1557814149145429,
      "del_bottom_k3": 0.008042276593300812,
      "del_random_k3": 0.08900165776598215,
      "del_top_rel_k3": 0.0003946505025891021,
      "del_bottom_rel_k3": 2.0373986853616907e-05,
      "del_random_rel_k3": 0.0002254732953085348,
      "del_random_trials_k3": 20,
      "del_ratio_k3": 19.370313006262172,
      "del_top_random_ratio_k3": 1.7503203740586357,
      "ins_gain_k3": -0.039927390686557374,
      "ins_gain_rel_k3": -0.00010114518778432861,
      "del_top_k4": 0.1837237716022173,
      "del_bottom_k4": 0.013061121252462726,
      "del_random_k4": 0.09991365745194969,
      "del_top_rel_k4": 0.0004654385687802072,