{
  "multiseed": "/home/lebedeffson/Code/bonner-shap-reconstruction/results/multiseed_config_sml2010_ea_minimal_full_rho1_qerr_focus_orderfix_nf3_full_rho1.json",
  "config": "/home/lebedeffson/Code/bonner-shap-reconstruction/results/ablation/configs/config_sml2010_ea_minimal_full_rho1.yaml",
  "results_dir": "/home/lebedeffson/Code/bonner-shap-reconstruction/results/sml2010_ea_minimal",
  "eval_importance": "ea_raw",
  "mask": "permute",
  "insertion_baseline": "mean",
  "k_list": [
    1,
    2,
    3,
    4
  ],
  "random_trials": 20,
  "aggregate": {
    "n_runs": 3,
    "delta_r2_mean": -0.045662782608247555,
    "delta_r2_std": 0.0277598141457502,
    "wins": 0,
    "losses": 3,
    "deletion_runs_with_model": 3,
    "deletion_runs_skipped_no_model": 0,
    "shap_stability": {
      "pearson_mean": 0.5297347662822623,
      "spearman_mean": 0.8532163742690059,
      "topk_overlap_mean": 0.7777777777777777
    },
    "vanilla_stability": {
      "pearson_mean": 0.7895004866979054,
      "spearman_mean": 0.8415204678362572,
      "topk_overlap_mean": 0.5555555555555555
    },
    "entropy_shap_mean": 1.3697049983298217,
    "entropy_shap_std": 0.5742482078887173,
    "entropy_shap_ci95_low": 0.5738375866404466,
    "entropy_shap_ci95_high": 2.165572410019197,
    "gini_shap_mean": 0.7968277618838134,
    "gini_shap_std": 0.10101521203401768,
    "gini_shap_ci95_low": 0.6568278206766018,
    "gini_shap_ci95_high": 0.936827703091025,
    "n_eff_shap_mean": 2.900091535217211,
    "n_eff_shap_std": 1.658394704542921,
    "n_eff_shap_ci95_low": 0.6016737379435364,
    "n_eff_shap_ci95_high": 5.198509332490886,
    "mass3_shap_mean": 0.8206554334479111,
    "mass3_shap_std": 0.14160346418705477,
    "mass3_shap_ci95_low": 0.6244030447062123,
    "mass3_shap_ci95_high": 1.01690782218961,
    "entropy_vanilla_mean": 2.441215264634958,
    "entropy_vanilla_std": 0.047827272914548406,
    "entropy_vanilla_ci95_low": 2.374930046188026,
    "entropy_vanilla_ci95_high": 2.5075004830818903,
    "gini_vanilla_mean": 0.5292440727878728,
    "gini_vanilla_std": 0.02833552198812563,
    "gini_vanilla_ci95_low": 0.48997304288519505,
    "gini_vanilla_ci95_high": 0.5685151026905505,
    "n_eff_vanilla_mean": 9.54919428542768,
    "n_eff_vanilla_std": 0.8987483330106443,
    "n_eff_vanilla_ci95_low": 8.303592645357893,
    "n_eff_vanilla_ci95_high": 10.794795925497466,
    "mass3_vanilla_mean": 0.4464642243522454,
    "mass3_vanilla_std": 0.05197069301794146,
    "mass3_vanilla_ci95_low": 0.3744365186185819,
    "mass3_vanilla_ci95_high": 0.518491930085909,
    "auc_deletion_top_mean": 0.5265203052434421,
    "auc_deletion_top_std": 0.12227620591964838,
    "auc_deletion_top_ci95_low": 0.3570541298516918,
    "auc_deletion_top_ci95_high": 0.6959864806351923,
    "auc_deletion_bottom_mean": 0.012135774752361309,
    "auc_deletion_bottom_std": 0.0059558978896817475,
    "auc_deletion_bottom_ci95_low": 0.0038813214120980294,
    "auc_deletion_bottom_ci95_high": 0.02039022809262459,
    "auc_deletion_random_mean": 0.21501588868658575,
    "auc_deletion_random_std": 0.02862383776816853,
    "auc_deletion_random_ci95_low": 0.1753452734992528,
    "auc_deletion_random_ci95_high": 0.25468650387391867,
    "auc_deletion_top_rel_mean": 0.0013133310313462154,
    "auc_deletion_top_rel_std": 0.00029482677736170705,
    "auc_deletion_top_rel_ci95_low": 0.0009047219647924497,
    "auc_deletion_top_rel_ci95_high": 0.001721940097899981,
    "auc_deletion_bottom_rel_mean": 3.0482235706497974e-05,
    "auc_deletion_bottom_rel_std": 1.5245384057155655e-05,
    "auc_deletion_bottom_rel_ci95_low": 9.353211387226208e-06,
    "auc_deletion_bottom_rel_ci95_high": 5.161126002576974e-05,
    "auc_deletion_random_rel_mean": 0.0005368572387983225,
    "auc_deletion_random_rel_std": 6.699710337615637e-05,
    "auc_deletion_random_rel_ci95_low": 0.0004440039908087354,
    "auc_deletion_random_rel_ci95_high": 0.0006297104867879097,
    "auc_insertion_gain_top_mean": -0.3268716042297323,
    "auc_insertion_gain_top_std": 0.113003544907279,
    "auc_insertion_gain_top_ci95_low": -0.4834865271177612,
    "auc_insertion_gain_top_ci95_high": -0.1702566813417035,
    "auc_insertion_gain_top_rel_mean": -0.0008185410099837988,
    "auc_insertion_gain_top_rel_std": 0.0002848856497109629,
    "auc_insertion_gain_top_rel_ci95_low": -0.0012133723765395791,
    "auc_insertion_gain_top_rel_ci95_high": -0.0004237096434280186,
    "auc_deletion_gap_top_bottom_mean": 0.5143845304910807,
    "auc_deletion_gap_top_bottom_std": 0.1281294450262859,
    "auc_deletion_gap_top_bottom_ci95_low": 0.33680617957347947,
    "auc_deletion_gap_top_bottom_ci95_high": 0.6919628814086819,
    "auc_deletion_gap_top_random_mean": 0.3115044165568563,
    "auc_deletion_gap_top_random_std": 0.09406370454242831,
    "auc_deletion_gap_top_random_ci95_low": 0.18113877319971763,
    "auc_deletion_gap_top_random_ci95_high": 0.441870059913995,
    "auc_del_top_bottom_ratio_mean": 61.155257888963774,
    "auc_del_top_bottom_ratio_std": 37.74318470577122,
    "auc_del_top_bottom_ratio_ci95_low": 8.84587266487042,
    "auc_del_top_bottom_ratio_ci95_high": 113.46464311305712,
    "auc_del_top_random_ratio_mean": 2.413293037694507,
    "auc_del_top_random_ratio_std": 0.2773745556937452,
    "auc_del_top_random_ratio_ci95_low": 2.0288715163455873,
    "auc_del_top_random_ratio_ci95_high": 2.7977145590434267
  },
  "runs": [
    {
      "seed": 42,
      "tag": "qerr_focus_orderfix_nf3_full_rho1_s42",
      "summary": "/home/lebedeffson/Code/bonner-shap-reconstruction/results/sml2010_ea_minimal/training_summary_20260504_183620_qerr_focus_orderfix_nf3_full_rho1_s42.json",
      "metrics_source": "shap",
      "importance_kind_eval": "ea_raw",
      "r2_final": 0.8531411554761056,
      "r2_vanilla": 0.9380579076447224,
      "r2_shap_raw": 0.8531411554761056,
      "entropy_shap": 1.284221620421345,
      "gini_shap": 0.8241055542549418,
      "n_eff_shap": 2.042928557393012,
      "mass3_shap": 0.8656592272526694,
      "entropy_vanilla": 2.486457289498423,
      "gini_vanilla": 0.5037672074553787,
      "n_eff_vanilla": 10.385866708993037,
      "mass3_vanilla": 0.3935269997110678,
      "base_mse": 394.75213382012527,
      "del_top_k1": 0.049926832599055615,
      "del_bottom_k1": -0.0003433841353057687,
      "del_random_k1": 0.01478339683181673,
      "del_top_rel_k1": 0.00012647640967991677,
      "del_bottom_rel_k1": -8.698727780968398e-07,
      "del_random_rel_k1": 3.744982120490062e-05,
      "del_random_trials_k1": 20,
      "del_ratio_k1": -145.396445587081,
      "del_top_random_ratio_k1": 3.3772233244950973,
      "ins_gain_k1": -0.023759292178510805,
      "ins_gain_rel_k1": -6.0179055978089955e-05,
      "del_top_k2": 0.10171953866921513,
      "del_bottom_k2": -0.0015543754077498306,
      "del_random_k2": 0.0482818872781479,
      "del_top_rel_k2": 0.00025767951571242147,
      "del_bottom_rel_k2": -3.937598494294906e-06,
      "del_random_rel_k2": 0.00012230937629370268,
      "del_random_trials_k2": 20,
      "del_ratio_k2": -65.44077976755226,
      "del_top_random_ratio_k2": 2.106784643299269,
      "ins_gain_k2": -0.03947361294302709,
      "ins_gain_rel_k2": -9.99812934286149e-05,
      "del_top_k3": 0.1461093788948915,
      "del_bottom_k3": 0.014928718419469078,
      "del_random_k3": 0.07806051190618746,
      "del_top_rel_k3": 0.00037012942141933565,
      "del_bottom_rel_k3": 3.781795496581542e-05,
      "del_random_rel_k3": 0.00019774563635862878,
      "del_random_trials_k3": 20,
      "del_ratio_k3": 9.787134754618847,
      "del_top_random_ratio_k3": 1.8717450773140318,
      "ins_gain_k3": -0.2131862524070698,
      "ins_gain_rel_k3": -0.0005399717853955189,
      "del_top_k4": 0.16510391428931825,
      "del_bottom_k4": 0.013788206672018077,
      "del_random_k4": 0.08160476709846023,
      "del_top_rel_k4": 0.00041824704705598856,
      "del_bottom_rel_k4": 3.4928770463089746e-05,