{
  "multiseed": "/home/lebedeffson/Code/bonner-shap-reconstruction/results/multiseed_config_sml2010_ea_minimal_random_target_strong_sml_strong_rand3_random_target_strong.json",
  "config": "/home/lebedeffson/Code/bonner-shap-reconstruction/results/ablation_strong_rand3/configs/config_sml2010_ea_minimal_random_target_strong.yaml",
  "results_dir": "/home/lebedeffson/Code/bonner-shap-reconstruction/results/sml2010_ea_minimal",
  "eval_importance": "ea_raw",
  "mask": "permute",
  "insertion_baseline": "mean",
  "k_list": [
    1,
    2,
    3,
    4
  ],
  "random_trials": 20,
  "aggregate": {
    "n_runs": 3,
    "delta_r2_mean": 2.7910922228092154,
    "delta_r2_std": 4.022539180768113,
    "wins": 1,
    "losses": 2,
    "deletion_runs_with_model": 3,
    "deletion_runs_skipped_no_model": 0,
    "shap_stability": {
      "pearson_mean": 0.4869499458630622,
      "spearman_mean": 0.9,
      "topk_overlap_mean": 0.3333333333333333
    },
    "vanilla_stability": {
      "pearson_mean": 0.7964306996674866,
      "spearman_mean": 0.8590643274853801,
      "topk_overlap_mean": 0.7777777777777777
    },
    "entropy_shap_mean": 2.105301138559204,
    "entropy_shap_std": 0.41668240314917615,
    "entropy_shap_ci95_low": 1.527808790938141,
    "entropy_shap_ci95_high": 2.682793486180267,
    "gini_shap_mean": 0.6313191261817901,
    "gini_shap_std": 0.11433893497788684,
    "gini_shap_ci95_low": 0.4728534470798275,
    "gini_shap_ci95_high": 0.7897848052837526,
    "n_eff_shap_mean": 5.963614120205641,
    "n_eff_shap_std": 2.5614342829713728,
    "n_eff_shap_ci95_low": 2.4136473201422315,
    "n_eff_shap_ci95_high": 9.51358092026905,
    "mass3_shap_mean": 0.6104606638902167,
    "mass3_shap_std": 0.148919942747242,
    "mass3_shap_ci95_low": 0.40406815320406175,
    "mass3_shap_ci95_high": 0.8168531745763716,
    "entropy_vanilla_mean": 2.476108748158927,
    "entropy_vanilla_std": 0.04720542633149434,
    "entropy_vanilla_ci95_low": 2.4106853651060356,
    "entropy_vanilla_ci95_high": 2.541532131211818,
    "gini_vanilla_mean": 0.4892701297001058,
    "gini_vanilla_std": 0.022140888717777574,
    "gini_vanilla_ci95_low": 0.4585844234945848,
    "gini_vanilla_ci95_high": 0.5199558359056268,
    "n_eff_vanilla_mean": 9.639273324098875,
    "n_eff_vanilla_std": 1.1563915498713584,
    "n_eff_vanilla_ci95_low": 8.03659640312199,
    "n_eff_vanilla_ci95_high": 11.24195024507576,
    "mass3_vanilla_mean": 0.4383787605988685,
    "mass3_vanilla_std": 0.02574930112849258,
    "mass3_vanilla_ci95_low": 0.4026920499388763,
    "mass3_vanilla_ci95_high": 0.47406547125886067,
    "auc_deletion_top_mean": 0.48358086530836886,
    "auc_deletion_top_std": 0.06070215011726647,
    "auc_deletion_top_ci95_low": 0.399451977426544,
    "auc_deletion_top_ci95_high": 0.5677097531901938,
    "auc_deletion_bottom_mean": 0.010578495805930288,
    "auc_deletion_bottom_std": 0.003990710284881819,
    "auc_deletion_bottom_ci95_low": 0.005047653529716255,
    "auc_deletion_bottom_ci95_high": 0.01610933808214432,
    "auc_deletion_random_mean": 0.18547854841222555,
    "auc_deletion_random_std": 0.03265065437319238,
    "auc_deletion_random_ci95_low": 0.140227050141999,
    "auc_deletion_random_ci95_high": 0.23073004668245212,
    "auc_deletion_top_rel_mean": 0.0012098133566784829,
    "auc_deletion_top_rel_std": 0.00016002336414132194,
    "auc_deletion_top_rel_ci95_low": 0.0009880322890505615,
    "auc_deletion_top_rel_ci95_high": 0.0014315944243064043,
    "auc_deletion_bottom_rel_mean": 2.653828694019626e-05,
    "auc_deletion_bottom_rel_std": 1.0291879033248262e-05,
    "auc_deletion_bottom_rel_ci95_low": 1.227447032729573e-05,
    "auc_deletion_bottom_rel_ci95_high": 4.080210355309679e-05,
    "auc_deletion_random_rel_mean": 0.00046375292599045776,
    "auc_deletion_random_rel_std": 8.171941339577601e-05,
    "auc_deletion_random_rel_ci95_low": 0.00035049559731164734,
    "auc_deletion_random_rel_ci95_high": 0.0005770102546692682,
    "auc_insertion_gain_top_mean": -0.23739418061167802,
    "auc_insertion_gain_top_std": 0.13847927409638347,
    "auc_insertion_gain_top_ci95_low": -0.42931666279567104,
    "auc_insertion_gain_top_ci95_high": -0.04547169842768503,
    "auc_insertion_gain_top_rel_mean": -0.0005957640677355389,
    "auc_insertion_gain_top_rel_std": 0.00034855591009536773,
    "auc_insertion_gain_top_rel_ci95_low": -0.0010788379131316619,
    "auc_insertion_gain_top_rel_ci95_high": -0.0001126902223394159,
    "auc_deletion_gap_top_bottom_mean": 0.47300236950243857,
    "auc_deletion_gap_top_bottom_std": 0.05752711333786724,
    "auc_deletion_gap_top_bottom_ci95_low": 0.3932738580935843,
    "auc_deletion_gap_top_bottom_ci95_high": 0.5527308809112929,
    "auc_deletion_gap_top_random_mean": 0.2981023168961433,
    "auc_deletion_gap_top_random_std": 0.08667012122652722,
    "auc_deletion_gap_top_random_ci95_low": 0.17798365722288975,
    "auc_deletion_gap_top_random_ci95_high": 0.41822097656939683,
    "auc_del_top_bottom_ratio_mean": 49.92270225401925,
    "auc_del_top_bottom_ratio_std": 11.981561428305712,
    "auc_del_top_bottom_ratio_ci95_low": 33.31710531710928,
    "auc_del_top_bottom_ratio_ci95_high": 66.52829919092922,
    "auc_del_top_random_ratio_mean": 2.723251518436164,
    "auc_del_top_random_ratio_std": 0.6796155444021134,
    "auc_del_top_random_ratio_ci95_low": 1.7813524287449818,
    "auc_del_top_random_ratio_ci95_high": 3.6651506081273464
  },
  "runs": [
    {
      "seed": 42,
      "tag": "sml_strong_rand3_random_target_strong_s42",
      "summary": "/home/lebedeffson/Code/bonner-shap-reconstruction/results/sml2010_ea_minimal/training_summary_20260503_192319_sml_strong_rand3_random_target_strong_s42.json",
      "metrics_source": "shap",
      "importance_kind_eval": "ea_raw",
      "r2_final": 0.8681561938316835,
      "r2_vanilla": 0.9449178478056306,
      "r2_shap_raw": 0.8681561938316835,
      "entropy_shap": 2.3148764274096303,
      "gini_shap": 0.5826233908324909,
      "n_eff_shap": 6.593906615708006,
      "mass3_shap": 0.5318503580080931,
      "entropy_vanilla": 2.410706870938237,
      "gini_vanilla": 0.519421547516872,
      "n_eff_vanilla": 8.005717246064748,
      "mass3_vanilla": 0.4708920234867759,
      "base_mse": 394.7547578591329,
      "del_top_k1": 0.1425727914596564,
      "del_bottom_k1": -0.0006243606375164745,
      "del_random_k1": 0.01316458173672288,
      "del_top_rel_k1": 0.0003611680128514948,
      "del_bottom_rel_k1": -1.581641829733878e-06,
      "del_random_rel_k1": 3.334876014697862e-05,
      "del_random_trials_k1": 20,
      "del_ratio_k1": -228.35006424351104,
      "del_top_random_ratio_k1": 10.830028199917399,
      "ins_gain_k1": -0.04337950767200027,
      "ins_gain_rel_k1": -0.00010989491761623044,
      "del_top_k2": 0.19913632984315655,
      "del_bottom_k2": 0.001730921014143405,
      "del_random_k2": 0.054265936298642715,
      "del_top_rel_k2": 0.00050445580674728,
      "del_bottom_rel_k2": 4.3848008913956515e-06,
      "del_random_rel_k2": 0.0001374674661122317,
      "del_random_trials_k2": 20,
      "del_ratio_k2": 115.04645682903,
      "del_top_random_ratio_k2": 3.669637776884127,
      "ins_gain_k2": -0.2243130945958569,
      "ins_gain_rel_k2": -0.0005682606920586272,
      "del_top_k3": 0.18717352144466304,
      "del_bottom_k3": 0.006859787744872392,
      "del_random_k3": 0.07566115181311375,
      "del_top_rel_k3": 0.0004741514008843305,
      "del_bottom_rel_k3": 1.737734025569432e-05,
      "del_random_rel_k3": 0.00019166621885305566,
      "del_random_trials_k3": 20,
      "del_ratio_k3": 27.28561412957527,
      "del_top_random_ratio_k3": 2.4738391758100073,
      "ins_gain_k3": -0.05889907872216327,
      "ins_gain_rel_k3": -0.0001492112232528143,
      "del_top_k4": 0.18857601577457217,
      "del_bottom_k4": 0.01588508604550043,
      "del_random_k4": 0.08690116875713727,
      "del_top_rel_k4": 0.0004777042252695647,
      "del_bottom_rel_k4": 4.02403916083234e-05,