{
  "multiseed": "/home/lebedeffson/Code/bonner-shap-reconstruction/results/multiseed_config_sml2010_ea_minimal_sparsity_only_qerr_focus_orderfix_nf3_sparsity_only.json",
  "config": "/home/lebedeffson/Code/bonner-shap-reconstruction/results/ablation/configs/config_sml2010_ea_minimal_sparsity_only.yaml",
  "results_dir": "/home/lebedeffson/Code/bonner-shap-reconstruction/results/sml2010_ea_minimal",
  "eval_importance": "ea_raw",
  "mask": "permute",
  "insertion_baseline": "mean",
  "k_list": [
    1,
    2,
    3,
    4
  ],
  "random_trials": 20,
  "aggregate": {
    "n_runs": 3,
    "delta_r2_mean": -0.031018147401524532,
    "delta_r2_std": 0.009664470070113205,
    "wins": 0,
    "losses": 3,
    "deletion_runs_with_model": 3,
    "deletion_runs_skipped_no_model": 0,
    "shap_stability": {
      "pearson_mean": 0.5332061490941638,
      "spearman_mean": 0.8742690058479532,
      "topk_overlap_mean": 0.7777777777777777
    },
    "vanilla_stability": {
      "pearson_mean": 0.7895004866979054,
      "spearman_mean": 0.8415204678362572,
      "topk_overlap_mean": 0.5555555555555555
    },
    "entropy_shap_mean": 1.3695972682947852,
    "entropy_shap_std": 0.5724269548802732,
    "entropy_shap_ci95_low": 0.5762539844963634,
    "entropy_shap_ci95_high": 2.162940552093207,
    "gini_shap_mean": 0.7971627880382176,
    "gini_shap_std": 0.10048786073348552,
    "gini_shap_ci95_low": 0.6578937184451267,
    "gini_shap_ci95_high": 0.9364318576313085,
    "n_eff_shap_mean": 2.902132076347607,
    "n_eff_shap_std": 1.660532885712431,
    "n_eff_shap_ci95_low": 0.6007509111613749,
    "n_eff_shap_ci95_high": 5.203513241533839,
    "mass3_shap_mean": 0.8209740516778762,
    "mass3_shap_std": 0.14079124127180134,
    "mass3_shap_ci95_low": 0.6258473464653506,
    "mass3_shap_ci95_high": 1.016100756890402,
    "entropy_vanilla_mean": 2.441215264634958,
    "entropy_vanilla_std": 0.047827272914548406,
    "entropy_vanilla_ci95_low": 2.374930046188026,
    "entropy_vanilla_ci95_high": 2.5075004830818903,
    "gini_vanilla_mean": 0.5292440727878728,
    "gini_vanilla_std": 0.02833552198812563,
    "gini_vanilla_ci95_low": 0.48997304288519505,
    "gini_vanilla_ci95_high": 0.5685151026905505,
    "n_eff_vanilla_mean": 9.54919428542768,
    "n_eff_vanilla_std": 0.8987483330106443,
    "n_eff_vanilla_ci95_low": 8.303592645357893,
    "n_eff_vanilla_ci95_high": 10.794795925497466,
    "mass3_vanilla_mean": 0.4464642243522454,
    "mass3_vanilla_std": 0.05197069301794146,
    "mass3_vanilla_ci95_low": 0.3744365186185819,
    "mass3_vanilla_ci95_high": 0.518491930085909,
    "auc_deletion_top_mean": 0.5415687729268654,
    "auc_deletion_top_std": 0.11992648201987667,
    "auc_deletion_top_ci95_low": 0.3753591487138668,
    "auc_deletion_top_ci95_high": 0.7077783971398641,
    "auc_deletion_bottom_mean": 0.01274272107649684,
    "auc_deletion_bottom_std": 0.0034694364463444087,
    "auc_deletion_bottom_ci95_low": 0.007934327481809299,
    "auc_deletion_bottom_ci95_high": 0.017551114671184382,
    "auc_deletion_random_mean": 0.22193342942584401,
    "auc_deletion_random_std": 0.029945391768694915,
    "auc_deletion_random_ci95_low": 0.1804312338393773,
    "auc_deletion_random_ci95_high": 0.2634356250123107,
    "auc_deletion_top_rel_mean": 0.0013510596505791562,
    "auc_deletion_top_rel_std": 0.00028885882608273506,
    "auc_deletion_top_rel_ci95_low": 0.0009507217425109287,
    "auc_deletion_top_rel_ci95_high": 0.0017513975586473838,
    "auc_deletion_bottom_rel_mean": 3.193638086154907e-05,
    "auc_deletion_bottom_rel_std": 8.98043955664322e-06,
    "auc_deletion_bottom_rel_ci95_low": 1.949012663281394e-05,
    "auc_deletion_bottom_rel_ci95_high": 4.4382635090284205e-05,
    "auc_deletion_random_rel_mean": 0.0005541502277157907,
    "auc_deletion_random_rel_std": 7.034913586283726e-05,
    "auc_deletion_random_rel_ci95_low": 0.0004566512997181078,
    "auc_deletion_random_rel_ci95_high": 0.0006516491557134736,
    "auc_insertion_gain_top_mean": -0.3620044995256819,
    "auc_insertion_gain_top_std": 0.10035652629987936,
    "auc_insertion_gain_top_ci95_low": -0.5010915488803047,
    "auc_insertion_gain_top_ci95_high": -0.22291745017105916,
    "auc_insertion_gain_top_rel_mean": -0.000906486881038834,
    "auc_insertion_gain_top_rel_std": 0.0002550138794267571,
    "auc_insertion_gain_top_rel_ci95_low": -0.0012599180861799573,
    "auc_insertion_gain_top_rel_ci95_high": -0.0005530556758977107,
    "auc_deletion_gap_top_bottom_mean": 0.5288260518503686,
    "auc_deletion_gap_top_bottom_std": 0.1229759647402335,
    "auc_deletion_gap_top_bottom_ci95_low": 0.3583900602124459,
    "auc_deletion_gap_top_bottom_ci95_high": 0.6992620434882912,
    "auc_deletion_gap_top_random_mean": 0.31963534350102146,
    "auc_deletion_gap_top_random_std": 0.0905479369777124,
    "auc_deletion_gap_top_random_ci95_low": 0.194142305392612,
    "auc_deletion_gap_top_random_ci95_high": 0.4451283816094309,
    "auc_del_top_bottom_ratio_mean": 48.43589609423271,
    "auc_del_top_bottom_ratio_std": 21.80379062175948,
    "auc_del_top_bottom_ratio_ci95_low": 18.217384013965866,
    "auc_del_top_bottom_ratio_ci95_high": 78.65440817449955,
    "auc_del_top_random_ratio_mean": 2.409021329491137,
    "auc_del_top_random_ratio_std": 0.24826764337549148,
    "auc_del_top_random_ratio_ci95_low": 2.0649399304983107,
    "auc_del_top_random_ratio_ci95_high": 2.7531027284839635
  },
  "runs": [
    {
      "seed": 42,
      "tag": "qerr_focus_orderfix_nf3_sparsity_only_s42",
      "summary": "/home/lebedeffson/Code/bonner-shap-reconstruction/results/sml2010_ea_minimal/training_summary_20260504_184628_qerr_focus_orderfix_nf3_sparsity_only_s42.json",
      "metrics_source": "shap",
      "importance_kind_eval": "ea_raw",
      "r2_final": 0.9184058987711012,
      "r2_vanilla": 0.9380579076447224,
      "r2_shap_raw": 0.9184058987711012,
      "entropy_shap": 1.2825909985120227,
      "gini_shap": 0.8248914209225398,
      "n_eff_shap": 2.0428801152451963,
      "mass3_shap": 0.8657917828096022,
      "entropy_vanilla": 2.486457289498423,
      "gini_vanilla": 0.5037672074553787,
      "n_eff_vanilla": 10.385866708993037,
      "mass3_vanilla": 0.3935269997110678,
      "base_mse": 394.74102838881964,
      "del_top_k1": 0.05378326251144472,
      "del_bottom_k1": -0.0005543807388335154,
      "del_random_k1": 0.01509942351706286,
      "del_top_rel_k1": 0.00013624948673556197,
      "del_bottom_rel_k1": -1.4044163108564667e-06,
      "del_random_rel_k1": 3.825146724345537e-05,
      "del_random_trials_k1": 20,
      "del_ratio_k1": -97.01502747304367,
      "del_top_random_ratio_k1": 3.561941450751803,
      "ins_gain_k1": -0.047413408112674915,
      "ins_gain_rel_k1": -0.00012010377990716417,
      "del_top_k2": 0.1084694142368221,
      "del_bottom_k2": -0.0011779274677223839,
      "del_random_k2": 0.04925137368207118,
      "del_top_rel_k2": 0.0002747862685557467,
      "del_bottom_rel_k2": -2.9840512716152804e-06,
      "del_random_rel_k2": 0.00012476882345647253,
      "del_random_trials_k2": 20,
      "del_ratio_k2": -92.08496898254803,
      "del_top_random_ratio_k2": 2.2023632261470407,
      "ins_gain_k2": -0.05585068918787783,
      "ins_gain_rel_k2": -0.00014147641245158902,
      "del_top_k3": 0.15135103678716177,
      "del_bottom_k3": 0.011953293837905221,
      "del_random_k3": 0.08145723427596181,
      "del_top_rel_k3": 0.00038341856027714635,
      "del_bottom_rel_k3": 3.02813565812855e-05,
      "del_random_rel_k3": 0.00020635613837365361,
      "del_random_trials_k3": 20,
      "del_ratio_k3": 12.661868672093458,
      "del_top_random_ratio_k3": 1.8580429120948894,
      "ins_gain_k3": -0.22499015917776433,
      "ins_gain_rel_k3": -0.000569926728214677,
      "del_top_k4": 0.17101841298898535,
      "del_bottom_k4": 0.012809823636814599,
      "del_random_k4": 0.08320405685340689,
      "del_top_rel_k4": 0.00043324205159776775,
      "del_bottom_rel_k4": 3.245120906002428e-05,