{
  "multiseed": "/home/lebedeffson/Code/bonner-shap-reconstruction/results/multiseed_config_sml2010_ea_minimal_sparsity_only_sml_neg_mid3_core_sparsity_only.json",
  "config": "/home/lebedeffson/Code/bonner-shap-reconstruction/results/ablation_neg_mid3_core/configs/config_sml2010_ea_minimal_sparsity_only.yaml",
  "results_dir": "/home/lebedeffson/Code/bonner-shap-reconstruction/results/sml2010_ea_minimal",
  "eval_importance": "ea_raw",
  "mask": "permute",
  "insertion_baseline": "mean",
  "k_list": [
    1,
    2,
    3,
    4
  ],
  "random_trials": 20,
  "aggregate": {
    "n_runs": 3,
    "delta_r2_mean": 0.035141658736620375,
    "delta_r2_std": 0.1004496216228754,
    "wins": 1,
    "losses": 2,
    "deletion_runs_with_model": 3,
    "deletion_runs_skipped_no_model": 0,
    "shap_stability": {
      "pearson_mean": 0.28295816468114937,
      "spearman_mean": 0.8467836257309941,
      "topk_overlap_mean": 0.5555555555555555
    },
    "vanilla_stability": {
      "pearson_mean": 0.813715694935687,
      "spearman_mean": 0.8368421052631579,
      "topk_overlap_mean": 0.4444444444444444
    },
    "entropy_shap_mean": 1.7985228698908768,
    "entropy_shap_std": 0.37320297536398167,
    "entropy_shap_ci95_low": 1.2812899347986966,
    "entropy_shap_ci95_high": 2.3157558049830573,
    "gini_shap_mean": 0.7177465665492218,
    "gini_shap_std": 0.0871907516236432,
    "gini_shap_ci95_low": 0.5969063499587548,
    "gini_shap_ci95_high": 0.8385867831396887,
    "n_eff_shap_mean": 3.993109887145902,
    "n_eff_shap_std": 1.6105316223423547,
    "n_eff_shap_ci95_low": 1.7610269374575465,
    "n_eff_shap_ci95_high": 6.225192836834258,
    "mass3_shap_mean": 0.7348984623193598,
    "mass3_shap_std": 0.10681153103414442,
    "mass3_shap_ci95_low": 0.5868652328291645,
    "mass3_shap_ci95_high": 0.8829316918095552,
    "entropy_vanilla_mean": 2.5773047594240155,
    "entropy_vanilla_std": 0.03533850328930967,
    "entropy_vanilla_ci95_low": 2.528328092610822,
    "entropy_vanilla_ci95_high": 2.626281426237209,
    "gini_vanilla_mean": 0.4320225472338944,
    "gini_vanilla_std": 0.03403577548268231,
    "gini_vanilla_ci95_low": 0.38485136904626926,
    "gini_vanilla_ci95_high": 0.4791937254215195,
    "n_eff_vanilla_mean": 11.626279252737142,
    "n_eff_vanilla_std": 0.9174775007316994,
    "n_eff_vanilla_ci95_low": 10.354720310524339,
    "n_eff_vanilla_ci95_high": 12.897838194949944,
    "mass3_vanilla_mean": 0.37040902375637824,
    "mass3_vanilla_std": 0.05058900343541084,
    "mass3_vanilla_ci95_low": 0.30029624208638706,
    "mass3_vanilla_ci95_high": 0.44052180542636943,
    "auc_deletion_top_mean": 0.39805459025364104,
    "auc_deletion_top_std": 0.16046717167779687,
    "auc_deletion_top_ci95_low": 0.17565843676129675,
    "auc_deletion_top_ci95_high": 0.6204507437459853,
    "auc_deletion_bottom_mean": 0.01119413998607873,
    "auc_deletion_bottom_std": 0.0022172677207143287,
    "auc_deletion_bottom_ci95_low": 0.008121163705673371,
    "auc_deletion_bottom_ci95_high": 0.014267116266484088,
    "auc_deletion_random_mean": 0.18055459911466018,
    "auc_deletion_random_std": 0.062329596082187605,
    "auc_deletion_random_ci95_low": 0.09417018620032687,
    "auc_deletion_random_ci95_high": 0.2669390120289935,
    "auc_deletion_top_rel_mean": 0.0009921544592429218,
    "auc_deletion_top_rel_std": 0.0003959713093833965,
    "auc_deletion_top_rel_ci95_low": 0.0004433662231231022,
    "auc_deletion_top_rel_ci95_high": 0.0015409426953627414,
    "auc_deletion_bottom_rel_mean": 2.7961949870831176e-05,
    "auc_deletion_bottom_rel_std": 5.4019181893888725e-06,
    "auc_deletion_bottom_rel_ci95_low": 2.0475273223892793e-05,
    "auc_deletion_bottom_rel_ci95_high": 3.544862651776956e-05,
    "auc_deletion_random_rel_mean": 0.0004500544053451058,
    "auc_deletion_random_rel_std": 0.00015305581108606211,
    "auc_deletion_random_rel_ci95_low": 0.0002379298735839409,
    "auc_deletion_random_rel_ci95_high": 0.0006621789371062708,
    "auc_insertion_gain_top_mean": -0.3235571403343253,
    "auc_insertion_gain_top_std": 0.27227189715175004,
    "auc_insertion_gain_top_ci95_low": -0.7009067377472815,
    "auc_insertion_gain_top_ci95_high": 0.053792457078630895,
    "auc_insertion_gain_top_rel_mean": -0.0008036036656418706,
    "auc_insertion_gain_top_rel_std": 0.0006781722843412652,
    "auc_insertion_gain_top_rel_ci95_low": -0.0017435024989400116,
    "auc_insertion_gain_top_rel_ci95_high": 0.0001362951676562704,
    "auc_deletion_gap_top_bottom_mean": 0.38686045026756233,
    "auc_deletion_gap_top_bottom_std": 0.16116484182194393,
    "auc_deletion_gap_top_bottom_ci95_low": 0.16349737528690078,
    "auc_deletion_gap_top_bottom_ci95_high": 0.6102235252482239,
    "auc_deletion_gap_top_random_mean": 0.21749999113898089,
    "auc_deletion_gap_top_random_std": 0.09996465740512886,
    "auc_deletion_gap_top_random_ci95_low": 0.07895604436387385,
    "auc_deletion_gap_top_random_ci95_high": 0.35604393791408795,
    "auc_del_top_bottom_ratio_mean": 38.1437532702154,
    "auc_del_top_bottom_ratio_std": 20.929856802634536,
    "auc_del_top_bottom_ratio_ci95_low": 9.136451668379106,
    "auc_del_top_bottom_ratio_ci95_high": 67.15105487205169,
    "auc_del_top_random_ratio_mean": 2.163043766679256,
    "auc_del_top_random_ratio_std": 0.17437379589900004,
    "auc_del_top_random_ratio_ci95_low": 1.9213740153380692,
    "auc_del_top_random_ratio_ci95_high": 2.404713518020443
  },
  "runs": [
    {
      "seed": 42,
      "tag": "sml_neg_mid3_core_sparsity_only_s42",
      "summary": "/home/lebedeffson/Code/bonner-shap-reconstruction/results/sml2010_ea_minimal/training_summary_20260503_191507_sml_neg_mid3_core_sparsity_only_s42.json",
      "metrics_source": "shap",
      "importance_kind_eval": "ea_raw",
      "r2_final": -60.5475316578585,
      "r2_vanilla": -60.72322309463531,
      "r2_shap_raw": -60.5475316578585,
      "entropy_shap": 1.3541059975837673,
      "gini_shap": 0.8028368250874514,
      "n_eff_shap": 2.0804048675693902,
      "mass3_shap": 0.822330084017135,
      "entropy_vanilla": 2.546675489734265,
      "gini_vanilla": 0.47205881919467974,
      "n_eff_vanilla": 10.723818877341339,
      "mass3_vanilla": 0.4267325279762794,
      "base_mse": 394.75898020790146,
      "del_top_k1": 0.0008603081205933449,
      "del_bottom_k1": -0.0009545088438471794,
      "del_random_k1": 0.007263279128329714,
      "del_top_rel_k1": 2.17932501533026e-06,
      "del_bottom_rel_k1": -2.4179534645278516e-06,
      "del_random_rel_k1": 1.8399275234991385e-05,
      "del_random_trials_k1": 20,
      "del_ratio_k1": -0.9013097437915341,
      "del_top_random_ratio_k1": 0.11844624243055048,
      "ins_gain_k1": 0.10783186669260658,
      "ins_gain_rel_k1": 0.0002730970524971603,
      "del_top_k2": 0.08516857066297234,
      "del_bottom_k2": -0.0009754002364843473,
      "del_random_k2": 0.02669121794065461,
      "del_top_rel_k2": 0.00021574827916040755,
      "del_bottom_rel_k2": -2.4708753578465677e-06,
      "del_random_rel_k2": 6.761396010952683e-05,
      "del_random_trials_k2": 20,
      "del_ratio_k2": -87.3165369092625,
      "del_top_random_ratio_k2": 3.190883640047663,
      "ins_gain_k2": -0.060304301452674736,
      "ins_gain_rel_k2": -0.00015272782976643836,
      "del_top_k3": 0.07013532201904127,
      "del_bottom_k3": 0.00688671629086457,
      "del_random_k3": 0.043180623451453924,
      "del_top_rel_k3": 0.00017766618502789734,
      "del_bottom_rel_k3": 1.7445369544823612e-05,
      "del_random_rel_k3": 0.00010938477809602344,
      "del_random_trials_k3": 20,
      "del_ratio_k3": 10.184145686659646,
      "del_top_random_ratio_k3": 1.6242313429371185,
      "ins_gain_k3": 0.029410620608416593,
      "ins_gain_rel_k3": 7.448590149299081e-05,
      "del_top_k4": 0.08374731483814912,
      "del_bottom_k4": 0.010431688940741424,
      "del_random_k4": 0.04554992498845536,
      "del_top_rel_k4": 0.0002121479663212298,