{
  "multiseed": "/home/lebedeffson/Code/bonner-shap-reconstruction/results/multiseed_config_sml2010_ea_minimal_uniform_target_neg_core_v2_s1sm_uniform_target.json",
  "config": "/home/lebedeffson/Code/bonner-shap-reconstruction/results/ablation/configs/config_sml2010_ea_minimal_uniform_target.yaml",
  "results_dir": "/home/lebedeffson/Code/bonner-shap-reconstruction/results/sml2010_ea_minimal",
  "eval_importance": "ea_raw",
  "mask": "permute",
  "insertion_baseline": "mean",
  "k_list": [
    1,
    2,
    3,
    4
  ],
  "random_trials": 20,
  "aggregate": {
    "n_runs": 1,
    "delta_r2_mean": -0.06526485694847778,
    "delta_r2_std": 0.0,
    "wins": 0,
    "losses": 1,
    "deletion_runs_with_model": 1,
    "deletion_runs_skipped_no_model": 0,
    "shap_stability": {
      "pearson_mean": NaN,
      "spearman_mean": NaN,
      "topk_overlap_mean": NaN
    },
    "vanilla_stability": {
      "pearson_mean": NaN,
      "spearman_mean": NaN,
      "topk_overlap_mean": NaN
    },
    "entropy_shap_mean": 2.0937784524739667,
    "entropy_shap_std": 0.0,
    "entropy_shap_ci95_low": 2.0937784524739667,
    "entropy_shap_ci95_high": 2.0937784524739667,
    "gini_shap_mean": 0.6551007226855592,
    "gini_shap_std": 0.0,
    "gini_shap_ci95_low": 0.6551007226855592,
    "gini_shap_ci95_high": 0.6551007226855592,
    "n_eff_shap_mean": 4.743513216204133,
    "n_eff_shap_std": 0.0,
    "n_eff_shap_ci95_low": 4.743513216204133,
    "n_eff_shap_ci95_high": 4.743513216204133,
    "mass3_shap_mean": 0.6378676759858347,
    "mass3_shap_std": 0.0,
    "mass3_shap_ci95_low": 0.6378676759858347,
    "mass3_shap_ci95_high": 0.6378676759858347,
    "entropy_vanilla_mean": 2.4798542555824343,
    "entropy_vanilla_std": 0.0,
    "entropy_vanilla_ci95_low": 2.4798542555824343,
    "entropy_vanilla_ci95_high": 2.4798542555824343,
    "gini_vanilla_mean": 0.506434328426344,
    "gini_vanilla_std": 0.0,
    "gini_vanilla_ci95_low": 0.506434328426344,
    "gini_vanilla_ci95_high": 0.506434328426344,
    "n_eff_vanilla_mean": 10.25452818475302,
    "n_eff_vanilla_std": 0.0,
    "n_eff_vanilla_ci95_low": 10.25452818475302,
    "n_eff_vanilla_ci95_high": 10.25452818475302,
    "mass3_vanilla_mean": 0.42948782989815126,
    "mass3_vanilla_std": 0.0,
    "mass3_vanilla_ci95_low": 0.42948782989815126,
    "mass3_vanilla_ci95_high": 0.42948782989815126,
    "auc_deletion_top_mean": 0.3085759728356834,
    "auc_deletion_top_std": 0.0,
    "auc_deletion_top_ci95_low": 0.3085759728356834,
    "auc_deletion_top_ci95_high": 0.3085759728356834,
    "auc_deletion_bottom_mean": 0.01773108423441272,
    "auc_deletion_bottom_std": 0.0,
    "auc_deletion_bottom_ci95_low": 0.01773108423441272,
    "auc_deletion_bottom_ci95_high": 0.01773108423441272,
    "auc_deletion_random_mean": 0.19004425205144457,
    "auc_deletion_random_std": 0.0,
    "auc_deletion_random_ci95_low": 0.19004425205144457,
    "auc_deletion_random_ci95_high": 0.19004425205144457,
    "auc_deletion_top_rel_mean": 0.0007816947467910141,
    "auc_deletion_top_rel_std": 0.0,
    "auc_deletion_top_rel_ci95_low": 0.0007816947467910141,
    "auc_deletion_top_rel_ci95_high": 0.0007816947467910141,
    "auc_deletion_bottom_rel_mean": 4.491696250222955e-05,
    "auc_deletion_bottom_rel_std": 0.0,
    "auc_deletion_bottom_rel_ci95_low": 4.491696250222955e-05,
    "auc_deletion_bottom_rel_ci95_high": 4.491696250222955e-05,
    "auc_deletion_random_rel_mean": 0.00048142631495663463,
    "auc_deletion_random_rel_std": 0.0,
    "auc_deletion_random_rel_ci95_low": 0.00048142631495663463,
    "auc_deletion_random_rel_ci95_high": 0.00048142631495663463,
    "auc_insertion_gain_top_mean": 0.11800683600404227,
    "auc_insertion_gain_top_std": 0.0,
    "auc_insertion_gain_top_ci95_low": 0.11800683600404227,
    "auc_insertion_gain_top_ci95_high": 0.11800683600404227,
    "auc_insertion_gain_top_rel_mean": 0.00029886833989313386,
    "auc_insertion_gain_top_rel_std": 0.0,
    "auc_insertion_gain_top_rel_ci95_low": 0.00029886833989313386,
    "auc_insertion_gain_top_rel_ci95_high": 0.00029886833989313386,
    "auc_deletion_gap_top_bottom_mean": 0.29084488860127067,
    "auc_deletion_gap_top_bottom_std": 0.0,
    "auc_deletion_gap_top_bottom_ci95_low": 0.29084488860127067,
    "auc_deletion_gap_top_bottom_ci95_high": 0.29084488860127067,
    "auc_deletion_gap_top_random_mean": 0.11853172078423882,
    "auc_deletion_gap_top_random_std": 0.0,
    "auc_deletion_gap_top_random_ci95_low": 0.11853172078423882,
    "auc_deletion_gap_top_random_ci95_high": 0.11853172078423882,
    "auc_del_top_bottom_ratio_mean": 17.403107939636993,
    "auc_del_top_bottom_ratio_std": 0.0,
    "auc_del_top_bottom_ratio_ci95_low": 17.403107939636993,
    "auc_del_top_bottom_ratio_ci95_high": 17.403107939636993,
    "auc_del_top_random_ratio_mean": 1.6237058974587077,
    "auc_del_top_random_ratio_std": 0.0,
    "auc_del_top_random_ratio_ci95_low": 1.6237058974587077,
    "auc_del_top_random_ratio_ci95_high": 1.6237058974587077
  },
  "runs": [
    {
      "seed": 42,
      "tag": "neg_core_v2_s1sm_uniform_target_s42",
      "summary": "/home/lebedeffson/Code/bonner-shap-reconstruction/results/sml2010_ea_minimal/training_summary_20260504_111457_neg_core_v2_s1sm_uniform_target_s42.json",
      "metrics_source": "shap",
      "importance_kind_eval": "ea_raw",
      "r2_final": 0.43403376908393826,
      "r2_vanilla": 0.49929862603241604,
      "r2_shap_raw": 0.43403376908393826,
      "entropy_shap": 2.0937784524739667,
      "gini_shap": 0.6551007226855592,
      "n_eff_shap": 4.743513216204133,
      "mass3_shap": 0.6378676759858347,
      "entropy_vanilla": 2.4798542555824343,
      "gini_vanilla": 0.506434328426344,
      "n_eff_vanilla": 10.25452818475302,
      "mass3_vanilla": 0.42948782989815126,
      "base_mse": 394.7525221353192,
      "del_top_k1": 0.0039581644386430526,
      "del_bottom_k1": -0.00030523500271328885,
      "del_random_k1": 0.018055044707728028,
      "del_top_rel_k1": 1.0026951613208953e-05,
      "del_bottom_rel_k1": -7.73231292005919e-07,
      "del_random_rel_k1": 4.57376297688069e-05,
      "del_random_trials_k1": 20,
      "del_ratio_k1": -12.967596823515697,
      "del_top_random_ratio_k1": 0.21922761768236598,
      "ins_gain_k1": 0.10158561423423862,
      "ins_gain_rel_k1": 0.0002572793654273657,
      "del_top_k2": 0.06889709819785139,
      "del_bottom_k2": 0.0021749525068344155,
      "del_random_k2": 0.053054160573992704,
      "del_top_rel_k2": 0.0001745323825296134,
      "del_bottom_rel_k2": 5.509660825140585e-06,
      "del_random_rel_k2": 0.00013439853477568373,
      "del_random_trials_k2": 20,
      "del_ratio_k2": 31.677518451403675,
      "del_top_random_ratio_k2": 1.2986181941464234,
      "ins_gain_k2": 0.0714703888181134,
      "ins_gain_rel_k2": 0.00018100846680487785,
      "del_top_k3": 0.14634853934381908,
      "del_bottom_k3": 0.010318487331630877,
      "del_random_k3": 0.08676906569666584,
      "del_top_rel_k3": 0.0003707349063970037,
      "del_bottom_rel_k3": 2.6139129588876253e-05,
      "del_random_rel_k3": 0.0002198062351250073,
      "del_random_trials_k3": 20,
      "del_ratio_k3": 14.183138925897676,
      "del_top_random_ratio_k3": 1.6866441763214233,
      "ins_gain_k3": 0.05807034527009591,
      "ins_gain_rel_k3": 0.00014707103652283467,
      "del_top_k4": 0.18270250614938277,
      "del_bottom_k4": 0.010780523794608143,
      "del_random_k4": 0.08238700685384401,
      "del_top_rel_k4": 0.00046282796411558524,
      "del_bottom_rel_k4": 2.7309575468431346e-05,
      "del_random_rel_k4": 0.0002087054603430803,
      "del_random_trials_k4": 20,
      "del_ratio_k4": 16.947460959532744,
      "del_top_random_ratio_k4": 2.2176131058054165,
      "ins_gain_k4": -0.12465341040257272,
      "ins_gain_rel_k4": -0.000315701692296523,
      "insertion_baseline_mse": 394.84555656259073,
      "auc_deletion_top": 0.3085759728356834,
      "auc_deletion_bottom": 0.01773108423441272,