{
  "multiseed": "/home/lebedeffson/Code/bonner-shap-reconstruction/results/multiseed_config_sml2010_ea_minimal_shuffled_q_err_neg_core_v2_s1sm_shuffled_q_err.json",
  "config": "/home/lebedeffson/Code/bonner-shap-reconstruction/results/ablation/configs/config_sml2010_ea_minimal_shuffled_q_err.yaml",
  "results_dir": "/home/lebedeffson/Code/bonner-shap-reconstruction/results/sml2010_ea_minimal",
  "eval_importance": "ea_raw",
  "mask": "permute",
  "insertion_baseline": "mean",
  "k_list": [
    1,
    2,
    3,
    4
  ],
  "random_trials": 20,
  "aggregate": {
    "n_runs": 1,
    "delta_r2_mean": -0.08227869871640436,
    "delta_r2_std": 0.0,
    "wins": 0,
    "losses": 1,
    "deletion_runs_with_model": 1,
    "deletion_runs_skipped_no_model": 0,
    "shap_stability": {
      "pearson_mean": NaN,
      "spearman_mean": NaN,
      "topk_overlap_mean": NaN
    },
    "vanilla_stability": {
      "pearson_mean": NaN,
      "spearman_mean": NaN,
      "topk_overlap_mean": NaN
    },
    "entropy_shap_mean": 2.0926222845412363,
    "entropy_shap_std": 0.0,
    "entropy_shap_ci95_low": 2.0926222845412363,
    "entropy_shap_ci95_high": 2.0926222845412363,
    "gini_shap_mean": 0.6565251097609714,
    "gini_shap_std": 0.0,
    "gini_shap_ci95_low": 0.6565251097609714,
    "gini_shap_ci95_high": 0.6565251097609714,
    "n_eff_shap_mean": 4.7656495313711265,
    "n_eff_shap_std": 0.0,
    "n_eff_shap_ci95_low": 4.7656495313711265,
    "n_eff_shap_ci95_high": 4.7656495313711265,
    "mass3_shap_mean": 0.6405331585846417,
    "mass3_shap_std": 0.0,
    "mass3_shap_ci95_low": 0.6405331585846417,
    "mass3_shap_ci95_high": 0.6405331585846417,
    "entropy_vanilla_mean": 2.4798542555824343,
    "entropy_vanilla_std": 0.0,
    "entropy_vanilla_ci95_low": 2.4798542555824343,
    "entropy_vanilla_ci95_high": 2.4798542555824343,
    "gini_vanilla_mean": 0.506434328426344,
    "gini_vanilla_std": 0.0,
    "gini_vanilla_ci95_low": 0.506434328426344,
    "gini_vanilla_ci95_high": 0.506434328426344,
    "n_eff_vanilla_mean": 10.25452818475302,
    "n_eff_vanilla_std": 0.0,
    "n_eff_vanilla_ci95_low": 10.25452818475302,
    "n_eff_vanilla_ci95_high": 10.25452818475302,
    "mass3_vanilla_mean": 0.42948782989815126,
    "mass3_vanilla_std": 0.0,
    "mass3_vanilla_ci95_low": 0.42948782989815126,
    "mass3_vanilla_ci95_high": 0.42948782989815126,
    "auc_deletion_top_mean": 0.286598901998218,
    "auc_deletion_top_std": 0.0,
    "auc_deletion_top_ci95_low": 0.286598901998218,
    "auc_deletion_top_ci95_high": 0.286598901998218,
    "auc_deletion_bottom_mean": 0.013266979743946195,
    "auc_deletion_bottom_std": 0.0,
    "auc_deletion_bottom_ci95_low": 0.013266979743946195,
    "auc_deletion_bottom_ci95_high": 0.013266979743946195,
    "auc_deletion_random_mean": 0.18766609741679757,
    "auc_deletion_random_std": 0.0,
    "auc_deletion_random_ci95_low": 0.18766609741679757,
    "auc_deletion_random_ci95_high": 0.18766609741679757,
    "auc_deletion_top_rel_mean": 0.0007260025525383714,
    "auc_deletion_top_rel_std": 0.0,
    "auc_deletion_top_rel_ci95_low": 0.0007260025525383714,
    "auc_deletion_top_rel_ci95_high": 0.0007260025525383714,
    "auc_deletion_bottom_rel_mean": 3.360746008245243e-05,
    "auc_deletion_bottom_rel_std": 0.0,
    "auc_deletion_bottom_rel_ci95_low": 3.360746008245243e-05,
    "auc_deletion_bottom_rel_ci95_high": 3.360746008245243e-05,
    "auc_deletion_random_rel_mean": 0.0004753893500623281,
    "auc_deletion_random_rel_std": 0.0,
    "auc_deletion_random_rel_ci95_low": 0.0004753893500623281,
    "auc_deletion_random_rel_ci95_high": 0.0004753893500623281,
    "auc_insertion_gain_top_mean": 0.04195369878459587,
    "auc_insertion_gain_top_std": 0.0,
    "auc_insertion_gain_top_ci95_low": 0.04195369878459587,
    "auc_insertion_gain_top_ci95_high": 0.04195369878459587,
    "auc_insertion_gain_top_rel_mean": 0.00010625344972920489,
    "auc_insertion_gain_top_rel_std": 0.0,
    "auc_insertion_gain_top_rel_ci95_low": 0.00010625344972920489,
    "auc_insertion_gain_top_rel_ci95_high": 0.00010625344972920489,
    "auc_deletion_gap_top_bottom_mean": 0.27333192225427183,
    "auc_deletion_gap_top_bottom_std": 0.0,
    "auc_deletion_gap_top_bottom_ci95_low": 0.27333192225427183,
    "auc_deletion_gap_top_bottom_ci95_high": 0.27333192225427183,
    "auc_deletion_gap_top_random_mean": 0.09893280458142045,
    "auc_deletion_gap_top_random_std": 0.0,
    "auc_deletion_gap_top_random_ci95_low": 0.09893280458142045,
    "auc_deletion_gap_top_random_ci95_high": 0.09893280458142045,
    "auc_del_top_bottom_ratio_mean": 21.602422518764488,
    "auc_del_top_bottom_ratio_std": 0.0,
    "auc_del_top_bottom_ratio_ci95_low": 21.602422518764488,
    "auc_del_top_bottom_ratio_ci95_high": 21.602422518764488,
    "auc_del_top_random_ratio_mean": 1.527174625260993,
    "auc_del_top_random_ratio_std": 0.0,
    "auc_del_top_random_ratio_ci95_low": 1.527174625260993,
    "auc_del_top_random_ratio_ci95_high": 1.527174625260993
  },
  "runs": [
    {
      "seed": 42,
      "tag": "neg_core_v2_s1sm_shuffled_q_err_s42",
      "summary": "/home/lebedeffson/Code/bonner-shap-reconstruction/results/sml2010_ea_minimal/training_summary_20260504_111444_neg_core_v2_s1sm_shuffled_q_err_s42.json",
      "metrics_source": "shap",
      "importance_kind_eval": "ea_raw",
      "r2_final": 0.4170199273160117,
      "r2_vanilla": 0.49929862603241604,
      "r2_shap_raw": 0.4170199273160117,
      "entropy_shap": 2.0926222845412363,
      "gini_shap": 0.6565251097609714,
      "n_eff_shap": 4.7656495313711265,
      "mass3_shap": 0.6405331585846417,
      "entropy_vanilla": 2.4798542555824343,
      "gini_vanilla": 0.506434328426344,
      "n_eff_vanilla": 10.25452818475302,
      "mass3_vanilla": 0.42948782989815126,
      "base_mse": 394.7629398769499,
      "del_top_k1": 0.0053786776539368475,
      "del_bottom_k1": -0.0012093698767330352,
      "del_random_k1": 0.017823271247743834,
      "del_top_rel_k1": 1.362508257642777e-05,
      "del_bottom_rel_k1": -3.0635344774512026e-06,
      "del_random_rel_k1": 4.51493021439637e-05,
      "del_random_trials_k1": 20,
      "del_ratio_k1": -4.447504243213161,
      "del_top_random_ratio_k1": 0.301778364861946,
      "ins_gain_k1": 0.08292010987810272,
      "ins_gain_rel_k1": 0.00021000645906596677,
      "del_top_k2": 0.059273474896372136,
      "del_bottom_k2": 8.823526053447495e-05,
      "del_random_k2": 0.052940187355670784,
      "del_top_rel_k2": 0.00015014954269731577,
      "del_bottom_rel_k2": 2.2351454916709814e-07,
      "del_random_rel_k2": 0.00013410627495117055,
      "del_random_trials_k2": 20,
      "del_ratio_k2": 671.7662968926887,
      "del_top_random_ratio_k2": 1.1196309997362206,
      "ins_gain_k2": 0.044423544147377925,
      "ins_gain_rel_k2": 0.00011250866911857678,
      "del_top_k3": 0.1351358682973114,
      "del_bottom_k3": 0.008591756608666401,
      "del_random_k3": 0.08427435855854526,
      "del_top_rel_k3": 0.0003423215673169162,
      "del_bottom_rel_k3": 2.1764344473025974e-05,
      "del_random_rel_k3": 0.00021348092752783201,
      "del_random_trials_k3": 20,
      "del_ratio_k3": 15.728549403421521,
      "del_top_random_ratio_k3": 1.6035229529730468,
      "ins_gain_k3": 0.033686646010835375,
      "ins_gain_rel_k3": 8.531601389510942e-05,
      "del_top_k4": 0.17900043995513215,
      "del_bottom_k4": 0.010383345626223672,
      "del_random_k4": 0.08307983175741925,
      "del_top_rel_k4": 0.00045343780247185123,
      "del_bottom_rel_k4": 2.6302736597969912e-05,
      "del_random_rel_k4": 0.00021045499302268735,
      "del_random_trials_k4": 20,
      "del_ratio_k4": 17.2391872890967,
      "del_top_random_ratio_k4": 2.1545594901495737,
      "ins_gain_k4": -0.15523309262533758,
      "ins_gain_rel_k4": -0.0003931489256349294,
      "insertion_baseline_mse": 394.84552164205496,
      "auc_deletion_top": 0.286598901998218,
      "auc_deletion_bottom": 0.013266979743946195,