{
  "multiseed": "/home/lebedeffson/Code/bonner-shap-reconstruction/results/multiseed_config_sml2010_eaar_v2_eaar_gate_sml_eaar_v2_fast3_eaar_gate.json",
  "config": "/home/lebedeffson/Code/bonner-shap-reconstruction/results/eaar_v2_ablation_fast3/configs/config_sml2010_eaar_v2_eaar_gate.yaml",
  "results_dir": "/home/lebedeffson/Code/bonner-shap-reconstruction/results/sml2010_eaar_v2",
  "eval_importance": "ea_raw",
  "mask": "permute",
  "insertion_baseline": "mean",
  "k_list": [
    1,
    2,
    3,
    4
  ],
  "random_trials": 20,
  "aggregate": {
    "n_runs": 3,
    "delta_r2_mean": -6.902462497881956e-05,
    "delta_r2_std": 0.0003143926167137751,
    "wins": 1,
    "losses": 2,
    "deletion_runs_with_model": 3,
    "deletion_runs_skipped_no_model": 0,
    "shap_stability": {
      "pearson_mean": 0.5708214107885091,
      "spearman_mean": 0.8760233918128656,
      "topk_overlap_mean": 0.7777777777777777
    },
    "vanilla_stability": {
      "pearson_mean": 0.8830804587805515,
      "spearman_mean": 0.9187134502923976,
      "topk_overlap_mean": 0.7777777777777777
    },
    "entropy_shap_mean": 2.0458117304470917,
    "entropy_shap_std": 0.447103401212448,
    "entropy_shap_ci95_low": 1.426158030544864,
    "entropy_shap_ci95_high": 2.6654654303493195,
    "gini_shap_mean": 0.6476276582746565,
    "gini_shap_std": 0.1253400717870055,
    "gini_shap_ci95_low": 0.473915181433256,
    "gini_shap_ci95_high": 0.821340135116057,
    "n_eff_shap_mean": 5.912648558753453,
    "n_eff_shap_std": 2.831089151369999,
    "n_eff_shap_ci95_low": 1.98895917808176,
    "n_eff_shap_ci95_high": 9.836337939425146,
    "mass3_shap_mean": 0.6500141333471617,
    "mass3_shap_std": 0.1712445743053895,
    "mass3_shap_ci95_low": 0.4126812618709824,
    "mass3_shap_ci95_high": 0.8873470048233411,
    "entropy_vanilla_mean": 2.378948920356244,
    "entropy_vanilla_std": 0.06659333641551711,
    "entropy_vanilla_ci95_low": 2.2866552648241956,
    "entropy_vanilla_ci95_high": 2.4712425758882923,
    "gini_vanilla_mean": 0.5489531107935929,
    "gini_vanilla_std": 0.02602586118723964,
    "gini_vanilla_ci95_low": 0.5128831074474277,
    "gini_vanilla_ci95_high": 0.585023114139758,
    "n_eff_vanilla_mean": 8.090463819882778,
    "n_eff_vanilla_std": 0.8650417485046948,
    "n_eff_vanilla_ci95_low": 6.8915771225835885,
    "n_eff_vanilla_ci95_high": 9.289350517181969,
    "mass3_vanilla_mean": 0.5015201805377677,
    "mass3_vanilla_std": 0.03679393988693161,
    "mass3_vanilla_ci95_low": 0.4505263815125534,
    "mass3_vanilla_ci95_high": 0.552513979562982,
    "auc_deletion_top_mean": 0.34079254223045535,
    "auc_deletion_top_std": 0.13109357917066092,
    "auc_deletion_top_ci95_low": 0.15910611097933916,
    "auc_deletion_top_ci95_high": 0.5224789734815716,
    "auc_deletion_bottom_mean": 0.013565217083728006,
    "auc_deletion_bottom_std": 0.0031030000445422365,
    "auc_deletion_bottom_ci95_low": 0.009264678431632777,
    "auc_deletion_bottom_ci95_high": 0.017865755735823236,
    "auc_deletion_random_mean": 0.20577953274012847,
    "auc_deletion_random_std": 0.031183011963538475,
    "auc_deletion_random_ci95_low": 0.16256208307433945,
    "auc_deletion_random_ci95_high": 0.2489969824059175,
    "auc_deletion_top_rel_mean": 0.000854050734298085,
    "auc_deletion_top_rel_std": 0.00033146460295949907,
    "auc_deletion_top_rel_ci95_low": 0.00039466423208518703,
    "auc_deletion_top_rel_ci95_high": 0.0013134372365109829,
    "auc_deletion_bottom_rel_mean": 3.394134719818737e-05,
    "auc_deletion_bottom_rel_std": 7.83218173893236e-06,
    "auc_deletion_bottom_rel_ci95_low": 2.3086497112781714e-05,
    "auc_deletion_bottom_rel_ci95_high": 4.479619728359302e-05,
    "auc_deletion_random_rel_mean": 0.0005146679661119654,
    "auc_deletion_random_rel_std": 7.896718986002383e-05,
    "auc_deletion_random_rel_ci95_low": 0.0004052250246470793,
    "auc_deletion_random_rel_ci95_high": 0.0006241109075768515,
    "auc_insertion_gain_top_mean": -0.34446558721532483,
    "auc_insertion_gain_top_std": 0.2328925715977948,
    "auc_insertion_gain_top_ci95_low": -0.6672382238782824,
    "auc_insertion_gain_top_ci95_high": -0.021692950552367307,
    "auc_insertion_gain_top_rel_mean": -0.0008627861222394277,
    "auc_insertion_gain_top_rel_std": 0.0005807472620660343,
    "auc_insertion_gain_top_rel_ci95_low": -0.001667660763477759,
    "auc_insertion_gain_top_rel_ci95_high": -5.791148100109638e-05,
    "auc_deletion_gap_top_bottom_mean": 0.3272273251467273,
    "auc_deletion_gap_top_bottom_std": 0.1281573561807139,
    "auc_deletion_gap_top_bottom_ci95_low": 0.14961029134265524,
    "auc_deletion_gap_top_bottom_ci95_high": 0.5048443589507994,
    "auc_deletion_gap_top_random_mean": 0.13501300949032688,
    "auc_deletion_gap_top_random_std": 0.10341287286021845,
    "auc_deletion_gap_top_random_ci95_low": -0.00830992008610093,
    "auc_deletion_gap_top_random_ci95_high": 0.2783359390667547,
    "auc_del_top_bottom_ratio_mean": 24.10219551459997,
    "auc_del_top_bottom_ratio_std": 5.674767230293659,
    "auc_del_top_bottom_ratio_ci95_low": 16.23736938981611,
    "auc_del_top_bottom_ratio_ci95_high": 31.96702163938383,
    "auc_del_top_random_ratio_mean": 1.5990568982942566,
    "auc_del_top_random_ratio_std": 0.478467950758673,
    "auc_del_top_random_ratio_ci95_low": 0.9359341504729545,
    "auc_del_top_random_ratio_ci95_high": 2.2621796461155586
  },
  "runs": [
    {
      "seed": 42,
      "tag": "sml_eaar_v2_fast3_eaar_gate_s42",
      "summary": "/home/lebedeffson/Code/bonner-shap-reconstruction/results/sml2010_eaar_v2/training_summary_20260503_114313_sml_eaar_v2_fast3_eaar_gate_s42.json",
      "metrics_source": "vanilla_fallback",
      "importance_kind_eval": "ea_raw",
      "r2_final": 0.9532332813069075,
      "r2_vanilla": 0.9532332813069075,
      "r2_shap_raw": 0.9528328364086582,
      "entropy_shap": 1.4428678396861725,
      "gini_shap": 0.8126400877750977,
      "n_eff_shap": 2.828608967982206,
      "mass3_shap": 0.8742005520242943,
      "entropy_vanilla": 2.4316954853843225,
      "gini_vanilla": 0.5314071238325195,
      "n_eff_vanilla": 8.85484168830812,
      "mass3_vanilla": 0.49522172288105043,
      "base_mse": 394.73258970288776,
      "del_top_k1": 0.11053640781318563,
      "del_bottom_k1": -0.0005463709882747025,
      "del_random_k1": 0.020708248219116855,
      "del_top_rel_k1": 0.00028002858313874024,
      "del_bottom_rel_k1": -1.3841547481193545e-06,
      "del_random_rel_k1": 5.2461460642770196e-05,
      "del_random_trials_k1": 20,
      "del_ratio_k1": -202.3101709051958,
      "del_top_random_ratio_k1": 5.337796159204136,
      "ins_gain_k1": -0.21810310166318914,
      "ins_gain_rel_k1": -0.0005525049043962418,
      "del_top_k2": 0.12175455210802966,
      "del_bottom_k2": -0.00010486751665439442,
      "del_random_k2": 0.05862698945302327,
      "del_top_rel_k2": 0.00030844818817638817,
      "del_bottom_rel_k2": -2.65667237491911e-07,
      "del_random_rel_k2": 0.0001485233066191753,
      "del_random_trials_k2": 20,
      "del_ratio_k2": -1161.032101773907,
      "del_top_random_ratio_k2": 2.0767662341507847,
      "ins_gain_k2": -0.1970480592914896,
      "ins_gain_rel_k2": -0.0004991676795520064,
      "del_top_k3": 0.1557814149145429,
      "del_bottom_k3": 0.008042276593300812,
      "del_random_k3": 0.08900165776598215,
      "del_top_rel_k3": 0.0003946505025891021,
      "del_bottom_rel_k3": 2.0373986853616907e-05,
      "del_random_rel_k3": 0.0002254732953085348,
      "del_random_trials_k3": 20,
      "del_ratio_k3": 19.370313006262172,
      "del_top_random_ratio_k3": 1.7503203740586357,
      "ins_gain_k3": -0.039927390686557374,
      "ins_gain_rel_k3": -0.00010114518778432861,
      "del_top_k4": 0.1837237716022173,
      "del_bottom_k4": 0.013061121252462726,
      "del_random_k4": 0.09991365745194969,
      "del_top_rel_k4": 0.0004654385687802072,
      "del_bottom_rel_k4": 3.30885302941257e-05,