{
  "multiseed": "/home/lebedeffson/Code/bonner-shap-reconstruction/results/multiseed_config_sml2010_ea_minimal_sparsity_only_qerr_focus_orderfix_fast3_sparsity_only.json",
  "config": "/home/lebedeffson/Code/bonner-shap-reconstruction/results/ablation/configs/config_sml2010_ea_minimal_sparsity_only.yaml",
  "results_dir": "/home/lebedeffson/Code/bonner-shap-reconstruction/results/sml2010_ea_minimal",
  "eval_importance": "ea_raw",
  "mask": "permute",
  "insertion_baseline": "mean",
  "k_list": [
    1,
    2,
    3,
    4
  ],
  "random_trials": 8,
  "aggregate": {
    "n_runs": 3,
    "delta_r2_mean": -0.048387826789501466,
    "delta_r2_std": 0.018459147797985513,
    "wins": 0,
    "losses": 3,
    "deletion_runs_with_model": 3,
    "deletion_runs_skipped_no_model": 0,
    "shap_stability": {
      "pearson_mean": 0.20066489454424127,
      "spearman_mean": 0.8251461988304093,
      "topk_overlap_mean": 0.5555555555555555
    },
    "vanilla_stability": {
      "pearson_mean": 0.7980648484620713,
      "spearman_mean": 0.8596491228070176,
      "topk_overlap_mean": 0.5555555555555555
    },
    "entropy_shap_mean": 1.9041396445916214,
    "entropy_shap_std": 0.14957286971151607,
    "entropy_shap_ci95_low": 1.6968422233007132,
    "entropy_shap_ci95_high": 2.1114370658825297,
    "gini_shap_mean": 0.6948641149574306,
    "gini_shap_std": 0.0429335395898707,
    "gini_shap_ci95_low": 0.6353612648681268,
    "gini_shap_ci95_high": 0.7543669650467344,
    "n_eff_shap_mean": 3.7936730103050884,
    "n_eff_shap_std": 0.6720517736643051,
    "n_eff_shap_ci95_low": 2.8622567720307934,
    "n_eff_shap_ci95_high": 4.725089248579383,
    "mass3_shap_mean": 0.7006431728489658,
    "mass3_shap_std": 0.06642814207007543,
    "mass3_shap_ci95_low": 0.6085784649989934,
    "mass3_shap_ci95_high": 0.7927078806989383,
    "entropy_vanilla_mean": 2.5223483060666325,
    "entropy_vanilla_std": 0.056972322662901254,
    "entropy_vanilla_ci95_low": 2.443388695304657,
    "entropy_vanilla_ci95_high": 2.601307916828608,
    "gini_vanilla_mean": 0.47967432118372355,
    "gini_vanilla_std": 0.041351521273239655,
    "gini_vanilla_ci95_low": 0.42236403661853594,
    "gini_vanilla_ci95_high": 0.5369846057489112,
    "n_eff_vanilla_mean": 10.877595281384933,
    "n_eff_vanilla_std": 0.9358936542828259,
    "n_eff_vanilla_ci95_low": 9.580512852535758,
    "n_eff_vanilla_ci95_high": 12.174677710234107,
    "mass3_vanilla_mean": 0.3962787886279829,
    "mass3_vanilla_std": 0.0415952022025027,
    "mass3_vanilla_ci95_low": 0.33863077952524095,
    "mass3_vanilla_ci95_high": 0.4539267977307248,
    "auc_deletion_top_mean": 0.4609187260488075,
    "auc_deletion_top_std": 0.20884137122720278,
    "auc_deletion_top_ci95_low": 0.17147935246618518,
    "auc_deletion_top_ci95_high": 0.7503580996314299,
    "auc_deletion_bottom_mean": 0.010538940174636005,
    "auc_deletion_bottom_std": 0.006670144447792816,
    "auc_deletion_bottom_ci95_low": 0.0012945916084009315,
    "auc_deletion_bottom_ci95_high": 0.01978328874087108,
    "auc_deletion_random_mean": 0.20073285245238756,
    "auc_deletion_random_std": 0.03650155847479901,
    "auc_deletion_random_ci95_low": 0.15014427339042852,
    "auc_deletion_random_ci95_high": 0.2513214315143466,
    "auc_deletion_top_rel_mean": 0.0011509428169669675,
    "auc_deletion_top_rel_std": 0.0005180525286498834,
    "auc_deletion_top_rel_ci95_low": 0.00043295864316939285,
    "auc_deletion_top_rel_ci95_high": 0.001868926990764542,
    "auc_deletion_bottom_rel_mean": 2.650708787816795e-05,
    "auc_deletion_bottom_rel_std": 1.7031567645634084e-05,
    "auc_deletion_bottom_rel_ci95_low": 2.9025394042960303e-06,
    "auc_deletion_bottom_rel_ci95_high": 5.011163635203987e-05,
    "auc_deletion_random_rel_mean": 0.0005016959069478978,
    "auc_deletion_random_rel_std": 9.034973458781722e-05,
    "auc_deletion_random_rel_ci95_low": 0.00037647756333721515,
    "auc_deletion_random_rel_ci95_high": 0.0006269142505585804,
    "auc_insertion_gain_top_mean": -0.24388998422674982,
    "auc_insertion_gain_top_std": 0.3431635527867915,
    "auc_insertion_gain_top_ci95_low": -0.7194904036807016,
    "auc_insertion_gain_top_ci95_high": 0.23171043522720194,
    "auc_insertion_gain_top_rel_mean": -0.000605155429486793,
    "auc_insertion_gain_top_rel_std": 0.0008563975262881709,
    "auc_insertion_gain_top_rel_ci95_low": -0.0017920618460171033,
    "auc_insertion_gain_top_rel_ci95_high": 0.0005817509870435174,
    "auc_deletion_gap_top_bottom_mean": 0.45037978587417155,
    "auc_deletion_gap_top_bottom_std": 0.2114683433690767,
    "auc_deletion_gap_top_bottom_ci95_low": 0.15729961465315512,
    "auc_deletion_gap_top_bottom_ci95_high": 0.743459957095188,
    "auc_deletion_gap_top_random_mean": 0.26018587359642,
    "auc_deletion_gap_top_random_std": 0.1726988198377485,
    "auc_deletion_gap_top_random_ci95_low": 0.020837520640455742,
    "auc_deletion_gap_top_random_ci95_high": 0.4995342265523842,
    "auc_del_top_bottom_ratio_mean": 63.37934412358837,
    "auc_del_top_bottom_ratio_std": 39.29994368262398,
    "auc_del_top_bottom_ratio_ci95_low": 8.912401034252007,
    "auc_del_top_bottom_ratio_ci95_high": 117.84628721292472,
    "auc_del_top_random_ratio_mean": 2.1940349843118976,
    "auc_del_top_random_ratio_std": 0.573087649958006,
    "auc_del_top_random_ratio_ci95_low": 1.3997760238527435,
    "auc_del_top_random_ratio_ci95_high": 2.9882939447710517
  },
  "runs": [
    {
      "seed": 42,
      "tag": "qerr_focus_orderfix_fast3_sparsity_only_s42",
      "summary": "/home/lebedeffson/Code/bonner-shap-reconstruction/results/sml2010_ea_minimal/training_summary_20260504_182805_qerr_focus_orderfix_fast3_sparsity_only_s42.json",
      "metrics_source": "shap",
      "importance_kind_eval": "ea_raw",
      "r2_final": 0.4292860537974971,
      "r2_vanilla": 0.49929862603241604,
      "r2_shap_raw": 0.4292860537974971,
      "entropy_shap": 2.0919218555549617,
      "gini_shap": 0.6561069946128122,
      "n_eff_shap": 4.7436877701022775,
      "mass3_shap": 0.6390167949805391,
      "entropy_vanilla": 2.4798542555824343,
      "gini_vanilla": 0.506434328426344,
      "n_eff_vanilla": 10.25452818475302,
      "mass3_vanilla": 0.42948782989815126,
      "base_mse": 394.74220939496445,
      "del_top_k1": 0.0048419398988812645,
      "del_bottom_k1": -0.0005511120500614197,
      "del_random_k1": 0.021785774429005755,
      "del_top_rel_k1": 1.2266080960287137e-05,
      "del_bottom_rel_k1": -1.3961315434347077e-06,
      "del_random_rel_k1": 5.5189878129317704e-05,
      "del_random_trials_k1": 8,
      "del_ratio_k1": -8.785763089606567,
      "del_top_random_ratio_k1": 0.2222523653881413,
      "ins_gain_k1": 0.10667671717766325,
      "ins_gain_rel_k1": 0.000270173257080776,
      "del_top_k2": 0.07257035978307158,
      "del_bottom_k2": 0.0021118739188068503,
      "del_random_k2": 0.06839948375915128,
      "del_top_rel_k2": 0.00018384241172055704,
      "del_bottom_rel_k2": 5.350007849537524e-06,
      "del_random_rel_k2": 0.0001732763361283037,
      "del_random_trials_k2": 8,
      "del_ratio_k2": 34.36301717751635,
      "del_top_random_ratio_k2": 1.0609781798579918,
      "ins_gain_k2": 0.06560309936548947,
      "ins_gain_rel_k2": 0.00016614874828449732,
      "del_top_k3": 0.1510510832598584,
      "del_bottom_k3": 0.012031165136988875,
      "del_random_k3": 0.06630018884159483,
      "del_top_rel_k3": 0.0003826575412124774,
      "del_bottom_rel_k3": 3.0478537259619238e-05,
      "del_random_rel_k3": 0.00016795819464864256,
      "del_random_trials_k3": 8,
      "del_ratio_k3": 12.554983788137749,
      "del_top_random_ratio_k3": 2.2782903924824867,
      "ins_gain_k3": 0.05546175663789654,
      "ins_gain_rel_k3": 0.00014046442214121093,
      "del_top_k4": 0.18724079668265858,
      "del_bottom_k4": 0.012097964973349917,
      "del_random_k4": 0.0728383442579954,
      "del_top_rel_k4": 0.00047433690197369263,