{
  "multiseed": "/home/lebedeffson/Code/bonner-shap-reconstruction/results/multiseed_config_sml2010_ea_minimal_random_target_neg_core_v2_s1sm_random_target.json",
  "config": "/home/lebedeffson/Code/bonner-shap-reconstruction/results/ablation/configs/config_sml2010_ea_minimal_random_target.yaml",
  "results_dir": "/home/lebedeffson/Code/bonner-shap-reconstruction/results/sml2010_ea_minimal",
  "eval_importance": "ea_raw",
  "mask": "permute",
  "insertion_baseline": "mean",
  "k_list": [
    1,
    2,
    3,
    4
  ],
  "random_trials": 20,
  "aggregate": {
    "n_runs": 1,
    "delta_r2_mean": -0.0951052869158055,
    "delta_r2_std": 0.0,
    "wins": 0,
    "losses": 1,
    "deletion_runs_with_model": 1,
    "deletion_runs_skipped_no_model": 0,
    "shap_stability": {
      "pearson_mean": NaN,
      "spearman_mean": NaN,
      "topk_overlap_mean": NaN
    },
    "vanilla_stability": {
      "pearson_mean": NaN,
      "spearman_mean": NaN,
      "topk_overlap_mean": NaN
    },
    "entropy_shap_mean": 2.0928290136927843,
    "entropy_shap_std": 0.0,
    "entropy_shap_ci95_low": 2.0928290136927843,
    "entropy_shap_ci95_high": 2.0928290136927843,
    "gini_shap_mean": 0.6564516327386682,
    "gini_shap_std": 0.0,
    "gini_shap_ci95_low": 0.6564516327386682,
    "gini_shap_ci95_high": 0.6564516327386682,
    "n_eff_shap_mean": 4.768462206429235,
    "n_eff_shap_std": 0.0,
    "n_eff_shap_ci95_low": 4.768462206429235,
    "n_eff_shap_ci95_high": 4.768462206429235,
    "mass3_shap_mean": 0.6407874025638769,
    "mass3_shap_std": 0.0,
    "mass3_shap_ci95_low": 0.6407874025638769,
    "mass3_shap_ci95_high": 0.6407874025638769,
    "entropy_vanilla_mean": 2.4798542555824343,
    "entropy_vanilla_std": 0.0,
    "entropy_vanilla_ci95_low": 2.4798542555824343,
    "entropy_vanilla_ci95_high": 2.4798542555824343,
    "gini_vanilla_mean": 0.506434328426344,
    "gini_vanilla_std": 0.0,
    "gini_vanilla_ci95_low": 0.506434328426344,
    "gini_vanilla_ci95_high": 0.506434328426344,
    "n_eff_vanilla_mean": 10.25452818475302,
    "n_eff_vanilla_std": 0.0,
    "n_eff_vanilla_ci95_low": 10.25452818475302,
    "n_eff_vanilla_ci95_high": 10.25452818475302,
    "mass3_vanilla_mean": 0.42948782989815126,
    "mass3_vanilla_std": 0.0,
    "mass3_vanilla_ci95_low": 0.42948782989815126,
    "mass3_vanilla_ci95_high": 0.42948782989815126,
    "auc_deletion_top_mean": 0.2975237407625855,
    "auc_deletion_top_std": 0.0,
    "auc_deletion_top_ci95_low": 0.2975237407625855,
    "auc_deletion_top_ci95_high": 0.2975237407625855,
    "auc_deletion_bottom_mean": 0.014369997236883592,
    "auc_deletion_bottom_std": 0.0,
    "auc_deletion_bottom_ci95_low": 0.014369997236883592,
    "auc_deletion_bottom_ci95_high": 0.014369997236883592,
    "auc_deletion_random_mean": 0.1937143323362534,
    "auc_deletion_random_std": 0.0,
    "auc_deletion_random_ci95_low": 0.1937143323362534,
    "auc_deletion_random_ci95_high": 0.1937143323362534,
    "auc_deletion_top_rel_mean": 0.0007536869619588208,
    "auc_deletion_top_rel_std": 0.0,
    "auc_deletion_top_rel_ci95_low": 0.0007536869619588208,
    "auc_deletion_top_rel_ci95_high": 0.0007536869619588208,
    "auc_deletion_bottom_rel_mean": 3.6402068396504275e-05,
    "auc_deletion_bottom_rel_std": 0.0,
    "auc_deletion_bottom_rel_ci95_low": 3.6402068396504275e-05,
    "auc_deletion_bottom_rel_ci95_high": 3.6402068396504275e-05,
    "auc_deletion_random_rel_mean": 0.0004907170306886384,
    "auc_deletion_random_rel_std": 0.0,
    "auc_deletion_random_rel_ci95_low": 0.0004907170306886384,
    "auc_deletion_random_rel_ci95_high": 0.0004907170306886384,
    "auc_insertion_gain_top_mean": 0.06567435257863963,
    "auc_insertion_gain_top_std": 0.0,
    "auc_insertion_gain_top_ci95_low": 0.06567435257863963,
    "auc_insertion_gain_top_ci95_high": 0.06567435257863963,
    "auc_insertion_gain_top_rel_mean": 0.00016632923082911158,
    "auc_insertion_gain_top_rel_std": 0.0,
    "auc_insertion_gain_top_rel_ci95_low": 0.00016632923082911158,
    "auc_insertion_gain_top_rel_ci95_high": 0.00016632923082911158,
    "auc_deletion_gap_top_bottom_mean": 0.2831537435257019,
    "auc_deletion_gap_top_bottom_std": 0.0,
    "auc_deletion_gap_top_bottom_ci95_low": 0.2831537435257019,
    "auc_deletion_gap_top_bottom_ci95_high": 0.2831537435257019,
    "auc_deletion_gap_top_random_mean": 0.10380940842633207,
    "auc_deletion_gap_top_random_std": 0.0,
    "auc_deletion_gap_top_random_ci95_low": 0.10380940842633207,
    "auc_deletion_gap_top_random_ci95_high": 0.10380940842633207,
    "auc_del_top_bottom_ratio_mean": 20.704509251972873,
    "auc_del_top_bottom_ratio_std": 0.0,
    "auc_del_top_bottom_ratio_ci95_low": 20.704509251972873,
    "auc_del_top_bottom_ratio_ci95_high": 20.704509251972873,
    "auc_del_top_random_ratio_mean": 1.5358891475546663,
    "auc_del_top_random_ratio_std": 0.0,
    "auc_del_top_random_ratio_ci95_low": 1.5358891475546663,
    "auc_del_top_random_ratio_ci95_high": 1.5358891475546663
  },
  "runs": [
    {
      "seed": 42,
      "tag": "neg_core_v2_s1sm_random_target_s42",
      "summary": "/home/lebedeffson/Code/bonner-shap-reconstruction/results/sml2010_ea_minimal/training_summary_20260504_111430_neg_core_v2_s1sm_random_target_s42.json",
      "metrics_source": "shap",
      "importance_kind_eval": "ea_raw",
      "r2_final": 0.40419333911661054,
      "r2_vanilla": 0.49929862603241604,
      "r2_shap_raw": 0.40419333911661054,
      "entropy_shap": 2.0928290136927843,
      "gini_shap": 0.6564516327386682,
      "n_eff_shap": 4.768462206429235,
      "mass3_shap": 0.6407874025638769,
      "entropy_vanilla": 2.4798542555824343,
      "gini_vanilla": 0.506434328426344,
      "n_eff_vanilla": 10.25452818475302,
      "mass3_vanilla": 0.42948782989815126,
      "base_mse": 394.7577121266966,
      "del_top_k1": 0.005396167038099975,
      "del_bottom_k1": -0.0010429491199488439,
      "del_random_k1": 0.018370758544568842,
      "del_top_rel_k1": 1.3669567109984853e-05,
      "del_bottom_rel_k1": -2.6419980861934597e-06,
      "del_random_rel_k1": 4.653679454569526e-05,
      "del_random_trials_k1": 20,
      "del_ratio_k1": -5.173950425825763,
      "del_top_random_ratio_k1": 0.2937367569615991,
      "ins_gain_k1": 0.08455332484271594,
      "ins_gain_rel_k1": 0.00021414279597644823,
      "del_top_k2": 0.06369957914142788,
      "del_bottom_k2": 0.00038206136059670825,
      "del_random_k2": 0.054306732305809645,
      "del_top_rel_k2": 0.00016136373574123734,
      "del_bottom_rel_k2": 9.678376099061125e-07,
      "del_random_rel_k2": 0.00013756978176117273,
      "del_random_trials_k2": 20,
      "del_ratio_k2": 166.7260433643827,
      "del_top_random_ratio_k2": 1.1729591605982237,
      "ins_gain_k2": 0.0525657340066914,
      "ins_gain_rel_k2": 0.00013312987128166005,
      "del_top_k3": 0.13967277833512526,
      "del_bottom_k3": 0.008777482762013733,
      "del_random_k3": 0.08714699198728795,
      "del_top_rel_k3": 0.00035381899845011067,
      "del_bottom_rel_k3": 2.2235114077256067e-05,
      "del_random_rel_k3": 0.0002207607079233403,
      "del_random_trials_k3": 20,
      "del_ratio_k3": 15.912623482859322,
      "del_top_random_ratio_k3": 1.6027263265024276,
      "ins_gain_k3": 0.04355078769873444,
      "ins_gain_rel_k3": 0.0001102982935577266,
      "del_top_k4": 0.1829065995339647,
      "del_bottom_k4": 0.011463855348495144,
      "del_random_k4": 0.08615045754174275,
      "del_top_rel_k4": 0.0004633388884249607,
      "del_bottom_rel_k4": 2.9040231504877646e-05,
      "del_random_rel_k4": 0.00021823628746255557,
      "del_random_trials_k4": 20,
      "del_ratio_k4": 15.955068688302989,
      "del_top_random_ratio_k4": 2.1231065365290402,
      "ins_gain_k4": -0.14543766309628836,
      "ins_gain_rel_k4": -0.00036834066399699843,
      "insertion_baseline_mse": 394.845525655764,
      "auc_deletion_top": 0.2975237407625855,
      "auc_deletion_bottom": 0.014369997236883592,