{
  "multiseed": "/home/lebedeffson/Code/bonner-shap-reconstruction/results/multiseed_config_sml2010_ea_minimal_anti_q_err_sml_neg_mid3_anti_anti_q_err.json",
  "config": "/home/lebedeffson/Code/bonner-shap-reconstruction/results/ablation_neg_mid3_anti/configs/config_sml2010_ea_minimal_anti_q_err.yaml",
  "results_dir": "/home/lebedeffson/Code/bonner-shap-reconstruction/results/sml2010_ea_minimal",
  "eval_importance": "ea_raw",
  "mask": "permute",
  "insertion_baseline": "mean",
  "k_list": [
    1,
    2,
    3,
    4
  ],
  "random_trials": 20,
  "aggregate": {
    "n_runs": 3,
    "delta_r2_mean": 0.08626681686936681,
    "delta_r2_std": 0.1822556551474524,
    "wins": 1,
    "losses": 2,
    "deletion_runs_with_model": 3,
    "deletion_runs_skipped_no_model": 0,
    "shap_stability": {
      "pearson_mean": 0.29064473764007964,
      "spearman_mean": 0.8567251461988303,
      "topk_overlap_mean": 0.5555555555555555
    },
    "vanilla_stability": {
      "pearson_mean": 0.813715694935687,
      "spearman_mean": 0.8368421052631579,
      "topk_overlap_mean": 0.4444444444444444
    },
    "entropy_shap_mean": 1.7877551956471482,
    "entropy_shap_std": 0.3547111892928691,
    "entropy_shap_ci95_low": 1.2961505685161518,
    "entropy_shap_ci95_high": 2.2793598227781446,
    "gini_shap_mean": 0.7205742674356359,
    "gini_shap_std": 0.08284535451838516,
    "gini_shap_ci95_low": 0.6057564639749186,
    "gini_shap_ci95_high": 0.8353920708963533,
    "n_eff_shap_mean": 3.8688080797867985,
    "n_eff_shap_std": 1.4625960168012704,
    "n_eff_shap_ci95_low": 1.8417534190182394,
    "n_eff_shap_ci95_high": 5.895862740555358,
    "mass3_shap_mean": 0.7374626761688363,
    "mass3_shap_std": 0.10390401897450591,
    "mass3_shap_ci95_low": 0.593459052806395,
    "mass3_shap_ci95_high": 0.8814662995312776,
    "entropy_vanilla_mean": 2.5773047594240155,
    "entropy_vanilla_std": 0.03533850328930967,
    "entropy_vanilla_ci95_low": 2.528328092610822,
    "entropy_vanilla_ci95_high": 2.626281426237209,
    "gini_vanilla_mean": 0.4320225472338944,
    "gini_vanilla_std": 0.03403577548268231,
    "gini_vanilla_ci95_low": 0.38485136904626926,
    "gini_vanilla_ci95_high": 0.4791937254215195,
    "n_eff_vanilla_mean": 11.626279252737142,
    "n_eff_vanilla_std": 0.9174775007316994,
    "n_eff_vanilla_ci95_low": 10.354720310524339,
    "n_eff_vanilla_ci95_high": 12.897838194949944,
    "mass3_vanilla_mean": 0.37040902375637824,
    "mass3_vanilla_std": 0.05058900343541084,
    "mass3_vanilla_ci95_low": 0.30029624208638706,
    "mass3_vanilla_ci95_high": 0.44052180542636943,
    "auc_deletion_top_mean": 0.38513692621956847,
    "auc_deletion_top_std": 0.1630079721091306,
    "auc_deletion_top_ci95_low": 0.15921940298653411,
    "auc_deletion_top_ci95_high": 0.6110544494526028,
    "auc_deletion_bottom_mean": 0.013909359370141297,
    "auc_deletion_bottom_std": 0.001890525508811844,
    "auc_deletion_bottom_ci95_low": 0.011289224691858772,
    "auc_deletion_bottom_ci95_high": 0.016529494048423823,
    "auc_deletion_random_mean": 0.17948043822210735,
    "auc_deletion_random_std": 0.05843689599198001,
    "auc_deletion_random_ci95_low": 0.09849103238436013,
    "auc_deletion_random_ci95_high": 0.26046984405985457,
    "auc_deletion_top_rel_mean": 0.0009597409276141393,
    "auc_deletion_top_rel_std": 0.0004025098671772013,
    "auc_deletion_top_rel_ci95_low": 0.0004018907127261679,
    "auc_deletion_top_rel_ci95_high": 0.0015175911425021108,
    "auc_deletion_bottom_rel_mean": 3.4781780527008706e-05,
    "auc_deletion_bottom_rel_std": 4.8054397350639734e-06,
    "auc_deletion_bottom_rel_ci95_low": 2.812178084144454e-05,
    "auc_deletion_bottom_rel_ci95_high": 4.144178021257287e-05,
    "auc_deletion_random_rel_mean": 0.00044744258532985174,
    "auc_deletion_random_rel_std": 0.0001432663989098852,
    "auc_deletion_random_rel_ci95_low": 0.00024888548664655233,
    "auc_deletion_random_rel_ci95_high": 0.0006459996840131512,
    "auc_insertion_gain_top_mean": -0.3583594512908708,
    "auc_insertion_gain_top_std": 0.20122060256554258,
    "auc_insertion_gain_top_ci95_low": -0.6372369783644061,
    "auc_insertion_gain_top_ci95_high": -0.07948192421733563,
    "auc_insertion_gain_top_rel_mean": -0.0008915951578733144,
    "auc_insertion_gain_top_rel_std": 0.0004987656243316332,
    "auc_insertion_gain_top_rel_ci95_low": -0.0015828490460410888,
    "auc_insertion_gain_top_rel_ci95_high": -0.00020034126970553995,
    "auc_deletion_gap_top_bottom_mean": 0.37122756684942715,
    "auc_deletion_gap_top_bottom_std": 0.16452678323508454,
    "auc_deletion_gap_top_bottom_ci95_low": 0.1432050787892457,
    "auc_deletion_gap_top_bottom_ci95_high": 0.5992500549096086,
    "auc_deletion_gap_top_random_mean": 0.20565648799746108,
    "auc_deletion_gap_top_random_std": 0.10591978730427203,
    "auc_deletion_gap_top_random_ci95_low": 0.05885915226267355,
    "auc_deletion_gap_top_random_ci95_high": 0.35245382373224865,
    "auc_del_top_bottom_ratio_mean": 29.720935608893765,
    "auc_del_top_bottom_ratio_std": 16.34544104237027,
    "auc_del_top_bottom_ratio_ci95_low": 7.067310091905711,
    "auc_del_top_bottom_ratio_ci95_high": 52.37456112588182,
    "auc_del_top_random_ratio_mean": 2.0675566187723047,
    "auc_del_top_random_ratio_std": 0.26017394923529097,
    "auc_del_top_random_ratio_ci95_low": 1.7069739217392814,
    "auc_del_top_random_ratio_ci95_high": 2.428139315805328
  },
  "runs": [
    {
      "seed": 42,
      "tag": "sml_neg_mid3_anti_anti_q_err_s42",
      "summary": "/home/lebedeffson/Code/bonner-shap-reconstruction/results/sml2010_ea_minimal/training_summary_20260503_191823_sml_neg_mid3_anti_anti_q_err_s42.json",
      "metrics_source": "shap",
      "importance_kind_eval": "ea_raw",
      "r2_final": -60.379341925270644,
      "r2_vanilla": -60.72322309463531,
      "r2_shap_raw": -60.379341925270644,
      "entropy_shap": 1.3665298730404527,
      "gini_shap": 0.8003052608328574,
      "n_eff_shap": 2.0978991817051336,
      "mass3_shap": 0.8201456523683004,
      "entropy_vanilla": 2.546675489734265,
      "gini_vanilla": 0.47205881919467974,
      "n_eff_vanilla": 10.723818877341339,
      "mass3_vanilla": 0.4267325279762794,
      "base_mse": 394.758438157393,
      "del_top_k1": 0.0007680605741597901,
      "del_bottom_k1": -0.0006486149906095307,
      "del_random_k1": 0.008155905167171795,
      "del_top_rel_k1": 1.9456470081927846e-06,
      "del_bottom_rel_k1": -1.6430680839580217e-06,
      "del_random_rel_k1": 2.0660496087787124e-05,
      "del_random_trials_k1": 20,
      "del_ratio_k1": -1.1841548321634785,
      "del_top_random_ratio_k1": 0.09417232769663951,
      "ins_gain_k1": 0.10031424424659008,
      "ins_gain_rel_k1": 0.0002540646226415314,
      "del_top_k2": 0.07360809135280988,
      "del_bottom_k2": 0.00033967372746701585,
      "del_random_k2": 0.02744003709815388,
      "del_top_rel_k2": 0.00018646363000215745,
      "del_bottom_rel_k2": 8.604597005006506e-07,
      "del_random_rel_k2": 6.951095770424867e-05,
      "del_random_trials_k2": 20,
      "del_ratio_k2": 216.70233869722904,
      "del_top_random_ratio_k2": 2.682506991037545,
      "ins_gain_k2": -0.09380715722659261,
      "ins_gain_rel_k2": -0.00023758420532245798,
      "del_top_k3": 0.06451191647045107,
      "del_bottom_k3": 0.009183903415532768,
      "del_random_k3": 0.04530512314564987,
      "del_top_rel_k3": 0.00016342124761555961,
      "del_bottom_rel_k3": 2.326461584557961e-05,
      "del_random_rel_k3": 0.00011476669974964861,
      "del_random_trials_k3": 20,
      "del_ratio_k3": 7.024455021414683,
      "del_top_random_ratio_k3": 1.4239430772901776,
      "ins_gain_k3": -0.025588829635466936,
      "ins_gain_rel_k3": -6.480850644891675e-05,
      "del_top_k4": 0.07985063924309088,
      "del_bottom_k4": 0.011846138991757016,
      "del_random_k4": 0.046732713414829166,
      "del_top_rel_k4": 0.00020227721949607485,