{
  "multiseed": "/home/lebedeffson/Code/bonner-shap-reconstruction/results/multiseed_config_sml2010_ea_minimal_sentinel_unmasked_full_sml_ablation_neg3_unmasked_full.json",
  "config": "/home/lebedeffson/Code/bonner-shap-reconstruction/results/ablation/configs/sentinel_unmasked/config_sml2010_ea_minimal_sentinel_unmasked_full.yaml",
  "results_dir": "/home/lebedeffson/Code/bonner-shap-reconstruction/results/sml2010_ea_minimal",
  "eval_importance": "ea_raw",
  "mask": "permute",
  "insertion_baseline": "mean",
  "k_list": [
    1,
    2,
    3,
    4
  ],
  "random_trials": 20,
  "aggregate": {
    "n_runs": 3,
    "delta_r2_mean": -0.059593778291882206,
    "delta_r2_std": 0.01220121117902589,
    "wins": 0,
    "losses": 3,
    "deletion_runs_with_model": 3,
    "deletion_runs_skipped_no_model": 0,
    "shap_stability": {
      "pearson_mean": 0.5320115023709555,
      "spearman_mean": 0.7894736842105264,
      "topk_overlap_mean": 0.7777777777777777
    },
    "vanilla_stability": {
      "pearson_mean": 0.7895004866979054,
      "spearman_mean": 0.8415204678362572,
      "topk_overlap_mean": 0.5555555555555555
    },
    "entropy_shap_mean": 1.3706551308259372,
    "entropy_shap_std": 0.5742918606553472,
    "entropy_shap_ci95_low": 0.5747272194886508,
    "entropy_shap_ci95_high": 2.1665830421632233,
    "gini_shap_mean": 0.796474524437579,
    "gini_shap_std": 0.10144804144823212,
    "gini_shap_ci95_low": 0.6558747122671469,
    "gini_shap_ci95_high": 0.9370743366080112,
    "n_eff_shap_mean": 2.8984747652004508,
    "n_eff_shap_std": 1.6570850997983029,
    "n_eff_shap_ci95_low": 0.6018719875021397,
    "n_eff_shap_ci95_high": 5.195077542898762,
    "mass3_shap_mean": 0.8210270842443537,
    "mass3_shap_std": 0.14095590690514057,
    "mass3_shap_ci95_low": 0.6256721641073415,
    "mass3_shap_ci95_high": 1.0163820043813658,
    "entropy_vanilla_mean": 2.441215264634958,
    "entropy_vanilla_std": 0.047827272914548406,
    "entropy_vanilla_ci95_low": 2.374930046188026,
    "entropy_vanilla_ci95_high": 2.5075004830818903,
    "gini_vanilla_mean": 0.5292440727878728,
    "gini_vanilla_std": 0.02833552198812563,
    "gini_vanilla_ci95_low": 0.48997304288519505,
    "gini_vanilla_ci95_high": 0.5685151026905505,
    "n_eff_vanilla_mean": 9.54919428542768,
    "n_eff_vanilla_std": 0.8987483330106443,
    "n_eff_vanilla_ci95_low": 8.303592645357893,
    "n_eff_vanilla_ci95_high": 10.794795925497466,
    "mass3_vanilla_mean": 0.4464642243522454,
    "mass3_vanilla_std": 0.05197069301794146,
    "mass3_vanilla_ci95_low": 0.3744365186185819,
    "mass3_vanilla_ci95_high": 0.518491930085909,
    "auc_deletion_top_mean": 0.5294832455751646,
    "auc_deletion_top_std": 0.12009043524101402,
    "auc_deletion_top_ci95_low": 0.3630463937906172,
    "auc_deletion_top_ci95_high": 0.6959200973597119,
    "auc_deletion_bottom_mean": 0.030325463438894456,
    "auc_deletion_bottom_std": 0.029652330243604932,
    "auc_deletion_bottom_ci95_low": -0.010770569595848104,
    "auc_deletion_bottom_ci95_high": 0.07142149647363702,
    "auc_deletion_random_mean": 0.21348148916917517,
    "auc_deletion_random_std": 0.03547991775436966,
    "auc_deletion_random_ci95_low": 0.16430883190666587,
    "auc_deletion_random_ci95_high": 0.2626541464316845,
    "auc_deletion_top_rel_mean": 0.0013208485785612164,
    "auc_deletion_top_rel_std": 0.0002898138911124219,
    "auc_deletion_top_rel_ci95_low": 0.000919187017893416,
    "auc_deletion_top_rel_ci95_high": 0.0017225101392290168,
    "auc_deletion_bottom_rel_mean": 7.5283073201476e-05,
    "auc_deletion_bottom_rel_std": 7.329113489500817e-05,
    "auc_deletion_bottom_rel_ci95_low": -2.6293257429355827e-05,
    "auc_deletion_bottom_rel_ci95_high": 0.00017685940383230784,
    "auc_deletion_random_rel_mean": 0.000532899284689736,
    "auc_deletion_random_rel_std": 8.45804184755732e-05,
    "auc_deletion_random_rel_ci95_low": 0.0004156768052687754,
    "auc_deletion_random_rel_ci95_high": 0.0006501217641106965,
    "auc_insertion_gain_top_mean": -0.4047502983610893,
    "auc_insertion_gain_top_std": 0.08281122175588469,
    "auc_insertion_gain_top_ci95_low": -0.5195207962264702,
    "auc_insertion_gain_top_ci95_high": -0.2899798004957084,
    "auc_insertion_gain_top_rel_mean": -0.0010129460613303087,
    "auc_insertion_gain_top_rel_std": 0.0002112170843756381,
    "auc_insertion_gain_top_rel_ci95_low": -0.00130567800535266,
    "auc_insertion_gain_top_rel_ci95_high": -0.0007202141173079575,
    "auc_deletion_gap_top_bottom_mean": 0.4991577821362701,
    "auc_deletion_gap_top_bottom_std": 0.1067296386481404,
    "auc_deletion_gap_top_bottom_ci95_low": 0.3512380497025579,
    "auc_deletion_gap_top_bottom_ci95_high": 0.6470775145699823,
    "auc_deletion_gap_top_random_mean": 0.31600175640598943,
    "auc_deletion_gap_top_random_std": 0.08526814947809266,
    "auc_deletion_gap_top_random_ci95_low": 0.19782613044422193,
    "auc_deletion_gap_top_random_ci95_high": 0.43417738236775694,
    "auc_del_top_bottom_ratio_mean": 37.37019647740512,
    "auc_del_top_bottom_ratio_std": 20.419101624795825,
    "auc_del_top_bottom_ratio_ci95_low": 9.070765437129584,
    "auc_del_top_bottom_ratio_ci95_high": 65.66962751768067,
    "auc_del_top_random_ratio_mean": 2.451915607239934,
    "auc_del_top_random_ratio_std": 0.19329790200052524,
    "auc_del_top_random_ratio_ci95_low": 2.184018382944274,
    "auc_del_top_random_ratio_ci95_high": 2.719812831535594
  },
  "runs": [
    {
      "seed": 42,
      "tag": "sml_ablation_neg3_unmasked_full_s42",
      "summary": "/home/lebedeffson/Code/bonner-shap-reconstruction/results/sml2010_ea_minimal/training_summary_20260503_175548_sml_ablation_neg3_unmasked_full_s42.json",
      "metrics_source": "shap",
      "importance_kind_eval": "ea_raw",
      "r2_final": 0.8636363733146903,
      "r2_vanilla": 0.9380579076447224,
      "r2_shap_raw": 0.8636363733146903,
      "entropy_shap": 1.2823172455037075,
      "gini_shap": 0.8243993412329123,
      "n_eff_shap": 2.0385107277901984,
      "mass3_shap": 0.8655520583912353,
      "entropy_vanilla": 2.486457289498423,
      "gini_vanilla": 0.5037672074553787,
      "n_eff_vanilla": 10.385866708993037,
      "mass3_vanilla": 0.3935269997110678,
      "base_mse": 394.7559725846159,
      "del_top_k1": 0.05205866150953398,
      "del_bottom_k1": -0.0021431737526995676,
      "del_random_k1": 0.012896511074518457,
      "del_top_rel_k1": 0.000131875551289791,
      "del_bottom_rel_k1": -5.429110391078815e-06,
      "del_random_rel_k1": 3.2669578094234045e-05,
      "del_random_trials_k1": 20,
      "del_ratio_k1": -24.29045310407087,
      "del_top_random_ratio_k1": 4.036646904321071,
      "ins_gain_k1": -0.06326052128395077,
      "ins_gain_rel_k1": -0.00016025031852302837,
      "del_top_k2": 0.10627239622408524,
      "del_bottom_k2": -0.00298427932125378,
      "del_random_k2": 0.04451882004904917,
      "del_top_rel_k2": 0.00026921035678897925,
      "del_bottom_rel_k2": -7.559807902878765e-06,
      "del_random_rel_k2": 0.0001127755452503165,
      "del_random_trials_k2": 20,
      "del_ratio_k2": -35.6107404232684,
      "del_top_random_ratio_k2": 2.387134162689199,
      "ins_gain_k2": -0.06194778302995019,
      "ins_gain_rel_k2": -0.0001569249155849668,
      "del_top_k3": 0.14536421366074137,
      "del_bottom_k3": 0.006215341446534239,
      "del_random_k3": 0.07497077837232383,
      "del_top_rel_k3": 0.00036823816169008613,
      "del_bottom_rel_k3": 1.574476861196056e-05,
      "del_random_rel_k3": 0.00018991676777291484,
      "del_random_trials_k3": 20,
      "del_ratio_k3": 23.38796909032415,
      "del_top_random_ratio_k3": 1.9389449704908626,
      "ins_gain_k3": -0.23064860080091876,
      "ins_gain_rel_k3": -0.0005842745363942363,
      "del_top_k4": 0.1639833620862987,
      "del_bottom_k4": 0.009615810467096253,
      "del_random_k4": 0.07621132807533684,
      "del_top_rel_k4": 0.0004154043851765877,