{
  "multiseed": "/home/lebedeffson/Code/bonner-shap-reconstruction/results/multiseed_config_sml2010_ea_minimal_full_strong_sml_strong_rand3_full_strong.json",
  "config": "/home/lebedeffson/Code/bonner-shap-reconstruction/results/ablation_strong_rand3/configs/config_sml2010_ea_minimal_full_strong.yaml",
  "results_dir": "/home/lebedeffson/Code/bonner-shap-reconstruction/results/sml2010_ea_minimal",
  "eval_importance": "ea_raw",
  "mask": "permute",
  "insertion_baseline": "mean",
  "k_list": [
    1,
    2,
    3,
    4
  ],
  "random_trials": 20,
  "aggregate": {
    "n_runs": 3,
    "delta_r2_mean": 2.2112553555466508,
    "delta_r2_std": 3.22094831359947,
    "wins": 1,
    "losses": 2,
    "deletion_runs_with_model": 3,
    "deletion_runs_skipped_no_model": 0,
    "shap_stability": {
      "pearson_mean": 0.47690588355445557,
      "spearman_mean": 0.9035087719298245,
      "topk_overlap_mean": 0.3333333333333333
    },
    "vanilla_stability": {
      "pearson_mean": 0.7964306996674866,
      "spearman_mean": 0.8590643274853801,
      "topk_overlap_mean": 0.7777777777777777
    },
    "entropy_shap_mean": 2.1095167367665955,
    "entropy_shap_std": 0.415655353017204,
    "entropy_shap_ci95_low": 1.5334478080068872,
    "entropy_shap_ci95_high": 2.685585665526304,
    "gini_shap_mean": 0.630004053516216,
    "gini_shap_std": 0.1139595551568757,
    "gini_shap_ci95_low": 0.47206416802065476,
    "gini_shap_ci95_high": 0.7879439390117773,
    "n_eff_shap_mean": 5.999021241274007,
    "n_eff_shap_std": 2.587709006548728,
    "n_eff_shap_ci95_low": 2.4126395321885115,
    "n_eff_shap_ci95_high": 9.585402950359502,
    "mass3_shap_mean": 0.6083619543101281,
    "mass3_shap_std": 0.14904326208352572,
    "mass3_shap_ci95_low": 0.4017985317436553,
    "mass3_shap_ci95_high": 0.8149253768766008,
    "entropy_vanilla_mean": 2.476108748158927,
    "entropy_vanilla_std": 0.04720542633149434,
    "entropy_vanilla_ci95_low": 2.4106853651060356,
    "entropy_vanilla_ci95_high": 2.541532131211818,
    "gini_vanilla_mean": 0.4892701297001058,
    "gini_vanilla_std": 0.022140888717777574,
    "gini_vanilla_ci95_low": 0.4585844234945848,
    "gini_vanilla_ci95_high": 0.5199558359056268,
    "n_eff_vanilla_mean": 9.639273324098875,
    "n_eff_vanilla_std": 1.1563915498713584,
    "n_eff_vanilla_ci95_low": 8.03659640312199,
    "n_eff_vanilla_ci95_high": 11.24195024507576,
    "mass3_vanilla_mean": 0.4383787605988685,
    "mass3_vanilla_std": 0.02574930112849258,
    "mass3_vanilla_ci95_low": 0.4026920499388763,
    "mass3_vanilla_ci95_high": 0.47406547125886067,
    "auc_deletion_top_mean": 0.5051155890913321,
    "auc_deletion_top_std": 0.061182315843324196,
    "auc_deletion_top_ci95_low": 0.42032122546516926,
    "auc_deletion_top_ci95_high": 0.589909952717495,
    "auc_deletion_bottom_mean": 0.01561459332378945,
    "auc_deletion_bottom_std": 0.004005935612306491,
    "auc_deletion_bottom_ci95_low": 0.010062649820330585,
    "auc_deletion_bottom_ci95_high": 0.021166536827248315,
    "auc_deletion_random_mean": 0.19841345664213939,
    "auc_deletion_random_std": 0.05029640248847556,
    "auc_deletion_random_ci95_low": 0.12870619919511692,
    "auc_deletion_random_ci95_high": 0.2681207140891618,
    "auc_deletion_top_rel_mean": 0.0012641913262751994,
    "auc_deletion_top_rel_std": 0.00016576094787672027,
    "auc_deletion_top_rel_ci95_low": 0.0010344583732881034,
    "auc_deletion_top_rel_ci95_high": 0.0014939242792622954,
    "auc_deletion_bottom_rel_mean": 3.9105587975661946e-05,
    "auc_deletion_bottom_rel_std": 1.0248283393029777e-05,
    "auc_deletion_bottom_rel_ci95_low": 2.4902191837505587e-05,
    "auc_deletion_bottom_rel_ci95_high": 5.330898411381831e-05,
    "auc_deletion_random_rel_mean": 0.0004962595430451163,
    "auc_deletion_random_rel_std": 0.00012591805599397287,
    "auc_deletion_random_rel_ci95_low": 0.00032174602096147174,
    "auc_deletion_random_rel_ci95_high": 0.0006707730651287609,
    "auc_insertion_gain_top_mean": -0.18978181277798475,
    "auc_insertion_gain_top_std": 0.10213417273559039,
    "auc_insertion_gain_top_ci95_low": -0.3313325543971245,
    "auc_insertion_gain_top_ci95_high": -0.04823107115884498,
    "auc_insertion_gain_top_rel_mean": -0.00047665804949618826,
    "auc_insertion_gain_top_rel_std": 0.00025936059492989586,
    "auc_insertion_gain_top_rel_ci95_low": -0.0008361134949733013,
    "auc_insertion_gain_top_rel_ci95_high": -0.00011720260401907527,
    "auc_deletion_gap_top_bottom_mean": 0.4895009957675427,
    "auc_deletion_gap_top_bottom_std": 0.05934548468966804,
    "auc_deletion_gap_top_bottom_ci95_low": 0.40725235024008394,
    "auc_deletion_gap_top_bottom_ci95_high": 0.5717496412950014,
    "auc_deletion_gap_top_random_mean": 0.3067021324491928,
    "auc_deletion_gap_top_random_std": 0.08304502614944172,
    "auc_deletion_gap_top_random_ci95_low": 0.1916075982263874,
    "auc_deletion_gap_top_random_ci95_high": 0.4217966666719982,
    "auc_del_top_bottom_ratio_mean": 34.55003579797768,
    "auc_del_top_bottom_ratio_std": 9.11209072826004,
    "auc_del_top_bottom_ratio_ci95_low": 21.92132235428779,
    "auc_del_top_bottom_ratio_ci95_high": 47.17874924166757,
    "auc_del_top_random_ratio_mean": 2.715734308479803,
    "auc_del_top_random_ratio_std": 0.697385559044028,
    "auc_del_top_random_ratio_ci95_low": 1.7492072349926597,
    "auc_del_top_random_ratio_ci95_high": 3.682261381966946
  },
  "runs": [
    {
      "seed": 42,
      "tag": "sml_strong_rand3_full_strong_s42",
      "summary": "/home/lebedeffson/Code/bonner-shap-reconstruction/results/sml2010_ea_minimal/training_summary_20260503_192248_sml_strong_rand3_full_strong_s42.json",
      "metrics_source": "shap",
      "importance_kind_eval": "ea_raw",
      "r2_final": 0.8454610791790643,
      "r2_vanilla": 0.9449178478056306,
      "r2_shap_raw": 0.8454610791790643,
      "entropy_shap": 2.317468370948638,
      "gini_shap": 0.5819404561359758,
      "n_eff_shap": 6.625243754031151,
      "mass3_shap": 0.5310912676901622,
      "entropy_vanilla": 2.410706870938237,
      "gini_vanilla": 0.519421547516872,
      "n_eff_vanilla": 8.005717246064748,
      "mass3_vanilla": 0.4708920234867759,
      "base_mse": 394.7363556371127,
      "del_top_k1": 0.15361274344496678,
      "del_bottom_k1": -0.000569538493834898,
      "del_random_k1": 0.014341681289090502,
      "del_top_rel_k1": 0.00038915276298032446,
      "del_bottom_rel_k1": -1.4428326291751097e-06,
      "del_random_rel_k1": 3.633230404111801e-05,
      "del_random_trials_k1": 20,
      "del_ratio_k1": -269.7144185643255,
      "del_top_random_ratio_k1": 10.71092993477039,
      "ins_gain_k1": -0.040590069487279834,
      "ins_gain_rel_k1": -0.00010282435100093238,
      "del_top_k2": 0.21068927411573668,
      "del_bottom_k2": 0.001886161286904553,
      "del_random_k2": 0.058659236345266666,
      "del_top_rel_k2": 0.0005337468188752952,
      "del_bottom_rel_k2": 4.77828114884489e-06,
      "del_random_rel_k2": 0.0001486035818783129,
      "del_random_trials_k2": 20,
      "del_ratio_k2": 111.70268177320283,
      "del_top_random_ratio_k2": 3.591749351662773,
      "ins_gain_k2": -0.20068881758390944,
      "ins_gain_rel_k2": -0.0005083927591618643,
      "del_top_k3": 0.20220089660591611,
      "del_bottom_k3": 0.009256711521800298,
      "del_random_k3": 0.08281656871288305,
      "del_top_rel_k3": 0.000512242902682625,
      "del_bottom_rel_k3": 2.3450364755128138e-05,
      "del_random_rel_k3": 0.00020980223262996684,
      "del_random_trials_k3": 20,
      "del_ratio_k3": 21.84370725044991,
      "del_top_random_ratio_k3": 2.4415512468825566,
      "ins_gain_k3": -0.052485648818333175,
      "ins_gain_rel_k3": -0.0001329586976513854,
      "del_top_k4": 0.2035806414071999,
      "del_bottom_k4": 0.015581883573474897,
      "del_random_k4": 0.09357669033818752,
      "del_top_rel_k4": 0.0005157382604868406,
      "del_bottom_rel_k4": 3.947415370019661e-05,