{
  "multiseed": "/home/lebedeffson/Code/bonner-shap-reconstruction/results/multiseed_config_sml2010_ea_minimal_sml_ea10.json",
  "config": "/home/lebedeffson/Code/bonner-shap-reconstruction/configs/config_sml2010_ea_minimal.yaml",
  "results_dir": "/home/lebedeffson/Code/bonner-shap-reconstruction/results/sml2010_ea_minimal",
  "eval_importance": "final",
  "mask": "permute",
  "insertion_baseline": "mean",
  "k_list": [
    1,
    2,
    3,
    4
  ],
  "aggregate": {
    "n_runs": 10,
    "delta_r2_mean": 7.206160178996335e-06,
    "delta_r2_std": 6.990059750944925e-06,
    "wins": 10,
    "losses": 0,
    "deletion_runs_with_model": 0,
    "deletion_runs_skipped_no_model": 10,
    "shap_stability": {
      "pearson_mean": 0.44029787925245484,
      "spearman_mean": 0.8910331384015595,
      "topk_overlap_mean": 0.7111111111111111
    },
    "vanilla_stability": {
      "pearson_mean": 0.8845130755188819,
      "spearman_mean": 0.9229239766081871,
      "topk_overlap_mean": 0.8814814814814814
    },
    "entropy_shap_mean": 1.7548297026692043,
    "entropy_shap_std": 0.7079374706235019,
    "gini_shap_mean": 0.6994880265828562,
    "gini_shap_std": 0.164117080428535,
    "n_eff_shap_mean": 5.198638306169995,
    "n_eff_shap_std": 3.5690414543804345,
    "mass3_shap_mean": 0.7092295970936776,
    "mass3_shap_std": 0.20121003617406824,
    "entropy_vanilla_mean": 2.440815681862613,
    "entropy_vanilla_std": 0.08330967773392807,
    "gini_vanilla_mean": 0.5210004064731606,
    "gini_vanilla_std": 0.0410937864257016,
    "n_eff_vanilla_mean": 9.264825329225006,
    "n_eff_vanilla_std": 1.3389641095103046,
    "mass3_vanilla_mean": 0.45790212928924284,
    "mass3_vanilla_std": 0.05087589241313487
  },
  "runs": [
    {
      "seed": 42,
      "tag": "sml_ea10_s42",
      "summary": "/home/lebedeffson/Code/bonner-shap-reconstruction/results/sml2010_ea_minimal/training_summary_20260502_211207_sml_ea10_s42.json",
      "metrics_source": "shap",
      "importance_kind_eval": "shap",
      "r2_final": 0.9532353169852847,
      "r2_vanilla": 0.9532332813069075,
      "r2_shap_raw": 0.9532353169852847,
      "entropy_shap": 1.449015695231739,
      "gini_shap": 0.8112995111487793,
      "n_eff_shap": 2.8429903439298543,
      "mass3_shap": 0.8723945308961055,
      "entropy_vanilla": 2.4316954853843225,
      "gini_vanilla": 0.5314071238325195,
      "n_eff_vanilla": 8.85484168830812,
      "mass3_vanilla": 0.49522172288105043
    },
    {
      "seed": 43,
      "tag": "sml_ea10_s43",
      "summary": "/home/lebedeffson/Code/bonner-shap-reconstruction/results/sml2010_ea_minimal/training_summary_20260502_211231_sml_ea10_s43.json",
      "metrics_source": "shap",
      "importance_kind_eval": "shap",
      "r2_final": 0.9504549459973808,
      "r2_vanilla": 0.9504482777730557,
      "r2_shap_raw": 0.9504549459973808,
      "entropy_shap": 2.1798452591726205,
      "gini_shap": 0.6218841035237361,
      "n_eff_shap": 5.227714574458774,
      "mass3_shap": 0.6182939907143362,
      "entropy_vanilla": 2.285008200487149,
      "gini_vanilla": 0.5857461316113322,
      "n_eff_vanilla": 6.881086457511058,
      "mass3_vanilla": 0.54940125587356
    },
    {
      "seed": 44,
      "tag": "sml_ea10_s44",
      "summary": "/home/lebedeffson/Code/bonner-shap-reconstruction/results/sml2010_ea_minimal/training_summary_20260502_211255_sml_ea10_s44.json",
      "metrics_source": "shap",
      "importance_kind_eval": "shap",
      "r2_final": 0.9541671047241952,
      "r2_vanilla": 0.9541631776421334,
      "r2_shap_raw": 0.9541671047241952,
      "entropy_shap": 2.5128735840533576,
      "gini_shap": 0.5087852807213056,
      "n_eff_shap": 9.683909710161034,
      "mass3_shap": 0.45828683563216166,
      "entropy_vanilla": 2.4201430751972604,
      "gini_vanilla": 0.5297060769369268,
      "n_eff_vanilla": 8.535463313829155,
      "mass3_vanilla": 0.4599375628586926
    },
    {
      "seed": 45,
      "tag": "sml_ea10_s45",
      "summary": "/home/lebedeffson/Code/bonner-shap-reconstruction/results/sml2010_ea_minimal/training_summary_20260502_211319_sml_ea10_s45.json",
      "metrics_source": "shap",
      "importance_kind_eval": "shap",
      "r2_final": 0.9505996628876295,
      "r2_vanilla": 0.9505940044327843,
      "r2_shap_raw": 0.9505996628876295,
      "entropy_shap": 2.5600973956873108,
      "gini_shap": 0.4821085696279379,
      "n_eff_shap": 10.087173164591789,
      "mass3_shap": 0.4478418838023646,
      "entropy_vanilla": 2.372308396673645,
      "gini_vanilla": 0.5587223032574935,
      "n_eff_vanilla": 8.289133021360664,
      "mass3_vanilla": 0.509770356574542
    },
    {
      "seed": 46,
      "tag": "sml_ea10_s46",
      "summary": "/home/lebedeffson/Code/bonner-shap-reconstruction/results/sml2010_ea_minimal/training_summary_20260502_211342_sml_ea10_s46.json",
      "metrics_source": "shap",
      "importance_kind_eval": "shap",
      "r2_final": 0.936880051780128,
      "r2_vanilla": 0.9368524440020476,
      "r2_shap_raw": 0.936880051780128,
      "entropy_shap": 1.9343346070497451,
      "gini_shap": 0.7228474386836783,
      "n_eff_shap": 4.666642510131556,
      "mass3_shap": 0.7212167910148694,
      "entropy_vanilla": 2.47096600926289,
      "gini_vanilla": 0.5112644368178125,
      "n_eff_vanilla": 9.790842929985583,
      "mass3_vanilla": 0.45187224231539913
    },
    {
      "seed": 47,
      "tag": "sml_ea10_s47",
      "summary": "/home/lebedeffson/Code/bonner-shap-reconstruction/results/sml2010_ea_minimal/training_summary_20260502_211406_sml_ea10_s47.json",
      "metrics_source": "shap",
      "importance_kind_eval": "shap",
      "r2_final": 0.9585720456746056,
      "r2_vanilla": 0.9585661368867952,
      "r2_shap_raw": 0.9585720456746056,
      "entropy_shap": 1.393412705246464,
      "gini_shap": 0.8307722699565461,
      "n_eff_shap": 2.841382064515134,
      "mass3_shap": 0.8720547228012244,
      "entropy_vanilla": 2.5172043509964213,
      "gini_vanilla": 0.4774036477888124,
      "n_eff_vanilla": 10.30333667981016,
      "mass3_vanilla": 0.41217916901688073
    },
    {
      "seed": 48,
      "tag": "sml_ea10_s48",
      "summary": "/home/lebedeffson/Code/bonner-shap-reconstruction/results/sml2010_ea_minimal/training_summary_20260502_211430_sml_ea10_s48.json",
      "metrics_source": "shap",
      "importance_kind_eval": "shap",
      "r2_final": 0.9408951413419382,
      "r2_vanilla": 0.9408914721739265,
      "r2_shap_raw": 0.9408951413419382,
      "entropy_shap": 1.1877996034996856,
      "gini_shap": 0.8492200426084191,
      "n_eff_shap": 1.9929549572504188,
      "mass3_shap": 0.886615935644023,
      "entropy_vanilla": 2.5574375549158206,
      "gini_vanilla": 0.4559526875271813,
      "n_eff_vanilla": 11.352649713944437,
      "mass3_vanilla": 0.3790081582684025
    },
    {
      "seed": 49,
      "tag": "sml_ea10_s49",
      "summary": "/home/lebedeffson/Code/bonner-shap-reconstruction/results/sml2010_ea_minimal/training_summary_20260502_211454_sml_ea10_s49.json",
      "metrics_source": "shap",
      "importance_kind_eval": "shap",
      "r2_final": 0.9580054302123451,
      "r2_vanilla": 0.9580015550404996,
      "r2_shap_raw": 0.9580054302123451,
      "entropy_shap": 2.619062770954179,
      "gini_shap": 0.445395601765201,
      "n_eff_shap": 11.24190911879683,
      "mass3_shap": 0.4066515644207144,
      "entropy_vanilla": 2.39408962044503,
      "gini_vanilla": 0.5498306004947455,
      "n_eff_vanilla": 8.653975931155989,
      "mass3_vanilla": 0.46482938847395494
    },
    {
      "seed": 50,
      "tag": "sml_ea10_s50",
      "summary": "/home/lebedeffson/Code/bonner-shap-reconstruction/results/sml2010_ea_minimal/training_summary_20260502_211518_sml_ea10_s50.json",
      "metrics_source": "shap",
      "importance_kind_eval": "shap",
      "r2_final": 0.9633956845891817,
      "r2_vanilla": 0.9633876741865236,
      "r2_shap_raw": 0.9633956845891817,
      "entropy_shap": 0.2783500836979652,