{
  "multiseed": "/home/lebedeffson/Code/bonner-shap-reconstruction/results/multiseed_config_sml2010_ea_minimal_uniform_target_neg_core_v2_fast3_final_uniform_target.json",
  "config": "/home/lebedeffson/Code/bonner-shap-reconstruction/results/ablation/configs/config_sml2010_ea_minimal_uniform_target.yaml",
  "results_dir": "/home/lebedeffson/Code/bonner-shap-reconstruction/results/sml2010_ea_minimal",
  "eval_importance": "ea_raw",
  "mask": "permute",
  "insertion_baseline": "mean",
  "k_list": [
    1,
    2,
    3,
    4
  ],
  "random_trials": 20,
  "aggregate": {
    "n_runs": 3,
    "delta_r2_mean": -0.030116282624445507,
    "delta_r2_std": 0.008128518171307674,
    "wins": 0,
    "losses": 3,
    "deletion_runs_with_model": 3,
    "deletion_runs_skipped_no_model": 0,
    "shap_stability": {
      "pearson_mean": 0.5718574700762206,
      "spearman_mean": 0.8801169590643275,
      "topk_overlap_mean": 0.7777777777777777
    },
    "vanilla_stability": {
      "pearson_mean": 0.8830804587805515,
      "spearman_mean": 0.9187134502923976,
      "topk_overlap_mean": 0.7777777777777777
    },
    "entropy_shap_mean": 2.0492931578850975,
    "entropy_shap_std": 0.4470622535975675,
    "entropy_shap_ci95_low": 1.4296964856675927,
    "entropy_shap_ci95_high": 2.6688898301026023,
    "gini_shap_mean": 0.6455338918410559,
    "gini_shap_std": 0.12498290964581535,
    "gini_shap_ci95_low": 0.472316416472812,
    "gini_shap_ci95_high": 0.8187513672092999,
    "n_eff_shap_mean": 5.913883959820436,
    "n_eff_shap_std": 2.8162503656640903,
    "n_eff_shap_ci95_low": 2.0107600869032978,
    "n_eff_shap_ci95_high": 9.817007832737573,
    "mass3_shap_mean": 0.6502073853380117,
    "mass3_shap_std": 0.17098747476544673,
    "mass3_shap_ci95_low": 0.413230835644974,
    "mass3_shap_ci95_high": 0.8871839350310494,
    "entropy_vanilla_mean": 2.378948920356244,
    "entropy_vanilla_std": 0.06659333641551711,
    "entropy_vanilla_ci95_low": 2.2866552648241956,
    "entropy_vanilla_ci95_high": 2.4712425758882923,
    "gini_vanilla_mean": 0.5489531107935929,
    "gini_vanilla_std": 0.02602586118723964,
    "gini_vanilla_ci95_low": 0.5128831074474277,
    "gini_vanilla_ci95_high": 0.585023114139758,
    "n_eff_vanilla_mean": 8.090463819882778,
    "n_eff_vanilla_std": 0.8650417485046948,
    "n_eff_vanilla_ci95_low": 6.8915771225835885,
    "n_eff_vanilla_ci95_high": 9.289350517181969,
    "mass3_vanilla_mean": 0.5015201805377677,
    "mass3_vanilla_std": 0.03679393988693161,
    "mass3_vanilla_ci95_low": 0.4505263815125534,
    "mass3_vanilla_ci95_high": 0.552513979562982,
    "auc_deletion_top_mean": 0.31653029991484044,
    "auc_deletion_top_std": 0.14636967444281532,
    "auc_deletion_top_ci95_low": 0.11367228077201971,
    "auc_deletion_top_ci95_high": 0.5193883190576611,
    "auc_deletion_bottom_mean": 0.013487231325143512,
    "auc_deletion_bottom_std": 0.00388161619521547,
    "auc_deletion_bottom_ci95_low": 0.008107585743286759,
    "auc_deletion_bottom_ci95_high": 0.018866876907000264,
    "auc_deletion_random_mean": 0.19902538881997503,
    "auc_deletion_random_std": 0.030628611473713714,
    "auc_deletion_random_ci95_low": 0.15657629903204853,
    "auc_deletion_random_ci95_high": 0.24147447860790153,
    "auc_deletion_top_rel_mean": 0.0007936336746502669,
    "auc_deletion_top_rel_std": 0.0003690869576513754,
    "auc_deletion_top_rel_ci95_low": 0.00028210524906877965,
    "auc_deletion_top_rel_ci95_high": 0.0013051621002317542,
    "auc_deletion_bottom_rel_mean": 3.379801519250055e-05,
    "auc_deletion_bottom_rel_std": 9.96854091610694e-06,
    "auc_deletion_bottom_rel_ci95_low": 1.998232234708359e-05,
    "auc_deletion_bottom_rel_ci95_high": 4.761370803791751e-05,
    "auc_deletion_random_rel_mean": 0.0004978214221805997,
    "auc_deletion_random_rel_std": 7.78618613764694e-05,
    "auc_deletion_random_rel_ci95_low": 0.00038991038783738714,
    "auc_deletion_random_rel_ci95_high": 0.0006057324565238122,
    "auc_insertion_gain_top_mean": -0.2692055796252551,
    "auc_insertion_gain_top_std": 0.2806908001733444,
    "auc_insertion_gain_top_ci95_low": -0.6582231813349851,
    "auc_insertion_gain_top_ci95_high": 0.11981202208447495,
    "auc_insertion_gain_top_rel_mean": -0.0006753469032492933,
    "auc_insertion_gain_top_rel_std": 0.0006991598466890319,
    "auc_insertion_gain_top_rel_ci95_low": -0.0016443330139545298,
    "auc_insertion_gain_top_rel_ci95_high": 0.000293639207455943,
    "auc_deletion_gap_top_bottom_mean": 0.30304306858969693,
    "auc_deletion_gap_top_bottom_std": 0.14267493199481593,
    "auc_deletion_gap_top_bottom_ci95_low": 0.10530570122872374,
    "auc_deletion_gap_top_bottom_ci95_high": 0.5007804359506701,
    "auc_deletion_gap_top_random_mean": 0.11750491109486538,
    "auc_deletion_gap_top_random_std": 0.11809298315424886,
    "auc_deletion_gap_top_random_ci95_low": -0.04616361333501412,
    "auc_deletion_gap_top_random_ci95_high": 0.2811734355247449,
    "auc_del_top_bottom_ratio_mean": 21.942999452401807,
    "auc_del_top_bottom_ratio_std": 6.363448434781333,
    "auc_del_top_bottom_ratio_ci95_low": 13.123709874070794,
    "auc_del_top_bottom_ratio_ci95_high": 30.76228903073282,
    "auc_del_top_random_ratio_mean": 1.5123842162929095,
    "auc_del_top_random_ratio_std": 0.5860164857164404,
    "auc_del_top_random_ratio_ci95_low": 0.7002068036559885,
    "auc_del_top_random_ratio_ci95_high": 2.3245616289298305
  },
  "runs": [
    {
      "seed": 42,
      "tag": "neg_core_v2_fast3_final_uniform_target_s42",
      "summary": "/home/lebedeffson/Code/bonner-shap-reconstruction/results/sml2010_ea_minimal/training_summary_20260504_122014_neg_core_v2_fast3_final_uniform_target_s42.json",
      "metrics_source": "shap",
      "importance_kind_eval": "ea_raw",
      "r2_final": 0.9117229201350723,
      "r2_vanilla": 0.9532332813069075,
      "r2_shap_raw": 0.9117229201350723,
      "entropy_shap": 1.443979691332414,
      "gini_shap": 0.8115594399770145,
      "n_eff_shap": 2.831428027387418,
      "mass3_shap": 0.8742086840547977,
      "entropy_vanilla": 2.4316954853843225,
      "gini_vanilla": 0.5314071238325195,
      "n_eff_vanilla": 8.85484168830812,
      "mass3_vanilla": 0.49522172288105043,
      "base_mse": 394.7356175653506,
      "del_top_k1": 0.10596684287878588,
      "del_bottom_k1": -0.0006824086704568799,
      "del_random_k1": 0.020476205207185672,
      "del_top_rel_k1": 0.0002684501680703851,
      "del_bottom_rel_k1": -1.7287739947710742e-06,
      "del_random_rel_k1": 5.1873214110950286e-05,
      "del_random_trials_k1": 20,
      "del_ratio_k1": -155.2835531282501,
      "del_top_random_ratio_k1": 5.175121161435912,
      "ins_gain_k1": -0.21251168788614905,
      "ins_gain_rel_k1": -0.0005383299758551448,
      "del_top_k2": 0.1154153711296999,
      "del_bottom_k2": 0.0013994404901609414,
      "del_random_k2": 0.05753294002674636,
      "del_top_rel_k2": 0.00029238651389392796,
      "del_bottom_rel_k2": 3.5452602397331244e-06,
      "del_random_rel_k2": 0.000145750566877136,
      "del_random_trials_k2": 20,
      "del_ratio_k2": 82.47251087751089,
      "del_top_random_ratio_k2": 2.00607462566729,
      "ins_gain_k2": -0.15260776909593687,
      "ins_gain_rel_k2": -0.00038658267443970423,
      "del_top_k3": 0.15233727729662405,
      "del_bottom_k3": 0.009787861445602175,
      "del_random_k3": 0.08777798012824575,
      "del_top_rel_k3": 0.000385922299680503,
      "del_bottom_rel_k3": 2.4795992583521342e-05,
      "del_random_rel_k3": 0.0002223715728254834,
      "del_random_trials_k3": 20,
      "del_ratio_k3": 15.56389801058202,
      "del_top_random_ratio_k3": 1.735483968443112,
      "ins_gain_k3": -0.03923623270566168,
      "ins_gain_rel_k3": -9.939236949829134e-05,
      "del_top_k4": 0.17987398571671065,
      "del_bottom_k4": 0.013000488217983275,
      "del_random_k4": 0.09733075604746091,
      "del_top_rel_k4": 0.0004556821774182338,
      "del_bottom_rel_k4": 3.293467232110348e-05,