{
  "multiseed": "/home/lebedeffson/Code/bonner-shap-reconstruction/results/multiseed_config_sml2010_ea_minimal_full_rho1_neg_core_v2_s1sm_full_rho1.json",
  "config": "/home/lebedeffson/Code/bonner-shap-reconstruction/results/ablation/configs/config_sml2010_ea_minimal_full_rho1.yaml",
  "results_dir": "/home/lebedeffson/Code/bonner-shap-reconstruction/results/sml2010_ea_minimal",
  "eval_importance": "ea_raw",
  "mask": "permute",
  "insertion_baseline": "mean",
  "k_list": [
    1,
    2,
    3,
    4
  ],
  "random_trials": 20,
  "aggregate": {
    "n_runs": 1,
    "delta_r2_mean": -0.1508992118816782,
    "delta_r2_std": 0.0,
    "wins": 0,
    "losses": 1,
    "deletion_runs_with_model": 1,
    "deletion_runs_skipped_no_model": 0,
    "shap_stability": {
      "pearson_mean": NaN,
      "spearman_mean": NaN,
      "topk_overlap_mean": NaN
    },
    "vanilla_stability": {
      "pearson_mean": NaN,
      "spearman_mean": NaN,
      "topk_overlap_mean": NaN
    },
    "entropy_shap_mean": 2.099565202689881,
    "entropy_shap_std": 0.0,
    "entropy_shap_ci95_low": 2.099565202689881,
    "entropy_shap_ci95_high": 2.099565202689881,
    "gini_shap_mean": 0.6546928920703907,
    "gini_shap_std": 0.0,
    "gini_shap_ci95_low": 0.6546928920703907,
    "gini_shap_ci95_high": 0.6546928920703907,
    "n_eff_shap_mean": 4.796581642190807,
    "n_eff_shap_std": 0.0,
    "n_eff_shap_ci95_low": 4.796581642190807,
    "n_eff_shap_ci95_high": 4.796581642190807,
    "mass3_shap_mean": 0.6375385932367754,
    "mass3_shap_std": 0.0,
    "mass3_shap_ci95_low": 0.6375385932367754,
    "mass3_shap_ci95_high": 0.6375385932367754,
    "entropy_vanilla_mean": 2.4798542555824343,
    "entropy_vanilla_std": 0.0,
    "entropy_vanilla_ci95_low": 2.4798542555824343,
    "entropy_vanilla_ci95_high": 2.4798542555824343,
    "gini_vanilla_mean": 0.506434328426344,
    "gini_vanilla_std": 0.0,
    "gini_vanilla_ci95_low": 0.506434328426344,
    "gini_vanilla_ci95_high": 0.506434328426344,
    "n_eff_vanilla_mean": 10.25452818475302,
    "n_eff_vanilla_std": 0.0,
    "n_eff_vanilla_ci95_low": 10.25452818475302,
    "n_eff_vanilla_ci95_high": 10.25452818475302,
    "mass3_vanilla_mean": 0.42948782989815126,
    "mass3_vanilla_std": 0.0,
    "mass3_vanilla_ci95_low": 0.42948782989815126,
    "mass3_vanilla_ci95_high": 0.42948782989815126,
    "auc_deletion_top_mean": 0.26723483505037393,
    "auc_deletion_top_std": 0.0,
    "auc_deletion_top_ci95_low": 0.26723483505037393,
    "auc_deletion_top_ci95_high": 0.26723483505037393,
    "auc_deletion_bottom_mean": 0.015603546455963624,
    "auc_deletion_bottom_std": 0.0,
    "auc_deletion_bottom_ci95_low": 0.015603546455963624,
    "auc_deletion_bottom_ci95_high": 0.015603546455963624,
    "auc_deletion_random_mean": 0.16664100884319594,
    "auc_deletion_random_std": 0.0,
    "auc_deletion_random_ci95_low": 0.16664100884319594,
    "auc_deletion_random_ci95_high": 0.16664100884319594,
    "auc_deletion_top_rel_mean": 0.0006769355744313699,
    "auc_deletion_top_rel_std": 0.0,
    "auc_deletion_top_rel_ci95_low": 0.0006769355744313699,
    "auc_deletion_top_rel_ci95_high": 0.0006769355744313699,
    "auc_deletion_bottom_rel_mean": 3.95255194980222e-05,
    "auc_deletion_bottom_rel_std": 0.0,
    "auc_deletion_bottom_rel_ci95_low": 3.95255194980222e-05,
    "auc_deletion_bottom_rel_ci95_high": 3.95255194980222e-05,
    "auc_deletion_random_rel_mean": 0.00042212021880990173,
    "auc_deletion_random_rel_std": 0.0,
    "auc_deletion_random_rel_ci95_low": 0.00042212021880990173,
    "auc_deletion_random_rel_ci95_high": 0.00042212021880990173,
    "auc_insertion_gain_top_mean": 0.043263815620548485,
    "auc_insertion_gain_top_std": 0.0,
    "auc_insertion_gain_top_ci95_low": 0.043263815620548485,
    "auc_insertion_gain_top_ci95_high": 0.043263815620548485,
    "auc_insertion_gain_top_rel_mean": 0.00010957147415967066,
    "auc_insertion_gain_top_rel_std": 0.0,
    "auc_insertion_gain_top_rel_ci95_low": 0.00010957147415967066,
    "auc_insertion_gain_top_rel_ci95_high": 0.00010957147415967066,
    "auc_deletion_gap_top_bottom_mean": 0.2516312885944103,
    "auc_deletion_gap_top_bottom_std": 0.0,
    "auc_deletion_gap_top_bottom_ci95_low": 0.2516312885944103,
    "auc_deletion_gap_top_bottom_ci95_high": 0.2516312885944103,
    "auc_deletion_gap_top_random_mean": 0.100593826207178,
    "auc_deletion_gap_top_random_std": 0.0,
    "auc_deletion_gap_top_random_ci95_low": 0.100593826207178,
    "auc_deletion_gap_top_random_ci95_high": 0.100593826207178,
    "auc_del_top_bottom_ratio_mean": 17.12654464723378,
    "auc_del_top_bottom_ratio_std": 0.0,
    "auc_del_top_bottom_ratio_ci95_low": 17.12654464723378,
    "auc_del_top_bottom_ratio_ci95_high": 17.12654464723378,
    "auc_del_top_random_ratio_mean": 1.6036558882107466,
    "auc_del_top_random_ratio_std": 0.0,
    "auc_del_top_random_ratio_ci95_low": 1.6036558882107466,
    "auc_del_top_random_ratio_ci95_high": 1.6036558882107466
  },
  "runs": [
    {
      "seed": 42,
      "tag": "neg_core_v2_s1sm_full_rho1_s42",
      "summary": "/home/lebedeffson/Code/bonner-shap-reconstruction/results/sml2010_ea_minimal/training_summary_20260504_111416_neg_core_v2_s1sm_full_rho1_s42.json",
      "metrics_source": "shap",
      "importance_kind_eval": "ea_raw",
      "r2_final": 0.34839941415073783,
      "r2_vanilla": 0.49929862603241604,
      "r2_shap_raw": 0.34839941415073783,
      "entropy_shap": 2.099565202689881,
      "gini_shap": 0.6546928920703907,
      "n_eff_shap": 4.796581642190807,
      "mass3_shap": 0.6375385932367754,
      "entropy_vanilla": 2.4798542555824343,
      "gini_vanilla": 0.506434328426344,
      "n_eff_vanilla": 10.25452818475302,
      "mass3_vanilla": 0.42948782989815126,
      "base_mse": 394.77144523664924,
      "del_top_k1": 0.004114628226943751,
      "del_bottom_k1": -0.0002752171465658648,
      "del_random_k1": 0.016037989300318144,
      "del_top_rel_k1": 1.042281116476697e-05,
      "del_bottom_rel_k1": -6.971556577525073e-07,
      "del_random_rel_k1": 4.062601156652551e-05,
      "del_random_trials_k1": 20,
      "del_ratio_k1": -14.950479260599119,
      "del_top_random_ratio_k1": 0.25655511733042335,
      "ins_gain_k1": 0.08459811617251489,
      "ins_gain_rel_k1": 0.00021425619000999273,
      "del_top_k2": 0.056861838271629495,
      "del_bottom_k2": 0.0018743994455121538,
      "del_random_k2": 0.046616456068488785,
      "del_top_rel_k2": 0.00014403736379044085,
      "del_bottom_rel_k2": 4.748062374137835e-06,
      "del_random_rel_k2": 0.00011808467058843128,
      "del_random_trials_k2": 20,
      "del_ratio_k2": 30.336030229542004,
      "del_top_random_ratio_k2": 1.219780375129084,
      "ins_gain_k2": 0.04660998778103931,
      "ins_gain_rel_k2": 0.00011804610847377601,
      "del_top_k3": 0.12635491301887214,
      "del_bottom_k3": 0.009007472718337795,
      "del_random_k3": 0.07605124284293936,
      "del_top_rel_k3": 0.0003200710551471808,
      "del_bottom_rel_k3": 2.2816930725418e-05,
      "del_random_rel_k3": 0.00019264626092028913,
      "del_random_trials_k3": 20,
      "del_ratio_k3": 14.027787477791152,
      "del_top_random_ratio_k3": 1.6614444194969726,
      "ins_gain_k3": 0.029559486857920092,
      "ins_gain_rel_k3": 7.486340499489797e-05,
      "del_top_k4": 0.16392153929280084,
      "del_bottom_k4": 0.009718565730793216,
      "del_random_k4": 0.07190863056321746,
      "del_top_rel_k4": 0.0004152314998227296,
      "del_bottom_rel_k4": 2.4618208454685242e-05,
      "del_random_rel_k4": 0.00018215256303583712,
      "del_random_trials_k4": 20,
      "del_ratio_k4": 16.866844739913585,
      "del_top_random_ratio_k4": 2.2795808793273005,
      "ins_gain_k4": -0.15040943420933672,
      "ins_gain_rel_k4": -0.00038093226862799946,
      "insertion_baseline_mse": 394.84561061488625,
      "auc_deletion_top": 0.26723483505037393,
      "auc_deletion_bottom": 0.015603546455963624,
      "auc_deletion_random": 0.16664100884319594,