{
  "multiseed": "/home/lebedeffson/Code/bonner-shap-reconstruction/results/multiseed_config_energy_ea_minimal_energy_ea3_full.json",
  "config": "/home/lebedeffson/Code/bonner-shap-reconstruction/configs/config_energy_ea_minimal.yaml",
  "results_dir": "/home/lebedeffson/Code/bonner-shap-reconstruction/results/energy_ea_minimal",
  "eval_importance": "final",
  "mask": "permute",
  "insertion_baseline": "mean",
  "k_list": [
    1,
    2,
    3,
    4
  ],
  "random_trials": 20,
  "aggregate": {
    "n_runs": 3,
    "delta_r2_mean": 0.00019924037268311454,
    "delta_r2_std": 0.00022774990208724433,
    "wins": 2,
    "losses": 1,
    "deletion_runs_with_model": 3,
    "deletion_runs_skipped_no_model": 0,
    "shap_stability": {
      "pearson_mean": 0.7898505362214899,
      "spearman_mean": 0.8253968253968255,
      "topk_overlap_mean": 0.6666666666666666
    },
    "vanilla_stability": {
      "pearson_mean": 0.1363826865634581,
      "spearman_mean": 0.2142857142857143,
      "topk_overlap_mean": 0.5555555555555555
    },
    "entropy_shap_mean": 1.5373760632624307,
    "entropy_shap_std": 0.23875397889024655,
    "entropy_shap_ci95_low": 1.206479930545647,
    "entropy_shap_ci95_high": 1.8682721959792143,
    "gini_shap_mean": 0.5185059972419553,
    "gini_shap_std": 0.12157858945942819,
    "gini_shap_ci95_low": 0.35000666893639565,
    "gini_shap_ci95_high": 0.687005325547515,
    "n_eff_shap_mean": 4.027895119451634,
    "n_eff_shap_std": 1.1277151484444965,
    "n_eff_shap_ci95_low": 2.4649616631763154,
    "n_eff_shap_ci95_high": 5.590828575726953,
    "mass3_shap_mean": 0.8062518471012705,
    "mass3_shap_std": 0.11010828432196818,
    "mass3_shap_ci95_low": 0.6536495506638655,
    "mass3_shap_ci95_high": 0.9588541435386755,
    "entropy_vanilla_mean": 1.9746057311071532,
    "entropy_vanilla_std": 0.00833451410488293,
    "entropy_vanilla_ci95_low": 1.9630546838818963,
    "entropy_vanilla_ci95_high": 1.9861567783324101,
    "gini_vanilla_mean": 0.24776394049052933,
    "gini_vanilla_std": 0.016574907815343834,
    "gini_vanilla_ci95_low": 0.22479229025153713,
    "gini_vanilla_ci95_high": 0.2707355907295215,
    "n_eff_vanilla_mean": 6.560169321905633,
    "n_eff_vanilla_std": 0.04232814902107685,
    "n_eff_vanilla_ci95_low": 6.501505500338192,
    "n_eff_vanilla_ci95_high": 6.618833143473074,
    "mass3_vanilla_mean": 0.5601622930761585,
    "mass3_vanilla_std": 0.012495662404248606,
    "mass3_vanilla_ci95_low": 0.542844188538093,
    "mass3_vanilla_ci95_high": 0.577480397614224,
    "auc_deletion_top_mean": 2.3363049033901766,
    "auc_deletion_top_std": 0.8521643029861768,
    "auc_deletion_top_ci95_low": 1.1552654350299751,
    "auc_deletion_top_ci95_high": 3.517344371750378,
    "auc_deletion_bottom_mean": 1.2617098023237834,
    "auc_deletion_bottom_std": 0.9825279057246272,
    "auc_deletion_bottom_ci95_low": -0.10000440156830193,
    "auc_deletion_bottom_ci95_high": 2.6234240062158687,
    "auc_deletion_random_mean": 2.3007948483921496,
    "auc_deletion_random_std": 0.22191317406565453,
    "auc_deletion_random_ci95_low": 1.993238880367898,
    "auc_deletion_random_ci95_high": 2.6083508164164013,
    "auc_deletion_top_rel_mean": 0.0038263250392656517,
    "auc_deletion_top_rel_std": 0.001487811499604359,
    "auc_deletion_top_rel_ci95_low": 0.001764323502290417,
    "auc_deletion_top_rel_ci95_high": 0.005888326576240886,
    "auc_deletion_bottom_rel_mean": 0.00197648643001659,
    "auc_deletion_bottom_rel_std": 0.0014615949170401906,
    "auc_deletion_bottom_rel_ci95_low": -4.9180777269750096e-05,
    "auc_deletion_bottom_rel_ci95_high": 0.0040021536373029305,
    "auc_deletion_random_rel_mean": 0.003730983390069805,
    "auc_deletion_random_rel_std": 0.0005298973741107201,
    "auc_deletion_random_rel_ci95_low": 0.0029965830979992,
    "auc_deletion_random_rel_ci95_high": 0.00446538368214041,
    "auc_insertion_gain_top_mean": -0.39579280224720986,
    "auc_insertion_gain_top_std": 2.4229060486255736,
    "auc_insertion_gain_top_ci95_low": -3.75376926468286,
    "auc_insertion_gain_top_ci95_high": 2.962183660188441,
    "auc_insertion_gain_top_rel_mean": -0.0006926837908381887,
    "auc_insertion_gain_top_rel_std": 0.0039804810066064195,
    "auc_insertion_gain_top_rel_ci95_low": -0.00620934901066327,
    "auc_insertion_gain_top_rel_ci95_high": 0.004823981428986893,
    "auc_deletion_gap_top_bottom_mean": 1.074595101066393,
    "auc_deletion_gap_top_bottom_std": 1.834522946385458,
    "auc_deletion_gap_top_bottom_ci95_low": -1.4679239855713129,
    "auc_deletion_gap_top_bottom_ci95_high": 3.617114187704099,
    "auc_deletion_gap_top_random_mean": 0.035510054998026806,
    "auc_deletion_gap_top_random_std": 0.7269875896000333,
    "auc_deletion_gap_top_random_ci95_low": -0.9720433397134801,
    "auc_deletion_gap_top_random_ci95_high": 1.0430634497095337,
    "auc_del_top_bottom_ratio_mean": 3.641790505086739,
    "auc_del_top_bottom_ratio_std": 2.3349653625139744,
    "auc_del_top_bottom_ratio_ci95_low": 0.4056936154148394,
    "auc_del_top_bottom_ratio_ci95_high": 6.8778873947586385,
    "auc_del_top_random_ratio_mean": 1.0010116127253614,
    "auc_del_top_random_ratio_std": 0.3380782610523315,
    "auc_del_top_random_ratio_ci95_low": 0.5324590480401168,
    "auc_del_top_random_ratio_ci95_high": 1.469564177410606
  },
  "runs": [
    {
      "seed": 42,
      "tag": "energy_ea3_full_s42",
      "summary": "/home/lebedeffson/Code/bonner-shap-reconstruction/results/energy_ea_minimal/training_summary_20260502_231740_energy_ea3_full_s42.json",
      "metrics_source": "vanilla_fallback",
      "importance_kind_eval": "vanilla",
      "r2_final": 0.9851877346467696,
      "r2_vanilla": 0.9851877346467696,
      "r2_shap_raw": 0.9851054365895782,
      "entropy_shap": 1.8314461154455066,
      "gini_shap": 0.3550096993227305,
      "n_eff_shap": 5.597096045338618,
      "mass3_shap": 0.6758281049878354,
      "entropy_vanilla": 1.9738509653713074,
      "gini_vanilla": 0.25523768543343683,
      "n_eff_vanilla": 6.503527890954406,
      "mass3_vanilla": 0.5663151630450636,
      "base_mse": 656.1165698925122,
      "del_top_k1": 0.32219941444805045,
      "del_bottom_k1": 0.8138952454855826,
      "del_random_k1": 0.40088934840172785,
      "del_top_rel_k1": 0.0004910703817476124,
      "del_bottom_rel_k1": 0.0012404735421007842,
      "del_random_rel_k1": 0.0006110032375304935,
      "del_random_trials_k1": 20,
      "del_ratio_k1": 0.3958733218246353,
      "del_top_random_ratio_k1": 0.8037115870795685,
      "ins_gain_k1": -0.3107148691989323,
      "ins_gain_rel_k1": -0.0004731944839888559,
      "del_top_k2": 0.45831171832060136,
      "del_bottom_k2": 0.9432294366133647,
      "del_random_k2": 0.5686820793872073,
      "del_top_rel_k2": 0.0006985217861449273,
      "del_bottom_rel_k2": 0.0014375942932943868,
      "del_random_rel_k2": 0.0008667393958368865,
      "del_random_trials_k2": 20,
      "del_ratio_k2": 0.4858963265244023,
      "del_top_random_ratio_k2": 0.8059190449849533,
      "ins_gain_k2": -0.23979169111862575,
      "ins_gain_rel_k2": -0.00036518402172458096,
      "del_top_k3": 0.23417262681255124,
      "del_bottom_k3": 0.7985101513648942,
      "del_random_k3": 0.8519252381525348,
      "del_top_rel_k3": 0.0003569070460313387,
      "del_bottom_rel_k3": 0.0012170248215125985,
      "del_random_rel_k3": 0.0012984357921216646,
      "del_random_trials_k3": 20,
      "del_ratio_k3": 0.29326192836996057,
      "del_top_random_ratio_k3": 0.2748746208295198,
      "ins_gain_k3": -0.7033888739953227,
      "ins_gain_rel_k3": -0.0010712063318109877,
      "del_top_k4": 0.5560431891320832,
      "del_bottom_k4": 1.0009498261708814,
      "del_random_k4": 0.9369705137693132,
      "del_top_rel_k4": 0.0008474762178665533,
      "del_bottom_rel_k4": 0.0015255670594249123,
      "del_random_rel_k4": 0.0014280549474963119,
      "del_random_trials_k4": 20,
      "del_ratio_k4": 0.555515545927674,