{
  "multiseed": "/home/lebedeffson/Code/bonner-shap-reconstruction/results/multiseed_config_naval_ea_minimal_naval_ea3_full.json",
  "config": "/home/lebedeffson/Code/bonner-shap-reconstruction/configs/config_naval_ea_minimal.yaml",
  "results_dir": "/home/lebedeffson/Code/bonner-shap-reconstruction/results/naval_ea_minimal",
  "eval_importance": "final",
  "mask": "permute",
  "insertion_baseline": "mean",
  "k_list": [
    1,
    2,
    3,
    4
  ],
  "random_trials": 20,
  "aggregate": {
    "n_runs": 3,
    "delta_r2_mean": -2.9256761743405118e-05,
    "delta_r2_std": 3.971522603608003e-05,
    "wins": 1,
    "losses": 2,
    "deletion_runs_with_model": 3,
    "deletion_runs_skipped_no_model": 0,
    "shap_stability": {
      "pearson_mean": 0.7292665813829536,
      "spearman_mean": 0.6037296037296037,
      "topk_overlap_mean": 0.4444444444444444
    },
    "vanilla_stability": {
      "pearson_mean": 0.8436164167020078,
      "spearman_mean": 0.8275058275058275,
      "topk_overlap_mean": 0.7777777777777777
    },
    "entropy_shap_mean": 2.141517540381853,
    "entropy_shap_std": 0.04905443278988069,
    "entropy_shap_ci95_low": 2.0735315651188038,
    "entropy_shap_ci95_high": 2.209503515644902,
    "gini_shap_mean": 0.4385054633368579,
    "gini_shap_std": 0.03594104772177034,
    "gini_shap_ci95_low": 0.3886937125455122,
    "gini_shap_ci95_high": 0.4883172141282036,
    "n_eff_shap_mean": 7.189228173995493,
    "n_eff_shap_std": 0.5151437376970387,
    "n_eff_shap_ci95_low": 6.475275378781227,
    "n_eff_shap_ci95_high": 7.9031809692097585,
    "mass3_shap_mean": 0.5411620891108084,
    "mass3_shap_std": 0.049520024261282006,
    "mass3_shap_ci95_low": 0.4725308369898457,
    "mass3_shap_ci95_high": 0.6097933412317712,
    "entropy_vanilla_mean": 1.9776781946348654,
    "entropy_vanilla_std": 0.09281041265200755,
    "entropy_vanilla_ci95_low": 1.8490495252189911,
    "entropy_vanilla_ci95_high": 2.10630686405074,
    "gini_vanilla_mean": 0.5346113940638528,
    "gini_vanilla_std": 0.04256967308426117,
    "gini_vanilla_ci95_low": 0.4756128372227328,
    "gini_vanilla_ci95_high": 0.5936099509049728,
    "n_eff_vanilla_mean": 6.019561281053296,
    "n_eff_vanilla_std": 0.5057983842839687,
    "n_eff_vanilla_ci95_low": 5.318560484870124,
    "n_eff_vanilla_ci95_high": 6.720562077236467,
    "mass3_vanilla_mean": 0.6278665407667815,
    "mass3_vanilla_std": 0.02879099831095467,
    "mass3_vanilla_ci95_low": 0.5879642528868808,
    "mass3_vanilla_ci95_high": 0.6677688286466822,
    "auc_deletion_top_mean": 0.17281697727222942,
    "auc_deletion_top_std": 0.04566713261172606,
    "auc_deletion_top_ci95_low": 0.10952556054391964,
    "auc_deletion_top_ci95_high": 0.23610839400053918,
    "auc_deletion_bottom_mean": 0.13755146157746947,
    "auc_deletion_bottom_std": 0.09633920774829245,
    "auc_deletion_bottom_ci95_low": 0.004032131675273415,
    "auc_deletion_bottom_ci95_high": 0.2710707914796655,
    "auc_deletion_random_mean": 0.13841170543943604,
    "auc_deletion_random_std": 0.034782821899813486,
    "auc_deletion_random_ci95_low": 0.09020517374047837,
    "auc_deletion_random_ci95_high": 0.1866182371383937,
    "auc_deletion_top_rel_mean": 0.7459016965407544,
    "auc_deletion_top_rel_std": 0.19690894654157304,
    "auc_deletion_top_rel_ci95_low": 0.47299981984409695,
    "auc_deletion_top_rel_ci95_high": 1.0188035732374119,
    "auc_deletion_bottom_rel_mean": 0.5935638840795919,
    "auc_deletion_bottom_rel_std": 0.41571429354917117,
    "auc_deletion_bottom_rel_ci95_low": 0.017413267910195707,
    "auc_deletion_bottom_rel_ci95_high": 1.1697145002489882,
    "auc_deletion_random_rel_mean": 0.5974019500059201,
    "auc_deletion_random_rel_std": 0.1499601121054599,
    "auc_deletion_random_rel_ci95_low": 0.38956783813847956,
    "auc_deletion_random_rel_ci95_high": 0.8052360618733607,
    "auc_insertion_gain_top_mean": -0.11332141550791447,
    "auc_insertion_gain_top_std": 0.07198220322207038,
    "auc_insertion_gain_top_ci95_low": -0.21308365939313975,
    "auc_insertion_gain_top_ci95_high": -0.013559171622689187,
    "auc_insertion_gain_top_rel_mean": -0.4888923907456242,
    "auc_insertion_gain_top_rel_std": 0.3104554664417528,
    "auc_insertion_gain_top_rel_ci95_low": -0.9191617152773205,
    "auc_insertion_gain_top_rel_ci95_high": -0.05862306621392788,
    "auc_deletion_gap_top_bottom_mean": 0.035265515694759934,
    "auc_deletion_gap_top_bottom_std": 0.058591377964791753,
    "auc_deletion_gap_top_bottom_ci95_low": -0.04593799123405796,
    "auc_deletion_gap_top_bottom_ci95_high": 0.11646902262357783,
    "auc_deletion_gap_top_random_mean": 0.0344052718327934,
    "auc_deletion_gap_top_random_std": 0.011389106374381756,
    "auc_deletion_gap_top_random_ci95_low": 0.01862077570879206,
    "auc_deletion_gap_top_random_ci95_high": 0.05018976795679474,
    "auc_del_top_bottom_ratio_mean": 6.030271735409788,
    "auc_del_top_bottom_ratio_std": 7.161324284931642,
    "auc_del_top_bottom_ratio_ci95_low": -3.894817354326306,
    "auc_del_top_bottom_ratio_ci95_high": 15.955360825145881,
    "auc_del_top_random_ratio_mean": 1.2459746110073453,
    "auc_del_top_random_ratio_std": 0.03008181028050523,
    "auc_del_top_random_ratio_ci95_low": 1.2042833490095088,
    "auc_del_top_random_ratio_ci95_high": 1.2876658730051818
  },
  "runs": [
    {
      "seed": 42,
      "tag": "naval_ea3_full_s42",
      "summary": "/home/lebedeffson/Code/bonner-shap-reconstruction/results/naval_ea_minimal/training_summary_20260502_232145_naval_ea3_full_s42.json",
      "metrics_source": "shap",
      "importance_kind_eval": "shap",
      "r2_final": 0.9623369260779524,
      "r2_vanilla": 0.9623107201128925,
      "r2_shap_raw": 0.9623369260779524,
      "entropy_shap": 2.1106451206123844,
      "gini_shap": 0.4570833807517647,
      "n_eff_shap": 7.209674412195525,
      "mass3_shap": 0.5320642078342468,
      "entropy_vanilla": 2.0738361762417163,
      "gini_vanilla": 0.49331187789616004,
      "n_eff_vanilla": 6.401988563611178,
      "mass3_vanilla": 0.6237191495806123,
      "base_mse": 0.23152192890683987,
      "del_top_k1": 0.03202930472326693,
      "del_bottom_k1": -1.7120564856920595e-06,
      "del_random_k1": 0.007300597662905223,
      "del_top_rel_k1": 0.13834242343418182,
      "del_bottom_rel_k1": -7.39479190488934e-06,
      "del_random_rel_k1": 0.031533072039198994,
      "del_random_trials_k1": 20,
      "del_ratio_k1": -18708.099702925112,
      "del_top_random_ratio_k1": 4.387216800293288,
      "ins_gain_k1": -0.015669879910488488,
      "ins_gain_rel_k1": -0.06766813905328549,
      "del_top_k2": 0.034714326825032615,
      "del_bottom_k2": 0.0014548793844622043,
      "del_random_k2": 0.03144430518959669,
      "del_top_rel_k2": 0.14993969248956576,
      "del_bottom_rel_k2": 0.00628398092278048,
      "del_random_rel_k2": 0.1358156669561676,
      "del_random_trials_k2": 20,
      "del_ratio_k2": 23.86062183017607,
      "del_top_random_ratio_k2": 1.1039940814279405,
      "ins_gain_k2": -0.0032285102125236553,
      "ins_gain_rel_k2": -0.013941860387186117,
      "del_top_k3": 0.037681152804600604,
      "del_bottom_k3": 0.004154988511484686,
      "del_random_k3": 0.041452202756484785,
      "del_top_rel_k3": 0.1627541416156741,
      "del_bottom_rel_k3": 0.017946414540881913,
      "del_random_rel_k3": 0.1790422313429556,
      "del_random_trials_k3": 20,
      "del_ratio_k3": 9.068894580906372,
      "del_top_random_ratio_k3": 0.9090265486023354,
      "ins_gain_k3": -0.009988064172114897,
      "ins_gain_rel_k3": -0.04313202903485047,
      "del_top_k4": 0.07491582025301768,
      "del_bottom_k4": 0.004361736306634778,
      "del_random_k4": 0.04678595623172853,
      "del_top_rel_k4": 0.3235798034614632,
      "del_bottom_rel_k4": 0.018839408980438396,
      "del_random_rel_k4": 0.20208002089664798,
      "del_random_trials_k4": 20,
      "del_ratio_k4": 17.175687609057228,