{
  "multiseed": "/home/lebedeffson/Code/bonner-shap-reconstruction/results/multiseed_config_sml2010_ea_minimal_no_warmup_sml_ablation_nf3_no_warmup.json",
  "config": "/home/lebedeffson/Code/bonner-shap-reconstruction/results/ablation_nonfast/configs/config_sml2010_ea_minimal_no_warmup.yaml",
  "results_dir": "/home/lebedeffson/Code/bonner-shap-reconstruction/results/sml2010_ea_minimal",
  "eval_importance": "final",
  "mask": "permute",
  "insertion_baseline": "mean",
  "k_list": [
    1,
    2,
    3,
    4
  ],
  "random_trials": 20,
  "aggregate": {
    "n_runs": 3,
    "delta_r2_mean": -0.00011435170681702485,
    "delta_r2_std": 0.00016099348448079712,
    "wins": 1,
    "losses": 2,
    "deletion_runs_with_model": 3,
    "deletion_runs_skipped_no_model": 0,
    "shap_stability": {
      "pearson_mean": 0.5377666736992914,
      "spearman_mean": 0.831578947368421,
      "topk_overlap_mean": 0.7777777777777777
    },
    "vanilla_stability": {
      "pearson_mean": 0.7895004866979054,
      "spearman_mean": 0.8415204678362572,
      "topk_overlap_mean": 0.5555555555555555
    },
    "entropy_shap_mean": 1.369283736633357,
    "entropy_shap_std": 0.5682114055326277,
    "entropy_shap_ci95_low": 0.5817829061540226,
    "entropy_shap_ci95_high": 2.1567845671126915,
    "gini_shap_mean": 0.7977744738416571,
    "gini_shap_std": 0.10040554977338767,
    "gini_shap_ci95_low": 0.6586194814191464,
    "gini_shap_ci95_high": 0.9369294662641678,
    "n_eff_shap_mean": 2.9011333146192286,
    "n_eff_shap_std": 1.658241597361203,
    "n_eff_shap_ci95_low": 0.6029277130733792,
    "n_eff_shap_ci95_high": 5.199338916165078,
    "mass3_shap_mean": 0.8220155976447897,
    "mass3_shap_std": 0.1408806216267405,
    "mass3_shap_ci95_low": 0.6267650175803027,
    "mass3_shap_ci95_high": 1.0172661777092766,
    "entropy_vanilla_mean": 2.441215264634958,
    "entropy_vanilla_std": 0.047827272914548406,
    "entropy_vanilla_ci95_low": 2.374930046188026,
    "entropy_vanilla_ci95_high": 2.5075004830818903,
    "gini_vanilla_mean": 0.5292440727878728,
    "gini_vanilla_std": 0.02833552198812563,
    "gini_vanilla_ci95_low": 0.48997304288519505,
    "gini_vanilla_ci95_high": 0.5685151026905505,
    "n_eff_vanilla_mean": 9.54919428542768,
    "n_eff_vanilla_std": 0.8987483330106443,
    "n_eff_vanilla_ci95_low": 8.303592645357893,
    "n_eff_vanilla_ci95_high": 10.794795925497466,
    "mass3_vanilla_mean": 0.4464642243522454,
    "mass3_vanilla_std": 0.05197069301794146,
    "mass3_vanilla_ci95_low": 0.3744365186185819,
    "mass3_vanilla_ci95_high": 0.518491930085909,
    "auc_deletion_top_mean": 0.2562685802797849,
    "auc_deletion_top_std": 0.24889459274955572,
    "auc_deletion_top_ci95_low": -0.08868172621461007,
    "auc_deletion_top_ci95_high": 0.6012188867741799,
    "auc_deletion_bottom_mean": 0.33220667949111277,
    "auc_deletion_bottom_std": 0.22899742230963993,
    "auc_deletion_bottom_ci95_low": 0.01483244431991626,
    "auc_deletion_bottom_ci95_high": 0.6495809146623093,
    "auc_deletion_random_mean": 0.22803170640837275,
    "auc_deletion_random_std": 0.025601458493694534,
    "auc_deletion_random_ci95_low": 0.19254989518642437,
    "auc_deletion_random_ci95_high": 0.26351351763032116,
    "auc_deletion_top_rel_mean": 0.0006380956378608045,
    "auc_deletion_top_rel_std": 0.0006196643805781355,
    "auc_deletion_top_rel_ci95_low": -0.00022071537784965555,
    "auc_deletion_top_rel_ci95_high": 0.0014969066535712645,
    "auc_deletion_bottom_rel_mean": 0.0008311275482200767,
    "auc_deletion_bottom_rel_std": 0.000571103390020034,
    "auc_deletion_bottom_rel_ci95_low": 3.9618631730165086e-05,
    "auc_deletion_bottom_rel_ci95_high": 0.0016226364647099884,
    "auc_deletion_random_rel_mean": 0.000569472383052828,
    "auc_deletion_random_rel_std": 5.893751188242295e-05,
    "auc_deletion_random_rel_ci95_low": 0.00048778915898891294,
    "auc_deletion_random_rel_ci95_high": 0.000651155607116743,
    "auc_insertion_gain_top_mean": -0.1203139845810502,
    "auc_insertion_gain_top_std": 0.24670455909550126,
    "auc_insertion_gain_top_ci95_low": -0.46222905928574015,
    "auc_insertion_gain_top_ci95_high": 0.22160109012363977,
    "auc_insertion_gain_top_rel_mean": -0.0002977267557868762,
    "auc_insertion_gain_top_rel_std": 0.0006161595871716784,
    "auc_insertion_gain_top_rel_ci95_low": -0.001151680375655983,
    "auc_insertion_gain_top_rel_ci95_high": 0.0005562268640822308,
    "auc_deletion_gap_top_bottom_mean": -0.07593809921132788,
    "auc_deletion_gap_top_bottom_std": 0.47123223010767723,
    "auc_deletion_gap_top_bottom_ci95_low": -0.7290326498400123,
    "auc_deletion_gap_top_bottom_ci95_high": 0.5771564514173565,
    "auc_deletion_gap_top_random_mean": 0.028236873871412143,
    "auc_deletion_gap_top_random_std": 0.23584123299013998,
    "auc_deletion_gap_top_random_ci95_low": -0.29862239898480786,
    "auc_deletion_gap_top_random_ci95_high": 0.3550961467276322,
    "auc_del_top_bottom_ratio_mean": 14.877766220359296,
    "auc_del_top_bottom_ratio_std": 20.814894445664258,
    "auc_del_top_bottom_ratio_ci95_low": -13.970205683575047,
    "auc_del_top_bottom_ratio_ci95_high": 43.72573812429364,
    "auc_del_top_random_ratio_mean": 1.0632722124871838,
    "auc_del_top_random_ratio_std": 1.0151779320262024,
    "auc_del_top_random_ratio_ci95_low": -0.3436926192122771,
    "auc_del_top_random_ratio_ci95_high": 2.4702370441866446
  },
  "runs": [
    {
      "seed": 42,
      "tag": "sml_ablation_nf3_no_warmup_s42",
      "summary": "/home/lebedeffson/Code/bonner-shap-reconstruction/results/sml2010_ea_minimal/training_summary_20260503_111132_sml_ablation_nf3_no_warmup_s42.json",
      "metrics_source": "vanilla_fallback",
      "importance_kind_eval": "vanilla_gradient",
      "r2_final": 0.9380579076447224,
      "r2_vanilla": 0.9380579076447224,
      "r2_shap_raw": 0.9380560198275549,
      "entropy_shap": 1.2705587054413863,
      "gini_shap": 0.8269128622389947,
      "n_eff_shap": 2.0237702059983285,
      "mass3_shap": 0.8675198473316039,
      "entropy_vanilla": 2.486457289498423,
      "gini_vanilla": 0.5037672074553787,
      "n_eff_vanilla": 10.385866708993037,
      "mass3_vanilla": 0.3935269997110678,
      "base_mse": 394.73264117677485,
      "del_top_k1": 0.0022912218217356894,
      "del_bottom_k1": 0.11792641575800644,
      "del_random_k1": 0.016471122958080286,
      "del_top_rel_k1": 5.804490388494616e-06,
      "del_bottom_rel_k1": 0.00029875009932405015,
      "del_random_rel_k1": 4.1727288903640244e-05,
      "del_random_trials_k1": 20,
      "del_ratio_k1": 0.01942925007080698,
      "del_top_random_ratio_k1": 0.1391053802116493,
      "ins_gain_k1": 0.04954402148308645,
      "ins_gain_rel_k1": 0.00012548482960642298,
      "del_top_k2": 0.004265562630450859,
      "del_bottom_k2": 0.1293320365827526,
      "del_random_k2": 0.05247999847570668,
      "del_top_rel_k2": 1.0806207000602673e-05,
      "del_bottom_rel_k2": 0.0003276446462526846,
      "del_random_rel_k2": 0.00013295074438043292,
      "del_random_trials_k2": 20,
      "del_ratio_k2": 0.032981485045188885,
      "del_top_random_ratio_k2": 0.08127977809191696,
      "ins_gain_k2": 0.04899892168839415,
      "ins_gain_rel_k2": 0.00012410420379511673,
      "del_top_k3": 0.009842477937922922,
      "del_bottom_k3": 0.16356358820326022,
      "del_random_k3": 0.08662768365801128,
      "del_top_rel_k3": 2.4934542804923743e-05,
      "del_bottom_rel_k3": 0.0004143654999385024,
      "del_random_rel_k3": 0.00021945913416168743,
      "del_random_trials_k3": 20,
      "del_ratio_k3": 0.06017523854778433,
      "del_top_random_ratio_k3": 0.1136181590248382,
      "ins_gain_k3": 0.0406647802402631,
      "ins_gain_rel_k3": 0.00010299553541841715,
      "del_top_k4": 0.04079197743288887,
      "del_bottom_k4": 0.178424306297984,
      "del_random_k4": 0.08930914026948074,
      "del_top_rel_k4": 0.00010334077595224945,
      "del_bottom_rel_k4": 0.00045201305310365507,