{
  "multiseed": "/home/lebedeffson/Code/bonner-shap-reconstruction/results/multiseed_config_naval_ea_minimal_naval_ea3_full.json",
  "config": "/home/lebedeffson/Code/bonner-shap-reconstruction/configs/config_naval_ea_minimal.yaml",
  "results_dir": "/home/lebedeffson/Code/bonner-shap-reconstruction/results/naval_ea_minimal",
  "eval_importance": "vanilla",
  "mask": "permute",
  "insertion_baseline": "mean",
  "k_list": [
    1,
    2,
    3,
    4
  ],
  "random_trials": 20,
  "aggregate": {
    "n_runs": 3,
    "delta_r2_mean": -2.9256761743405118e-05,
    "delta_r2_std": 3.971522603608003e-05,
    "wins": 1,
    "losses": 2,
    "deletion_runs_with_model": 3,
    "deletion_runs_skipped_no_model": 0,
    "shap_stability": {
      "pearson_mean": 0.7292665813829536,
      "spearman_mean": 0.6037296037296037,
      "topk_overlap_mean": 0.4444444444444444
    },
    "vanilla_stability": {
      "pearson_mean": 0.8436164167020078,
      "spearman_mean": 0.8275058275058275,
      "topk_overlap_mean": 0.7777777777777777
    },
    "entropy_shap_mean": 2.141517540381853,
    "entropy_shap_std": 0.04905443278988069,
    "entropy_shap_ci95_low": 2.0735315651188038,
    "entropy_shap_ci95_high": 2.209503515644902,
    "gini_shap_mean": 0.4385054633368579,
    "gini_shap_std": 0.03594104772177034,
    "gini_shap_ci95_low": 0.3886937125455122,
    "gini_shap_ci95_high": 0.4883172141282036,
    "n_eff_shap_mean": 7.189228173995493,
    "n_eff_shap_std": 0.5151437376970387,
    "n_eff_shap_ci95_low": 6.475275378781227,
    "n_eff_shap_ci95_high": 7.9031809692097585,
    "mass3_shap_mean": 0.5411620891108084,
    "mass3_shap_std": 0.049520024261282006,
    "mass3_shap_ci95_low": 0.4725308369898457,
    "mass3_shap_ci95_high": 0.6097933412317712,
    "entropy_vanilla_mean": 1.9776781946348654,
    "entropy_vanilla_std": 0.09281041265200755,
    "entropy_vanilla_ci95_low": 1.8490495252189911,
    "entropy_vanilla_ci95_high": 2.10630686405074,
    "gini_vanilla_mean": 0.5346113940638528,
    "gini_vanilla_std": 0.04256967308426117,
    "gini_vanilla_ci95_low": 0.4756128372227328,
    "gini_vanilla_ci95_high": 0.5936099509049728,
    "n_eff_vanilla_mean": 6.019561281053296,
    "n_eff_vanilla_std": 0.5057983842839687,
    "n_eff_vanilla_ci95_low": 5.318560484870124,
    "n_eff_vanilla_ci95_high": 6.720562077236467,
    "mass3_vanilla_mean": 0.6278665407667815,
    "mass3_vanilla_std": 0.02879099831095467,
    "mass3_vanilla_ci95_low": 0.5879642528868808,
    "mass3_vanilla_ci95_high": 0.6677688286466822,
    "auc_deletion_top_mean": 0.17495565556390444,
    "auc_deletion_top_std": 0.04351801412959192,
    "auc_deletion_top_ci95_low": 0.11464276509008381,
    "auc_deletion_top_ci95_high": 0.23526854603772507,
    "auc_deletion_bottom_mean": 0.17125488341844108,
    "auc_deletion_bottom_std": 0.05297419742905406,
    "auc_deletion_bottom_ci95_low": 0.09783639152764285,
    "auc_deletion_bottom_ci95_high": 0.24467337530923933,
    "auc_deletion_random_mean": 0.13841170543943604,
    "auc_deletion_random_std": 0.034782821899813486,
    "auc_deletion_random_ci95_low": 0.09020517374047837,
    "auc_deletion_random_ci95_high": 0.1866182371383937,
    "auc_deletion_top_rel_mean": 0.7551391726699652,
    "auc_deletion_top_rel_std": 0.18763607362823118,
    "auc_deletion_top_rel_ci95_low": 0.49508884215679366,
    "auc_deletion_top_rel_ci95_high": 1.0151895031831368,
    "auc_deletion_bottom_rel_mean": 0.7391372299823363,
    "auc_deletion_bottom_rel_std": 0.22843697053374165,
    "auc_deletion_bottom_rel_ci95_low": 0.42253974134362066,
    "auc_deletion_bottom_rel_ci95_high": 1.055734718621052,
    "auc_deletion_random_rel_mean": 0.5974019500059201,
    "auc_deletion_random_rel_std": 0.1499601121054599,
    "auc_deletion_random_rel_ci95_low": 0.38956783813847956,
    "auc_deletion_random_rel_ci95_high": 0.8052360618733607,
    "auc_insertion_gain_top_mean": -0.12057197438174423,
    "auc_insertion_gain_top_std": 0.06487052247859516,
    "auc_insertion_gain_top_ci95_low": -0.21047793161545308,
    "auc_insertion_gain_top_ci95_high": -0.03066601714803538,
    "auc_insertion_gain_top_rel_mean": -0.5202028940099119,
    "auc_insertion_gain_top_rel_std": 0.2797545400647088,
    "auc_insertion_gain_top_rel_ci95_low": -0.9079229054109714,
    "auc_insertion_gain_top_rel_ci95_high": -0.1324828826088525,
    "auc_deletion_gap_top_bottom_mean": 0.003700772145463327,
    "auc_deletion_gap_top_bottom_std": 0.014060432064618655,
    "auc_deletion_gap_top_bottom_ci95_low": -0.015785992498773726,
    "auc_deletion_gap_top_bottom_ci95_high": 0.02318753678970038,
    "auc_deletion_gap_top_random_mean": 0.03654395012446839,
    "auc_deletion_gap_top_random_std": 0.010129186513984414,
    "auc_deletion_gap_top_random_ci95_low": 0.022505613839462653,
    "auc_deletion_gap_top_random_ci95_high": 0.05058228640947413,
    "auc_del_top_bottom_ratio_mean": 1.049217046185919,
    "auc_del_top_bottom_ratio_std": 0.11795649202921055,
    "auc_del_top_bottom_ratio_ci95_low": 0.8857376888042088,
    "auc_del_top_bottom_ratio_ci95_high": 1.212696403567629,
    "auc_del_top_random_ratio_mean": 1.2673742797572314,
    "auc_del_top_random_ratio_std": 0.04895983097327716,
    "auc_del_top_random_ratio_ci95_low": 1.1995194159228066,
    "auc_del_top_random_ratio_ci95_high": 1.3352291435916561
  },
  "runs": [
    {
      "seed": 42,
      "tag": "naval_ea3_full_s42",
      "summary": "/home/lebedeffson/Code/bonner-shap-reconstruction/results/naval_ea_minimal/training_summary_20260502_232145_naval_ea3_full_s42.json",
      "metrics_source": "shap",
      "importance_kind_eval": "vanilla",
      "r2_final": 0.9623369260779524,
      "r2_vanilla": 0.9623107201128925,
      "r2_shap_raw": 0.9623369260779524,
      "entropy_shap": 2.1106451206123844,
      "gini_shap": 0.4570833807517647,
      "n_eff_shap": 7.209674412195525,
      "mass3_shap": 0.5320642078342468,
      "entropy_vanilla": 2.0738361762417163,
      "gini_vanilla": 0.49331187789616004,
      "n_eff_vanilla": 6.401988563611178,
      "mass3_vanilla": 0.6237191495806123,
      "base_mse": 0.23152192890683987,
      "del_top_k1": 0.02090290595096428,
      "del_bottom_k1": 0.028034614771279776,
      "del_random_k1": 0.007300597662905223,
      "del_top_rel_k1": 0.09028477798871888,
      "del_bottom_rel_k1": 0.12108837769073398,
      "del_random_rel_k1": 0.031533072039198994,
      "del_random_trials_k1": 20,
      "del_ratio_k1": 0.7456106003508481,
      "del_top_random_ratio_k1": 2.8631773607125384,
      "ins_gain_k1": -0.015915570084665237,
      "ins_gain_rel_k1": -0.06872911699090772,
      "del_top_k2": 0.021020036092563477,
      "del_bottom_k2": 0.03569436743337151,
      "del_random_k2": 0.03144430518959669,
      "del_top_rel_k2": 0.09079069180064908,
      "del_bottom_rel_k2": 0.15417272826704934,
      "del_random_rel_k2": 0.1358156669561676,
      "del_random_trials_k2": 20,
      "del_ratio_k2": 0.5888894412041732,
      "del_top_random_ratio_k2": 0.6684846736206289,
      "ins_gain_k2": -0.016032083545446496,
      "ins_gain_rel_k2": -0.06923226373553903,
      "del_top_k3": 0.06446478788554677,
      "del_bottom_k3": 0.038727860717105655,
      "del_random_k3": 0.041452202756484785,
      "del_top_rel_k3": 0.27843923117627345,
      "del_bottom_rel_k3": 0.16727512983239592,
      "del_random_rel_k3": 0.1790422313429556,
      "del_random_trials_k3": 20,
      "del_ratio_k3": 1.6645584519830927,
      "del_top_random_ratio_k3": 1.5551595234322435,
      "ins_gain_k3": -0.0277745626389784,
      "ins_gain_rel_k3": -0.11994048311375916,
      "del_top_k4": 0.07269560007841624,
      "del_bottom_k4": 0.04092122001563836,
      "del_random_k4": 0.04678595623172853,
      "del_top_rel_k4": 0.31399012793882525,
      "del_bottom_rel_k4": 0.1767487866427009,
      "del_random_rel_k4": 0.20208002089664798,
      "del_random_trials_k4": 20,
      "del_ratio_k4": 1.7764768511021565,
      "del_top_random_ratio_k4": 1.553791050391377,