{
  "multiseed": "/home/lebedeffson/Code/bonner-shap-reconstruction/results/multiseed_config_sml2010_ea_minimal_task_only_qerr_focus_orderfix_fast3_task_only.json",
  "config": "/home/lebedeffson/Code/bonner-shap-reconstruction/results/ablation/configs/config_sml2010_ea_minimal_task_only.yaml",
  "results_dir": "/home/lebedeffson/Code/bonner-shap-reconstruction/results/sml2010_ea_minimal",
  "eval_importance": "ea_raw",
  "mask": "permute",
  "insertion_baseline": "mean",
  "k_list": [
    1,
    2,
    3,
    4
  ],
  "random_trials": 8,
  "aggregate": {
    "n_runs": 3,
    "delta_r2_mean": -0.05869520995642117,
    "delta_r2_std": 0.025782392939779977,
    "wins": 0,
    "losses": 3,
    "deletion_runs_with_model": 3,
    "deletion_runs_skipped_no_model": 0,
    "shap_stability": {
      "pearson_mean": 0.20861429845295887,
      "spearman_mean": 0.8251461988304093,
      "topk_overlap_mean": 0.5555555555555555
    },
    "vanilla_stability": {
      "pearson_mean": 0.7980648484620713,
      "spearman_mean": 0.8596491228070176,
      "topk_overlap_mean": 0.5555555555555555
    },
    "entropy_shap_mean": 1.9101497579832258,
    "entropy_shap_std": 0.15066329761840347,
    "entropy_shap_ci95_low": 1.7013410807163016,
    "entropy_shap_ci95_high": 2.1189584352501503,
    "gini_shap_mean": 0.6932209655212143,
    "gini_shap_std": 0.043839030942194955,
    "gini_shap_ci95_low": 0.6324631684438633,
    "gini_shap_ci95_high": 0.7539787625985652,
    "n_eff_shap_mean": 3.8310514268029325,
    "n_eff_shap_std": 0.6999534129702496,
    "n_eff_shap_ci95_low": 2.8609654893441068,
    "n_eff_shap_ci95_high": 4.801137364261758,
    "mass3_shap_mean": 0.7003771679408267,
    "mass3_shap_std": 0.06611651016498987,
    "mass3_shap_ci95_low": 0.6087443598761616,
    "mass3_shap_ci95_high": 0.7920099760054918,
    "entropy_vanilla_mean": 2.5223483060666325,
    "entropy_vanilla_std": 0.056972322662901254,
    "entropy_vanilla_ci95_low": 2.443388695304657,
    "entropy_vanilla_ci95_high": 2.601307916828608,
    "gini_vanilla_mean": 0.47967432118372355,
    "gini_vanilla_std": 0.041351521273239655,
    "gini_vanilla_ci95_low": 0.42236403661853594,
    "gini_vanilla_ci95_high": 0.5369846057489112,
    "n_eff_vanilla_mean": 10.877595281384933,
    "n_eff_vanilla_std": 0.9358936542828259,
    "n_eff_vanilla_ci95_low": 9.580512852535758,
    "n_eff_vanilla_ci95_high": 12.174677710234107,
    "mass3_vanilla_mean": 0.3962787886279829,
    "mass3_vanilla_std": 0.0415952022025027,
    "mass3_vanilla_ci95_low": 0.33863077952524095,
    "mass3_vanilla_ci95_high": 0.4539267977307248,
    "auc_deletion_top_mean": 0.4466849488618436,
    "auc_deletion_top_std": 0.19216690383152393,
    "auc_deletion_top_ci95_low": 0.18035520805681193,
    "auc_deletion_top_ci95_high": 0.7130146896668753,
    "auc_deletion_bottom_mean": 0.012203340846497213,
    "auc_deletion_bottom_std": 0.006378714948176671,
    "auc_deletion_bottom_ci95_low": 0.00336289296007824,
    "auc_deletion_bottom_ci95_high": 0.021043788732916187,
    "auc_deletion_random_mean": 0.19757734984334738,
    "auc_deletion_random_std": 0.026106771192483134,
    "auc_deletion_random_ci95_low": 0.16139521095097015,
    "auc_deletion_random_ci95_high": 0.2337594887357246,
    "auc_deletion_top_rel_mean": 0.0011148117648316946,
    "auc_deletion_top_rel_std": 0.00047597340299396673,
    "auc_deletion_top_rel_ci95_low": 0.0004551462838256108,
    "auc_deletion_top_rel_ci95_high": 0.0017744772458377783,
    "auc_deletion_bottom_rel_mean": 3.065431970295444e-05,
    "auc_deletion_bottom_rel_std": 1.633703043317346e-05,
    "auc_deletion_bottom_rel_ci95_low": 8.012350695608448e-06,
    "auc_deletion_bottom_rel_ci95_high": 5.329628871030043e-05,
    "auc_deletion_random_rel_mean": 0.0004935917585804458,
    "auc_deletion_random_rel_std": 6.298620376373213e-05,
    "auc_deletion_random_rel_ci95_low": 0.0004062973338474818,
    "auc_deletion_random_rel_ci95_high": 0.0005808861833134098,
    "auc_insertion_gain_top_mean": -0.2516880222063283,
    "auc_insertion_gain_top_std": 0.35059123523279956,
    "auc_insertion_gain_top_ci95_low": -0.7375826843273823,
    "auc_insertion_gain_top_ci95_high": 0.23420663991472568,
    "auc_insertion_gain_top_rel_mean": -0.0006249596525855204,
    "auc_insertion_gain_top_rel_std": 0.0008745148491727112,
    "auc_insertion_gain_top_rel_ci95_low": -0.001836975397578296,
    "auc_insertion_gain_top_rel_ci95_high": 0.0005870560924072553,
    "auc_deletion_gap_top_bottom_mean": 0.4344816080153464,
    "auc_deletion_gap_top_bottom_std": 0.1963934897119664,
    "auc_deletion_gap_top_bottom_ci95_low": 0.1622941180371515,
    "auc_deletion_gap_top_bottom_ci95_high": 0.7066690979935413,
    "auc_deletion_gap_top_random_mean": 0.24910759901849625,
    "auc_deletion_gap_top_random_std": 0.16634373643692968,
    "auc_deletion_gap_top_random_ci95_low": 0.018566942295273114,
    "auc_deletion_gap_top_random_ci95_high": 0.4796482557417194,
    "auc_del_top_bottom_ratio_mean": 51.55139176429048,
    "auc_del_top_bottom_ratio_std": 36.15304469755416,
    "auc_del_top_bottom_ratio_ci95_low": 1.4458281545759135,
    "auc_del_top_bottom_ratio_ci95_high": 101.65695537400504,
    "auc_del_top_random_ratio_mean": 2.177951014799506,
    "auc_del_top_random_ratio_std": 0.6348546635744763,
    "auc_del_top_random_ratio_ci95_low": 1.2980873409439293,
    "auc_del_top_random_ratio_ci95_high": 3.0578146886550823
  },
  "runs": [
    {
      "seed": 42,
      "tag": "qerr_focus_orderfix_fast3_task_only_s42",
      "summary": "/home/lebedeffson/Code/bonner-shap-reconstruction/results/sml2010_ea_minimal/training_summary_20260504_182820_qerr_focus_orderfix_fast3_task_only_s42.json",
      "metrics_source": "shap",
      "importance_kind_eval": "ea_raw",
      "r2_final": 0.4041416623632423,
      "r2_vanilla": 0.49929862603241604,
      "r2_shap_raw": 0.4041416623632423,
      "entropy_shap": 2.0950159878577863,
      "gini_shap": 0.6574879758225183,
      "n_eff_shap": 4.820876528859226,
      "mass3_shap": 0.6429207936194937,
      "entropy_vanilla": 2.4798542555824343,
      "gini_vanilla": 0.506434328426344,
      "n_eff_vanilla": 10.25452818475302,
      "mass3_vanilla": 0.42948782989815126,
      "base_mse": 394.7572300934835,
      "del_top_k1": 0.005172285551736877,
      "del_bottom_k1": -0.001061582967679442,
      "del_random_k1": 0.019854099224311028,
      "del_top_rel_k1": 1.3102446661995275e-05,
      "del_bottom_rel_k1": -2.6892046218584596e-06,
      "del_random_rel_k1": 5.029445368134049e-05,
      "del_random_trials_k1": 8,
      "del_ratio_k1": -4.87223864180435,
      "del_top_random_ratio_k1": 0.2605147427259244,
      "ins_gain_k1": 0.10176981118678441,
      "ins_gain_rel_k1": 0.00025774586880909604,
      "del_top_k2": 0.058152546506789804,
      "del_bottom_k2": 0.0018310572306177164,
      "del_random_k2": 0.06581404864317619,
      "del_top_rel_k2": 0.0001473121758733042,
      "del_bottom_rel_k2": 4.638438744197527e-06,
      "del_random_rel_k2": 0.00016672031219691765,
      "del_random_trials_k2": 8,
      "del_ratio_k2": 31.758999938747273,
      "del_top_random_ratio_k2": 0.8835886517359185,
      "ins_gain_k2": 0.061360391919379254,
      "ins_gain_rel_k2": 0.0001554035262647789,
      "del_top_k3": 0.13543199635665815,
      "del_bottom_k3": 0.013934644823393683,
      "del_random_k3": 0.06151279868561943,
      "del_top_rel_k3": 0.0003430766710076109,
      "del_bottom_rel_k3": 3.529927702677858e-05,
      "del_random_rel_k3": 0.00015582437507490938,
      "del_random_trials_k3": 8,
      "del_ratio_k3": 9.719084918445418,
      "del_top_random_ratio_k3": 2.2016880917193253,
      "ins_gain_k3": 0.047848716260148194,
      "ins_gain_rel_k3": 0.00012118337255472207,
      "del_top_k4": 0.1755522261863689,
      "del_bottom_k4": 0.011934525275592023,
      "del_random_k4": 0.06875729335163072,
      "del_top_rel_k4": 0.0004447093372926836,
      "del_bottom_rel_k4": 3.0232569198962477e-05,