{
  "multiseed": "/home/lebedeffson/Code/bonner-shap-reconstruction/results/multiseed_config_sml2010_ea_minimal_anti_q_err_neg_core_v2_fast3_final_anti_q_err.json",
  "config": "/home/lebedeffson/Code/bonner-shap-reconstruction/results/ablation/configs/config_sml2010_ea_minimal_anti_q_err.yaml",
  "results_dir": "/home/lebedeffson/Code/bonner-shap-reconstruction/results/sml2010_ea_minimal",
  "eval_importance": "ea_raw",
  "mask": "permute",
  "insertion_baseline": "mean",
  "k_list": [
    1,
    2,
    3,
    4
  ],
  "random_trials": 20,
  "aggregate": {
    "n_runs": 3,
    "delta_r2_mean": -0.0301162474899986,
    "delta_r2_std": 0.008131266244642912,
    "wins": 0,
    "losses": 3,
    "deletion_runs_with_model": 3,
    "deletion_runs_skipped_no_model": 0,
    "shap_stability": {
      "pearson_mean": 0.571858139118706,
      "spearman_mean": 0.8801169590643275,
      "topk_overlap_mean": 0.7777777777777777
    },
    "vanilla_stability": {
      "pearson_mean": 0.8830804587805515,
      "spearman_mean": 0.9187134502923976,
      "topk_overlap_mean": 0.7777777777777777
    },
    "entropy_shap_mean": 2.049293799934487,
    "entropy_shap_std": 0.44706240046913137,
    "entropy_shap_ci95_low": 1.42969692416338,
    "entropy_shap_ci95_high": 2.6688906757055944,
    "gini_shap_mean": 0.6455335664993952,
    "gini_shap_std": 0.12498298528637652,
    "gini_shap_ci95_low": 0.47231598629868193,
    "gini_shap_ci95_high": 0.8187511467001085,
    "n_eff_shap_mean": 5.913885606348529,
    "n_eff_shap_std": 2.816250008971009,
    "n_eff_shap_ci95_low": 2.010762227782781,
    "n_eff_shap_ci95_high": 9.817008984914278,
    "mass3_shap_mean": 0.6502072279372864,
    "mass3_shap_std": 0.17098749160061735,
    "mass3_shap_ci95_low": 0.4132306549118926,
    "mass3_shap_ci95_high": 0.8871838009626801,
    "entropy_vanilla_mean": 2.378948920356244,
    "entropy_vanilla_std": 0.06659333641551711,
    "entropy_vanilla_ci95_low": 2.2866552648241956,
    "entropy_vanilla_ci95_high": 2.4712425758882923,
    "gini_vanilla_mean": 0.5489531107935929,
    "gini_vanilla_std": 0.02602586118723964,
    "gini_vanilla_ci95_low": 0.5128831074474277,
    "gini_vanilla_ci95_high": 0.585023114139758,
    "n_eff_vanilla_mean": 8.090463819882778,
    "n_eff_vanilla_std": 0.8650417485046948,
    "n_eff_vanilla_ci95_low": 6.8915771225835885,
    "n_eff_vanilla_ci95_high": 9.289350517181969,
    "mass3_vanilla_mean": 0.5015201805377677,
    "mass3_vanilla_std": 0.03679393988693161,
    "mass3_vanilla_ci95_low": 0.4505263815125534,
    "mass3_vanilla_ci95_high": 0.552513979562982,
    "auc_deletion_top_mean": 0.31653027397473465,
    "auc_deletion_top_std": 0.1463681583249043,
    "auc_deletion_top_ci95_low": 0.11367435606413562,
    "auc_deletion_top_ci95_high": 0.5193861918853337,
    "auc_deletion_bottom_mean": 0.013486982221773284,
    "auc_deletion_bottom_std": 0.003882285644722693,
    "auc_deletion_bottom_ci95_low": 0.00810640883023554,
    "auc_deletion_bottom_ci95_high": 0.018867555613311028,
    "auc_deletion_random_mean": 0.19902457374074156,
    "auc_deletion_random_std": 0.03062924557183333,
    "auc_deletion_random_ci95_low": 0.15657460513765764,
    "auc_deletion_random_ci95_high": 0.24147454234382548,
    "auc_deletion_top_rel_mean": 0.000793633561378258,
    "auc_deletion_top_rel_std": 0.000369083107977483,
    "auc_deletion_top_rel_ci95_low": 0.0002821104711725794,
    "auc_deletion_top_rel_ci95_high": 0.0013051566515839366,
    "auc_deletion_bottom_rel_mean": 3.379740630243174e-05,
    "auc_deletion_bottom_rel_std": 9.970206957885436e-06,
    "auc_deletion_bottom_rel_ci95_low": 1.9979404440913722e-05,
    "auc_deletion_bottom_rel_ci95_high": 4.761540816394975e-05,
    "auc_deletion_random_rel_mean": 0.0004978193803477513,
    "auc_deletion_random_rel_std": 7.786336795664113e-05,
    "auc_deletion_random_rel_ci95_low": 0.00038990625799094927,
    "auc_deletion_random_rel_ci95_high": 0.0006057325027045533,
    "auc_insertion_gain_top_mean": -0.2692061262376437,
    "auc_insertion_gain_top_std": 0.28068231714249753,
    "auc_insertion_gain_top_ci95_low": -0.6582119710664454,
    "auc_insertion_gain_top_ci95_high": 0.11979971859115807,
    "auc_insertion_gain_top_rel_mean": -0.0006753481272025308,
    "auc_insertion_gain_top_rel_std": 0.0006991387291087291,
    "auc_insertion_gain_top_rel_ci95_low": -0.001644304970434668,
    "auc_insertion_gain_top_rel_ci95_high": 0.0002936087160296064,
    "auc_deletion_gap_top_bottom_mean": 0.30304329175296135,
    "auc_deletion_gap_top_bottom_std": 0.14267279285605117,
    "auc_deletion_gap_top_bottom_ci95_low": 0.10530888908706004,
    "auc_deletion_gap_top_bottom_ci95_high": 0.5007776944188627,
    "auc_deletion_gap_top_random_mean": 0.1175057002339931,
    "auc_deletion_gap_top_random_std": 0.1180909535012967,
    "auc_deletion_gap_top_random_ci95_low": -0.04616001124040911,
    "auc_deletion_gap_top_random_ci95_high": 0.2811714117083953,
    "auc_del_top_bottom_ratio_mean": 21.94349616280499,
    "auc_del_top_bottom_ratio_std": 6.362425902204623,
    "auc_del_top_bottom_ratio_ci95_low": 13.12562374232317,
    "auc_del_top_bottom_ratio_ci95_high": 30.76136858328681,
    "auc_del_top_random_ratio_mean": 1.512390610400134,
    "auc_del_top_random_ratio_std": 0.5860069211557123,
    "auc_del_top_random_ratio_ci95_low": 0.7002264535680828,
    "auc_del_top_random_ratio_ci95_high": 2.324554767232185
  },
  "runs": [
    {
      "seed": 42,
      "tag": "neg_core_v2_fast3_final_anti_q_err_s42",
      "summary": "/home/lebedeffson/Code/bonner-shap-reconstruction/results/sml2010_ea_minimal/training_summary_20260504_122104_neg_core_v2_fast3_final_anti_q_err_s42.json",
      "metrics_source": "shap",
      "importance_kind_eval": "ea_raw",
      "r2_final": 0.9117193016564286,
      "r2_vanilla": 0.9532332813069075,
      "r2_shap_raw": 0.9117193016564286,
      "entropy_shap": 1.4439798045364733,
      "gini_shap": 0.8115594303076019,
      "n_eff_shap": 2.831428250185662,
      "mass3_shap": 0.8742086408339336,
      "entropy_vanilla": 2.4316954853843225,
      "gini_vanilla": 0.5314071238325195,
      "n_eff_vanilla": 8.85484168830812,
      "mass3_vanilla": 0.49522172288105043,
      "base_mse": 394.7356189400974,
      "del_top_k1": 0.10596614962150852,
      "del_bottom_k1": -0.0006823972751135443,
      "del_random_k1": 0.020476036465572632,
      "del_top_rel_k1": 0.0002684484108782415,
      "del_bottom_rel_k1": -1.7287451204576977e-06,
      "del_random_rel_k1": 5.1872786450213635e-05,
      "del_random_trials_k1": 20,
      "del_ratio_k1": -155.28513029182585,
      "del_top_random_ratio_k1": 5.1751299522492795,
      "ins_gain_k1": -0.21250913483902423,
      "ins_gain_rel_k1": -0.0005383235056690698,
      "del_top_k2": 0.11541450339166204,
      "del_bottom_k2": 0.0013996532886153545,
      "del_random_k2": 0.05753256246616445,
      "del_top_rel_k2": 0.00029238431459912493,
      "del_bottom_rel_k2": 3.545799318474357e-06,
      "del_random_rel_k2": 0.00014574960987975873,
      "del_random_trials_k2": 20,
      "del_ratio_k2": 82.45935207524118,
      "del_top_random_ratio_k2": 2.00607270808653,
      "ins_gain_k2": -0.15260620135148883,
      "ins_gain_rel_k2": -0.0003865787010078565,
      "del_top_k3": 0.1523364182777982,
      "del_bottom_k3": 0.009788108980956167,
      "del_random_k3": 0.08777745074879988,
      "del_top_rel_k3": 0.0003859201221486815,
      "del_bottom_rel_k3": 2.4796619588670874e-05,
      "del_random_rel_k3": 0.00022237023095227746,
      "del_random_trials_k3": 20,
      "del_ratio_k3": 15.563416647548763,
      "del_top_random_ratio_k3": 1.735484648694306,
      "ins_gain_k3": -0.03923490619149561,
      "ins_gain_rel_k3": -9.938900867297885e-05,
      "del_top_k4": 0.17987293893952483,
      "del_bottom_k4": 0.01300040760020238,
      "del_random_k4": 0.09733022640400577,
      "del_top_rel_k4": 0.0004556795239874736,
      "del_bottom_rel_k4": 3.293446797405735e-05,