{
  "multiseed": "/home/lebedeffson/Code/bonner-shap-reconstruction/results/multiseed_config_sml2010_ea_minimal_sparsity_only_qerr_focus_orderfix_smoke1_sparsity_only.json",
  "config": "/home/lebedeffson/Code/bonner-shap-reconstruction/results/ablation/configs/config_sml2010_ea_minimal_sparsity_only.yaml",
  "results_dir": "/home/lebedeffson/Code/bonner-shap-reconstruction/results/sml2010_ea_minimal",
  "eval_importance": "ea_raw",
  "mask": "permute",
  "insertion_baseline": "mean",
  "k_list": [
    1,
    2,
    3,
    4
  ],
  "random_trials": 8,
  "aggregate": {
    "n_runs": 1,
    "delta_r2_mean": -0.07001257223491891,
    "delta_r2_std": 0.0,
    "wins": 0,
    "losses": 1,
    "deletion_runs_with_model": 1,
    "deletion_runs_skipped_no_model": 0,
    "shap_stability": {
      "pearson_mean": NaN,
      "spearman_mean": NaN,
      "topk_overlap_mean": NaN
    },
    "vanilla_stability": {
      "pearson_mean": NaN,
      "spearman_mean": NaN,
      "topk_overlap_mean": NaN
    },
    "entropy_shap_mean": 2.0919218555549617,
    "entropy_shap_std": 0.0,
    "entropy_shap_ci95_low": 2.0919218555549617,
    "entropy_shap_ci95_high": 2.0919218555549617,
    "gini_shap_mean": 0.6561069946128122,
    "gini_shap_std": 0.0,
    "gini_shap_ci95_low": 0.6561069946128122,
    "gini_shap_ci95_high": 0.6561069946128122,
    "n_eff_shap_mean": 4.7436877701022775,
    "n_eff_shap_std": 0.0,
    "n_eff_shap_ci95_low": 4.7436877701022775,
    "n_eff_shap_ci95_high": 4.7436877701022775,
    "mass3_shap_mean": 0.6390167949805391,
    "mass3_shap_std": 0.0,
    "mass3_shap_ci95_low": 0.6390167949805391,
    "mass3_shap_ci95_high": 0.6390167949805391,
    "entropy_vanilla_mean": 2.4798542555824343,
    "entropy_vanilla_std": 0.0,
    "entropy_vanilla_ci95_low": 2.4798542555824343,
    "entropy_vanilla_ci95_high": 2.4798542555824343,
    "gini_vanilla_mean": 0.506434328426344,
    "gini_vanilla_std": 0.0,
    "gini_vanilla_ci95_low": 0.506434328426344,
    "gini_vanilla_ci95_high": 0.506434328426344,
    "n_eff_vanilla_mean": 10.25452818475302,
    "n_eff_vanilla_std": 0.0,
    "n_eff_vanilla_ci95_low": 10.25452818475302,
    "n_eff_vanilla_ci95_high": 10.25452818475302,
    "mass3_vanilla_mean": 0.42948782989815126,
    "mass3_vanilla_std": 0.0,
    "mass3_vanilla_ci95_low": 0.42948782989815126,
    "mass3_vanilla_ci95_high": 0.42948782989815126,
    "auc_deletion_top_mean": 0.3196628113336999,
    "auc_deletion_top_std": 0.0,
    "auc_deletion_top_ci95_low": 0.3196628113336999,
    "auc_deletion_top_ci95_high": 0.3196628113336999,
    "auc_deletion_bottom_mean": 0.019916465517439974,
    "auc_deletion_bottom_std": 0.0,
    "auc_deletion_bottom_ci95_low": 0.019916465517439974,
    "auc_deletion_bottom_ci95_high": 0.019916465517439974,
    "auc_deletion_random_mean": 0.1820117319442467,
    "auc_deletion_random_std": 0.0,
    "auc_deletion_random_ci95_low": 0.1820117319442467,
    "auc_deletion_random_ci95_high": 0.1820117319442467,
    "auc_deletion_top_rel_mean": 0.0008098014444000243,
    "auc_deletion_top_rel_std": 0.0,
    "auc_deletion_top_rel_ci95_low": 0.0008098014444000243,
    "auc_deletion_top_rel_ci95_high": 0.0008098014444000243,
    "auc_deletion_bottom_rel_mean": 5.045435994282598e-05,
    "auc_deletion_bottom_rel_std": 0.0,
    "auc_deletion_bottom_rel_ci95_low": 5.045435994282598e-05,
    "auc_deletion_bottom_rel_ci95_high": 5.045435994282598e-05,
    "auc_deletion_random_rel_mean": 0.00046109011808801023,
    "auc_deletion_random_rel_std": 0.0,
    "auc_deletion_random_rel_ci95_low": 0.00046109011808801023,
    "auc_deletion_random_rel_ci95_high": 0.00046109011808801023,
    "auc_insertion_gain_top_mean": 0.11145653765669294,
    "auc_insertion_gain_top_std": 0.0,
    "auc_insertion_gain_top_ci95_low": 0.11145653765669294,
    "auc_insertion_gain_top_ci95_high": 0.11145653765669294,
    "auc_insertion_gain_top_rel_mean": 0.00028227880083246584,
    "auc_insertion_gain_top_rel_std": 0.0,
    "auc_insertion_gain_top_rel_ci95_low": 0.00028227880083246584,
    "auc_insertion_gain_top_rel_ci95_high": 0.00028227880083246584,
    "auc_deletion_gap_top_bottom_mean": 0.2997463458162599,
    "auc_deletion_gap_top_bottom_std": 0.0,
    "auc_deletion_gap_top_bottom_ci95_low": 0.2997463458162599,
    "auc_deletion_gap_top_bottom_ci95_high": 0.2997463458162599,
    "auc_deletion_gap_top_random_mean": 0.1376510793894532,
    "auc_deletion_gap_top_random_std": 0.0,
    "auc_deletion_gap_top_random_ci95_low": 0.1376510793894532,
    "auc_deletion_gap_top_random_ci95_high": 0.1376510793894532,
    "auc_del_top_bottom_ratio_mean": 16.050177730468043,
    "auc_del_top_bottom_ratio_std": 0.0,
    "auc_del_top_bottom_ratio_ci95_low": 16.050177730468043,
    "auc_del_top_bottom_ratio_ci95_high": 16.050177730468043,
    "auc_del_top_random_ratio_mean": 1.7562758615464513,
    "auc_del_top_random_ratio_std": 0.0,
    "auc_del_top_random_ratio_ci95_low": 1.7562758615464513,
    "auc_del_top_random_ratio_ci95_high": 1.7562758615464513
  },
  "runs": [
    {
      "seed": 42,
      "tag": "qerr_focus_orderfix_smoke1_sparsity_only_s42",
      "summary": "/home/lebedeffson/Code/bonner-shap-reconstruction/results/sml2010_ea_minimal/training_summary_20260504_182638_qerr_focus_orderfix_smoke1_sparsity_only_s42.json",
      "metrics_source": "shap",
      "importance_kind_eval": "ea_raw",
      "r2_final": 0.4292860537974971,
      "r2_vanilla": 0.49929862603241604,
      "r2_shap_raw": 0.4292860537974971,
      "entropy_shap": 2.0919218555549617,
      "gini_shap": 0.6561069946128122,
      "n_eff_shap": 4.7436877701022775,
      "mass3_shap": 0.6390167949805391,
      "entropy_vanilla": 2.4798542555824343,
      "gini_vanilla": 0.506434328426344,
      "n_eff_vanilla": 10.25452818475302,
      "mass3_vanilla": 0.42948782989815126,
      "base_mse": 394.74220939496445,
      "del_top_k1": 0.0048419398988812645,
      "del_bottom_k1": -0.0005511120500614197,
      "del_random_k1": 0.021785774429005755,
      "del_top_rel_k1": 1.2266080960287137e-05,
      "del_bottom_rel_k1": -1.3961315434347077e-06,
      "del_random_rel_k1": 5.5189878129317704e-05,
      "del_random_trials_k1": 8,
      "del_ratio_k1": -8.785763089606567,
      "del_top_random_ratio_k1": 0.2222523653881413,
      "ins_gain_k1": 0.10667671717766325,
      "ins_gain_rel_k1": 0.000270173257080776,
      "del_top_k2": 0.07257035978307158,
      "del_bottom_k2": 0.0021118739188068503,
      "del_random_k2": 0.06839948375915128,
      "del_top_rel_k2": 0.00018384241172055704,
      "del_bottom_rel_k2": 5.350007849537524e-06,
      "del_random_rel_k2": 0.0001732763361283037,
      "del_random_trials_k2": 8,
      "del_ratio_k2": 34.36301717751635,
      "del_top_random_ratio_k2": 1.0609781798579918,
      "ins_gain_k2": 0.06560309936548947,
      "ins_gain_rel_k2": 0.00016614874828449732,
      "del_top_k3": 0.1510510832598584,
      "del_bottom_k3": 0.012031165136988875,
      "del_random_k3": 0.06630018884159483,
      "del_top_rel_k3": 0.0003826575412124774,
      "del_bottom_rel_k3": 3.0478537259619238e-05,
      "del_random_rel_k3": 0.00016795819464864256,
      "del_random_trials_k3": 8,
      "del_ratio_k3": 12.554983788137749,
      "del_top_random_ratio_k3": 2.2782903924824867,
      "ins_gain_k3": 0.05546175663789654,
      "ins_gain_rel_k3": 0.00014046442214121093,
      "del_top_k4": 0.18724079668265858,
      "del_bottom_k4": 0.012097964973349917,
      "del_random_k4": 0.0728383442579954,
      "del_top_rel_k4": 0.00047433690197369263,
      "del_bottom_rel_k4": 3.064776121077315e-05,
      "del_random_rel_k4": 0.00018452129649281022,
      "del_random_trials_k4": 8,
      "del_ratio_k4": 15.47704899788073,
      "del_top_random_ratio_k4": 2.570634994349623,
      "ins_gain_k4": -0.12589335387104938,
      "ins_gain_rel_k4": -0.00031884199626726074,
      "insertion_baseline_mse": 394.84558290596806,
      "auc_deletion_top": 0.3196628113336999,
      "auc_deletion_bottom": 0.019916465517439974,