{
  "multiseed": "/home/lebedeffson/Code/bonner-shap-reconstruction/results/multiseed_config_sml2010_ea_minimal_task_only_qerr_focus_smoke1sm_task_only.json",
  "config": "/home/lebedeffson/Code/bonner-shap-reconstruction/results/ablation/configs/config_sml2010_ea_minimal_task_only.yaml",
  "results_dir": "/home/lebedeffson/Code/bonner-shap-reconstruction/results/sml2010_ea_minimal",
  "eval_importance": "ea_raw",
  "mask": "permute",
  "insertion_baseline": "mean",
  "k_list": [
    1,
    2,
    3,
    4
  ],
  "random_trials": 8,
  "aggregate": {
    "n_runs": 1,
    "delta_r2_mean": -0.09525853725304156,
    "delta_r2_std": 0.0,
    "wins": 0,
    "losses": 1,
    "deletion_runs_with_model": 1,
    "deletion_runs_skipped_no_model": 0,
    "shap_stability": {
      "pearson_mean": NaN,
      "spearman_mean": NaN,
      "topk_overlap_mean": NaN
    },
    "vanilla_stability": {
      "pearson_mean": NaN,
      "spearman_mean": NaN,
      "topk_overlap_mean": NaN
    },
    "entropy_shap_mean": 2.095014667231283,
    "entropy_shap_std": 0.0,
    "entropy_shap_ci95_low": 2.095014667231283,
    "entropy_shap_ci95_high": 2.095014667231283,
    "gini_shap_mean": 0.6574826153986337,
    "gini_shap_std": 0.0,
    "gini_shap_ci95_low": 0.6574826153986337,
    "gini_shap_ci95_high": 0.6574826153986337,
    "n_eff_shap_mean": 4.820767744143194,
    "n_eff_shap_std": 0.0,
    "n_eff_shap_ci95_low": 4.820767744143194,
    "n_eff_shap_ci95_high": 4.820767744143194,
    "mass3_shap_mean": 0.6429042877068409,
    "mass3_shap_std": 0.0,
    "mass3_shap_ci95_low": 0.6429042877068409,
    "mass3_shap_ci95_high": 0.6429042877068409,
    "entropy_vanilla_mean": 2.4798542555824343,
    "entropy_vanilla_std": 0.0,
    "entropy_vanilla_ci95_low": 2.4798542555824343,
    "entropy_vanilla_ci95_high": 2.4798542555824343,
    "gini_vanilla_mean": 0.506434328426344,
    "gini_vanilla_std": 0.0,
    "gini_vanilla_ci95_low": 0.506434328426344,
    "gini_vanilla_ci95_high": 0.506434328426344,
    "n_eff_vanilla_mean": 10.25452818475302,
    "n_eff_vanilla_std": 0.0,
    "n_eff_vanilla_ci95_low": 10.25452818475302,
    "n_eff_vanilla_ci95_high": 10.25452818475302,
    "mass3_vanilla_mean": 0.42948782989815126,
    "mass3_vanilla_std": 0.0,
    "mass3_vanilla_ci95_low": 0.42948782989815126,
    "mass3_vanilla_ci95_high": 0.42948782989815126,
    "auc_deletion_top_mean": 0.2837380010672632,
    "auc_deletion_top_std": 0.0,
    "auc_deletion_top_ci95_low": 0.2837380010672632,
    "auc_deletion_top_ci95_high": 0.2837380010672632,
    "auc_deletion_bottom_mean": 0.021204194553348543,
    "auc_deletion_bottom_std": 0.0,
    "auc_deletion_bottom_ci95_low": 0.021204194553348543,
    "auc_deletion_bottom_ci95_high": 0.021204194553348543,
    "auc_deletion_random_mean": 0.17152648195483522,
    "auc_deletion_random_std": 0.0,
    "auc_deletion_random_ci95_low": 0.17152648195483522,
    "auc_deletion_random_ci95_high": 0.17152648195483522,
    "auc_deletion_top_rel_mean": 0.0007187656969982274,
    "auc_deletion_top_rel_std": 0.0,
    "auc_deletion_top_rel_ci95_low": 0.0007187656969982274,
    "auc_deletion_top_rel_ci95_high": 0.0007187656969982274,
    "auc_deletion_bottom_rel_mean": 5.371450993556049e-05,
    "auc_deletion_bottom_rel_std": 0.0,
    "auc_deletion_bottom_rel_ci95_low": 5.371450993556049e-05,
    "auc_deletion_bottom_rel_ci95_high": 5.371450993556049e-05,
    "auc_deletion_random_rel_mean": 0.00043451124238622654,
    "auc_deletion_random_rel_std": 0.0,
    "auc_deletion_random_rel_ci95_low": 0.00043451124238622654,
    "auc_deletion_random_rel_ci95_high": 0.00043451124238622654,
    "auc_insertion_gain_top_mean": 0.09110042607255764,
    "auc_insertion_gain_top_std": 0.0,
    "auc_insertion_gain_top_ci95_low": 0.09110042607255764,
    "auc_insertion_gain_top_ci95_high": 0.09110042607255764,
    "auc_insertion_gain_top_rel_mean": 0.00023072420130579728,
    "auc_insertion_gain_top_rel_std": 0.0,
    "auc_insertion_gain_top_rel_ci95_low": 0.00023072420130579728,
    "auc_insertion_gain_top_rel_ci95_high": 0.00023072420130579728,
    "auc_deletion_gap_top_bottom_mean": 0.26253380651391467,
    "auc_deletion_gap_top_bottom_std": 0.0,
    "auc_deletion_gap_top_bottom_ci95_low": 0.26253380651391467,
    "auc_deletion_gap_top_bottom_ci95_high": 0.26253380651391467,
    "auc_deletion_gap_top_random_mean": 0.112211519112428,
    "auc_deletion_gap_top_random_std": 0.0,
    "auc_deletion_gap_top_random_ci95_low": 0.112211519112428,
    "auc_deletion_gap_top_random_ci95_high": 0.112211519112428,
    "auc_del_top_bottom_ratio_mean": 13.381220415612269,
    "auc_del_top_bottom_ratio_std": 0.0,
    "auc_del_top_bottom_ratio_ci95_low": 13.381220415612269,
    "auc_del_top_bottom_ratio_ci95_high": 13.381220415612269,
    "auc_del_top_random_ratio_mean": 1.6541935556068847,
    "auc_del_top_random_ratio_std": 0.0,
    "auc_del_top_random_ratio_ci95_low": 1.6541935556068847,
    "auc_del_top_random_ratio_ci95_high": 1.6541935556068847
  },
  "runs": [
    {
      "seed": 42,
      "tag": "qerr_focus_smoke1sm_task_only_s42",
      "summary": "/home/lebedeffson/Code/bonner-shap-reconstruction/results/sml2010_ea_minimal/training_summary_20260504_182117_qerr_focus_smoke1sm_task_only_s42.json",
      "metrics_source": "shap",
      "importance_kind_eval": "ea_raw",
      "r2_final": 0.4040400887793745,
      "r2_vanilla": 0.49929862603241604,
      "r2_shap_raw": 0.4040400887793745,
      "entropy_shap": 2.095014667231283,
      "gini_shap": 0.6574826153986337,
      "n_eff_shap": 4.820767744143194,
      "mass3_shap": 0.6429042877068409,
      "entropy_vanilla": 2.4798542555824343,
      "gini_vanilla": 0.506434328426344,
      "n_eff_vanilla": 10.25452818475302,
      "mass3_vanilla": 0.42948782989815126,
      "base_mse": 394.75729330466675,
      "del_top_k1": 0.005166930962900551,
      "del_bottom_k1": -0.001050423670960754,
      "del_random_k1": 0.01984298402168605,
      "del_top_rel_k1": 1.3088880308318436e-05,
      "del_bottom_rel_k1": -2.6609354374867817e-06,
      "del_random_rel_k1": 5.02662885733476e-05,
      "del_random_trials_k1": 8,
      "del_ratio_k1": -4.918901878033269,
      "del_top_random_ratio_k1": 0.26039082413175924,
      "ins_gain_k1": 0.10174647870309173,
      "ins_gain_rel_k1": 0.0002576867754246397,
      "del_top_k2": 0.05807480231248974,
      "del_bottom_k2": 0.0018343519458312585,
      "del_random_k2": 0.06578591938068001,
      "del_top_rel_k2": 0.00014711521052929218,
      "del_bottom_rel_k2": 4.64678418092084e-06,
      "del_random_rel_k2": 0.00016664902839403002,
      "del_random_trials_k2": 8,
      "del_ratio_k2": 31.659574604977387,
      "del_top_random_ratio_k2": 0.8827846879443678,
      "ins_gain_k2": 0.06136597971624269,
      "ins_gain_rel_k2": 0.00015541767769671144,
      "del_top_k3": 0.13535005355720386,
      "del_bottom_k3": 0.013932693694641785,
      "del_random_k3": 0.061480388718024415,
      "del_top_rel_k3": 0.00034286903840112894,
      "del_bottom_rel_k3": 3.52943287709918e-05,
      "del_random_rel_k3": 0.00015574224912565394,
      "del_random_trials_k3": 8,
      "del_ratio_k3": 9.71456464298372,
      "del_top_random_ratio_k3": 2.2015159041328785,
      "ins_gain_k3": 0.048005446215199754,
      "ins_gain_rel_k3": 0.00012158031212179834,
      "del_top_k4": 0.17545935943223867,
      "del_bottom_k4": 0.011924721496711754,
      "del_random_k4": 0.06867736369057553,
      "del_top_rel_k4": 0.00044447401582729405,
      "del_bottom_rel_k4": 3.0207729404782478e-05,
      "del_random_rel_k4": 0.00017397364115973754,
      "del_random_trials_k4": 8,
      "del_ratio_k4": 14.713916754022954,
      "del_top_random_ratio_k4": 2.5548353926369742,
      "ins_gain_k4": -0.13828847842086134,
      "ins_gain_rel_k4": -0.00035023435245006473,
      "insertion_baseline_mse": 394.8455582768047,
      "auc_deletion_top": 0.2837380010672632,
      "auc_deletion_bottom": 0.021204194553348543,
      "auc_deletion_random": 0.17152648195483522,