{
  "multiseed": "/home/lebedeffson/Code/bonner-shap-reconstruction/results/multiseed_config_sml2010_ea_ranknet_tb_soft_sml_ranknet_tb3.json",
  "config": "/home/lebedeffson/Code/bonner-shap-reconstruction/configs/config_sml2010_ea_ranknet_tb_soft.yaml",
  "results_dir": "/home/lebedeffson/Code/bonner-shap-reconstruction/results/sml2010_ea_ranknet_tb_soft",
  "eval_importance": "final",
  "mask": "permute",
  "insertion_baseline": "mean",
  "k_list": [
    1,
    2,
    3,
    4
  ],
  "aggregate": {
    "n_runs": 3,
    "delta_r2_mean": 4.210328254668679e-06,
    "delta_r2_std": 1.9018047207982425e-06,
    "wins": 3,
    "losses": 0,
    "deletion_runs_with_model": 3,
    "deletion_runs_skipped_no_model": 0,
    "shap_stability": {
      "pearson_mean": 0.57289268888532,
      "spearman_mean": 0.8789473684210526,
      "topk_overlap_mean": 0.7777777777777777
    },
    "vanilla_stability": {
      "pearson_mean": 0.8830804587805515,
      "spearman_mean": 0.9187134502923976,
      "topk_overlap_mean": 0.7777777777777777
    },
    "entropy_shap_mean": 2.0472448461525725,
    "entropy_shap_std": 0.44432387140599244,
    "gini_shap_mean": 0.6473229651312736,
    "gini_shap_std": 0.1248040241410435,
    "n_eff_shap_mean": 5.91820487618322,
    "n_eff_shap_std": 2.8351516228003093,
    "mass3_shap_mean": 0.6496584524142012,
    "mass3_shap_std": 0.17050726849120063,
    "entropy_vanilla_mean": 2.378948920356244,
    "entropy_vanilla_std": 0.06659333641551711,
    "gini_vanilla_mean": 0.5489531107935929,
    "gini_vanilla_std": 0.02602586118723964,
    "n_eff_vanilla_mean": 8.090463819882778,
    "n_eff_vanilla_std": 0.8650417485046948,
    "mass3_vanilla_mean": 0.5015201805377677,
    "mass3_vanilla_std": 0.03679393988693161,
    "auc_deletion_top_mean": 0.3422004776201201,
    "auc_deletion_top_std": 0.13067187636396554,
    "auc_deletion_bottom_mean": 0.013326014978872536,
    "auc_deletion_bottom_std": 0.0033525170322909513,
    "auc_deletion_random_mean": 0.2694724649572417,
    "auc_deletion_random_std": 0.025290468108264297,
    "auc_deletion_top_rel_mean": 0.0008575453876742209,
    "auc_deletion_top_rel_std": 0.00033036784240917386,
    "auc_deletion_bottom_rel_mean": 3.334572901176318e-05,
    "auc_deletion_bottom_rel_std": 8.449570802636133e-06,
    "auc_deletion_random_rel_mean": 0.0006738408361805906,
    "auc_deletion_random_rel_std": 6.501619609185585e-05,
    "auc_insertion_gain_top_mean": -0.34523292647474096,
    "auc_insertion_gain_top_std": 0.23379927404769543,
    "auc_insertion_gain_top_rel_mean": -0.000864697360672493,
    "auc_insertion_gain_top_rel_std": 0.0005829862596115629,
    "auc_del_top_bottom_ratio_mean": 24.682312112615563,
    "auc_del_top_bottom_ratio_std": 5.237091617679191,
    "auc_del_top_random_ratio_mean": 1.3105297228962567,
    "auc_del_top_random_ratio_std": 0.5663702037687396
  },
  "runs": [
    {
      "seed": 42,
      "tag": "sml_ranknet_tb3_s42",
      "summary": "/home/lebedeffson/Code/bonner-shap-reconstruction/results/sml2010_ea_ranknet_tb_soft/training_summary_20260502_222421_sml_ranknet_tb3_s42.json",
      "metrics_source": "shap",
      "importance_kind_eval": "shap",
      "r2_final": 0.9532353169852847,
      "r2_vanilla": 0.9532332813069075,
      "r2_shap_raw": 0.9532353169852847,
      "entropy_shap": 1.449015695231739,
      "gini_shap": 0.8112995111487793,
      "n_eff_shap": 2.8429903439298543,
      "mass3_shap": 0.8723945308961055,
      "entropy_vanilla": 2.4316954853843225,
      "gini_vanilla": 0.5314071238325195,
      "n_eff_vanilla": 8.85484168830812,
      "mass3_vanilla": 0.49522172288105043,
      "base_mse": 394.73258970288776,
      "del_top_k1": 0.10359631012266846,
      "del_bottom_k1": -0.0009043433298074888,
      "del_random_k1": 0.020192391778437013,
      "del_top_rel_k1": 0.0002624468129187011,
      "del_bottom_rel_k1": -2.2910277828546634e-06,
      "del_random_rel_k1": 5.115461024800517e-05,
      "del_ratio_k1": -114.55418182746547,
      "del_top_random_ratio_k1": 5.130462565022441,
      "ins_gain_k1": -0.21810310166318914,
      "ins_gain_rel_k1": -0.0005525049043962418,
      "del_top_k2": 0.12150059814877068,
      "del_bottom_k2": -0.00010486751665439442,
      "del_random_k2": 0.08821127817435581,
      "del_top_rel_k2": 0.00030780483121554,
      "del_bottom_rel_k2": -2.65667237491911e-07,
      "del_random_rel_k2": 0.0002234709787726206,
      "del_ratio_k2": -1158.6104370889543,
      "del_top_random_ratio_k2": 1.3773816756995494,
      "ins_gain_k2": -0.1970480592914896,
      "ins_gain_rel_k2": -0.0004991676795520064,
      "del_top_k3": 0.16354867581429744,
      "del_bottom_k3": 0.008042276593300812,
      "del_random_k3": 0.12588025238591172,
      "del_top_rel_k3": 0.00041432777551354166,
      "del_bottom_rel_k3": 2.0373986853616907e-05,
      "del_random_rel_k3": 0.0003189000748092791,
      "del_ratio_k3": 20.33611675706314,
      "del_top_random_ratio_k3": 1.2992401326906002,
      "ins_gain_k3": -0.039927390686557374,
      "ins_gain_rel_k3": -0.00010114518778432861,
      "del_top_k4": 0.175355603634614,
      "del_bottom_k4": 0.013061121252462726,
      "del_random_k4": 0.12373195172534679,
      "del_top_rel_k4": 0.0004442389815510353,
      "del_bottom_rel_k4": 3.30885302941257e-05,
      "del_random_rel_k4": 0.0003134576545060001,
      "del_ratio_k4": 13.425769520983831,
      "del_top_random_ratio_k4": 1.4172216730440108,
      "ins_gain_k4": -0.03596802453176906,
      "ins_gain_rel_k4": -9.111521020886415e-05,
      "insertion_baseline_mse": 394.75324097172324,
      "auc_deletion_top": 0.42452523084170934,
      "auc_deletion_bottom": 0.014015798037974037,
      "auc_deletion_random": 0.28605370231215943,
      "auc_deletion_top_rel": 0.0010754755039639498,
      "auc_deletion_bottom_rel": 3.550707087176052e-05,
      "auc_deletion_random_rel": 0.0007246771859589023,
      "auc_insertion_gain_top": -0.3640110130755261,
      "auc_insertion_gain_top_rel": -0.0009221229246388881,
      "auc_del_top_bottom_ratio": 30.28905165879408,
      "auc_del_top_random_ratio": 1.484075288691622
    },
    {
      "seed": 43,
      "tag": "sml_ranknet_tb3_s43",
      "summary": "/home/lebedeffson/Code/bonner-shap-reconstruction/results/sml2010_ea_ranknet_tb_soft/training_summary_20260502_222447_sml_ranknet_tb3_s43.json",
      "metrics_source": "shap",
      "importance_kind_eval": "shap",
      "r2_final": 0.9504549459973808,
      "r2_vanilla": 0.9504482777730557,
      "r2_shap_raw": 0.9504549459973808,
      "entropy_shap": 2.1798452591726205,
      "gini_shap": 0.6218841035237361,
      "n_eff_shap": 5.227714574458774,
      "mass3_shap": 0.6182939907143362,
      "entropy_vanilla": 2.285008200487149,
      "gini_vanilla": 0.5857461316113322,
      "n_eff_vanilla": 6.881086457511058,
      "mass3_vanilla": 0.54940125587356,
      "base_mse": 403.8014439266034,
      "del_top_k1": 0.03238869845165482,
      "del_bottom_k1": -0.0006979395100188412,
      "del_random_k1": 0.0507674526380697,
      "del_top_rel_k1": 8.020946665446258e-05,
      "del_bottom_rel_k1": -1.7284225218018286e-06,
      "del_random_rel_k1": 0.0001257238016397417,
      "del_ratio_k1": -46.406168490427824,
      "del_top_random_ratio_k1": 0.6379815564495956,
      "ins_gain_k1": 0.024210837881014413,
      "ins_gain_rel_k1": 5.994813209168921e-05,
      "del_top_k2": 0.04198122721879827,
      "del_bottom_k2": -0.00040739738091133404,
      "del_random_k2": 0.15956209568804525,
      "del_top_rel_k2": 0.00010396502501469222,
      "del_bottom_rel_k2": -1.0089052108129242e-06,
      "del_random_rel_k2": 0.00039514988885737493,
      "del_ratio_k2": -103.04736674530174,
      "del_top_random_ratio_k2": 0.2631027565632587,
      "ins_gain_k2": 0.028614045163067203,
      "ins_gain_rel_k2": 7.08508547925249e-05,
      "del_top_k3": 0.042644224674631914,
      "del_bottom_k3": 0.0027835582195052666,
      "del_random_k3": 0.05800033837988394,