{
  "multiseed": "/home/lebedeffson/Code/bonner-shap-reconstruction/results/multiseed_config_sml2010_ea_minimal_full_rho1_qerr_focus_orderfix_fast3_full_rho1.json",
  "config": "/home/lebedeffson/Code/bonner-shap-reconstruction/results/ablation/configs/config_sml2010_ea_minimal_full_rho1.yaml",
  "results_dir": "/home/lebedeffson/Code/bonner-shap-reconstruction/results/sml2010_ea_minimal",
  "eval_importance": "ea_raw",
  "mask": "permute",
  "insertion_baseline": "mean",
  "k_list": [
    1,
    2,
    3,
    4
  ],
  "random_trials": 8,
  "aggregate": {
    "n_runs": 3,
    "delta_r2_mean": -0.03595872982138487,
    "delta_r2_std": 0.007303030478784325,
    "wins": 0,
    "losses": 3,
    "deletion_runs_with_model": 3,
    "deletion_runs_skipped_no_model": 0,
    "shap_stability": {
      "pearson_mean": 0.19632822508076497,
      "spearman_mean": 0.8251461988304093,
      "topk_overlap_mean": 0.5555555555555555
    },
    "vanilla_stability": {
      "pearson_mean": 0.7980648484620713,
      "spearman_mean": 0.8596491228070176,
      "topk_overlap_mean": 0.5555555555555555
    },
    "entropy_shap_mean": 1.9057028118824955,
    "entropy_shap_std": 0.14752488239662262,
    "entropy_shap_ci95_low": 1.7012437561991518,
    "entropy_shap_ci95_high": 2.110161867565839,
    "gini_shap_mean": 0.6937513372980809,
    "gini_shap_std": 0.04252083480262348,
    "gini_shap_ci95_low": 0.6348204668620108,
    "gini_shap_ci95_high": 0.7526822077341511,
    "n_eff_shap_mean": 3.7871999055694334,
    "n_eff_shap_std": 0.6641731891818375,
    "n_eff_shap_ci95_low": 2.866702828301998,
    "n_eff_shap_ci95_high": 4.707696982836868,
    "mass3_shap_mean": 0.6988890751903455,
    "mass3_shap_std": 0.06769684183440881,
    "mass3_shap_ci95_low": 0.6050660391753392,
    "mass3_shap_ci95_high": 0.7927121112053518,
    "entropy_vanilla_mean": 2.5223483060666325,
    "entropy_vanilla_std": 0.056972322662901254,
    "entropy_vanilla_ci95_low": 2.443388695304657,
    "entropy_vanilla_ci95_high": 2.601307916828608,
    "gini_vanilla_mean": 0.47967432118372355,
    "gini_vanilla_std": 0.041351521273239655,
    "gini_vanilla_ci95_low": 0.42236403661853594,
    "gini_vanilla_ci95_high": 0.5369846057489112,
    "n_eff_vanilla_mean": 10.877595281384933,
    "n_eff_vanilla_std": 0.9358936542828259,
    "n_eff_vanilla_ci95_low": 9.580512852535758,
    "n_eff_vanilla_ci95_high": 12.174677710234107,
    "mass3_vanilla_mean": 0.3962787886279829,
    "mass3_vanilla_std": 0.0415952022025027,
    "mass3_vanilla_ci95_low": 0.33863077952524095,
    "mass3_vanilla_ci95_high": 0.4539267977307248,
    "auc_deletion_top_mean": 0.3861288514080646,
    "auc_deletion_top_std": 0.20866090879106658,
    "auc_deletion_top_ci95_low": 0.09693958600163122,
    "auc_deletion_top_ci95_high": 0.6753181168144979,
    "auc_deletion_bottom_mean": 0.0037860871030185685,
    "auc_deletion_bottom_std": 0.00025076224642138256,
    "auc_deletion_bottom_ci95_low": 0.0034385483605947104,
    "auc_deletion_bottom_ci95_high": 0.004133625845442426,
    "auc_deletion_random_mean": 0.1669808525981852,
    "auc_deletion_random_std": 0.03943226984260643,
    "auc_deletion_random_ci95_low": 0.112330514807747,
    "auc_deletion_random_ci95_high": 0.22163119038862342,
    "auc_deletion_top_rel_mean": 0.00096299257248127,
    "auc_deletion_top_rel_std": 0.0005176740228467036,
    "auc_deletion_top_rel_ci95_low": 0.0002455329809631833,
    "auc_deletion_top_rel_ci95_high": 0.0016804521639993569,
    "auc_deletion_bottom_rel_mean": 9.46371751171111e-06,
    "auc_deletion_bottom_rel_std": 6.275212794997244e-07,
    "auc_deletion_bottom_rel_ci95_low": 8.594017389647806e-06,
    "auc_deletion_bottom_rel_ci95_high": 1.0333417633774413e-05,
    "auc_deletion_random_rel_mean": 0.0004168288111280338,
    "auc_deletion_random_rel_std": 9.64781188642763e-05,
    "auc_deletion_random_rel_ci95_low": 0.00028311696024133277,
    "auc_deletion_random_rel_ci95_high": 0.0005505406620147349,
    "auc_insertion_gain_top_mean": -0.2524169567237304,
    "auc_insertion_gain_top_std": 0.2882825467014457,
    "auc_insertion_gain_top_ci95_low": -0.6519561823175573,
    "auc_insertion_gain_top_ci95_high": 0.1471222688700965,
    "auc_insertion_gain_top_rel_mean": -0.0006280214419490349,
    "auc_insertion_gain_top_rel_std": 0.0007180827228243352,
    "auc_insertion_gain_top_rel_ci95_low": -0.0016232333209625304,
    "auc_insertion_gain_top_rel_ci95_high": 0.00036719043706446056,
    "auc_deletion_gap_top_bottom_mean": 0.38234276430504605,
    "auc_deletion_gap_top_bottom_std": 0.20843235777485056,
    "auc_deletion_gap_top_bottom_ci95_low": 0.09347025444650303,
    "auc_deletion_gap_top_bottom_ci95_high": 0.6712152741635891,
    "auc_deletion_gap_top_random_mean": 0.21914799880987937,
    "auc_deletion_gap_top_random_std": 0.1700489447951664,
    "auc_deletion_gap_top_random_ci95_low": -0.01652781470674755,
    "auc_deletion_gap_top_random_ci95_high": 0.45482381232650626,
    "auc_del_top_bottom_ratio_mean": 99.23378819494162,
    "auc_del_top_bottom_ratio_std": 47.03131766425498,
    "auc_del_top_bottom_ratio_ci95_low": 34.051707443816255,
    "auc_del_top_bottom_ratio_ci95_high": 164.415868946067,
    "auc_del_top_random_ratio_mean": 2.160692745219271,
    "auc_del_top_random_ratio_std": 0.6595135776208378,
    "auc_del_top_random_ratio_ci95_low": 1.2466535600994926,
    "auc_del_top_random_ratio_ci95_high": 3.0747319303390492
  },
  "runs": [
    {
      "seed": 42,
      "tag": "qerr_focus_orderfix_fast3_full_rho1_s42",
      "summary": "/home/lebedeffson/Code/bonner-shap-reconstruction/results/sml2010_ea_minimal/training_summary_20260504_182716_qerr_focus_orderfix_fast3_full_rho1_s42.json",
      "metrics_source": "shap",
      "importance_kind_eval": "ea_raw",
      "r2_final": 0.4591345210602041,
      "r2_vanilla": 0.49929862603241604,
      "r2_shap_raw": 0.4591345210602041,
      "entropy_shap": 2.091230955232948,
      "gini_shap": 0.655737287710203,
      "n_eff_shap": 4.7257847166315265,
      "mass3_shap": 0.6361848721971339,
      "entropy_vanilla": 2.4798542555824343,
      "gini_vanilla": 0.506434328426344,
      "n_eff_vanilla": 10.25452818475302,
      "mass3_vanilla": 0.42948782989815126,
      "base_mse": 394.814862314498,
      "del_top_k1": 0.001983368325227275,
      "del_bottom_k1": -0.0017031349284479802,
      "del_random_k1": 0.013689134711164286,
      "del_top_rel_k1": 5.023540181846996e-06,
      "del_bottom_rel_k1": -4.313755866392152e-06,
      "del_random_rel_k1": 3.4672288249017045e-05,
      "del_random_trials_k1": 8,
      "del_ratio_k1": -1.1645397515270286,
      "del_top_random_ratio_k1": 0.14488631801284244,
      "ins_gain_k1": 0.04559625725016758,
      "ins_gain_rel_k1": 0.00011547873969204924,
      "del_top_k2": 0.03057835692243316,
      "del_bottom_k2": -0.0006790727958332354,
      "del_random_k2": 0.05011374842908367,
      "del_top_rel_k2": 7.744986281209255e-05,
      "del_bottom_rel_k2": -1.7199777937749065e-06,
      "del_random_rel_k2": 0.00012692974153836285,
      "del_random_trials_k2": 8,
      "del_ratio_k2": -45.02957143194419,
      "del_top_random_ratio_k2": 0.610179000381395,
      "ins_gain_k2": 0.04763363027188916,
      "ins_gain_rel_k2": 0.00012063866471703854,
      "del_top_k3": 0.10073775144593355,
      "del_bottom_k3": 0.002677759835478355,
      "del_random_k3": 0.04334993559510991,
      "del_top_rel_k3": 0.00025515187259006613,
      "del_bottom_rel_k3": 6.782317716665192e-06,
      "del_random_rel_k3": 0.00010979813510814217,
      "del_random_trials_k3": 8,
      "del_ratio_k3": 37.62015923669182,
      "del_top_random_ratio_k3": 2.323827015211839,
      "ins_gain_k3": 0.020619818375507748,
      "ins_gain_rel_k3": 5.222250207112868e-05,
      "del_top_k4": 0.1337447772446012,
      "del_bottom_k4": 0.0050940276587425615,
      "del_random_k4": 0.0480783644223024,
      "del_top_rel_k4": 0.0003387531473880122,
      "del_bottom_rel_k4": 1.2902319909843705e-05,