{
  "multiseed": "/home/lebedeffson/Code/bonner-shap-reconstruction/results/multiseed_config_sml2010_ea_minimal_task_only_qerr_focus_orderfix_smoke1_task_only.json",
  "config": "/home/lebedeffson/Code/bonner-shap-reconstruction/results/ablation/configs/config_sml2010_ea_minimal_task_only.yaml",
  "results_dir": "/home/lebedeffson/Code/bonner-shap-reconstruction/results/sml2010_ea_minimal",
  "eval_importance": "ea_raw",
  "mask": "permute",
  "insertion_baseline": "mean",
  "k_list": [
    1,
    2,
    3,
    4
  ],
  "random_trials": 8,
  "aggregate": {
    "n_runs": 1,
    "delta_r2_mean": -0.09515696366917376,
    "delta_r2_std": 0.0,
    "wins": 0,
    "losses": 1,
    "deletion_runs_with_model": 1,
    "deletion_runs_skipped_no_model": 0,
    "shap_stability": {
      "pearson_mean": NaN,
      "spearman_mean": NaN,
      "topk_overlap_mean": NaN
    },
    "vanilla_stability": {
      "pearson_mean": NaN,
      "spearman_mean": NaN,
      "topk_overlap_mean": NaN
    },
    "entropy_shap_mean": 2.0950159878577863,
    "entropy_shap_std": 0.0,
    "entropy_shap_ci95_low": 2.0950159878577863,
    "entropy_shap_ci95_high": 2.0950159878577863,
    "gini_shap_mean": 0.6574879758225183,
    "gini_shap_std": 0.0,
    "gini_shap_ci95_low": 0.6574879758225183,
    "gini_shap_ci95_high": 0.6574879758225183,
    "n_eff_shap_mean": 4.820876528859226,
    "n_eff_shap_std": 0.0,
    "n_eff_shap_ci95_low": 4.820876528859226,
    "n_eff_shap_ci95_high": 4.820876528859226,
    "mass3_shap_mean": 0.6429207936194937,
    "mass3_shap_std": 0.0,
    "mass3_shap_ci95_low": 0.6429207936194937,
    "mass3_shap_ci95_high": 0.6429207936194937,
    "entropy_vanilla_mean": 2.4798542555824343,
    "entropy_vanilla_std": 0.0,
    "entropy_vanilla_ci95_low": 2.4798542555824343,
    "entropy_vanilla_ci95_high": 2.4798542555824343,
    "gini_vanilla_mean": 0.506434328426344,
    "gini_vanilla_std": 0.0,
    "gini_vanilla_ci95_low": 0.506434328426344,
    "gini_vanilla_ci95_high": 0.506434328426344,
    "n_eff_vanilla_mean": 10.25452818475302,
    "n_eff_vanilla_std": 0.0,
    "n_eff_vanilla_ci95_low": 10.25452818475302,
    "n_eff_vanilla_ci95_high": 10.25452818475302,
    "mass3_vanilla_mean": 0.42948782989815126,
    "mass3_vanilla_std": 0.0,
    "mass3_vanilla_ci95_low": 0.42948782989815126,
    "mass3_vanilla_ci95_high": 0.42948782989815126,
    "auc_deletion_top_mean": 0.28394679873250084,
    "auc_deletion_top_std": 0.0,
    "auc_deletion_top_ci95_low": 0.28394679873250084,
    "auc_deletion_top_ci95_high": 0.28394679873250084,
    "auc_deletion_bottom_mean": 0.02120217320796769,
    "auc_deletion_bottom_std": 0.0,
    "auc_deletion_bottom_ci95_low": 0.02120217320796769,
    "auc_deletion_bottom_ci95_high": 0.02120217320796769,
    "auc_deletion_random_mean": 0.1716325436167665,
    "auc_deletion_random_std": 0.0,
    "auc_deletion_random_ci95_low": 0.1716325436167665,
    "auc_deletion_random_ci95_high": 0.1716325436167665,
    "auc_deletion_top_rel_mean": 0.0007192947388582545,
    "auc_deletion_top_rel_std": 0.0,
    "auc_deletion_top_rel_ci95_low": 0.0007192947388582545,
    "auc_deletion_top_rel_ci95_high": 0.0007192947388582545,
    "auc_deletion_bottom_rel_mean": 5.370939805952811e-05,
    "auc_deletion_bottom_rel_std": 0.0,
    "auc_deletion_bottom_rel_ci95_low": 5.370939805952811e-05,
    "auc_deletion_bottom_rel_ci95_high": 5.370939805952811e-05,
    "auc_deletion_random_rel_mean": 0.00043477998762966625,
    "auc_deletion_random_rel_std": 0.0,
    "auc_deletion_random_rel_ci95_low": 0.00043477998762966625,
    "auc_deletion_random_rel_ci95_high": 0.00043477998762966625,
    "auc_insertion_gain_top_mean": 0.09087447849623231,
    "auc_insertion_gain_top_std": 0.0,
    "auc_insertion_gain_top_ci95_low": 0.09087447849623231,
    "auc_insertion_gain_top_ci95_high": 0.09087447849623231,
    "auc_insertion_gain_top_rel_mean": 0.00023015195900870952,
    "auc_insertion_gain_top_rel_std": 0.0,
    "auc_insertion_gain_top_rel_ci95_low": 0.00023015195900870952,
    "auc_insertion_gain_top_rel_ci95_high": 0.00023015195900870952,
    "auc_deletion_gap_top_bottom_mean": 0.26274462552453315,
    "auc_deletion_gap_top_bottom_std": 0.0,
    "auc_deletion_gap_top_bottom_ci95_low": 0.26274462552453315,
    "auc_deletion_gap_top_bottom_ci95_high": 0.26274462552453315,
    "auc_deletion_gap_top_random_mean": 0.11231425511573434,
    "auc_deletion_gap_top_random_std": 0.0,
    "auc_deletion_gap_top_random_ci95_low": 0.11231425511573434,
    "auc_deletion_gap_top_random_ci95_high": 0.11231425511573434,
    "auc_del_top_bottom_ratio_mean": 13.392344074068902,
    "auc_del_top_bottom_ratio_std": 0.0,
    "auc_del_top_bottom_ratio_ci95_low": 13.392344074068902,
    "auc_del_top_bottom_ratio_ci95_high": 13.392344074068902,
    "auc_del_top_random_ratio_mean": 1.6543878727618424,
    "auc_del_top_random_ratio_std": 0.0,
    "auc_del_top_random_ratio_ci95_low": 1.6543878727618424,
    "auc_del_top_random_ratio_ci95_high": 1.6543878727618424
  },
  "runs": [
    {
      "seed": 42,
      "tag": "qerr_focus_orderfix_smoke1_task_only_s42",
      "summary": "/home/lebedeffson/Code/bonner-shap-reconstruction/results/sml2010_ea_minimal/training_summary_20260504_182647_qerr_focus_orderfix_smoke1_task_only_s42.json",
      "metrics_source": "shap",
      "importance_kind_eval": "ea_raw",
      "r2_final": 0.4041416623632423,
      "r2_vanilla": 0.49929862603241604,
      "r2_shap_raw": 0.4041416623632423,
      "entropy_shap": 2.0950159878577863,
      "gini_shap": 0.6574879758225183,
      "n_eff_shap": 4.820876528859226,
      "mass3_shap": 0.6429207936194937,
      "entropy_vanilla": 2.4798542555824343,
      "gini_vanilla": 0.506434328426344,
      "n_eff_vanilla": 10.25452818475302,
      "mass3_vanilla": 0.42948782989815126,
      "base_mse": 394.7572300934835,
      "del_top_k1": 0.005172285551736877,
      "del_bottom_k1": -0.001061582967679442,
      "del_random_k1": 0.019854099224311028,
      "del_top_rel_k1": 1.3102446661995275e-05,
      "del_bottom_rel_k1": -2.6892046218584596e-06,
      "del_random_rel_k1": 5.029445368134049e-05,
      "del_random_trials_k1": 8,
      "del_ratio_k1": -4.87223864180435,
      "del_top_random_ratio_k1": 0.2605147427259244,
      "ins_gain_k1": 0.10176981118678441,
      "ins_gain_rel_k1": 0.00025774586880909604,
      "del_top_k2": 0.058152546506789804,
      "del_bottom_k2": 0.0018310572306177164,
      "del_random_k2": 0.06581404864317619,
      "del_top_rel_k2": 0.0001473121758733042,
      "del_bottom_rel_k2": 4.638438744197527e-06,
      "del_random_rel_k2": 0.00016672031219691765,
      "del_random_trials_k2": 8,
      "del_ratio_k2": 31.758999938747273,
      "del_top_random_ratio_k2": 0.8835886517359185,
      "ins_gain_k2": 0.061360391919379254,
      "ins_gain_rel_k2": 0.0001554035262647789,
      "del_top_k3": 0.13543199635665815,
      "del_bottom_k3": 0.013934644823393683,
      "del_random_k3": 0.06151279868561943,
      "del_top_rel_k3": 0.0003430766710076109,
      "del_bottom_rel_k3": 3.529927702677858e-05,
      "del_random_rel_k3": 0.00015582437507490938,
      "del_random_trials_k3": 8,
      "del_ratio_k3": 9.719084918445418,
      "del_top_random_ratio_k3": 2.2016880917193253,
      "ins_gain_k3": 0.047848716260148194,
      "ins_gain_rel_k3": 0.00012118337255472207,
      "del_top_k4": 0.1755522261863689,
      "del_bottom_k4": 0.011934525275592023,
      "del_random_k4": 0.06875729335163072,
      "del_top_rel_k4": 0.0004447093372926836,
      "del_bottom_rel_k4": 3.0232569198962477e-05,
      "del_random_rel_k4": 0.00017417614703433792,
      "del_random_trials_k4": 8,
      "del_ratio_k4": 14.709611159037145,
      "del_top_random_ratio_k4": 2.5532160680907907,
      "ins_gain_k4": -0.13843907055337468,
      "ins_gain_rel_k4": -0.00035061574843067895,
      "insertion_baseline_mse": 394.8455572033309,
      "auc_deletion_top": 0.28394679873250084,
      "auc_deletion_bottom": 0.02120217320796769,