{
  "multiseed": "/home/lebedeffson/Code/bonner-shap-reconstruction/results/multiseed_config_sml2010_ea_minimal_random_target_neg_core_v2_fast3_final_random_target.json",
  "config": "/home/lebedeffson/Code/bonner-shap-reconstruction/results/ablation/configs/config_sml2010_ea_minimal_random_target.yaml",
  "results_dir": "/home/lebedeffson/Code/bonner-shap-reconstruction/results/sml2010_ea_minimal",
  "eval_importance": "ea_raw",
  "mask": "permute",
  "insertion_baseline": "mean",
  "k_list": [
    1,
    2,
    3,
    4
  ],
  "random_trials": 20,
  "aggregate": {
    "n_runs": 3,
    "delta_r2_mean": -0.030119161286201252,
    "delta_r2_std": 0.008136091073351564,
    "wins": 0,
    "losses": 3,
    "deletion_runs_with_model": 3,
    "deletion_runs_skipped_no_model": 0,
    "shap_stability": {
      "pearson_mean": 0.5718581741913328,
      "spearman_mean": 0.8801169590643275,
      "topk_overlap_mean": 0.7777777777777777
    },
    "vanilla_stability": {
      "pearson_mean": 0.8830804587805515,
      "spearman_mean": 0.9187134502923976,
      "topk_overlap_mean": 0.7777777777777777
    },
    "entropy_shap_mean": 2.0492942782703927,
    "entropy_shap_std": 0.44706218736600956,
    "entropy_shap_ci95_low": 1.429697697845144,
    "entropy_shap_ci95_high": 2.668890858695641,
    "gini_shap_mean": 0.6455333901136499,
    "gini_shap_std": 0.12498297202481057,
    "gini_shap_ci95_low": 0.4723158282925293,
    "gini_shap_ci95_high": 0.8187509519347704,
    "n_eff_shap_mean": 5.913886444190045,
    "n_eff_shap_std": 2.8162495585561755,
    "n_eff_shap_ci95_low": 2.0107636898674075,
    "n_eff_shap_ci95_high": 9.817009198512682,
    "mass3_shap_mean": 0.650207080580111,
    "mass3_shap_std": 0.17098740009122795,
    "mass3_shap_ci95_low": 0.4132306343802604,
    "mass3_shap_ci95_high": 0.8871835267799616,
    "entropy_vanilla_mean": 2.378948920356244,
    "entropy_vanilla_std": 0.06659333641551711,
    "entropy_vanilla_ci95_low": 2.2866552648241956,
    "entropy_vanilla_ci95_high": 2.4712425758882923,
    "gini_vanilla_mean": 0.5489531107935929,
    "gini_vanilla_std": 0.02602586118723964,
    "gini_vanilla_ci95_low": 0.5128831074474277,
    "gini_vanilla_ci95_high": 0.585023114139758,
    "n_eff_vanilla_mean": 8.090463819882778,
    "n_eff_vanilla_std": 0.8650417485046948,
    "n_eff_vanilla_ci95_low": 6.8915771225835885,
    "n_eff_vanilla_ci95_high": 9.289350517181969,
    "mass3_vanilla_mean": 0.5015201805377677,
    "mass3_vanilla_std": 0.03679393988693161,
    "mass3_vanilla_ci95_low": 0.4505263815125534,
    "mass3_vanilla_ci95_high": 0.552513979562982,
    "auc_deletion_top_mean": 0.31652867451864114,
    "auc_deletion_top_std": 0.1463665114891491,
    "auc_deletion_top_ci95_low": 0.11367503900595288,
    "auc_deletion_top_ci95_high": 0.5193823100313294,
    "auc_deletion_bottom_mean": 0.013487240276636689,
    "auc_deletion_bottom_std": 0.003882781412997372,
    "auc_deletion_bottom_ci95_low": 0.008105979785325457,
    "auc_deletion_bottom_ci95_high": 0.01886850076794792,
    "auc_deletion_random_mean": 0.199023622046028,
    "auc_deletion_random_std": 0.030629126471879608,
    "auc_deletion_random_ci95_low": 0.15657381850705854,
    "auc_deletion_random_ci95_high": 0.24147342558499746,
    "auc_deletion_top_rel_mean": 0.0007936295061492625,
    "auc_deletion_top_rel_std": 0.00036907889021830945,
    "auc_deletion_top_rel_ci95_low": 0.00028211226145956553,
    "auc_deletion_top_rel_ci95_high": 0.0013051467508389595,
    "auc_deletion_bottom_rel_mean": 3.3798065786780575e-05,
    "auc_deletion_bottom_rel_std": 9.971474607373025e-06,
    "auc_deletion_bottom_rel_ci95_low": 1.9978307052706826e-05,
    "auc_deletion_bottom_rel_ci95_high": 4.7617824520854324e-05,
    "auc_deletion_random_rel_mean": 0.0004978169831655896,
    "auc_deletion_random_rel_std": 7.786296152541962e-05,
    "auc_deletion_random_rel_ci95_low": 0.0003899044240937224,
    "auc_deletion_random_rel_ci95_high": 0.0006057295422374569,
    "auc_insertion_gain_top_mean": -0.26920955844597455,
    "auc_insertion_gain_top_std": 0.28067913631823466,
    "auc_insertion_gain_top_ci95_low": -0.6582109948772605,
    "auc_insertion_gain_top_ci95_high": 0.11979187798531143,
    "auc_insertion_gain_top_rel_mean": -0.0006753566071613133,
    "auc_insertion_gain_top_rel_std": 0.0006991307959969992,
    "auc_insertion_gain_top_rel_ci95_low": -0.0016443024556615342,
    "auc_insertion_gain_top_rel_ci95_high": 0.00029358924133890754,
    "auc_deletion_gap_top_bottom_mean": 0.30304143424200447,
    "auc_deletion_gap_top_bottom_std": 0.14267079013819461,
    "auc_deletion_gap_top_bottom_ci95_low": 0.10530980720144242,
    "auc_deletion_gap_top_bottom_ci95_high": 0.5007730612825665,
    "auc_deletion_gap_top_random_mean": 0.11750505247261316,
    "auc_deletion_gap_top_random_std": 0.11808957996988544,
    "auc_deletion_gap_top_random_ci95_low": -0.04615875538437396,
    "auc_deletion_gap_top_random_ci95_high": 0.28116886032960026,
    "auc_del_top_bottom_ratio_mean": 21.943096026701383,
    "auc_del_top_bottom_ratio_std": 6.361981351580129,
    "auc_del_top_bottom_ratio_ci95_low": 13.125839721951438,
    "auc_del_top_bottom_ratio_ci95_high": 30.76035233145133,
    "auc_del_top_random_ratio_mean": 1.5123916650610756,
    "auc_del_top_random_ratio_std": 0.5860025752262414,
    "auc_del_top_random_ratio_ci95_low": 0.7002335313799753,
    "auc_del_top_random_ratio_ci95_high": 2.3245497987421757
  },
  "runs": [
    {
      "seed": 42,
      "tag": "neg_core_v2_fast3_final_random_target_s42",
      "summary": "/home/lebedeffson/Code/bonner-shap-reconstruction/results/sml2010_ea_minimal/training_summary_20260504_121832_neg_core_v2_fast3_final_random_target_s42.json",
      "metrics_source": "shap",
      "importance_kind_eval": "ea_raw",
      "r2_final": 0.9117096421460834,
      "r2_vanilla": 0.9532332813069075,
      "r2_shap_raw": 0.9117096421460834,
      "entropy_shap": 1.443980461390714,
      "gini_shap": 0.8115593220983355,
      "n_eff_shap": 2.831429162108952,
      "mass3_shap": 0.8742083964496036,
      "entropy_vanilla": 2.4316954853843225,
      "gini_vanilla": 0.5314071238325195,
      "n_eff_vanilla": 8.85484168830812,
      "mass3_vanilla": 0.49522172288105043,
      "base_mse": 394.73562121362033,
      "del_top_k1": 0.105964854175852,
      "del_bottom_k1": -0.0006824503111602098,
      "del_random_k1": 0.020475876190332087,
      "del_top_rel_k1": 0.00026844512752627,
      "del_bottom_rel_k1": -1.7288794689012479e-06,
      "del_random_rel_k1": 5.1872380119581455e-05,
      "del_random_trials_k1": 20,
      "del_ratio_k1": -155.27116421263847,
      "del_top_random_ratio_k1": 5.175107193738033,
      "ins_gain_k1": -0.21250862850752128,
      "ins_gain_rel_k1": -0.0005383222215505114,
      "del_top_k2": 0.11541303151017246,
      "del_bottom_k2": 0.0014000723048184227,
      "del_random_k2": 0.05753202826018935,
      "del_top_rel_k2": 0.00029238058413713245,
      "del_bottom_rel_k2": 3.5468608090495526e-06,
      "del_random_rel_k2": 0.0001457482557143086,
      "del_random_trials_k2": 20,
      "del_ratio_k2": 82.43362219975269,
      "del_top_random_ratio_k2": 2.0060657515186056,
      "ins_gain_k2": -0.15260582367955067,
      "ins_gain_rel_k2": -0.00038657774322708874,
      "del_top_k3": 0.15233489761260444,
      "del_bottom_k3": 0.009788726021270122,
      "del_random_k3": 0.08777653451506921,
      "del_top_rel_k3": 0.0003859162675621932,
      "del_bottom_rel_k3": 2.479818261948217e-05,
      "del_random_rel_k3": 0.00022236790853888172,
      "del_random_trials_k3": 20,
      "del_ratio_k3": 15.562280246278274,
      "del_top_random_ratio_k3": 1.7354854398440227,
      "ins_gain_k3": -0.039234230928116176,
      "ins_gain_rel_k3": -9.938729783530537e-05,
      "del_top_k4": 0.17987102936729116,
      "del_bottom_k4": 0.013000555373423595,
      "del_random_k4": 0.09732939558014664,
      "del_top_rel_k4": 0.0004556746837649833,