{
  "multiseed": "/home/lebedeffson/Code/bonner-shap-reconstruction/results/multiseed_config_sml2010_ea_minimal_sentinel_unmasked_shuffled_q_err_sml_ablation_neg3_unmasked_shuffled_q_err.json",
  "config": "/home/lebedeffson/Code/bonner-shap-reconstruction/results/ablation/configs/sentinel_unmasked/config_sml2010_ea_minimal_sentinel_unmasked_shuffled_q_err.yaml",
  "results_dir": "/home/lebedeffson/Code/bonner-shap-reconstruction/results/sml2010_ea_minimal",
  "eval_importance": "ea_raw",
  "mask": "permute",
  "insertion_baseline": "mean",
  "k_list": [
    1,
    2,
    3,
    4
  ],
  "random_trials": 20,
  "aggregate": {
    "n_runs": 3,
    "delta_r2_mean": -0.08082941515070304,
    "delta_r2_std": 0.02741060446796593,
    "wins": 0,
    "losses": 3,
    "deletion_runs_with_model": 3,
    "deletion_runs_skipped_no_model": 0,
    "shap_stability": {
      "pearson_mean": 0.5357707981288907,
      "spearman_mean": 0.8678362573099415,
      "topk_overlap_mean": 0.7777777777777777
    },
    "vanilla_stability": {
      "pearson_mean": 0.7895004866979054,
      "spearman_mean": 0.8415204678362572,
      "topk_overlap_mean": 0.5555555555555555
    },
    "entropy_shap_mean": 1.3708624252457788,
    "entropy_shap_std": 0.5689147653996678,
    "entropy_shap_ci95_low": 0.5823867877245115,
    "entropy_shap_ci95_high": 2.159338062767046,
    "gini_shap_mean": 0.7970585406604697,
    "gini_shap_std": 0.0997865418564261,
    "gini_shap_ci95_low": 0.6587614494415147,
    "gini_shap_ci95_high": 0.9353556318794246,
    "n_eff_shap_mean": 2.8917489085658503,
    "n_eff_shap_std": 1.6410591109495363,
    "n_eff_shap_ci95_low": 0.6173570182322976,
    "n_eff_shap_ci95_high": 5.166140798899403,
    "mass3_shap_mean": 0.8216983070925054,
    "mass3_shap_std": 0.13943625063628254,
    "mass3_shap_ci95_low": 0.6284495230909461,
    "mass3_shap_ci95_high": 1.0149470910940646,
    "entropy_vanilla_mean": 2.441215264634958,
    "entropy_vanilla_std": 0.047827272914548406,
    "entropy_vanilla_ci95_low": 2.374930046188026,
    "entropy_vanilla_ci95_high": 2.5075004830818903,
    "gini_vanilla_mean": 0.5292440727878728,
    "gini_vanilla_std": 0.02833552198812563,
    "gini_vanilla_ci95_low": 0.48997304288519505,
    "gini_vanilla_ci95_high": 0.5685151026905505,
    "n_eff_vanilla_mean": 9.54919428542768,
    "n_eff_vanilla_std": 0.8987483330106443,
    "n_eff_vanilla_ci95_low": 8.303592645357893,
    "n_eff_vanilla_ci95_high": 10.794795925497466,
    "mass3_vanilla_mean": 0.4464642243522454,
    "mass3_vanilla_std": 0.05197069301794146,
    "mass3_vanilla_ci95_low": 0.3744365186185819,
    "mass3_vanilla_ci95_high": 0.518491930085909,
    "auc_deletion_top_mean": 0.49131908205502367,
    "auc_deletion_top_std": 0.09897508763867924,
    "auc_deletion_top_ci95_low": 0.3541466090048515,
    "auc_deletion_top_ci95_high": 0.6284915551051958,
    "auc_deletion_bottom_mean": 0.011563177055061638,
    "auc_deletion_bottom_std": 0.009130357782637086,
    "auc_deletion_bottom_ci95_low": -0.0010908532343519867,
    "auc_deletion_bottom_ci95_high": 0.024217207344475265,
    "auc_deletion_random_mean": 0.19089558793747016,
    "auc_deletion_random_std": 0.025389970262213034,
    "auc_deletion_random_ci95_low": 0.15570688445026035,
    "auc_deletion_random_ci95_high": 0.22608429142467998,
    "auc_deletion_top_rel_mean": 0.0012259693682842162,
    "auc_deletion_top_rel_std": 0.00023786869968741922,
    "auc_deletion_top_rel_ci95_low": 0.0008963001699454552,
    "auc_deletion_top_rel_ci95_high": 0.001555638566622977,
    "auc_deletion_bottom_rel_mean": 2.9111673543633857e-05,
    "auc_deletion_bottom_rel_std": 2.3099556927532974e-05,
    "auc_deletion_bottom_rel_ci95_low": -2.9026790142581304e-06,
    "auc_deletion_bottom_rel_ci95_high": 6.112602610152585e-05,
    "auc_deletion_random_rel_mean": 0.0004768180641659731,
    "auc_deletion_random_rel_std": 6.0777241806777595e-05,
    "auc_deletion_random_rel_ci95_low": 0.0003925851045121346,
    "auc_deletion_random_rel_ci95_high": 0.0005610510238198116,
    "auc_insertion_gain_top_mean": -0.3512441352264375,
    "auc_insertion_gain_top_std": 0.16700653155767048,
    "auc_insertion_gain_top_ci95_low": -0.5827033791215104,
    "auc_insertion_gain_top_ci95_high": -0.11978489133136458,
    "auc_insertion_gain_top_rel_mean": -0.000880835136170077,
    "auc_insertion_gain_top_rel_std": 0.00042138001448315936,
    "auc_insertion_gain_top_rel_ci95_low": -0.001464838040937231,
    "auc_insertion_gain_top_rel_ci95_high": -0.0002968322314029229,
    "auc_deletion_gap_top_bottom_mean": 0.479755904999962,
    "auc_deletion_gap_top_bottom_std": 0.10603833521579221,
    "auc_deletion_gap_top_bottom_ci95_low": 0.3327942702421968,
    "auc_deletion_gap_top_bottom_ci95_high": 0.6267175397577271,
    "auc_deletion_gap_top_random_mean": 0.3004234941175535,
    "auc_deletion_gap_top_random_std": 0.07825442597403306,
    "auc_deletion_gap_top_random_ci95_low": 0.1919683929999185,
    "auc_deletion_gap_top_random_ci95_high": 0.40887859523518844,
    "auc_del_top_bottom_ratio_mean": -852.727438243334,
    "auc_del_top_bottom_ratio_std": 1248.7420261240093,
    "auc_del_top_bottom_ratio_ci95_low": -2583.395589308169,
    "auc_del_top_bottom_ratio_ci95_high": 877.940712821501,
    "auc_del_top_random_ratio_mean": 2.5568583649641208,
    "auc_del_top_random_ratio_std": 0.3122033040874174,
    "auc_del_top_random_ratio_ci95_low": 2.1241666610431658,
    "auc_del_top_random_ratio_ci95_high": 2.989550068885076
  },
  "runs": [
    {
      "seed": 42,
      "tag": "sml_ablation_neg3_unmasked_shuffled_q_err_s42",
      "summary": "/home/lebedeffson/Code/bonner-shap-reconstruction/results/sml2010_ea_minimal/training_summary_20260503_180504_sml_ablation_neg3_unmasked_shuffled_q_err_s42.json",
      "metrics_source": "shap",
      "importance_kind_eval": "ea_raw",
      "r2_final": 0.8371044616597392,
      "r2_vanilla": 0.9380579076447224,
      "r2_shap_raw": 0.8371044616597392,
      "entropy_shap": 1.2861818329289108,
      "gini_shap": 0.8236518425132577,
      "n_eff_shap": 2.0433949398737057,
      "mass3_shap": 0.8645474962913671,
      "entropy_vanilla": 2.486457289498423,
      "gini_vanilla": 0.5037672074553787,
      "n_eff_vanilla": 10.385866708993037,
      "mass3_vanilla": 0.3935269997110678,
      "base_mse": 394.75141869480046,
      "del_top_k1": 0.04982155573839009,
      "del_bottom_k1": 0.0005446677639042719,
      "del_random_k1": 0.01263121356359136,
      "del_top_rel_k1": 0.00012620994727040912,
      "del_bottom_rel_k1": 1.3797740504775155e-06,
      "del_random_rel_k1": 3.1997892763387555e-05,
      "del_random_trials_k1": 20,
      "del_ratio_k1": 91.47146012422175,
      "del_top_random_ratio_k1": 3.944320589911734,
      "ins_gain_k1": -0.05603175419082618,
      "ins_gain_rel_k1": -0.00014193396541314982,
      "del_top_k2": 0.10510152065012335,
      "del_bottom_k2": 0.0016472382753818238,
      "del_random_k2": 0.0445740287723936,
      "del_top_rel_k2": 0.00026624735383505143,
      "del_bottom_rel_k2": 4.172849538649464e-06,
      "del_random_rel_k2": 0.00011291670317429717,
      "del_random_trials_k2": 20,
      "del_ratio_k2": 63.804685792622514,
      "del_top_random_ratio_k2": 2.3579093822647423,
      "ins_gain_k2": -0.07321154057484591,
      "ins_gain_rel_k2": -0.00018545206049420634,
      "del_top_k3": 0.1421726208553764,
      "del_bottom_k3": 0.01464560152555805,
      "del_random_k3": 0.0739781357592733,
      "del_top_rel_k3": 0.000360157339840483,
      "del_bottom_rel_k3": 3.7100820496052896e-05,
      "del_random_rel_k3": 0.00018740435690864187,
      "del_random_trials_k3": 20,
      "del_ratio_k3": 9.707530318748828,
      "del_top_random_ratio_k3": 1.92181945914517,
      "ins_gain_k3": -0.2437529112000334,
      "ins_gain_rel_k3": -0.000617450189936843,
      "del_top_k4": 0.15948311627198564,
      "del_bottom_k4": 0.01095372661239935,
      "del_random_k4": 0.07396996260510776,