{
  "multiseed": "/home/lebedeffson/Code/bonner-shap-reconstruction/results/multiseed_config_sml2010_ea_minimal_task_only_qerr_focus_orderfix_nf3_task_only.json",
  "config": "/home/lebedeffson/Code/bonner-shap-reconstruction/results/ablation/configs/config_sml2010_ea_minimal_task_only.yaml",
  "results_dir": "/home/lebedeffson/Code/bonner-shap-reconstruction/results/sml2010_ea_minimal",
  "eval_importance": "ea_raw",
  "mask": "permute",
  "insertion_baseline": "mean",
  "k_list": [
    1,
    2,
    3,
    4
  ],
  "random_trials": 20,
  "aggregate": {
    "n_runs": 3,
    "delta_r2_mean": -0.08181948066071265,
    "delta_r2_std": 0.016746446292541944,
    "wins": 0,
    "losses": 3,
    "deletion_runs_with_model": 3,
    "deletion_runs_skipped_no_model": 0,
    "shap_stability": {
      "pearson_mean": 0.5316010090139666,
      "spearman_mean": 0.8701754385964913,
      "topk_overlap_mean": 0.7777777777777777
    },
    "vanilla_stability": {
      "pearson_mean": 0.7895004866979054,
      "spearman_mean": 0.8415204678362572,
      "topk_overlap_mean": 0.5555555555555555
    },
    "entropy_shap_mean": 1.3690554064131477,
    "entropy_shap_std": 0.572205871855716,
    "entropy_shap_ci95_low": 0.5760185280542304,
    "entropy_shap_ci95_high": 2.162092284772065,
    "gini_shap_mean": 0.7969168382757076,
    "gini_shap_std": 0.10075151249189836,
    "gini_shap_ci95_low": 0.6572823659879755,
    "gini_shap_ci95_high": 0.9365513105634397,
    "n_eff_shap_mean": 2.8942374477486936,
    "n_eff_shap_std": 1.6519146412744423,
    "n_eff_shap_ci95_low": 0.6048005599671513,
    "n_eff_shap_ci95_high": 5.183674335530236,
    "mass3_shap_mean": 0.8209117434914153,
    "mass3_shap_std": 0.1417033304268898,
    "mass3_shap_ci95_low": 0.6245209472027345,
    "mass3_shap_ci95_high": 1.017302539780096,
    "entropy_vanilla_mean": 2.441215264634958,
    "entropy_vanilla_std": 0.047827272914548406,
    "entropy_vanilla_ci95_low": 2.374930046188026,
    "entropy_vanilla_ci95_high": 2.5075004830818903,
    "gini_vanilla_mean": 0.5292440727878728,
    "gini_vanilla_std": 0.02833552198812563,
    "gini_vanilla_ci95_low": 0.48997304288519505,
    "gini_vanilla_ci95_high": 0.5685151026905505,
    "n_eff_vanilla_mean": 9.54919428542768,
    "n_eff_vanilla_std": 0.8987483330106443,
    "n_eff_vanilla_ci95_low": 8.303592645357893,
    "n_eff_vanilla_ci95_high": 10.794795925497466,
    "mass3_vanilla_mean": 0.4464642243522454,
    "mass3_vanilla_std": 0.05197069301794146,
    "mass3_vanilla_ci95_low": 0.3744365186185819,
    "mass3_vanilla_ci95_high": 0.518491930085909,
    "auc_deletion_top_mean": 0.4849348811212148,
    "auc_deletion_top_std": 0.0779690705491831,
    "auc_deletion_top_ci95_low": 0.376875262445261,
    "auc_deletion_top_ci95_high": 0.5929944997971686,
    "auc_deletion_bottom_mean": 0.010508236964653861,
    "auc_deletion_bottom_std": 0.006267895616162757,
    "auc_deletion_bottom_ci95_low": 0.0018213768364959467,
    "auc_deletion_bottom_ci95_high": 0.019195097092811773,
    "auc_deletion_random_mean": 0.18929108386969343,
    "auc_deletion_random_std": 0.011374719981148649,
    "auc_deletion_random_ci95_low": 0.17352652626946752,
    "auc_deletion_random_ci95_high": 0.20505564146991934,
    "auc_deletion_top_rel_mean": 0.0012103928312898235,
    "auc_deletion_top_rel_std": 0.00018431410356347841,
    "auc_deletion_top_rel_ci95_low": 0.0009549465163936352,
    "auc_deletion_top_rel_ci95_high": 0.0014658391461860117,
    "auc_deletion_bottom_rel_mean": 2.640689743244543e-05,
    "auc_deletion_bottom_rel_std": 1.5898709008653474e-05,
    "auc_deletion_bottom_rel_ci95_low": 4.3724109262695995e-06,
    "auc_deletion_bottom_rel_ci95_high": 4.844138393862126e-05,
    "auc_deletion_random_rel_mean": 0.0004729947300114986,
    "auc_deletion_random_rel_std": 2.5232971816650327e-05,
    "auc_deletion_random_rel_ci95_low": 0.0004380236152686553,
    "auc_deletion_random_rel_ci95_high": 0.0005079658447543419,
    "auc_insertion_gain_top_mean": -0.34955692161558244,
    "auc_insertion_gain_top_std": 0.12722200291430127,
    "auc_insertion_gain_top_ci95_low": -0.5258776219301833,
    "auc_insertion_gain_top_ci95_high": -0.17323622130098165,
    "auc_insertion_gain_top_rel_mean": -0.0008751922519939099,
    "auc_insertion_gain_top_rel_std": 0.0003197880772252825,
    "auc_insertion_gain_top_rel_ci95_low": -0.0013183959151731749,
    "auc_insertion_gain_top_rel_ci95_high": -0.00043198858881464495,
    "auc_deletion_gap_top_bottom_mean": 0.47442664415656094,
    "auc_deletion_gap_top_bottom_std": 0.08347041617133091,
    "auc_deletion_gap_top_bottom_ci95_low": 0.3587425494422667,
    "auc_deletion_gap_top_bottom_ci95_high": 0.5901107388708552,
    "auc_deletion_gap_top_random_mean": 0.29564379725152135,
    "auc_deletion_gap_top_random_std": 0.06907159272965618,
    "auc_deletion_gap_top_random_ci95_low": 0.1999154537027905,
    "auc_deletion_gap_top_random_ci95_high": 0.3913721408002522,
    "auc_del_top_bottom_ratio_mean": 104.45722831057411,
    "auc_del_top_bottom_ratio_std": 101.65922427098002,
    "auc_del_top_bottom_ratio_ci95_low": -36.43526831968698,
    "auc_del_top_bottom_ratio_ci95_high": 245.3497249408352,
    "auc_del_top_random_ratio_mean": 2.550287420306407,
    "auc_del_top_random_ratio_std": 0.31346244405285995,
    "auc_del_top_random_ratio_ci95_low": 2.1158506374257184,
    "auc_del_top_random_ratio_ci95_high": 2.9847242031870955
  },
  "runs": [
    {
      "seed": 42,
      "tag": "qerr_focus_orderfix_nf3_task_only_s42",
      "summary": "/home/lebedeffson/Code/bonner-shap-reconstruction/results/sml2010_ea_minimal/training_summary_20260504_185055_qerr_focus_orderfix_nf3_task_only_s42.json",
      "metrics_source": "shap",
      "importance_kind_eval": "ea_raw",
      "r2_final": 0.8333424087980283,
      "r2_vanilla": 0.9380579076447224,
      "r2_shap_raw": 0.8333424087980283,
      "entropy_shap": 1.2804961932168788,
      "gini_shap": 0.8244414607047446,
      "n_eff_shap": 2.0361249486384283,
      "mass3_shap": 0.8667498192626691,
      "entropy_vanilla": 2.486457289498423,
      "gini_vanilla": 0.5037672074553787,
      "n_eff_vanilla": 10.385866708993037,
      "mass3_vanilla": 0.3935269997110678,
      "base_mse": 394.7443534885795,
      "del_top_k1": 0.052312631409847654,
      "del_bottom_k1": -0.0006433771805518518,
      "del_random_k1": 0.014337082541740643,
      "del_top_rel_k1": 0.0001325228111498775,
      "del_bottom_rel_k1": -1.6298578430975931e-06,
      "del_random_rel_k1": 3.6319917979917086e-05,
      "del_random_trials_k1": 20,
      "del_ratio_k1": -81.3094294800545,
      "del_top_random_ratio_k1": 3.64876405320937,
      "ins_gain_k1": -0.028957380465669758,
      "ins_gain_rel_k1": -7.334436346970069e-05,
      "del_top_k2": 0.10820892363659596,
      "del_bottom_k2": -2.3582199503380252e-05,
      "del_random_k2": 0.04776515678184978,
      "del_top_rel_k2": 0.0002741240569505101,
      "del_bottom_rel_k2": -5.974043528418059e-08,
      "del_random_rel_k2": 0.00012100276130544213,
      "del_random_trials_k2": 20,
      "del_ratio_k2": -4588.585055845636,
      "del_top_random_ratio_k2": 2.2654363750659496,
      "ins_gain_k2": -0.051344496728233935,
      "ins_gain_rel_k2": -0.00013004730986178128,
      "del_top_k3": 0.15419555252105965,
      "del_bottom_k3": 0.01262307821076547,
      "del_random_k3": 0.07933940831788674,
      "del_top_rel_k3": 0.00039062129998401697,
      "del_bottom_rel_k3": 3.1977856299167155e-05,
      "del_random_rel_k3": 0.00020098934314504878,
      "del_random_trials_k3": 20,
      "del_ratio_k3": 12.215368544365042,
      "del_top_random_ratio_k3": 1.9434925945162789,
      "ins_gain_k3": -0.21544688093064224,
      "ins_gain_rel_k3": -0.000545692120256668,
      "del_top_k4": 0.175032198161432,
      "del_bottom_k4": 0.010261461542370398,
      "del_random_k4": 0.08129136302447648,
      "del_top_rel_k4": 0.0004434064644992964,
      "del_bottom_rel_k4": 2.5995207915411637e-05,