{
  "multiseed": "/home/lebedeffson/Code/bonner-shap-reconstruction/results/multiseed_config_sml2010_ea_minimal_gamma_x30_rho1_gamma_sweep_v2_fast3_final_gamma_x30_rho1.json",
  "config": "/home/lebedeffson/Code/bonner-shap-reconstruction/results/ablation/configs/config_sml2010_ea_minimal_gamma_x30_rho1.yaml",
  "results_dir": "/home/lebedeffson/Code/bonner-shap-reconstruction/results/sml2010_ea_minimal",
  "eval_importance": "ea_raw",
  "mask": "permute",
  "insertion_baseline": "mean",
  "k_list": [
    1,
    2,
    3,
    4
  ],
  "random_trials": 20,
  "aggregate": {
    "n_runs": 3,
    "delta_r2_mean": -0.030116950874429338,
    "delta_r2_std": 0.008130012325614768,
    "wins": 0,
    "losses": 3,
    "deletion_runs_with_model": 3,
    "deletion_runs_skipped_no_model": 0,
    "shap_stability": {
      "pearson_mean": 0.5718575663763144,
      "spearman_mean": 0.8801169590643275,
      "topk_overlap_mean": 0.7777777777777777
    },
    "vanilla_stability": {
      "pearson_mean": 0.8830804587805515,
      "spearman_mean": 0.9187134502923976,
      "topk_overlap_mean": 0.7777777777777777
    },
    "entropy_shap_mean": 2.0492933096581294,
    "entropy_shap_std": 0.4470621812934853,
    "entropy_shap_ci95_low": 1.42969673764897,
    "entropy_shap_ci95_high": 2.6688898816672886,
    "gini_shap_mean": 0.6455338135756062,
    "gini_shap_std": 0.12498291268648448,
    "gini_shap_ci95_low": 0.47231633399320994,
    "gini_shap_ci95_high": 0.8187512931580025,
    "n_eff_shap_mean": 5.913883628518705,
    "n_eff_shap_std": 2.816250501175655,
    "n_eff_shap_ci95_low": 2.01075956779212,
    "n_eff_shap_ci95_high": 9.81700768924529,
    "mass3_shap_mean": 0.6502073368811491,
    "mass3_shap_std": 0.17098746389418357,
    "mass3_shap_ci95_low": 0.4132308022549135,
    "mass3_shap_ci95_high": 0.8871838715073846,
    "entropy_vanilla_mean": 2.378948920356244,
    "entropy_vanilla_std": 0.06659333641551711,
    "entropy_vanilla_ci95_low": 2.2866552648241956,
    "entropy_vanilla_ci95_high": 2.4712425758882923,
    "gini_vanilla_mean": 0.5489531107935929,
    "gini_vanilla_std": 0.02602586118723964,
    "gini_vanilla_ci95_low": 0.5128831074474277,
    "gini_vanilla_ci95_high": 0.585023114139758,
    "n_eff_vanilla_mean": 8.090463819882778,
    "n_eff_vanilla_std": 0.8650417485046948,
    "n_eff_vanilla_ci95_low": 6.8915771225835885,
    "n_eff_vanilla_ci95_high": 9.289350517181969,
    "mass3_vanilla_mean": 0.5015201805377677,
    "mass3_vanilla_std": 0.03679393988693161,
    "mass3_vanilla_ci95_low": 0.4505263815125534,
    "mass3_vanilla_ci95_high": 0.552513979562982,
    "auc_deletion_top_mean": 0.31652977232519675,
    "auc_deletion_top_std": 0.14636971912156815,
    "auc_deletion_top_ci95_low": 0.11367169126078372,
    "auc_deletion_top_ci95_high": 0.5193878533896098,
    "auc_deletion_bottom_mean": 0.01348708594847873,
    "auc_deletion_bottom_std": 0.0038818478118605964,
    "auc_deletion_bottom_ci95_low": 0.008107119362329183,
    "auc_deletion_bottom_ci95_high": 0.018867052534628278,
    "auc_deletion_random_mean": 0.19902467517803615,
    "auc_deletion_random_std": 0.030629188146697822,
    "auc_deletion_random_ci95_low": 0.1565747861621296,
    "auc_deletion_random_ci95_high": 0.2414745641939427,
    "auc_deletion_top_rel_mean": 0.0007936323540116164,
    "auc_deletion_top_rel_std": 0.00036908705487474563,
    "auc_deletion_top_rel_ci95_low": 0.00028210379368541255,
    "auc_deletion_top_rel_ci95_high": 0.0013051609143378204,
    "auc_deletion_bottom_rel_mean": 3.379765583162026e-05,
    "auc_deletion_bottom_rel_std": 9.96911199369505e-06,
    "auc_deletion_bottom_rel_ci95_low": 1.998117151304643e-05,
    "auc_deletion_bottom_rel_ci95_high": 4.761414015019409e-05,
    "auc_deletion_random_rel_mean": 0.0004978196461363376,
    "auc_deletion_random_rel_std": 7.786330926375197e-05,
    "auc_deletion_random_rel_ci95_low": 0.0003899066051237299,
    "auc_deletion_random_rel_ci95_high": 0.0006057326871489454,
    "auc_insertion_gain_top_mean": -0.26920388363176545,
    "auc_insertion_gain_top_std": 0.2806899296017703,
    "auc_insertion_gain_top_ci95_low": -0.6582202787908509,
    "auc_insertion_gain_top_ci95_high": 0.11981251152731992,
    "auc_insertion_gain_top_rel_mean": -0.0006753426721676873,
    "auc_insertion_gain_top_rel_std": 0.0006991576850858746,
    "auc_insertion_gain_top_rel_ci95_low": -0.001644325787043792,
    "auc_insertion_gain_top_rel_ci95_high": 0.0002936404427084174,
    "auc_deletion_gap_top_bottom_mean": 0.303042686376718,
    "auc_deletion_gap_top_bottom_std": 0.14267474134127278,
    "auc_deletion_gap_top_bottom_ci95_low": 0.10530558324807476,
    "auc_deletion_gap_top_bottom_ci95_high": 0.5007797895053612,
    "auc_deletion_gap_top_random_mean": 0.1175050971471606,
    "auc_deletion_gap_top_random_std": 0.1180924254846244,
    "auc_deletion_gap_top_random_ci95_low": -0.04616265439205154,
    "auc_deletion_gap_top_random_ci95_high": 0.28117284868637277,
    "auc_del_top_bottom_ratio_mean": 21.943196079117815,
    "auc_del_top_bottom_ratio_std": 6.363104158964633,
    "auc_del_top_bottom_ratio_ci95_low": 13.124383642725393,
    "auc_del_top_bottom_ratio_ci95_high": 30.76200851551024,
    "auc_del_top_random_ratio_mean": 1.5123854696162844,
    "auc_del_top_random_ratio_std": 0.586015238933716,
    "auc_del_top_random_ratio_ci95_low": 0.7002097849320608,
    "auc_del_top_random_ratio_ci95_high": 2.324561154300508
  },
  "runs": [
    {
      "seed": 42,
      "tag": "gamma_sweep_v2_fast3_final_gamma_x30_rho1_s42",
      "summary": "/home/lebedeffson/Code/bonner-shap-reconstruction/results/sml2010_ea_minimal/training_summary_20260504_122528_gamma_sweep_v2_fast3_final_gamma_x30_rho1_s42.json",
      "metrics_source": "shap",
      "importance_kind_eval": "ea_raw",
      "r2_final": 0.9117202157235436,
      "r2_vanilla": 0.9532332813069075,
      "r2_shap_raw": 0.9117202157235436,
      "entropy_shap": 1.4439799200968289,
      "gini_shap": 0.8115594055096436,
      "n_eff_shap": 2.8314283705900265,
      "mass3_shap": 0.8742086234421697,
      "entropy_vanilla": 2.4316954853843225,
      "gini_vanilla": 0.5314071238325195,
      "n_eff_vanilla": 8.85484168830812,
      "mass3_vanilla": 0.49522172288105043,
      "base_mse": 394.7356178374655,
      "del_top_k1": 0.10596669226174527,
      "del_bottom_k1": -0.0006824092425290473,
      "del_random_k1": 0.020476119823740646,
      "del_top_rel_k1": 0.0002684497863209733,
      "del_bottom_rel_k1": -1.7287754428333124e-06,
      "del_random_rel_k1": 5.1872997769792705e-05,
      "del_random_trials_k1": 20,
      "del_ratio_k1": -155.2832022384543,
      "del_top_random_ratio_k1": 5.1751353854507665,
      "ins_gain_k1": -0.2125109723492642,
      "ins_gain_rel_k1": -0.0005383281632727039,
      "del_top_k2": 0.11541516073327784,
      "del_bottom_k2": 0.0013994421359484477,
      "del_random_k2": 0.05753283597361758,
      "del_top_rel_k2": 0.0002923859806864461,
      "del_bottom_rel_k2": 3.5452644066304445e-06,
      "del_random_rel_k2": 0.00014575030317458428,
      "del_random_trials_k2": 20,
      "del_ratio_k2": 82.47226354420503,
      "del_top_random_ratio_k2": 2.0060745968475615,
      "ins_gain_k2": -0.15260779301604543,
      "ins_gain_rel_k2": -0.0003865827350336019,
      "del_top_k3": 0.15233710080906349,
      "del_bottom_k3": 0.00978792566490938,
      "del_random_k3": 0.08777781552579711,
      "del_top_rel_k3": 0.00038592185231125684,
      "del_bottom_rel_k3": 2.4796155255844142e-05,
      "del_random_rel_k3": 0.00022237115567802618,
      "del_random_trials_k3": 20,
      "del_ratio_k3": 15.563777863540823,
      "del_top_random_ratio_k3": 1.7354852122351745,
      "ins_gain_k3": -0.0392358707813969,
      "ins_gain_rel_k3": -9.939145267963229e-05,
      "del_top_k4": 0.17987368430840434,
      "del_bottom_k4": 0.013000423797734584,
      "del_random_k4": 0.09733062465439843,
      "del_top_rel_k4": 0.00045568141353402727,