{
  "multiseed": "/home/lebedeffson/Code/bonner-shap-reconstruction/results/multiseed_config_sml2010_eaar_v2_eaar_bottom_001_sml_eaar_v2_fast3_eaar_bottom_001.json",
  "config": "/home/lebedeffson/Code/bonner-shap-reconstruction/results/eaar_v2_ablation_fast3/configs/config_sml2010_eaar_v2_eaar_bottom_001.yaml",
  "results_dir": "/home/lebedeffson/Code/bonner-shap-reconstruction/results/sml2010_eaar_v2",
  "eval_importance": "ea_raw",
  "mask": "permute",
  "insertion_baseline": "mean",
  "k_list": [
    1,
    2,
    3,
    4
  ],
  "random_trials": 20,
  "aggregate": {
    "n_runs": 3,
    "delta_r2_mean": -6.902990797745072e-05,
    "delta_r2_std": 0.0003143891452617313,
    "wins": 1,
    "losses": 2,
    "deletion_runs_with_model": 3,
    "deletion_runs_skipped_no_model": 0,
    "shap_stability": {
      "pearson_mean": 0.5708214375762625,
      "spearman_mean": 0.8760233918128656,
      "topk_overlap_mean": 0.7777777777777777
    },
    "vanilla_stability": {
      "pearson_mean": 0.8830804587805515,
      "spearman_mean": 0.9187134502923976,
      "topk_overlap_mean": 0.7777777777777777
    },
    "entropy_shap_mean": 2.0458117228049137,
    "entropy_shap_std": 0.44710340526480913,
    "entropy_shap_ci95_low": 1.4261580172864003,
    "entropy_shap_ci95_high": 2.665465428323427,
    "gini_shap_mean": 0.6476276612382694,
    "gini_shap_std": 0.1253400713329428,
    "gini_shap_ci95_low": 0.4739151850261677,
    "gini_shap_ci95_high": 0.8213401374503712,
    "n_eff_shap_mean": 5.912648518570774,
    "n_eff_shap_std": 2.83108907004645,
    "n_eff_shap_ci95_low": 1.9889592506077696,
    "n_eff_shap_ci95_high": 9.836337786533779,
    "mass3_shap_mean": 0.6500141412152575,
    "mass3_shap_std": 0.171244571745588,
    "mass3_shap_ci95_low": 0.4126812732867821,
    "mass3_shap_ci95_high": 0.8873470091437328,
    "entropy_vanilla_mean": 2.378948920356244,
    "entropy_vanilla_std": 0.06659333641551711,
    "entropy_vanilla_ci95_low": 2.2866552648241956,
    "entropy_vanilla_ci95_high": 2.4712425758882923,
    "gini_vanilla_mean": 0.5489531107935929,
    "gini_vanilla_std": 0.02602586118723964,
    "gini_vanilla_ci95_low": 0.5128831074474277,
    "gini_vanilla_ci95_high": 0.585023114139758,
    "n_eff_vanilla_mean": 8.090463819882778,
    "n_eff_vanilla_std": 0.8650417485046948,
    "n_eff_vanilla_ci95_low": 6.8915771225835885,
    "n_eff_vanilla_ci95_high": 9.289350517181969,
    "mass3_vanilla_mean": 0.5015201805377677,
    "mass3_vanilla_std": 0.03679393988693161,
    "mass3_vanilla_ci95_low": 0.4505263815125534,
    "mass3_vanilla_ci95_high": 0.552513979562982,
    "auc_deletion_top_mean": 0.34079250874377937,
    "auc_deletion_top_std": 0.13109355330747233,
    "auc_deletion_top_ci95_low": 0.15910611333721383,
    "auc_deletion_top_ci95_high": 0.5224789041503449,
    "auc_deletion_bottom_mean": 0.01356519918175536,
    "auc_deletion_bottom_std": 0.003102980162105071,
    "auc_deletion_bottom_ci95_low": 0.009264688085312178,
    "auc_deletion_bottom_ci95_high": 0.017865710278198544,
    "auc_deletion_random_mean": 0.2057795103518444,
    "auc_deletion_random_std": 0.0311829853519454,
    "auc_deletion_random_ci95_low": 0.16256209756784173,
    "auc_deletion_random_ci95_high": 0.2489969231358471,
    "auc_deletion_top_rel_mean": 0.0008540506508834077,
    "auc_deletion_top_rel_std": 0.00033146454086157754,
    "auc_deletion_top_rel_ci95_low": 0.0003946642347338381,
    "auc_deletion_top_rel_ci95_high": 0.0013134370670329772,
    "auc_deletion_bottom_rel_mean": 3.394130261630674e-05,
    "auc_deletion_bottom_rel_std": 7.832133799182305e-06,
    "auc_deletion_bottom_rel_ci95_low": 2.3086518972004896e-05,
    "auc_deletion_bottom_rel_ci95_high": 4.479608626060858e-05,
    "auc_deletion_random_rel_mean": 0.0005146679103459586,
    "auc_deletion_random_rel_std": 7.896712624301796e-05,
    "auc_deletion_random_rel_ci95_low": 0.0004052250570497443,
    "auc_deletion_random_rel_ci95_high": 0.0006241107636421728,
    "auc_insertion_gain_top_mean": -0.3444651960930969,
    "auc_insertion_gain_top_std": 0.23289210982967626,
    "auc_insertion_gain_top_ci95_low": -0.6672371927780931,
    "auc_insertion_gain_top_ci95_high": -0.021693199408100605,
    "auc_insertion_gain_top_rel_mean": -0.0008627851476080807,
    "auc_insertion_gain_top_rel_std": 0.0005807461213017808,
    "auc_insertion_gain_top_rel_ci95_low": -0.001667658207827819,
    "auc_insertion_gain_top_rel_ci95_high": -5.791208738834257e-05,
    "auc_deletion_gap_top_bottom_mean": 0.327227309562024,
    "auc_deletion_gap_top_bottom_std": 0.1281573442872957,
    "auc_deletion_gap_top_bottom_ci95_low": 0.14961029224138855,
    "auc_deletion_gap_top_bottom_ci95_high": 0.5048443268826595,
    "auc_deletion_gap_top_random_mean": 0.13501299839193498,
    "auc_deletion_gap_top_random_std": 0.10341286597193489,
    "auc_deletion_gap_top_random_ci95_low": -0.008309921637818823,
    "auc_deletion_gap_top_random_ci95_high": 0.2783359184216888,
    "auc_del_top_bottom_ratio_mean": 24.102220891259957,
    "auc_del_top_bottom_ratio_std": 5.67477564942862,
    "auc_del_top_bottom_ratio_ci95_low": 16.237383098150346,
    "auc_del_top_bottom_ratio_ci95_high": 31.96705868436957,
    "auc_del_top_random_ratio_mean": 1.5990569282142022,
    "auc_del_top_random_ratio_std": 0.4784679645913551,
    "auc_del_top_random_ratio_ci95_low": 0.9359341612217809,
    "auc_del_top_random_ratio_ci95_high": 2.2621796952066235
  },
  "runs": [
    {
      "seed": 42,
      "tag": "sml_eaar_v2_fast3_eaar_bottom_001_s42",
      "summary": "/home/lebedeffson/Code/bonner-shap-reconstruction/results/sml2010_eaar_v2/training_summary_20260503_113915_sml_eaar_v2_fast3_eaar_bottom_001_s42.json",
      "metrics_source": "vanilla_fallback",
      "importance_kind_eval": "ea_raw",
      "r2_final": 0.9532332813069075,
      "r2_vanilla": 0.9532332813069075,
      "r2_shap_raw": 0.9528328362151142,
      "entropy_shap": 1.442867823864307,
      "gini_shap": 0.8126400909649372,
      "n_eff_shap": 2.8286089395901355,
      "mass3_shap": 0.8742005566264963,
      "entropy_vanilla": 2.4316954853843225,
      "gini_vanilla": 0.5314071238325195,
      "n_eff_vanilla": 8.85484168830812,
      "mass3_vanilla": 0.49522172288105043,
      "base_mse": 394.73258970288776,
      "del_top_k1": 0.11053640781318563,
      "del_bottom_k1": -0.0005463709882747025,
      "del_random_k1": 0.020708248219116855,
      "del_top_rel_k1": 0.00028002858313874024,
      "del_bottom_rel_k1": -1.3841547481193545e-06,
      "del_random_rel_k1": 5.2461460642770196e-05,
      "del_random_trials_k1": 20,
      "del_ratio_k1": -202.3101709051958,
      "del_top_random_ratio_k1": 5.337796159204136,
      "ins_gain_k1": -0.21810310166318914,
      "ins_gain_rel_k1": -0.0005525049043962418,
      "del_top_k2": 0.12175455210802966,
      "del_bottom_k2": -0.00010486751665439442,
      "del_random_k2": 0.05862698945302327,
      "del_top_rel_k2": 0.00030844818817638817,
      "del_bottom_rel_k2": -2.65667237491911e-07,
      "del_random_rel_k2": 0.0001485233066191753,
      "del_random_trials_k2": 20,
      "del_ratio_k2": -1161.032101773907,
      "del_top_random_ratio_k2": 2.0767662341507847,
      "ins_gain_k2": -0.1970480592914896,
      "ins_gain_rel_k2": -0.0004991676795520064,
      "del_top_k3": 0.1557814149145429,
      "del_bottom_k3": 0.008042276593300812,
      "del_random_k3": 0.08900165776598215,
      "del_top_rel_k3": 0.0003946505025891021,
      "del_bottom_rel_k3": 2.0373986853616907e-05,
      "del_random_rel_k3": 0.0002254732953085348,
      "del_random_trials_k3": 20,
      "del_ratio_k3": 19.370313006262172,
      "del_top_random_ratio_k3": 1.7503203740586357,
      "ins_gain_k3": -0.039927390686557374,
      "ins_gain_rel_k3": -0.00010114518778432861,
      "del_top_k4": 0.1837237716022173,
      "del_bottom_k4": 0.013061121252462726,
      "del_random_k4": 0.09991365745194969,
      "del_top_rel_k4": 0.0004654385687802072,