{
  "multiseed": "/home/lebedeffson/Code/bonner-shap-reconstruction/results/multiseed_config_sml2010_ea_minimal_anti_q_err_neg_core_v2_s1sm_anti_q_err.json",
  "config": "/home/lebedeffson/Code/bonner-shap-reconstruction/results/ablation/configs/config_sml2010_ea_minimal_anti_q_err.yaml",
  "results_dir": "/home/lebedeffson/Code/bonner-shap-reconstruction/results/sml2010_ea_minimal",
  "eval_importance": "ea_raw",
  "mask": "permute",
  "insertion_baseline": "mean",
  "k_list": [
    1,
    2,
    3,
    4
  ],
  "random_trials": 20,
  "aggregate": {
    "n_runs": 1,
    "delta_r2_mean": -0.08870707561955737,
    "delta_r2_std": 0.0,
    "wins": 0,
    "losses": 1,
    "deletion_runs_with_model": 1,
    "deletion_runs_skipped_no_model": 0,
    "shap_stability": {
      "pearson_mean": NaN,
      "spearman_mean": NaN,
      "topk_overlap_mean": NaN
    },
    "vanilla_stability": {
      "pearson_mean": NaN,
      "spearman_mean": NaN,
      "topk_overlap_mean": NaN
    },
    "entropy_shap_mean": 2.0932354366833015,
    "entropy_shap_std": 0.0,
    "entropy_shap_ci95_low": 2.0932354366833015,
    "entropy_shap_ci95_high": 2.0932354366833015,
    "gini_shap_mean": 0.6559479140263604,
    "gini_shap_std": 0.0,
    "gini_shap_ci95_low": 0.6559479140263604,
    "gini_shap_ci95_high": 0.6559479140263604,
    "n_eff_shap_mean": 4.764930069292904,
    "n_eff_shap_std": 0.0,
    "n_eff_shap_ci95_low": 4.764930069292904,
    "n_eff_shap_ci95_high": 4.764930069292904,
    "mass3_shap_mean": 0.6399630791629731,
    "mass3_shap_std": 0.0,
    "mass3_shap_ci95_low": 0.6399630791629731,
    "mass3_shap_ci95_high": 0.6399630791629731,
    "entropy_vanilla_mean": 2.4798542555824343,
    "entropy_vanilla_std": 0.0,
    "entropy_vanilla_ci95_low": 2.4798542555824343,
    "entropy_vanilla_ci95_high": 2.4798542555824343,
    "gini_vanilla_mean": 0.506434328426344,
    "gini_vanilla_std": 0.0,
    "gini_vanilla_ci95_low": 0.506434328426344,
    "gini_vanilla_ci95_high": 0.506434328426344,
    "n_eff_vanilla_mean": 10.25452818475302,
    "n_eff_vanilla_std": 0.0,
    "n_eff_vanilla_ci95_low": 10.25452818475302,
    "n_eff_vanilla_ci95_high": 10.25452818475302,
    "mass3_vanilla_mean": 0.42948782989815126,
    "mass3_vanilla_std": 0.0,
    "mass3_vanilla_ci95_low": 0.42948782989815126,
    "mass3_vanilla_ci95_high": 0.42948782989815126,
    "auc_deletion_top_mean": 0.32919411909881546,
    "auc_deletion_top_std": 0.0,
    "auc_deletion_top_ci95_low": 0.32919411909881546,
    "auc_deletion_top_ci95_high": 0.32919411909881546,
    "auc_deletion_bottom_mean": 0.023073957467289574,
    "auc_deletion_bottom_std": 0.0,
    "auc_deletion_bottom_ci95_low": 0.023073957467289574,
    "auc_deletion_bottom_ci95_high": 0.023073957467289574,
    "auc_deletion_random_mean": 0.21133791924749945,
    "auc_deletion_random_std": 0.0,
    "auc_deletion_random_ci95_low": 0.21133791924749945,
    "auc_deletion_random_ci95_high": 0.21133791924749945,
    "auc_deletion_top_rel_mean": 0.0008339541245169285,
    "auc_deletion_top_rel_std": 0.0,
    "auc_deletion_top_rel_ci95_low": 0.0008339541245169285,
    "auc_deletion_top_rel_ci95_high": 0.0008339541245169285,
    "auc_deletion_bottom_rel_mean": 5.845372344880252e-05,
    "auc_deletion_bottom_rel_std": 0.0,
    "auc_deletion_bottom_rel_ci95_low": 5.845372344880252e-05,
    "auc_deletion_bottom_rel_ci95_high": 5.845372344880252e-05,
    "auc_deletion_random_rel_mean": 0.0005353866281261643,
    "auc_deletion_random_rel_std": 0.0,
    "auc_deletion_random_rel_ci95_low": 0.0005353866281261643,
    "auc_deletion_random_rel_ci95_high": 0.0005353866281261643,
    "auc_insertion_gain_top_mean": 0.09948532392814968,
    "auc_insertion_gain_top_std": 0.0,
    "auc_insertion_gain_top_ci95_low": 0.09948532392814968,
    "auc_insertion_gain_top_ci95_high": 0.09948532392814968,
    "auc_insertion_gain_top_rel_mean": 0.0002519600995687166,
    "auc_insertion_gain_top_rel_std": 0.0,
    "auc_insertion_gain_top_rel_ci95_low": 0.0002519600995687166,
    "auc_insertion_gain_top_rel_ci95_high": 0.0002519600995687166,
    "auc_deletion_gap_top_bottom_mean": 0.3061201616315259,
    "auc_deletion_gap_top_bottom_std": 0.0,
    "auc_deletion_gap_top_bottom_ci95_low": 0.3061201616315259,
    "auc_deletion_gap_top_bottom_ci95_high": 0.3061201616315259,
    "auc_deletion_gap_top_random_mean": 0.11785619985131601,
    "auc_deletion_gap_top_random_std": 0.0,
    "auc_deletion_gap_top_random_ci95_low": 0.11785619985131601,
    "auc_deletion_gap_top_random_ci95_high": 0.11785619985131601,
    "auc_del_top_bottom_ratio_mean": 14.266911930960493,
    "auc_del_top_bottom_ratio_std": 0.0,
    "auc_del_top_bottom_ratio_ci95_low": 14.266911930960493,
    "auc_del_top_bottom_ratio_ci95_high": 14.266911930960493,
    "auc_del_top_random_ratio_mean": 1.5576670777747936,
    "auc_del_top_random_ratio_std": 0.0,
    "auc_del_top_random_ratio_ci95_low": 1.5576670777747936,
    "auc_del_top_random_ratio_ci95_high": 1.5576670777747936
  },
  "runs": [
    {
      "seed": 42,
      "tag": "neg_core_v2_s1sm_anti_q_err_s42",
      "summary": "/home/lebedeffson/Code/bonner-shap-reconstruction/results/sml2010_ea_minimal/training_summary_20260504_111510_neg_core_v2_s1sm_anti_q_err_s42.json",
      "metrics_source": "shap",
      "importance_kind_eval": "ea_raw",
      "r2_final": 0.41059155041285866,
      "r2_vanilla": 0.49929862603241604,
      "r2_shap_raw": 0.41059155041285866,
      "entropy_shap": 2.0932354366833015,
      "gini_shap": 0.6559479140263604,
      "n_eff_shap": 4.764930069292904,
      "mass3_shap": 0.6399630791629731,
      "entropy_vanilla": 2.4798542555824343,
      "gini_vanilla": 0.506434328426344,
      "n_eff_vanilla": 10.25452818475302,
      "mass3_vanilla": 0.42948782989815126,
      "base_mse": 394.73888241694556,
      "del_top_k1": 0.005934555024737165,
      "del_bottom_k1": 9.019855423275658e-05,
      "del_random_k1": 0.020642231475048334,
      "del_top_rel_k1": 1.503412835442123e-05,
      "del_bottom_rel_k1": 2.2850182297847092e-07,
      "del_random_rel_k1": 5.229338277662951e-05,
      "del_random_trials_k1": 20,
      "del_ratio_k1": 65.79434680991395,
      "del_top_random_ratio_k1": 0.2874958083685462,
      "ins_gain_k1": 0.09622365450422876,
      "ins_gain_rel_k1": 0.0002436994786010964,
      "del_top_k2": 0.07510188052697231,
      "del_bottom_k2": 0.002575713198552876,
      "del_random_k2": 0.059093520905045695,
      "del_top_rel_k2": 0.00019025711393600504,
      "del_bottom_rel_k2": 6.525106376098656e-06,
      "del_random_rel_k2": 0.00014970281251044232,
      "del_random_trials_k2": 20,
      "del_ratio_k2": 29.157703016007147,
      "del_top_random_ratio_k2": 1.2708987275674217,
      "ins_gain_k2": 0.06421420351148299,
      "ins_gain_rel_k2": 0.00016263119495056561,
      "del_top_k3": 0.15356625387596523,
      "del_bottom_k3": 0.012912117670566658,
      "del_random_k3": 0.09533750612449979,
      "del_top_rel_k3": 0.0003890324989919778,
      "del_bottom_rel_k3": 3.27105290249267e-05,
      "del_random_rel_k3": 0.00024152043381376012,
      "del_random_trials_k3": 20,
      "del_ratio_k3": 11.893188846483977,
      "del_top_random_ratio_k3": 1.6107643268307714,
      "ins_gain_k3": 0.05373233239157571,
      "ins_gain_rel_k3": 0.00013608443220447769,
      "del_top_k4": 0.19511741436701868,
      "del_bottom_k4": 0.015082054642107323,
      "del_random_k4": 0.09317155296085958,
      "del_top_rel_k4": 0.0004942948948234699,
      "del_bottom_rel_k4": 3.820767427257587e-05,
      "del_random_rel_k4": 0.00023603338082729398,
      "del_random_trials_k4": 20,
      "del_ratio_k4": 12.937057913139814,
      "del_top_random_ratio_k4": 2.094173684610488,
      "ins_gain_k4": -0.1331460784540468,
      "ins_gain_rel_k4": -0.0003372105337737499,
      "insertion_baseline_mse": 394.84554934864605,
      "auc_deletion_top": 0.32919411909881546,
      "auc_deletion_bottom": 0.023073957467289574,