{
  "multiseed": "/home/lebedeffson/Code/bonner-shap-reconstruction/results/multiseed_config_sml2010_ea_minimal_full_sml_neg_sentinel_core1b_full.json",
  "config": "/home/lebedeffson/Code/bonner-shap-reconstruction/results/ablation_neg_sentinel_core1b/configs/config_sml2010_ea_minimal_full.yaml",
  "results_dir": "/home/lebedeffson/Code/bonner-shap-reconstruction/results/sml2010_ea_minimal",
  "eval_importance": "ea_raw",
  "mask": "permute",
  "insertion_baseline": "mean",
  "k_list": [
    1,
    2,
    3,
    4
  ],
  "random_trials": 20,
  "aggregate": {
    "n_runs": 1,
    "delta_r2_mean": -0.16230885245862625,
    "delta_r2_std": 0.0,
    "wins": 0,
    "losses": 1,
    "deletion_runs_with_model": 1,
    "deletion_runs_skipped_no_model": 0,
    "shap_stability": {
      "pearson_mean": NaN,
      "spearman_mean": NaN,
      "topk_overlap_mean": NaN
    },
    "vanilla_stability": {
      "pearson_mean": NaN,
      "spearman_mean": NaN,
      "topk_overlap_mean": NaN
    },
    "entropy_shap_mean": 2.1040688665959437,
    "entropy_shap_std": 0.0,
    "entropy_shap_ci95_low": 2.1040688665959437,
    "entropy_shap_ci95_high": 2.1040688665959437,
    "gini_shap_mean": 0.6503504535120241,
    "gini_shap_std": 0.0,
    "gini_shap_ci95_low": 0.6503504535120241,
    "gini_shap_ci95_high": 0.6503504535120241,
    "n_eff_shap_mean": 4.863730470776527,
    "n_eff_shap_std": 0.0,
    "n_eff_shap_ci95_low": 4.863730470776527,
    "n_eff_shap_ci95_high": 4.863730470776527,
    "mass3_shap_mean": 0.6366233747408291,
    "mass3_shap_std": 0.0,
    "mass3_shap_ci95_low": 0.6366233747408291,
    "mass3_shap_ci95_high": 0.6366233747408291,
    "entropy_vanilla_mean": 2.530691628607371,
    "entropy_vanilla_std": 0.0,
    "entropy_vanilla_ci95_low": 2.530691628607371,
    "entropy_vanilla_ci95_high": 2.530691628607371,
    "gini_vanilla_mean": 0.47740930512891144,
    "gini_vanilla_std": 0.0,
    "gini_vanilla_ci95_low": 0.47740930512891144,
    "gini_vanilla_ci95_high": 0.47740930512891144,
    "n_eff_vanilla_mean": 10.504687905029186,
    "n_eff_vanilla_std": 0.0,
    "n_eff_vanilla_ci95_low": 10.504687905029186,
    "n_eff_vanilla_ci95_high": 10.504687905029186,
    "mass3_vanilla_mean": 0.41035959985251547,
    "mass3_vanilla_std": 0.0,
    "mass3_vanilla_ci95_low": 0.41035959985251547,
    "mass3_vanilla_ci95_high": 0.41035959985251547,
    "auc_deletion_top_mean": 0.5109042805787283,
    "auc_deletion_top_std": 0.0,
    "auc_deletion_top_ci95_low": 0.5109042805787283,
    "auc_deletion_top_ci95_high": 0.5109042805787283,
    "auc_deletion_bottom_mean": 0.02354957963601123,
    "auc_deletion_bottom_std": 0.0,
    "auc_deletion_bottom_ci95_low": 0.02354957963601123,
    "auc_deletion_bottom_ci95_high": 0.02354957963601123,
    "auc_deletion_random_mean": 0.24442579675910991,
    "auc_deletion_random_std": 0.0,
    "auc_deletion_random_ci95_low": 0.24442579675910991,
    "auc_deletion_random_ci95_high": 0.24442579675910991,
    "auc_deletion_top_rel_mean": 0.001294188973807408,
    "auc_deletion_top_rel_std": 0.0,
    "auc_deletion_top_rel_ci95_low": 0.001294188973807408,
    "auc_deletion_top_rel_ci95_high": 0.001294188973807408,
    "auc_deletion_bottom_rel_mean": 5.96542394755464e-05,
    "auc_deletion_bottom_rel_std": 0.0,
    "auc_deletion_bottom_rel_ci95_low": 5.96542394755464e-05,
    "auc_deletion_bottom_rel_ci95_high": 5.96542394755464e-05,
    "auc_deletion_random_rel_mean": 0.0006191632818605536,
    "auc_deletion_random_rel_std": 0.0,
    "auc_deletion_random_rel_ci95_low": 0.0006191632818605536,
    "auc_deletion_random_rel_ci95_high": 0.0006191632818605536,
    "auc_insertion_gain_top_mean": -0.553753087286168,
    "auc_insertion_gain_top_std": 0.0,
    "auc_insertion_gain_top_ci95_low": -0.553753087286168,
    "auc_insertion_gain_top_ci95_high": -0.553753087286168,
    "auc_insertion_gain_top_rel_mean": -0.0014027517084649285,
    "auc_insertion_gain_top_rel_std": 0.0,
    "auc_insertion_gain_top_rel_ci95_low": -0.0014027517084649285,
    "auc_insertion_gain_top_rel_ci95_high": -0.0014027517084649285,
    "auc_deletion_gap_top_bottom_mean": 0.48735470094271705,
    "auc_deletion_gap_top_bottom_std": 0.0,
    "auc_deletion_gap_top_bottom_ci95_low": 0.48735470094271705,
    "auc_deletion_gap_top_bottom_ci95_high": 0.48735470094271705,
    "auc_deletion_gap_top_random_mean": 0.26647848381961836,
    "auc_deletion_gap_top_random_std": 0.0,
    "auc_deletion_gap_top_random_ci95_low": 0.26647848381961836,
    "auc_deletion_gap_top_random_ci95_high": 0.26647848381961836,
    "auc_del_top_bottom_ratio_mean": 21.69483653015087,
    "auc_del_top_bottom_ratio_std": 0.0,
    "auc_del_top_bottom_ratio_ci95_low": 21.69483653015087,
    "auc_del_top_bottom_ratio_ci95_high": 21.69483653015087,
    "auc_del_top_random_ratio_mean": 2.0902224206725277,
    "auc_del_top_random_ratio_std": 0.0,
    "auc_del_top_random_ratio_ci95_low": 2.0902224206725277,
    "auc_del_top_random_ratio_ci95_high": 2.0902224206725277
  },
  "runs": [
    {
      "seed": 42,
      "tag": "sml_neg_sentinel_core1b_full_s42",
      "summary": "/home/lebedeffson/Code/bonner-shap-reconstruction/results/sml2010_ea_minimal/training_summary_20260503_191013_sml_neg_sentinel_core1b_full_s42.json",
      "metrics_source": "shap",
      "importance_kind_eval": "ea_raw",
      "r2_final": 0.7840446593397604,
      "r2_vanilla": 0.9463535117983867,
      "r2_shap_raw": 0.7840446593397604,
      "entropy_shap": 2.1040688665959437,
      "gini_shap": 0.6503504535120241,
      "n_eff_shap": 4.863730470776527,
      "mass3_shap": 0.6366233747408291,
      "entropy_vanilla": 2.530691628607371,
      "gini_vanilla": 0.47740930512891144,
      "n_eff_vanilla": 10.504687905029186,
      "mass3_vanilla": 0.41035959985251547,
      "base_mse": 394.76791327906653,
      "del_top_k1": 0.18033022994967496,
      "del_bottom_k1": -2.1764275572877523e-05,
      "del_random_k1": 0.023276164063190663,
      "del_top_rel_k1": 0.00045680062609900293,
      "del_bottom_rel_k1": -5.5131825157968244e-08,
      "del_random_rel_k1": 5.8961641207998536e-05,
      "del_random_trials_k1": 20,
      "del_ratio_k1": -8285.607192917936,
      "del_top_random_ratio_k1": 7.747420470673901,
      "ins_gain_k1": -0.24019422192611728,
      "ins_gain_rel_k1": -0.0006084532310627921,
      "del_top_k2": 0.15696633634240698,
      "del_bottom_k2": 0.0006064435345933816,
      "del_random_k2": 0.06425719651946622,
      "del_top_rel_k2": 0.00039761675420526145,
      "del_bottom_rel_k2": 1.5362027008630697e-06,
      "del_random_rel_k2": 0.00016277208546592746,
      "del_random_trials_k2": 20,
      "del_ratio_k2": 258.83091686156973,
      "del_top_random_ratio_k2": 2.4427822071635577,
      "ins_gain_k2": -0.07169078969468501,
      "ins_gain_rel_k2": -0.0001816050872389082,
      "del_top_k3": 0.17530136811490138,
      "del_bottom_k3": 0.006515439504084952,
      "del_random_k3": 0.11647908827296191,
      "del_top_rel_k3": 0.0004440618455000372,
      "del_bottom_rel_k3": 1.650448094923836e-05,
      "del_random_rel_k3": 0.0002950571319372176,
      "del_random_trials_k3": 20,
      "del_ratio_k3": 26.90553230953768,
      "del_top_random_ratio_k3": 1.5050029212332765,
      "ins_gain_k3": -0.241017769170071,
      "ins_gain_rel_k3": -0.0006105394177224804,
      "del_top_k4": 0.17694292229316488,
      "del_bottom_k4": 0.03287715747023867,
      "del_random_k4": 0.1041028598701729,
      "del_top_rel_k4": 0.00044822012210521574,
      "del_bottom_rel_k4": 8.328224347604791e-05,
      "del_random_rel_k4": 0.0002637064877068187,
      "del_random_trials_k4": 20,
      "del_ratio_k4": 5.381941016280275,
      "del_top_random_ratio_k4": 1.6996931929836647,
      "ins_gain_k4": -0.2418948349167067,
      "ins_gain_rel_k4": -0.0006127611759442879,
      "insertion_baseline_mse": 394.76201236792963,
      "auc_deletion_top": 0.5109042805787283,
      "auc_deletion_bottom": 0.02354957963601123,