{
  "multiseed": "/home/lebedeffson/Code/bonner-shap-reconstruction/results/multiseed_config_sml2010_ea_minimal_random_target_sml_ablation_neg3_random_target.json",
  "config": "/home/lebedeffson/Code/bonner-shap-reconstruction/results/ablation/configs/config_sml2010_ea_minimal_random_target.yaml",
  "results_dir": "/home/lebedeffson/Code/bonner-shap-reconstruction/results/sml2010_ea_minimal",
  "eval_importance": "ea_raw",
  "mask": "permute",
  "insertion_baseline": "mean",
  "k_list": [
    1,
    2,
    3,
    4
  ],
  "random_trials": 20,
  "aggregate": {
    "n_runs": 3,
    "delta_r2_mean": -0.0001143522014167934,
    "delta_r2_std": 0.0001609941839335413,
    "wins": 1,
    "losses": 2,
    "deletion_runs_with_model": 3,
    "deletion_runs_skipped_no_model": 0,
    "shap_stability": {
      "pearson_mean": 0.5377666763047012,
      "spearman_mean": 0.831578947368421,
      "topk_overlap_mean": 0.7777777777777777
    },
    "vanilla_stability": {
      "pearson_mean": 0.7895004866979054,
      "spearman_mean": 0.8415204678362572,
      "topk_overlap_mean": 0.5555555555555555
    },
    "entropy_shap_mean": 1.3692837356821077,
    "entropy_shap_std": 0.5682114066062008,
    "entropy_shap_ci95_low": 0.5817829037148768,
    "entropy_shap_ci95_high": 2.1567845676493387,
    "gini_shap_mean": 0.7977744742333694,
    "gini_shap_std": 0.10040555018608667,
    "gini_shap_ci95_low": 0.6586194812388872,
    "gini_shap_ci95_high": 0.9369294672278516,
    "n_eff_shap_mean": 2.9011333173275844,
    "n_eff_shap_std": 1.658241595001533,
    "n_eff_shap_ci95_low": 0.6029277190520705,
    "n_eff_shap_ci95_high": 5.199338915603098,
    "mass3_shap_mean": 0.8220155983911471,
    "mass3_shap_std": 0.14088062239614094,
    "mass3_shap_ci95_low": 0.6267650172603255,
    "mass3_shap_ci95_high": 1.0172661795219688,
    "entropy_vanilla_mean": 2.441215264634958,
    "entropy_vanilla_std": 0.047827272914548406,
    "entropy_vanilla_ci95_low": 2.374930046188026,
    "entropy_vanilla_ci95_high": 2.5075004830818903,
    "gini_vanilla_mean": 0.5292440727878728,
    "gini_vanilla_std": 0.02833552198812563,
    "gini_vanilla_ci95_low": 0.48997304288519505,
    "gini_vanilla_ci95_high": 0.5685151026905505,
    "n_eff_vanilla_mean": 9.54919428542768,
    "n_eff_vanilla_std": 0.8987483330106443,
    "n_eff_vanilla_ci95_low": 8.303592645357893,
    "n_eff_vanilla_ci95_high": 10.794795925497466,
    "mass3_vanilla_mean": 0.4464642243522454,
    "mass3_vanilla_std": 0.05197069301794146,
    "mass3_vanilla_ci95_low": 0.3744365186185819,
    "mass3_vanilla_ci95_high": 0.518491930085909,
    "auc_deletion_top_mean": 0.5525875504416433,
    "auc_deletion_top_std": 0.10591037606455231,
    "auc_deletion_top_ci95_low": 0.4058032580196491,
    "auc_deletion_top_ci95_high": 0.6993718428636375,
    "auc_deletion_bottom_mean": 0.01341046304381166,
    "auc_deletion_bottom_std": 0.005379651686258797,
    "auc_deletion_bottom_ci95_low": 0.0059546461957721885,
    "auc_deletion_bottom_ci95_high": 0.020866279891851133,
    "auc_deletion_random_mean": 0.22803170640837275,
    "auc_deletion_random_std": 0.025601458493694534,
    "auc_deletion_random_ci95_low": 0.19254989518642437,
    "auc_deletion_random_ci95_high": 0.26351351763032116,
    "auc_deletion_top_rel_mean": 0.0013789261352075014,
    "auc_deletion_top_rel_std": 0.0002529414449401723,
    "auc_deletion_top_rel_ci95_low": 0.0010283671777252751,
    "auc_deletion_top_rel_ci95_high": 0.0017294850926897276,
    "auc_deletion_bottom_rel_mean": 3.365040355228875e-05,
    "auc_deletion_bottom_rel_std": 1.3780326109379872e-05,
    "auc_deletion_bottom_rel_ci95_low": 1.4551845956035854e-05,
    "auc_deletion_bottom_rel_ci95_high": 5.2748961148541646e-05,
    "auc_deletion_random_rel_mean": 0.000569472383052828,
    "auc_deletion_random_rel_std": 5.893751188242295e-05,
    "auc_deletion_random_rel_ci95_low": 0.00048778915898891294,
    "auc_deletion_random_rel_ci95_high": 0.000651155607116743,
    "auc_insertion_gain_top_mean": -0.3519894219024309,
    "auc_insertion_gain_top_std": 0.09421938667796549,
    "auc_insertion_gain_top_ci95_low": -0.48257082969131554,
    "auc_insertion_gain_top_ci95_high": -0.22140801411354621,
    "auc_insertion_gain_top_rel_mean": -0.0008807226889194561,
    "auc_insertion_gain_top_rel_std": 0.0002370735161889145,
    "auc_insertion_gain_top_rel_ci95_low": -0.0012092898191558197,
    "auc_insertion_gain_top_rel_ci95_high": -0.0005521555586830925,
    "auc_deletion_gap_top_bottom_mean": 0.5391770873978317,
    "auc_deletion_gap_top_bottom_std": 0.11092370956310899,
    "auc_deletion_gap_top_bottom_ci95_low": 0.3854446692340064,
    "auc_deletion_gap_top_bottom_ci95_high": 0.692909505561657,
    "auc_deletion_gap_top_random_mean": 0.32455584403327054,
    "auc_deletion_gap_top_random_std": 0.08040368073275776,
    "auc_deletion_gap_top_random_ci95_low": 0.21312202779142786,
    "auc_deletion_gap_top_random_ci95_high": 0.4359896602751132,
    "auc_del_top_bottom_ratio_mean": 53.76518939347584,
    "auc_del_top_bottom_ratio_std": 31.83616775114778,
    "auc_del_top_bottom_ratio_ci95_low": 9.642511989970863,
    "auc_del_top_bottom_ratio_ci95_high": 97.88786679698083,
    "auc_del_top_random_ratio_mean": 2.399831984815472,
    "auc_del_top_random_ratio_std": 0.21081511721081783,
    "auc_del_top_random_ratio_ci95_low": 2.107657138860916,
    "auc_del_top_random_ratio_ci95_high": 2.692006830770028
  },
  "runs": [
    {
      "seed": 42,
      "tag": "sml_ablation_neg3_random_target_s42",
      "summary": "/home/lebedeffson/Code/bonner-shap-reconstruction/results/sml2010_ea_minimal/training_summary_20260503_155052_sml_ablation_neg3_random_target_s42.json",
      "metrics_source": "vanilla_fallback",
      "importance_kind_eval": "ea_raw",
      "r2_final": 0.9380579076447224,
      "r2_vanilla": 0.9380579076447224,
      "r2_shap_raw": 0.9380560198275549,
      "entropy_shap": 1.2705587054413863,
      "gini_shap": 0.8269128622389947,
      "n_eff_shap": 2.0237702059983285,
      "mass3_shap": 0.8675198473316039,
      "entropy_vanilla": 2.486457289498423,
      "gini_vanilla": 0.5037672074553787,
      "n_eff_vanilla": 10.385866708993037,
      "mass3_vanilla": 0.3935269997110678,
      "base_mse": 394.73264117677485,
      "del_top_k1": 0.05920187031972546,
      "del_bottom_k1": -0.000541957720145092,
      "del_random_k1": 0.016471122958080286,
      "del_top_rel_k1": 0.00014997966761307857,
      "del_bottom_rel_k1": -1.3729741693755276e-06,
      "del_random_rel_k1": 4.1727288903640244e-05,
      "del_random_trials_k1": 20,
      "del_ratio_k1": -109.23706449483383,
      "del_top_random_ratio_k1": 3.5942825796882505,
      "ins_gain_k1": -0.030401876596044985,
      "ins_gain_rel_k1": -7.700170858501213e-05,
      "del_top_k2": 0.11875792948012531,
      "del_bottom_k2": -0.0006555282247404648,
      "del_random_k2": 0.05247999847570668,
      "del_top_rel_k2": 0.0003008566231717866,
      "del_bottom_rel_k2": -1.6606891763148997e-06,
      "del_random_rel_k2": 0.00013295074438043292,
      "del_random_trials_k2": 20,
      "del_ratio_k2": -181.16371680000108,
      "del_top_random_ratio_k2": 2.262917929253298,
      "ins_gain_k2": -0.0388683637113445,
      "ins_gain_rel_k2": -9.844558135159865e-05,
      "del_top_k3": 0.16426050620719934,
      "del_bottom_k3": 0.014376960097933988,
      "del_random_k3": 0.08662768365801128,
      "del_top_rel_k3": 0.00041613104433802677,
      "del_bottom_rel_k3": 3.642201986406149e-05,
      "del_random_rel_k3": 0.00021945913416168743,
      "del_random_trials_k3": 20,
      "del_ratio_k3": 11.425259935122085,
      "del_top_random_ratio_k3": 1.8961664362834714,
      "ins_gain_k3": -0.20788902167976175,
      "ins_gain_rel_k3": -0.0005265401895451006,
      "del_top_k4": 0.18482170247239083,
      "del_bottom_k4": 0.012870052336722893,
      "del_random_k4": 0.08930914026948074,
      "del_top_rel_k4": 0.00046821996255845696,