mse,rmse,mae,r2,r2_weighted,r2_mean
0.010517707269720348,0.10255587389184663,0.04741065981839828,0.8383367066778863,0.8383367066778863,0.5564255056108489
