mse,rmse,mae,r2,r2_weighted,r2_mean
0.013586329234580093,0.11656041023683852,0.05306189601296743,0.7911701978487243,0.7911701978487243,0.5039417082711501
