{
  "config": "/home/lebedeffson/Code/bonner-shap-reconstruction/results/ablation/configs/config_sml2010_ea_minimal_uniform_target.yaml",
  "seeds": [
    42,
    43,
    44
  ],
  "runs": [
    {
      "seed": 42,
      "tag": "neg_core_v2_fast3_final_uniform_target_s42",
      "summary_path": "results/sml2010_ea_minimal/training_summary_20260504_122014_neg_core_v2_fast3_final_uniform_target_s42.json",
      "metrics_source": "shap",
      "model_mode": "ea_raw",
      "fallback_used": false,
      "unstable_prediction_flag": false,
      "r2_final": 0.9117229201350723,
      "r2_vanilla": 0.9532332813069075,
      "r2_shap_raw": 0.9117229201350723,
      "r2_ea_raw": 0.9117229201350723
    },
    {
      "seed": 43,
      "tag": "neg_core_v2_fast3_final_uniform_target_s43",
      "summary_path": "results/sml2010_ea_minimal/training_summary_20260504_122028_neg_core_v2_fast3_final_uniform_target_s43.json",
      "metrics_source": "shap",
      "model_mode": "ea_raw",
      "fallback_used": false,
      "unstable_prediction_flag": false,
      "r2_final": 0.927348292559992,
      "r2_vanilla": 0.9504482777730557,
      "r2_shap_raw": 0.927348292559992,
      "r2_ea_raw": 0.927348292559992
    },
    {
      "seed": 44,
      "tag": "neg_core_v2_fast3_final_uniform_target_s44",
      "summary_path": "results/sml2010_ea_minimal/training_summary_20260504_122043_neg_core_v2_fast3_final_uniform_target_s44.json",
      "metrics_source": "shap",
      "model_mode": "ea_raw",
      "fallback_used": false,
      "unstable_prediction_flag": false,
      "r2_final": 0.928424676153696,
      "r2_vanilla": 0.9541631776421334,
      "r2_shap_raw": 0.928424676153696,
      "r2_ea_raw": 0.928424676153696
    }
  ],
  "n_unstable_runs": 0,
  "unstable_seeds": [],
  "aggregate_all_runs": {
    "n_runs": 3,
    "delta_r2_mean": -0.030116282624445507,
    "delta_r2_min": -0.041510361171835264,
    "delta_r2_max": -0.02309998521306378,
    "wins": 0,
    "losses": 3,
    "fallback_rate": 0.0
  },
  "aggregate_stable_only": {
    "n_runs": 3,
    "delta_r2_mean": -0.030116282624445507,
    "delta_r2_min": -0.041510361171835264,
    "delta_r2_max": -0.02309998521306378,
    "wins": 0,
    "losses": 3,
    "fallback_rate": 0.0
  },
  "delta_r2_mean": -0.030116282624445507,
  "delta_r2_min": -0.041510361171835264,
  "delta_r2_max": -0.02309998521306378
}