{
  "config": "/home/lebedeffson/Code/bonner-shap-reconstruction/results/ablation/configs/config_sml2010_ea_minimal_task_only.yaml",
  "seeds": [
    42,
    43,
    44
  ],
  "runs": [
    {
      "seed": 42,
      "tag": "qerr_focus_strong_fast3_task_only_s42",
      "summary_path": "results/sml2010_ea_minimal/training_summary_20260504_182518_qerr_focus_strong_fast3_task_only_s42.json",
      "metrics_source": "shap",
      "model_mode": "ea_raw",
      "fallback_used": false,
      "unstable_prediction_flag": true,
      "r2_final": 0.4591345210602041,
      "r2_vanilla": 0.49929862603241604,
      "r2_shap_raw": 0.4591345210602041,
      "r2_ea_raw": 0.4591345210602041
    },
    {
      "seed": 43,
      "tag": "qerr_focus_strong_fast3_task_only_s43",
      "summary_path": "results/sml2010_ea_minimal/training_summary_20260504_182524_qerr_focus_strong_fast3_task_only_s43.json",
      "metrics_source": "shap",
      "model_mode": "ea_raw",
      "fallback_used": false,
      "unstable_prediction_flag": true,
      "r2_final": -1.4483611623665937,
      "r2_vanilla": -1.4226744221802652,
      "r2_shap_raw": -1.4483611623665937,
      "r2_ea_raw": -1.4483611623665937
    },
    {
      "seed": 44,
      "tag": "qerr_focus_strong_fast3_task_only_s44",
      "summary_path": "results/sml2010_ea_minimal/training_summary_20260504_182531_qerr_focus_strong_fast3_task_only_s44.json",
      "metrics_source": "shap",
      "model_mode": "ea_raw",
      "fallback_used": false,
      "unstable_prediction_flag": false,
      "r2_final": 0.8995780945987888,
      "r2_vanilla": 0.9416034389044029,
      "r2_shap_raw": 0.8995780945987888,
      "r2_ea_raw": 0.8995780945987888
    }
  ],
  "n_unstable_runs": 2,
  "unstable_seeds": [
    42,
    43
  ],
  "aggregate_all_runs": {
    "n_runs": 3,
    "delta_r2_mean": -0.03595872982138487,
    "delta_r2_min": -0.04202534430561411,
    "delta_r2_max": -0.02568674018632855,
    "wins": 0,
    "losses": 3,
    "fallback_rate": 0.0
  },
  "aggregate_stable_only": {
    "n_runs": 1,
    "delta_r2_mean": -0.04202534430561411,
    "delta_r2_min": -0.04202534430561411,
    "delta_r2_max": -0.04202534430561411,
    "wins": 0,
    "losses": 1,
    "fallback_rate": 0.0
  },
  "delta_r2_mean": -0.03595872982138487,
  "delta_r2_min": -0.04202534430561411,
  "delta_r2_max": -0.02568674018632855
}