{
  "config": "/home/lebedeffson/Code/bonner-shap-reconstruction/results/ablation/configs/config_sml2010_ea_minimal_random_target.yaml",
  "seeds": [
    42,
    43,
    44
  ],
  "runs": [
    {
      "seed": 42,
      "tag": "sml_ablation_neg3_random_target_s42",
      "summary_path": "results/sml2010_ea_minimal/training_summary_20260503_155052_sml_ablation_neg3_random_target_s42.json",
      "metrics_source": "vanilla_fallback",
      "model_mode": "final_policy",
      "fallback_used": true,
      "unstable_prediction_flag": false,
      "r2_final": 0.9380579076447224,
      "r2_vanilla": 0.9380579076447224,
      "r2_shap_raw": 0.9380560198275549,
      "r2_ea_raw": 0.9380560198275549
    },
    {
      "seed": 43,
      "tag": "sml_ablation_neg3_random_target_s43",
      "summary_path": "results/sml2010_ea_minimal/training_summary_20260503_155229_sml_ablation_neg3_random_target_s43.json",
      "metrics_source": "vanilla_fallback",
      "model_mode": "final_policy",
      "fallback_used": true,
      "unstable_prediction_flag": false,
      "r2_final": 0.9571045616336461,
      "r2_vanilla": 0.9571045616336461,
      "r2_shap_raw": 0.95676253479321,
      "r2_ea_raw": 0.95676253479321
    },
    {
      "seed": 44,
      "tag": "sml_ablation_neg3_random_target_s44",
      "summary_path": "results/sml2010_ea_minimal/training_summary_20260503_155404_sml_ablation_neg3_random_target_s44.json",
      "metrics_source": "shap",
      "model_mode": "ea_raw",
      "fallback_used": false,
      "unstable_prediction_flag": false,
      "r2_final": 0.9566299962676978,
      "r2_vanilla": 0.9566291382143447,
      "r2_shap_raw": 0.9566299962676978,
      "r2_ea_raw": 0.9566299962676978
    }
  ],
  "n_unstable_runs": 0,
  "unstable_seeds": [],
  "aggregate_all_runs": {
    "n_runs": 3,
    "delta_r2_mean": -0.0001143522014167934,
    "delta_r2_min": -0.00034202684043604936,
    "delta_r2_max": 8.58053353147703e-07,
    "wins": 1,
    "losses": 2,
    "fallback_rate": 0.6666666666666666
  },
  "aggregate_stable_only": {
    "n_runs": 3,
    "delta_r2_mean": -0.0001143522014167934,
    "delta_r2_min": -0.00034202684043604936,
    "delta_r2_max": 8.58053353147703e-07,
    "wins": 1,
    "losses": 2,
    "fallback_rate": 0.6666666666666666
  },
  "delta_r2_mean": -0.0001143522014167934,
  "delta_r2_min": -0.00034202684043604936,
  "delta_r2_max": 8.58053353147703e-07
}