{
  "config": "/home/lebedeffson/Code/bonner-shap-reconstruction/results/ablation/configs/config_sml2010_ea_minimal_task_only.yaml",
  "seeds": [
    42
  ],
  "runs": [
    {
      "seed": 42,
      "tag": "quiet_smoke1_task_only_s42",
      "summary_path": "results/sml2010_ea_minimal/training_summary_20260504_182326_quiet_smoke1_task_only_s42.json",
      "metrics_source": "shap",
      "model_mode": "ea_raw",
      "fallback_used": false,
      "unstable_prediction_flag": false,
      "r2_final": 0.9063686095191347,
      "r2_vanilla": 0.9471278676069845,
      "r2_shap_raw": 0.9063686095191347,
      "r2_ea_raw": 0.9063686095191347
    }
  ],
  "n_unstable_runs": 0,
  "unstable_seeds": [],
  "aggregate_all_runs": {
    "n_runs": 1,
    "delta_r2_mean": -0.04075925808784986,
    "delta_r2_min": -0.04075925808784986,
    "delta_r2_max": -0.04075925808784986,
    "wins": 0,
    "losses": 1,
    "fallback_rate": 0.0
  },
  "aggregate_stable_only": {
    "n_runs": 1,
    "delta_r2_mean": -0.04075925808784986,
    "delta_r2_min": -0.04075925808784986,
    "delta_r2_max": -0.04075925808784986,
    "wins": 0,
    "losses": 1,
    "fallback_rate": 0.0
  },
  "delta_r2_mean": -0.04075925808784986,
  "delta_r2_min": -0.04075925808784986,
  "delta_r2_max": -0.04075925808784986
}