{
  "config": "/home/lebedeffson/Code/bonner-shap-reconstruction/results/ablation_strong_rand3/configs/config_sml2010_ea_minimal_full_strong.yaml",
  "seeds": [
    42,
    43,
    44
  ],
  "runs": [
    {
      "seed": 42,
      "tag": "sml_strong_rand3_full_strong_s42",
      "summary_path": "results/sml2010_ea_minimal/training_summary_20260503_192248_sml_strong_rand3_full_strong_s42.json",
      "metrics_source": "shap",
      "model_mode": "ea_raw",
      "fallback_used": false,
      "unstable_prediction_flag": false,
      "r2_final": 0.8454610791790643,
      "r2_vanilla": 0.9449178478056306,
      "r2_shap_raw": 0.8454610791790643,
      "r2_ea_raw": 0.8454610791790643
    },
    {
      "seed": 43,
      "tag": "sml_strong_rand3_full_strong_s43",
      "summary_path": "results/sml2010_ea_minimal/training_summary_20260503_192256_sml_strong_rand3_full_strong_s43.json",
      "metrics_source": "shap",
      "model_mode": "ea_raw",
      "fallback_used": false,
      "unstable_prediction_flag": true,
      "r2_final": -1268.326755359809,
      "r2_vanilla": -1275.092957806922,
      "r2_shap_raw": -1268.326755359809,
      "r2_ea_raw": -1268.326755359809
    },
    {
      "seed": 44,
      "tag": "sml_strong_rand3_full_strong_s44",
      "summary_path": "results/sml2010_ea_minimal/training_summary_20260503_192304_sml_strong_rand3_full_strong_s44.json",
      "metrics_source": "shap",
      "model_mode": "ea_raw",
      "fallback_used": false,
      "unstable_prediction_flag": false,
      "r2_final": 0.9130664414290683,
      "r2_vanilla": 0.9460460532753965,
      "r2_shap_raw": 0.9130664414290683,
      "r2_ea_raw": 0.9130664414290683
    }
  ],
  "n_unstable_runs": 1,
  "unstable_seeds": [
    43
  ],
  "aggregate_all_runs": {
    "n_runs": 3,
    "delta_r2_mean": 2.2112553555466508,
    "delta_r2_min": -0.09945676862656627,
    "delta_r2_max": 6.766202447112846,
    "wins": 1,
    "losses": 2,
    "fallback_rate": 0.0
  },
  "aggregate_stable_only": {
    "n_runs": 2,
    "delta_r2_mean": -0.0662181902364472,
    "delta_r2_min": -0.09945676862656627,
    "delta_r2_max": -0.03297961184632814,
    "wins": 0,
    "losses": 2,
    "fallback_rate": 0.0
  },
  "delta_r2_mean": 2.2112553555466508,
  "delta_r2_min": -0.09945676862656627,
  "delta_r2_max": 6.766202447112846
}