{
  "config": "/home/lebedeffson/Code/bonner-shap-reconstruction/configs/config_sml2010_ea_minimal_forced.yaml",
  "seeds": [
    43
  ],
  "runs": [
    {
      "seed": 43,
      "tag": "sml_ea43_forced_s43",
      "metrics_source": "shap",
      "r2_final": 0.9567625329601024,
      "r2_vanilla": 0.9571045616336461,
      "r2_shap_raw": 0.9567625329601024
    }
  ],
  "delta_r2_mean": -0.000342028673543715,
  "delta_r2_min": -0.000342028673543715,
  "delta_r2_max": -0.000342028673543715
}