{
  "config": "/home/lebedeffson/Code/bonner-shap-reconstruction/configs/config_sml2010_ea_rank_val_tuned.yaml",
  "seeds": [
    42,
    43,
    44
  ],
  "runs": [
    {
      "seed": 42,
      "tag": "sml_rankval_tuned3_s42",
      "metrics_source": "vanilla_fallback",
      "r2_final": 0.9532332813069075,
      "r2_vanilla": 0.9532332813069075,
      "r2_shap_raw": 0.9526022092209538
    },
    {
      "seed": 43,
      "tag": "sml_rankval_tuned3_s43",
      "metrics_source": "vanilla_fallback",
      "r2_final": 0.9504482777730557,
      "r2_vanilla": 0.9504482777730557,
      "r2_shap_raw": 0.9502868024308981
    },
    {
      "seed": 44,
      "tag": "sml_rankval_tuned3_s44",
      "metrics_source": "shap",
      "r2_final": 0.9544959557741681,
      "r2_vanilla": 0.9541631776421334,
      "r2_shap_raw": 0.9544959557741681
    }
  ],
  "delta_r2_mean": -0.0001532564320255355,
  "delta_r2_min": -0.0006310720859536989,
  "delta_r2_max": 0.00033277813203469453
}