{
  "config": "/home/lebedeffson/Code/bonner-shap-reconstruction/results/ablation/configs/config_sml2010_ea_minimal_uniform_target.yaml",
  "seeds": [
    42
  ],
  "runs": [
    {
      "seed": 42,
      "tag": "neg_core_v2_s1_uniform_target_s42",
      "summary_path": "results/sml2010_ea_minimal/training_summary_20260504_111315_neg_core_v2_s1_uniform_target_s42.json",
      "metrics_source": "shap",
      "model_mode": "ea_raw",
      "fallback_used": false,
      "unstable_prediction_flag": false,
      "r2_final": 0.8786173197191139,
      "r2_vanilla": 0.958045274677095,
      "r2_shap_raw": 0.8786173197191139,
      "r2_ea_raw": 0.8786173197191139
    }
  ],
  "n_unstable_runs": 0,
  "unstable_seeds": [],
  "aggregate_all_runs": {
    "n_runs": 1,
    "delta_r2_mean": -0.07942795495798105,
    "delta_r2_min": -0.07942795495798105,
    "delta_r2_max": -0.07942795495798105,
    "wins": 0,
    "losses": 1,
    "fallback_rate": 0.0
  },
  "aggregate_stable_only": {
    "n_runs": 1,
    "delta_r2_mean": -0.07942795495798105,
    "delta_r2_min": -0.07942795495798105,
    "delta_r2_max": -0.07942795495798105,
    "wins": 0,
    "losses": 1,
    "fallback_rate": 0.0
  },
  "delta_r2_mean": -0.07942795495798105,
  "delta_r2_min": -0.07942795495798105,
  "delta_r2_max": -0.07942795495798105
}