{
  "config": "/home/lebedeffson/Code/bonner-shap-reconstruction/results/ablation_strong_sentinel1/configs/config_sml2010_ea_minimal_full_strong.yaml",
  "seeds": [
    42
  ],
  "runs": [
    {
      "seed": 42,
      "tag": "sml_strong_sentinel1_full_strong_s42",
      "summary_path": "results/sml2010_ea_minimal/training_summary_20260503_192147_sml_strong_sentinel1_full_strong_s42.json",
      "metrics_source": "shap",
      "model_mode": "ea_raw",
      "fallback_used": false,
      "unstable_prediction_flag": false,
      "r2_final": 0.8454610791790643,
      "r2_vanilla": 0.9449178478056306,
      "r2_shap_raw": 0.8454610791790643,
      "r2_ea_raw": 0.8454610791790643
    }
  ],
  "n_unstable_runs": 0,
  "unstable_seeds": [],
  "aggregate_all_runs": {
    "n_runs": 1,
    "delta_r2_mean": -0.09945676862656627,
    "delta_r2_min": -0.09945676862656627,
    "delta_r2_max": -0.09945676862656627,
    "wins": 0,
    "losses": 1,
    "fallback_rate": 0.0
  },
  "aggregate_stable_only": {
    "n_runs": 1,
    "delta_r2_mean": -0.09945676862656627,
    "delta_r2_min": -0.09945676862656627,
    "delta_r2_max": -0.09945676862656627,
    "wins": 0,
    "losses": 1,
    "fallback_rate": 0.0
  },
  "delta_r2_mean": -0.09945676862656627,
  "delta_r2_min": -0.09945676862656627,
  "delta_r2_max": -0.09945676862656627
}