{
  "config": "/home/lebedeffson/Code/bonner-shap-reconstruction/results/ablation/configs/config_sml2010_ea_minimal_task_only.yaml",
  "seeds": [
    42,
    43,
    44
  ],
  "runs": [
    {
      "seed": 42,
      "tag": "qerr_focus_orderfix_nf3_task_only_s42",
      "summary_path": "results/sml2010_ea_minimal/training_summary_20260504_185055_qerr_focus_orderfix_nf3_task_only_s42.json",
      "metrics_source": "shap",
      "model_mode": "ea_raw",
      "fallback_used": false,
      "unstable_prediction_flag": false,
      "r2_final": 0.8333424087980283,
      "r2_vanilla": 0.9380579076447224,
      "r2_shap_raw": 0.8333424087980283,
      "r2_ea_raw": 0.8333424087980283
    },
    {
      "seed": 43,
      "tag": "qerr_focus_orderfix_nf3_task_only_s43",
      "summary_path": "results/sml2010_ea_minimal/training_summary_20260504_185217_qerr_focus_orderfix_nf3_task_only_s43.json",
      "metrics_source": "shap",
      "model_mode": "ea_raw",
      "fallback_used": false,
      "unstable_prediction_flag": false,
      "r2_final": 0.8814895742068947,
      "r2_vanilla": 0.9571045616336461,
      "r2_shap_raw": 0.8814895742068947,
      "r2_ea_raw": 0.8814895742068947
    },
    {
      "seed": 44,
      "tag": "qerr_focus_orderfix_nf3_task_only_s44",
      "summary_path": "results/sml2010_ea_minimal/training_summary_20260504_185341_qerr_focus_orderfix_nf3_task_only_s44.json",
      "metrics_source": "shap",
      "model_mode": "ea_raw",
      "fallback_used": false,
      "unstable_prediction_flag": false,
      "r2_final": 0.8915011825056522,
      "r2_vanilla": 0.9566291382143447,
      "r2_shap_raw": 0.8915011825056522,
      "r2_ea_raw": 0.8915011825056522
    }
  ],
  "n_unstable_runs": 0,
  "unstable_seeds": [],
  "aggregate_all_runs": {
    "n_runs": 3,
    "delta_r2_mean": -0.08181948066071265,
    "delta_r2_min": -0.10471549884669407,
    "delta_r2_max": -0.06512795570869245,
    "wins": 0,
    "losses": 3,
    "fallback_rate": 0.0
  },
  "aggregate_stable_only": {
    "n_runs": 3,
    "delta_r2_mean": -0.08181948066071265,
    "delta_r2_min": -0.10471549884669407,
    "delta_r2_max": -0.06512795570869245,
    "wins": 0,
    "losses": 3,
    "fallback_rate": 0.0
  },
  "delta_r2_mean": -0.08181948066071265,
  "delta_r2_min": -0.10471549884669407,
  "delta_r2_max": -0.06512795570869245
}