{
  "manifest": "/home/lebedeffson/Code/bonner-shap-reconstruction/results/ablation/ablation_manifest_config_sml2010_ea_minimal_qerr_focus_strong_fast3.json",
  "rows": [
    {
      "variant": "full_rho1",
      "n_seeds": 3,
      "r2_final_mean": -0.029882848902533638,
      "r2_final_std": 1.2480217064193007,
      "r2_vanilla_mean": 0.006075880918851251,
      "r2_shap_raw_mean": -0.029882848902533638,
      "delta_r2_mean": -0.03595872982138487,
      "wins": 0,
      "losses": 3,
      "fallback_rate": 0.0,
      "shap_rate": 1.0,
      "auc_top": 0.3861288514080646,
      "auc_random": 0.1669808525981852,
      "auc_bottom": 0.0037860871030185685,
      "auc_gap": 0.38234276430504605,
      "auc_top_random_ratio": 2.160692745219271,
      "n_eff_shap": 3.7871999055694334,
      "mass3_shap": 0.6988890751903455,
      "entropy_shap": 1.9057028118824955,
      "gini_shap": 0.6937513372980809
    },
    {
      "variant": "random_target",
      "n_seeds": 3,
      "r2_final_mean": -0.035306389197503694,
      "r2_final_std": 1.2370053917141466,
      "r2_vanilla_mean": 0.006075880918851251,
      "r2_shap_raw_mean": -0.035306389197503694,
      "delta_r2_mean": -0.04138227011635496,
      "wins": 0,
      "losses": 3,
      "fallback_rate": 0.0,
      "shap_rate": 1.0,
      "auc_top": 0.42847052191572743,
      "auc_random": 0.18830928520449083,
      "auc_bottom": 0.008895635854107317,
      "auc_gap": 0.41957488606162013,
      "auc_top_random_ratio": 2.170456912560375,
      "n_eff_shap": 3.7935837038374687,
      "mass3_shap": 0.6979828979484406,
      "entropy_shap": 1.90728027532235,
      "gini_shap": 0.6929348975591706
    },
    {
      "variant": "sparsity_only",
      "n_seeds": 3,
      "r2_final_mean": -0.029882848902533638,
      "r2_final_std": 1.2480217064193007,
      "r2_vanilla_mean": 0.006075880918851251,
      "r2_shap_raw_mean": -0.029882848902533638,
      "delta_r2_mean": -0.03595872982138487,
      "wins": 0,
      "losses": 3,
      "fallback_rate": 0.0,
      "shap_rate": 1.0,
      "auc_top": 0.3861288514080646,
      "auc_random": 0.1669808525981852,
      "auc_bottom": 0.0037860871030185685,
      "auc_gap": 0.38234276430504605,
      "auc_top_random_ratio": 2.160692745219271,
      "n_eff_shap": 3.7871999055694334,
      "mass3_shap": 0.6988890751903455,
      "entropy_shap": 1.9057028118824955,
      "gini_shap": 0.6937513372980809
    },
    {
      "variant": "task_only",
      "n_seeds": 3,
      "r2_final_mean": -0.029882848902533638,
      "r2_final_std": 1.2480217064193007,
      "r2_vanilla_mean": 0.006075880918851251,
      "r2_shap_raw_mean": -0.029882848902533638,
      "delta_r2_mean": -0.03595872982138487,
      "wins": 0,
      "losses": 3,
      "fallback_rate": 0.0,
      "shap_rate": 1.0,
      "auc_top": 0.3861288514080646,
      "auc_random": 0.1669808525981852,
      "auc_bottom": 0.0037860871030185685,
      "auc_gap": 0.38234276430504605,
      "auc_top_random_ratio": 2.160692745219271,
      "n_eff_shap": 3.7871999055694334,
      "mass3_shap": 0.6988890751903455,
      "entropy_shap": 1.9057028118824955,
      "gini_shap": 0.6937513372980809
    }
  ]
}