{
  "manifest": "/home/lebedeffson/Code/bonner-shap-reconstruction/results/ablation/ablation_manifest_config_sml2010_ea_minimal_qerr_focus_orderfix_nf3.json",
  "rows": [
    {
      "variant": "full_rho1",
      "n_seeds": 3,
      "r2_final_mean": 0.9049344198893235,
      "r2_final_std": 0.04486043629252955,
      "r2_vanilla_mean": 0.9505972024975712,
      "r2_shap_raw_mean": 0.9049344198893235,
      "delta_r2_mean": -0.045662782608247555,
      "wins": 0,
      "losses": 3,
      "fallback_rate": 0.0,
      "shap_rate": 1.0,
      "auc_top": 0.5265203052434421,
      "auc_random": 0.21501588868658575,
      "auc_bottom": 0.012135774752361309,
      "auc_gap": 0.5143845304910807,
      "auc_top_random_ratio": 2.413293037694507,
      "n_eff_shap": 2.900091535217211,
      "mass3_shap": 0.8206554334479111,
      "entropy_shap": 1.3697049983298217,
      "gini_shap": 0.7968277618838134
    },
    {
      "variant": "random_target",
      "n_seeds": 3,
      "r2_final_mean": 0.9002624293266465,
      "r2_final_std": 0.027621787561058535,
      "r2_vanilla_mean": 0.9505972024975712,
      "r2_shap_raw_mean": 0.9002624293266465,
      "delta_r2_mean": -0.05033477317092453,
      "wins": 0,
      "losses": 3,
      "fallback_rate": 0.0,
      "shap_rate": 1.0,
      "auc_top": 0.4679149906155355,
      "auc_random": 0.18710865007896063,
      "auc_bottom": 0.011311372200623282,
      "auc_gap": 0.4566036184149122,
      "auc_top_random_ratio": 2.419823608471853,
      "n_eff_shap": 2.8983743629765413,
      "mass3_shap": 0.8211005890177239,
      "entropy_shap": 1.3674396275106335,
      "gini_shap": 0.7970150656397763
    },
    {
      "variant": "sparsity_only",
      "n_seeds": 3,
      "r2_final_mean": 0.9195790550960465,
      "r2_final_std": 0.006416749015179414,
      "r2_vanilla_mean": 0.9505972024975712,
      "r2_shap_raw_mean": 0.9195790550960465,
      "delta_r2_mean": -0.031018147401524532,
      "wins": 0,
      "losses": 3,
      "fallback_rate": 0.0,
      "shap_rate": 1.0,
      "auc_top": 0.5415687729268654,
      "auc_random": 0.22193342942584401,
      "auc_bottom": 0.01274272107649684,
      "auc_gap": 0.5288260518503686,
      "auc_top_random_ratio": 2.409021329491137,
      "n_eff_shap": 2.902132076347607,
      "mass3_shap": 0.8209740516778762,
      "entropy_shap": 1.3695972682947852,
      "gini_shap": 0.7971627880382176
    },
    {
      "variant": "task_only",
      "n_seeds": 3,
      "r2_final_mean": 0.8687777218368584,
      "r2_final_std": 0.031093474119207848,
      "r2_vanilla_mean": 0.9505972024975712,
      "r2_shap_raw_mean": 0.8687777218368584,
      "delta_r2_mean": -0.08181948066071265,
      "wins": 0,
      "losses": 3,
      "fallback_rate": 0.0,
      "shap_rate": 1.0,
      "auc_top": 0.4849348811212148,
      "auc_random": 0.18929108386969343,
      "auc_bottom": 0.010508236964653861,
      "auc_gap": 0.47442664415656094,
      "auc_top_random_ratio": 2.550287420306407,
      "n_eff_shap": 2.8942374477486936,
      "mass3_shap": 0.8209117434914153,
      "entropy_shap": 1.3690554064131477,
      "gini_shap": 0.7969168382757076
    }
  ]
}