{
  "source": "/home/lebedeffson/Code/bonner-shap-reconstruction/results/mlp_eaar_multiseed_config_sml2010_mlp_ea_sml_mlp_eaar10.json",
  "label": "sml2010_mlp_eaar_vs_vanilla_r2_10seed",
  "metric_ea": "ea_r2",
  "metric_vanilla": "vanilla_r2",
  "unit_of_analysis": "seed-level paired comparison",
  "n": 10,
  "seeds": [
    42,
    43,
    44,
    45,
    46,
    47,
    48,
    49,
    50,
    51
  ],
  "deltas": [
    -0.0053211095314219525,
    0.0005152014500590107,
    0.0033433557944508863,
    0.0009488425813339862,
    -0.0008913088453226248,
    -0.00013743639870045232,
    -5.878274626769375e-05,
    0.0037474194079362144,
    -0.007704275836450725,
    0.002712049446607523
  ],
  "delta_mean": -0.00028460446777758277,
  "delta_std": 0.0036730093410931868,
  "delta_median": 0.0002282093518956585,
  "ci95": {
    "low": -0.00256115924322362,
    "high": 0.0019919503076684547
  },
  "wins": 5,
  "losses": 5,
  "wilcoxon_p": 0.921875,
  "ttest_p": 0.81192861677347,
  "cohen_d": -0.07748536452547965,
  "cliffs_delta": -0.08
}