{
  "multiseed": "/home/lebedeffson/Code/bonner-shap-reconstruction/results/multiseed_config_sml2010_ea_minimal_timeblock_sml_timeblock5_sm.json",
  "unstable_seeds": [
    44
  ],
  "n_unstable_runs": 1,
  "aggregate_all_runs": {
    "n_runs": 5,
    "delta_r2_mean": -0.0002443547690349934,
    "delta_r2_min": -0.00028945300740013113,
    "delta_r2_max": -0.00019587380064911564,
    "wins": 0,
    "losses": 5,
    "fallback_rate": 0.0
  },
  "aggregate_stable_only": {
    "n_runs": 4,
    "delta_r2_mean": -0.0002512794792388362,
    "delta_r2_min": -0.00028945300740013113,
    "delta_r2_max": -0.00019587380064911564,
    "wins": 0,
    "losses": 4,
    "fallback_rate": 0.0
  }
}