mse,rmse,mae,r2,r2_weighted,r2_mean
0.4679734029432321,0.6840858154816778,0.5406580182964675,0.9545165336927796,0.9545165336927796,0.9545209209479295
