mse,rmse,mae,r2,r2_weighted,r2_mean
0.4679733074918211,0.6840857457160039,0.5406579468860718,0.9545165429699328,0.9545165429699328,0.9545209302237356
