mse,rmse,mae,r2,r2_weighted,r2_mean
0.46797323169936217,0.6840856903191019,0.5406579422789495,0.9545165503363853,0.9545165503363853,0.954520937585122
