mse,rmse,mae,r2,r2_weighted,r2_mean
0.4679733280261015,0.6840857607245611,0.5406579474619622,0.9545165409741565,0.9545165409741565,0.9545209282244186
