mse,rmse,mae,r2,r2_weighted,r2_mean
0.5423860346340087,0.736468624337798,0.5379489360929108,0.9504482777730557,0.9504482777730557,0.9504472287960382
