mse,rmse,mae,r2,r2_weighted,r2_mean
0.5098531177900486,0.7140399973321163,0.5412055440303783,0.9532332813069075,0.9532332813069075,0.953226259701594
