{
  "total_loss": [
    2.918654209528214,
    0.5636936571353521,
    0.4774117653186505,
    0.4344392663393265,
    0.4141046202335602,
    0.3982819181222182,
    0.386208298878792,
    0.3841779839534026,
    0.38118922786834913,
    0.3819451251855263,
    0.3745232499562777,
    0.3791129776300528,
    0.3748518759623552,
    0.3724953348820026,
    0.3833354497567201
  ],
  "main_loss": [
    2.6541868157875843,
    0.5132215672578567,
    0.44062822140180147,
    0.4033438716179285,
    0.3895462101850754,
    0.38133425131822246,
    0.3761545767386754,
    0.3745602445724683,
    0.3732226059222833,
    0.37307692147218263,
    0.3706793880615479,
    0.37125178178151447,
    0.3698560335697272,
    0.36816612153481215,
    0.3739337416795584
  ],
  "shap_loss": [
    0.44195187664948976,
    0.3686142548536643,
    0.36643002659846574,
    0.37622577104813015,
    0.37752724152344924,
    0.3686792036661735,
    0.36497318209745944,
    0.38859933347274095,
    0.3789826318239554,
    0.36159979571134615,
    0.36261430650185317,
    0.35924023466232496,
    0.365623733936212,
    0.3747882224046267,
    0.36594019792018795
  ],
  "shap_loss_normalized": [
    0.194000982798827,
    0.15311677782581404,
    0.17471447854469985,
    0.1623053670120545,
    0.1774028709683663,
    0.1306108367175628,
    0.15428084813249418,
    0.07895312572901066,
    0.07579652812236394,
    0.07231996055596913,
    0.07252286240840569,
    0.07184804804050006,
    0.07312474791438152,
    0.07495764566537662,
    0.07318804078759292
  ],
  "tikhonov_loss": [
    0.0,
    0.0,
    0.0,
    0.0,
    0.0,
    0.0,
    0.0,
    0.0,
    0.0,
    0.0,
    0.0,
    0.0,
    0.0,
    0.0,
    0.0
  ],
  "nonnegativity_loss": [
    0.0,
    0.0,
    0.0,
    0.0,
    0.0,
    0.0,
    0.0,
    0.0,
    0.0,
    0.0,
    0.0,
    0.0,
    0.0,
    0.0,
    0.0
  ],
  "tikhonov_lambda": [
    0.0,
    0.0,
    0.0,
    0.0,
    0.0,
    0.0,
    0.0,
    0.0,
    0.0,
    0.0,
    0.0,
    0.0,
    0.0,
    0.0,
    0.0
  ],
  "nonnegativity_lambda": [
    0.0,
    0.0,
    0.0,
    0.0,
    0.0,
    0.0,
    0.0,
    0.0,
    0.0,
    0.0,
    0.0,
    0.0,
    0.0,
    0.0,
    0.0
  ],
  "shap_scale_factor": [
    0.41790485156304213,
    0.41790485156304213,
    0.4756602291116007,
    0.43393049258868327,
    0.48368513503453897,
    0.34847989312709476,
    0.41481398786668844,
    0.2031955209438683,
    0.20000000000000004,
    0.20000000000000004,
    0.20000000000000004,
    0.20000000000000004,
    0.20000000000000004,
    0.20000000000000004,
    0.20000000000000004
  ],
  "shap_contribution": [
    0.0,
    0.0,
    0.0,
    0.0,
    0.0,
    0.0,
    1.7940371176103863e-06,
    2.4176214339651124e-06,
    3.655845492362576e-06,
    4.270321445195198e-06,
    5.88012549903793e-06,
    1.2790649179805769e-05,
    9.78467995502377e-06,
    8.910058708212231e-06,
    7.318803932904326e-06
  ],
  "tikhonov_contribution": [
    0.0,
    0.0,
    0.0,
    0.0,
    0.0,
    0.0,
    0.0,
    0.0,
    0.0,
    0.0,
    0.0,
    0.0,
    0.0,
    0.0,
    0.0
  ],
  "nonnegativity_contribution": [
    0.0,
    0.0,
    0.0,
    0.0,
    0.0,
    0.0,
    0.0,
    0.0,
    0.0,
    0.0,
    0.0,
    0.0,
    0.0,
    0.0,
    0.0
  ],
  "regularization_share": [
    0.08857873678222003,
    0.08857984146869577,
    0.07459414730229263,
    0.06747454810076133,
    0.05601486353525196,
    0.04209591235505529,
    0.02344226572873932,
    0.021161208437779903,
    0.017997563269907944,
    0.021034779784436842,
    0.009641409384260086,
    0.01681436377028233,
    0.012631952005474201,
    0.012160947664797564,
    0.02320127395345656
  ],
  "accuracy_guard_loss": [
    2.2856611960973496,
    0.1438845503024566,
    0.07140852281680474,
    0.0333041556370564,
    0.016687641923244182,
    0.008905773361523947,
    0.0026074602053715633,
    0.0030142833025027546,
    0.0026029875645270715,
    0.0030747174452512693,
    0.0010570173080150897,
    0.002301831275988848,
    0.0015034759655976908,
    0.0011702493215218568,
    0.005358511820817605
  ],
  "accuracy_guard_contribution": [
    0.2644664558271567,
    0.05047108013278399,
    0.03678253159309045,
    0.031094384546845388,
    0.024557397581445865,
    0.016946654862318285,
    0.01005091537267734,
    0.00961430848408968,
    0.007961953011078712,
    0.008862921251700474,
    0.0038369667644684133,
    0.007847393743502788,
    0.004985043205893957,
    0.004319293663287774,
    0.009393376369888965
  ],
  "distill_loss": [
    0.0,
    0.0,
    0.0,
    0.0,
    0.0,
    0.0,
    0.0,
    0.0,
    0.0,
    0.0,
    0.0,
    0.0,
    0.0,
    0.0,
    0.0
  ],
  "distill_contribution": [
    0.0,
    0.0,
    0.0,
    0.0,
    0.0,
    0.0,
    0.0,
    0.0,
    0.0,
    0.0,
    0.0,
    0.0,
    0.0,
    0.0,
    0.0
  ],
  "gate_entropy": [
    0.1890930896386122,
    0.18904823828966189,
    0.1890452179389122,
    0.18904590835938087,
    0.18904468417167664,
    0.189044951628416,
    0.18904558168007776,
    0.1890457387153919,
    0.18904532606785113,
    0.18904501428970924,
    0.18904505096949065,
    0.18904468264335242,
    0.1890447009832431,
    0.1890448966087439,
    0.1890448033809662
  ],
  "gate_min": [
    0.9899894151932154,
    0.989998167906052,
    0.9899994027920258,
    0.9899993783388382,
    0.9899994822648855,
    0.9899995800776359,
    0.9899998765725356,
    0.989999885742481,
    0.9899997573632461,
    0.9899995586810968,
    0.9899995923042297,
    0.9899994730949402,
    0.9899994730949402,
    0.9899994730949402,
    0.9899994730949402
  ],
  "gate_max": [
    0.9900047244169773,
    0.9900018435258132,
    0.9900014583881085,
    0.9900008424734458,
    0.9900006499045935,
    0.9900004405241746,
    0.9900002433703496,
    0.9900001638974899,
    0.9900003167299124,
    0.9900004542790927,
    0.990000435939202,
    0.9900004863739014,
    0.9900004863739014,
    0.9900004863739014,
    0.9900004863739014
  ],
  "gate_anchor_loss": [
    0.00010004720556585547,
    0.00010000133401123234,
    9.999824975145598e-05,
    9.99990269729796e-05,
    9.999781412681422e-05,
    9.999806244218818e-05,
    9.999870944272679e-05,
    9.999885253655988e-05,
    9.999842754600999e-05,
    9.999809098632958e-05,
    9.999813091081496e-05,
    9.999774491193537e-05,
    9.999776394136298e-05,
    9.99979691606803e-05,
    9.999786897634085e-05
  ],
  "gate_anchor_contribution": [
    1.0004720339706041e-06,
    1.0000133163255389e-06,
    9.999824838721393e-07,
    9.99990252472717e-07,
    9.999781229616462e-07,
    9.99980600751699e-07,
    9.99987077986402e-07,
    9.999885151046328e-07,
    9.999842533057417e-07,
    9.999808805962227e-07,
    9.999813091081496e-07,
    9.99977394199866e-07,
    9.99977586592976e-07,
    9.999796912569973e-07,
    9.99978670990505e-07
  ],
  "q_err_entropy": [
    0.9774713592651563,
    0.9877814192038316,
    0.9484967046823257,
    1.0121794663942778,
    0.9823022927993383,
    0.9302447117291964,
    0.9707504847110846,
    0.9577888922813611,
    0.9457737627701882,
    0.9711160675073282,
    0.9920340883426177,
    1.026317787476075,
    0.9873838287133437,
    1.0285921203784454,
    0.9573674782728537
  ],
  "q_err_gini": [
    0.8840974324788803,
    0.882801000888531,
    0.8858597737092239,
    0.8790057821151538,
    0.881646732489268,
    0.889713541055337,
    0.8843710407232627,
    0.8859138381786835,
    0.8878835317416068,
    0.8838856678742629,
    0.8804744298641498,
    0.8776258597007165,
    0.8829951653113732,
    0.8774289611058358,
    0.8864125334299527
  ],