{
  "total_loss": [
    2.6586701075236,
    0.5086796176739228,
    0.4579190046359331,
    0.4320957416143173,
    0.42643548051516217,
    0.41922463591282183,
    0.4218356976142296,
    0.39140657010750896,
    0.38984559056086415,
    0.38228392944886136,
    0.38682194894705063,
    0.39006653351661486,
    0.38552757791983777,
    0.38498678994484437,
    0.3869059177545401
  ],
  "main_loss": [
    2.417990581347392,
    0.46627424160639447,
    0.42504222003313213,
    0.4042447224641458,
    0.4043404689201942,
    0.4007425239452949,
    0.40117915318562436,
    0.38336327786629015,
    0.3812250640147772,
    0.3772989152333675,
    0.37860441360718167,
    0.38024996794187105,
    0.37772212807948774,
    0.37912462880978215,
    0.37825110478278917
  ],
  "shap_loss": [
    0.298303179251842,
    0.3072185019652049,
    0.305881407780525,
    0.30372197123674244,
    0.305061338803707,
    0.30443360752020127,
    0.30328262540010303,
    0.30477133851784927,
    0.30473767373806393,
    0.3041220032251798,
    0.30596000796709305,
    0.3032949712031927,
    0.3055756619343391,
    0.3050877192081549,
    0.30337871802158844
  ],
  "shap_loss_normalized": [
    0.12417878143680401,
    0.19948409793850702,
    0.1403481085331012,
    0.11466080236893433,
    0.061012269117129155,
    0.06088672244013884,
    0.0606565260543273,
    0.06095426844862791,
    0.06094753541625463,
    0.06082440129457376,
    0.06119200272055773,
    0.06065899544419386,
    0.06111513336117451,
    0.06101754489235389,
    0.06067574473145681
  ],
  "tikhonov_loss": [
    0.0,
    0.0,
    0.0,
    0.0,
    0.0,
    0.0,
    0.0,
    0.0,
    0.0,
    0.0,
    0.0,
    0.0,
    0.0,
    0.0,
    0.0
  ],
  "nonnegativity_loss": [
    0.0,
    0.0,
    0.0,
    0.0,
    0.0,
    0.0,
    0.0,
    0.0,
    0.0,
    0.0,
    0.0,
    0.0,
    0.0,
    0.0,
    0.0
  ],
  "tikhonov_lambda": [
    0.0,
    0.0,
    0.0,
    0.0,
    0.0,
    0.0,
    0.0,
    0.0,
    0.0,
    0.0,
    0.0,
    0.0,
    0.0,
    0.0,
    0.0
  ],
  "nonnegativity_lambda": [
    0.0,
    0.0,
    0.0,
    0.0,
    0.0,
    0.0,
    0.0,
    0.0,
    0.0,
    0.0,
    0.0,
    0.0,
    0.0,
    0.0,
    0.0
  ],
  "shap_scale_factor": [
    0.41790485156304213,
    0.6497731244629714,
    0.46160464823574343,
    0.37931487011591797,
    0.20000000000000004,
    0.20000000000000004,
    0.20000000000000004,
    0.20000000000000004,
    0.20000000000000004,
    0.20000000000000004,
    0.20000000000000004,
    0.20000000000000004,
    0.20000000000000004,
    0.20000000000000004,
    0.20000000000000004
  ],
  "shap_contribution": [
    0.0,
    0.0,
    0.0,
    0.0,
    0.0,
    0.0,
    2.0495117525616734e-06,
    1.5366550653011357e-06,
    6.68151464056931e-06,
    6.502906916676483e-06,
    1.0206667271771808e-05,
    1.033757758378693e-05,
    1.1092910170144676e-05,
    9.382481284074647e-06,
    1.3441134738875404e-05
  ],
  "tikhonov_contribution": [
    0.0,
    0.0,
    0.0,
    0.0,
    0.0,
    0.0,
    0.0,
    0.0,
    0.0,
    0.0,
    0.0,
    0.0,
    0.0,
    0.0,
    0.0
  ],
  "nonnegativity_contribution": [
    0.0,
    0.0,
    0.0,
    0.0,
    0.0,
    0.0,
    0.0,
    0.0,
    0.0,
    0.0,
    0.0,
    0.0,
    0.0,
    0.0,
    0.0
  ],
  "regularization_share": [
    0.08857893159131273,
    0.07988017102596172,
    0.0675615643780306,
    0.060709972154106055,
    0.04830203550057177,
    0.040146933009886504,
    0.045370381080594296,
    0.018419928625208908,
    0.020288785698748243,
    0.011525267382708992,
    0.017323721170362034,
    0.021205498480015753,
    0.018079607120633768,
    0.013714556091988546,
    0.020692611510668858
  ],
  "accuracy_guard_loss": [
    2.0395864722056265,
    0.0871280034383138,
    0.04654062138153957,
    0.022692111822275016,
    0.019645115503898032,
    0.013631356068146534,
    0.017878491144913893,
    0.004063434325731718,
    0.002905275577153915,
    0.0014956348981612767,
    0.0031267511538970163,
    0.005309878251491449,
    0.0020633324598654723,
    0.003646932351283538,
    0.002581180670322516
  ],
  "accuracy_guard_contribution": [
    0.24067848376356638,
    0.04240436345720903,
    0.0328757745715288,
    0.02785000601449074,
    0.022093998936888497,
    0.01848109897512656,
    0.020653483004142076,
    0.008040743044171577,
    0.008612831003772907,
    0.004977497296073498,
    0.008206317057976356,
    0.009805216859930601,
    0.007793344748325837,
    0.005851768530332125,
    0.008640359609554976
  ],
  "distill_loss": [
    0.0,
    0.0,
    0.0,
    0.0,
    0.0,
    0.0,
    0.0,
    0.0,
    0.0,
    0.0,
    0.0,
    0.0,
    0.0,
    0.0,
    0.0
  ],
  "distill_contribution": [
    0.0,
    0.0,
    0.0,
    0.0,
    0.0,
    0.0,
    0.0,
    0.0,
    0.0,
    0.0,
    0.0,
    0.0,
    0.0,
    0.0,
    0.0
  ],
  "gate_entropy": [
    0.1890680919855069,
    0.18904832081917006,
    0.18904618307566032,
    0.18904569171942198,
    0.1890449290856337,
    0.1890457108234748,
    0.1890470584233602,
    0.1890468234435106,
    0.18904655407636595,
    0.18904665609200796,
    0.1890469342470169,
    0.18904695564355606,
    0.18904682726432115,
    0.1890470496354959,
    0.18904712681586927
  ],
  "gate_min": [
    0.9899927668082409,
    0.9899990940705324,
    0.9899988923317347,
    0.9899990482208056,
    0.9899974052722638,
    0.989998134282919,
    0.9899977537301871,
    0.9899978928076916,
    0.9899978866943946,
    0.9899978347313709,
    0.9899978041648865,
    0.9899978041648865,
    0.9899978133348318,
    0.9899978041648865,
    0.9899977613718082
  ],
  "gate_max": [
    0.9900091978219839,
    0.9900014813129718,
    0.9900011114585094,
    0.9900009295879266,
    0.990001978018345,
    0.9900015592575073,
    0.9900015378609682,
    0.9900014400482178,
    0.9900014400482178,
    0.9900014400482178,
    0.9900014400482178,
    0.9900015348043197,
    0.9900016020505856,
    0.9900015225777259,
    0.9900015195210775
  ],
  "gate_anchor_loss": [
    0.00010002152871143502,
    0.00010000147318724208,
    9.999930812344432e-05,
    9.99988245521075e-05,
    9.999795367594999e-05,
    9.999877287415214e-05,
    0.00010000023217006132,
    0.00010000000829444244,
    9.999972285302833e-05,
    9.999982397018287e-05,
    0.00010000011165035315,
    0.0001000001465376371,
    0.00010000002023447544,
    0.00010000025474418623,
    0.0001000003135115362
  ],
  "gate_anchor_contribution": [
    1.0002152707900864e-06,
    1.0000147038879684e-06,
    9.999930567480474e-07,
    9.999882206848736e-07,
    9.999795076090288e-07,
    9.999876988914389e-07,
    1.0000022974474211e-06,
    1.0000000645213265e-06,
    9.99997210690195e-07,
    9.999982309566874e-07,
    1.0000010789577245e-06,
    1.0000014345934735e-06,
    1.0000001898683527e-06,
    1.0000025073308138e-06,
    1.0000030990853795e-06
  ],
  "q_err_entropy": [
    0.9449741565264188,
    0.9337575221673037,
    0.9307750111971146,
    0.9130412890360906,
    0.949812019482637,
    0.9562455828373249,
    0.8641432210420951,
    0.9533319351000663,
    0.8858015399712783,
    0.9165679613749186,
    0.9150345906233176,
    0.9366157345282726,
    0.9479858447343875,
    0.9658083793444511,
    0.9498910659398788
  ],
  "q_err_gini": [
    0.8859095252477206,
    0.8856459107154455,
    0.8867400487263998,
    0.8874592398985838,
    0.8833033182682135,
    0.8833012366906191,
    0.8920881962164854,
    0.8842379007584009,
    0.8893216359309661,
    0.8867757870600774,
    0.8871529545539465,
    0.8850221725610586,
    0.8841936053373874,
    0.8820967429723495,
    0.8841220491971725
  ],