{
  "total_loss": [
    2.6586701075236,
    0.5086796176739228,
    0.4579190046359331,
    0.4320957416143173,
    0.42643548051516217,
    0.41922463591282183,
    0.4218353690245213,
    0.3914062518339891,
    0.38984417609679395,
    0.38228249779114354,
    0.38681978140121853,
    0.3900643445742436,
    0.38552536376011676,
    0.3849845929787709,
    0.38690280264768845
  ],
  "main_loss": [
    2.417990581347392,
    0.46627424160639447,
    0.42504222003313213,
    0.4042447224641458,
    0.4043404689201942,
    0.4007425239452949,
    0.4011791562422728,
    0.38336331110734206,
    0.3812250044101324,
    0.3772989129408812,
    0.37860447130142116,
    0.38025001340951675,
    0.37772225110958785,
    0.37912462919186324,
    0.37825111395273453
  ],
  "shap_loss": [
    0.22841716118347952,
    0.23527801380707666,
    0.23470317858916062,
    0.23274713983902565,
    0.23238395842222068,
    0.23208374816637772,
    0.23421912239148066,
    0.23197017571864983,
    0.23477817269471976,
    0.23441977875354963,
    0.2361557533343633,
    0.23114811953825828,
    0.2332641459428347,
    0.23237870327937296,
    0.2292465151120455
  ],
  "shap_loss_normalized": [
    0.09524249237699386,
    0.15266153073081604,
    0.10752339804401764,
    0.08753930939695774,
    0.046476792162045456,
    0.046416750703102506,
    0.04684382524245825,
    0.046394035984308295,
    0.0469556352457939,
    0.04688395655308014,
    0.04723115141193072,
    0.046229624595397555,
    0.04665282999093716,
    0.04647574139138063,
    0.04584930330896989
  ],
  "tikhonov_loss": [
    0.0,
    0.0,
    0.0,
    0.0,
    0.0,
    0.0,
    0.0,
    0.0,
    0.0,
    0.0,
    0.0,
    0.0,
    0.0,
    0.0,
    0.0
  ],
  "nonnegativity_loss": [
    0.0,
    0.0,
    0.0,
    0.0,
    0.0,
    0.0,
    0.0,
    0.0,
    0.0,
    0.0,
    0.0,
    0.0,
    0.0,
    0.0,
    0.0
  ],
  "tikhonov_lambda": [
    0.0,
    0.0,
    0.0,
    0.0,
    0.0,
    0.0,
    0.0,
    0.0,
    0.0,
    0.0,
    0.0,
    0.0,
    0.0,
    0.0,
    0.0
  ],
  "nonnegativity_lambda": [
    0.0,
    0.0,
    0.0,
    0.0,
    0.0,
    0.0,
    0.0,
    0.0,
    0.0,
    0.0,
    0.0,
    0.0,
    0.0,
    0.0,
    0.0
  ],
  "shap_scale_factor": [
    0.41790485156304213,
    0.6497731244629714,
    0.46160464823574343,
    0.37931487011591797,
    0.20000000000000004,
    0.20000000000000004,
    0.20000000000000004,
    0.20000000000000004,
    0.20000000000000004,
    0.20000000000000004,
    0.20000000000000004,
    0.20000000000000004,
    0.20000000000000004,
    0.20000000000000004,
    0.20000000000000004
  ],
  "shap_contribution": [
    0.0,
    0.0,
    0.0,
    0.0,
    0.0,
    0.0,
    1.5905978840144085e-06,
    1.1768723136531032e-06,
    5.241076121656545e-06,
    5.085869629394251e-06,
    7.871643628021e-06,
    8.039681443523687e-06,
    8.611345819166998e-06,
    7.196858300281187e-06,
    1.009225867421311e-05
  ],
  "tikhonov_contribution": [
    0.0,
    0.0,
    0.0,
    0.0,
    0.0,
    0.0,
    0.0,
    0.0,
    0.0,
    0.0,
    0.0,
    0.0,
    0.0,
    0.0,
    0.0
  ],
  "nonnegativity_contribution": [
    0.0,
    0.0,
    0.0,
    0.0,
    0.0,
    0.0,
    0.0,
    0.0,
    0.0,
    0.0,
    0.0,
    0.0,
    0.0,
    0.0,
    0.0
  ],
  "regularization_share": [
    0.08857893159131273,
    0.07988017102596172,
    0.0675615643780306,
    0.060709972154106055,
    0.04830203550057177,
    0.040146933009886504,
    0.04536962864667978,
    0.018419006673252254,
    0.020285331573061217,
    0.011521448030196346,
    0.01731760783951707,
    0.021199685135361832,
    0.01807330134253467,
    0.013708504946685083,
    0.020684099606741165
  ],
  "accuracy_guard_loss": [
    2.0395864722056265,
    0.0871280034383138,
    0.04654062138153957,
    0.022692111822275016,
    0.019645115503898032,
    0.013631356068146534,
    0.017878503371507693,
    0.004063454193946643,
    0.002905294681206728,
    0.001495637954809727,
    0.003126779427895179,
    0.005309897355544262,
    0.0020633798379164478,
    0.003646944577877338,
    0.002581177613674066
  ],
  "accuracy_guard_contribution": [
    0.24067848376356638,
    0.04240436345720903,
    0.0328757745715288,
    0.02785000601449074,
    0.022093998936888497,
    0.01848109897512656,
    0.02065361166993777,
    0.008040752548437852,
    0.00861291902569624,
    0.004977486263482998,
    0.008206424709313955,
    0.009805278852581978,
    0.007793488028721931,
    0.005851754679893836,
    0.00864058398665526
  ],
  "distill_loss": [
    0.0,
    0.0,
    0.0,
    0.0,
    0.0,
    0.0,
    0.0,
    0.0,
    0.0,
    0.0,
    0.0,
    0.0,
    0.0,
    0.0,
    0.0
  ],
  "distill_contribution": [
    0.0,
    0.0,
    0.0,
    0.0,
    0.0,
    0.0,
    0.0,
    0.0,
    0.0,
    0.0,
    0.0,
    0.0,
    0.0,
    0.0,
    0.0
  ],
  "gate_entropy": [
    0.1890680919855069,
    0.18904832081917006,
    0.18904618307566032,
    0.18904569171942198,
    0.1890449290856337,
    0.1890457108234748,
    0.1890470584233602,
    0.1890468234435106,
    0.18904655407636595,
    0.18904665609200796,
    0.1890469342470169,
    0.18904695564355606,
    0.18904682726432115,
    0.1890470496354959,
    0.18904712681586927
  ],
  "gate_min": [
    0.9899927668082409,
    0.9899990940705324,
    0.9899988923317347,
    0.9899990482208056,
    0.9899974052722638,
    0.989998134282919,
    0.9899977537301871,
    0.9899978928076916,
    0.9899978866943946,
    0.9899978347313709,
    0.9899978041648865,
    0.9899978041648865,
    0.9899978133348318,
    0.9899978041648865,
    0.9899977613718082
  ],
  "gate_max": [
    0.9900091978219839,
    0.9900014813129718,
    0.9900011114585094,
    0.9900009295879266,
    0.990001978018345,
    0.9900015592575073,
    0.9900015378609682,
    0.9900014400482178,
    0.9900014400482178,
    0.9900014400482178,
    0.9900014400482178,
    0.9900015348043197,
    0.9900016020505856,
    0.9900015225777259,
    0.9900015195210775
  ],
  "gate_anchor_loss": [
    0.00010002152871143502,
    0.00010000147318724208,
    9.999930812344432e-05,
    9.99988245521075e-05,
    9.999795367594999e-05,
    9.999877287415214e-05,
    0.00010000023217006132,
    0.00010000000829444244,
    9.999972285302833e-05,
    9.999982397018287e-05,
    0.00010000011165035315,
    0.0001000001465376371,
    0.00010000002023447544,
    0.00010000025474418623,
    0.0001000003135115362
  ],
  "gate_anchor_contribution": [
    1.0002152707900864e-06,
    1.0000147038879684e-06,
    9.999930567480474e-07,
    9.999882206848736e-07,
    9.999795076090288e-07,
    9.999876988914389e-07,
    1.0000022974474211e-06,
    1.0000000645213265e-06,
    9.99997210690195e-07,
    9.999982309566874e-07,
    1.0000010789577245e-06,
    1.0000014345934735e-06,
    1.0000001898683527e-06,
    1.0000025073308138e-06,
    1.0000030990853795e-06
  ],
  "q_err_entropy": [
    0.9449741565264188,
    0.9337575221673037,
    0.9307750111971146,
    0.9130412890360906,
    0.949812019482637,
    0.9562455828373249,
    0.8641432172212845,
    0.9533319274584452,
    0.8858015430279267,
    0.9165679598465944,
    0.9150345783967239,
    0.9366157498115149,
    0.947985841677739,
    0.9658083701745058,
    0.9498910720531757
  ],
  "q_err_gini": [
    0.8859095252477206,
    0.8856459107154455,
    0.8867400487263998,
    0.8874592398985838,
    0.8833033182682135,
    0.8833012366906191,
    0.8920882038581066,
    0.884237908400022,
    0.8893216298176692,
    0.8867757794184562,
    0.8871529423273526,
    0.8850221710327344,
    0.884193594639118,
    0.8820967490856464,
    0.8841220339139303
  ],