{
  "total_loss": [
    3.558030313406235,
    0.5375857406701797,
    0.5412555054212228,
    0.4363328669315729,
    0.42427196563818514,
    0.40161869197319716,
    0.396515626173753,
    0.40572489377779836,
    0.3937519605343158,
    0.3856649471399112,
    0.3878635026705571,
    0.3931899212109737,
    0.3845641846076036,
    0.38407261707843876,
    0.38398278523714113
  ],
  "main_loss": [
    3.235699782768885,
    0.48994066623541027,
    0.49496568471957475,
    0.409298844062365,
    0.40555810317015034,
    0.3956020726607396,
    0.3906511244101402,
    0.39507016157492614,
    0.38620583369181705,
    0.38190779166343886,
    0.3818161101677479,
    0.3860347561347179,
    0.3809899466160016,
    0.38228575847087765,
    0.38164349167774886
  ],
  "shap_loss": [
    0.28162809824332213,
    0.2762380234706096,
    0.270395366809307,
    0.26877224559967333,
    0.27019070853025484,
    0.26912193305981463,
    0.26227491826583177,
    0.26783461295641386,
    0.2645002401027924,
    0.27374650423343366,
    0.29155925680429506,
    0.2784439711234508,
    0.28166203162609005,
    0.29025388680971587,
    0.29301589803817946
  ],
  "shap_loss_normalized": [
    0.14955958246420592,
    0.16379501995367882,
    0.15333947883202478,
    0.13021355896041945,
    0.11261526638498673,
    0.13636749123151487,
    0.08261483659346898,
    0.05356692312619625,
    0.05290004897576112,
    0.054749301610848844,
    0.05831185212502113,
    0.05568879498885228,
    0.05633240699385985,
    0.07816132702506505,
    0.10087991104676174
  ],
  "tikhonov_loss": [
    0.0,
    0.0,
    0.0,
    0.0,
    0.0,
    0.0,
    0.0,
    0.0,
    0.0,
    0.0,
    0.0,
    0.0,
    0.0,
    0.0,
    0.0
  ],
  "nonnegativity_loss": [
    0.0,
    0.0,
    0.0,
    0.0,
    0.0,
    0.0,
    0.0,
    0.0,
    0.0,
    0.0,
    0.0,
    0.0,
    0.0,
    0.0,
    0.0
  ],
  "tikhonov_lambda": [
    0.0,
    0.0,
    0.0,
    0.0,
    0.0,
    0.0,
    0.0,
    0.0,
    0.0,
    0.0,
    0.0,
    0.0,
    0.0,
    0.0,
    0.0
  ],
  "nonnegativity_lambda": [
    0.0,
    0.0,
    0.0,
    0.0,
    0.0,
    0.0,
    0.0,
    0.0,
    0.0,
    0.0,
    0.0,
    0.0,
    0.0,
    0.0,
    0.0
  ],
  "shap_scale_factor": [
    0.5360806690246621,
    0.5916457268099201,
    0.570186770183348,
    0.4863186380594925,
    0.4179048515630423,
    0.5053076872107832,
    0.31242983207703373,
    0.20000000000000004,
    0.20000000000000004,
    0.20000000000000004,
    0.20000000000000004,
    0.20000000000000004,
    0.20000000000000004,
    0.26952961568346184,
    0.34847989312709476
  ],
  "shap_contribution": [
    0.0,
    0.0,
    0.0,
    0.0,
    0.0,
    0.0,
    8.602922516496246e-06,
    2.072755290637127e-05,
    2.471380260734198e-05,
    3.058144946594555e-05,
    4.2853077619115655e-05,
    5.023198084531125e-05,
    9.248750967134793e-05,
    9.608261657726522e-05,
    3.3570913682267885e-05
  ],
  "tikhonov_contribution": [
    0.0,
    0.0,
    0.0,
    0.0,
    0.0,
    0.0,
    0.0,
    0.0,
    0.0,
    0.0,
    0.0,
    0.0,
    0.0,
    0.0,
    0.0
  ],
  "nonnegativity_contribution": [
    0.0,
    0.0,
    0.0,
    0.0,
    0.0,
    0.0,
    0.0,
    0.0,
    0.0,
    0.0,
    0.0,
    0.0,
    0.0,
    0.0,
    0.0
  ],
  "regularization_share": [
    0.08857892394605302,
    0.08837086620876497,
    0.08276933461299213,
    0.058277314069238834,
    0.0406094389842175,
    0.012901220998655117,
    0.012299844311267571,
    0.024860000324039434,
    0.017536583896586584,
    0.008327094276726019,
    0.012933035781073663,
    0.014122608293688712,
    0.008668458901738053,
    0.0040076439628951846,
    0.005666055741537966
  ],
  "accuracy_guard_loss": [
    2.8577941487997007,
    0.10927032278134273,
    0.11126097196187729,
    0.022666737819329288,
    0.017369121313095093,
    0.00461082657178243,
    0.0024446600522750462,
    0.008827256850707225,
    0.004013871535276756,
    0.0028285980224609375,
    0.0023289078321212377,
    0.002636459393379016,
    0.0018208217926514454,
    0.00033795298674167733,
    0.0006739436051784417
  ],
  "accuracy_guard_contribution": [
    0.3223296003654981,
    0.04764406335277435,
    0.04628880584660249,
    0.027033010832010172,
    0.01871285033531678,
    0.006015606129016631,
    0.0058548848789471844,
    0.010632992268372804,
    0.00752039807729232,
    0.0037255611939307973,
    0.006003528451308226,
    0.007103923708200455,
    0.003480734972235484,
    0.0016897649337083865,
    0.00230470672249794
  ],
  "distill_loss": [
    0.0,
    0.0,
    0.0,
    0.0,
    0.0,
    0.0,
    0.0,
    0.0,
    0.0,
    0.0,
    0.0,
    0.0,
    0.0,
    0.0,
    0.0
  ],
  "distill_contribution": [
    0.0,
    0.0,
    0.0,
    0.0,
    0.0,
    0.0,
    0.0,
    0.0,
    0.0,
    0.0,
    0.0,
    0.0,
    0.0,
    0.0,
    0.0
  ],
  "gate_entropy": [
    0.18908843589134705,
    0.18905134804737875,
    0.1890447701399143,
    0.18904621096757743,
    0.18904507542267823,
    0.1890425254137088,
    0.18904289182944176,
    0.18904255598019332,
    0.18904250401716965,
    0.1890426721328344,
    0.1890429166647104,
    0.18904302364740616,
    0.1890428582063088,
    0.18904322576828492,
    0.18904291972135887
  ],
  "gate_min": [
    0.9899906898156191,
    0.9899956568693503,
    0.9899983665882013,
    0.9899995831342844,
    0.989999363055596,
    0.9899982932286385,
    0.9899981862459427,
    0.9899980303568717,
    0.9899978836377462,
    0.9899980303568717,
    0.9899980425834656,
    0.9899980425834656,
    0.9899980425834656,
    0.9899980425834656,
    0.9899980425834656
  ],
  "gate_max": [
    0.9900039999912946,
    0.9900009861359229,
    0.9900016356737186,
    0.9900006178097848,
    0.9900007339624258,
    0.9900017518263596,
    0.9900020452646109,
    0.9900021247374706,
    0.9900021705871973,
    0.9900020758310953,
    0.9900020360946655,
    0.9900020636045016,
    0.9900020360946655,
    0.9900020452646109,
    0.9900020360946655
  ],
  "gate_anchor_loss": [
    0.00010004237731500792,
    0.00010000453282070036,
    9.999786244663529e-05,
    9.999933480195558e-05,
    9.999818687971968e-05,
    9.999548451443657e-05,
    9.99958201413019e-05,
    9.99954611940596e-05,
    9.999540168045757e-05,
    9.999558768378428e-05,
    9.999584327511585e-05,
    9.999598655551195e-05,
    9.999579439560573e-05,
    9.999618655106482e-05,
    9.999586006578726e-05
  ],
  "gate_anchor_contribution": [
    1.0004237578752322e-06,
    1.0000453031375982e-06,
    9.999786068594683e-07,
    9.999933249323826e-07,
    9.999818600520555e-07,
    9.99954831735149e-07,
    9.999581636340083e-07,
    9.999545839561436e-07,
    9.999539805413895e-07,
    9.999558520016412e-07,
    9.99958373517401e-07,
    9.999598048055375e-07,
    9.999579012797674e-07,
    9.999618074429095e-07,
    9.999585775706994e-07
  ],
  "q_err_entropy": [
    0.784607952221846,
    0.8161245339956039,
    0.8523667133771456,
    0.8537687078500406,
    0.8151686374957745,
    0.8124109422549223,
    0.857333440047044,
    0.8273919813143902,
    0.8315408183978155,
    0.8035143010127239,
    0.7513510111050729,
    0.8029098946314591,
    0.8028389635758523,
    0.7853794586964142,
    0.7566649409440848
  ],
  "q_err_gini": [
    0.9051205668693934,
    0.9021372565856347,
    0.8980495807452079,
    0.8978322805502476,
    0.9023716052373251,
    0.9026101017609621,
    0.8981377910345029,
    0.9008262172723428,
    0.8990831008324256,
    0.903215379287035,
    0.9093784781602713,
    0.9035122134746649,
    0.9043244459690192,
    0.9054426168784117,
    0.9075649579366049
  ],