{
  "total_loss": [
    2.6586701075236,
    0.5086796176739228,
    0.4579190046359331,
    0.4320957416143173,
    0.42643548051516217,
    0.41922463591282183,
    0.4218367491012964,
    0.39140660143815553,
    0.38984899261058903,
    0.38228694750712466,
    0.38682543734709424,
    0.3900716144305009,
    0.38553265348458904,
    0.3849898114418372,
    0.38690963845986587
  ],
  "main_loss": [
    2.417990581347392,
    0.46627424160639447,
    0.42504222003313213,
    0.4042447224641458,
    0.4043404689201942,
    0.4007425239452949,
    0.40117922043189025,
    0.38336328741831655,
    0.3812250915246132,
    0.3772988796998293,
    0.378604524792769,
    0.3802499885742481,
    0.37772217316505236,
    0.3791246135265399,
    0.37825109370243853
  ],
  "shap_loss": [
    0.13552172997823128,
    0.14228310455114412,
    0.14321444451044768,
    0.14174296000064948,
    0.1404591156886174,
    0.14082778875644392,
    0.1439247427460475,
    0.14057994461976564,
    0.14320407444849992,
    0.14226119697858125,
    0.14521470016393906,
    0.14033494163782168,
    0.14241840671270323,
    0.1412695247011307,
    0.13894687726711616
  ],
  "shap_loss_normalized": [
    0.05599397554611548,
    0.09189585390954445,
    0.06587396858212276,
    0.05362517362794815,
    0.02809182361054879,
    0.028165558114265785,
    0.02878494880711421,
    0.028115989258274052,
    0.02864081546282157,
    0.028452239835109465,
    0.029042940586805344,
    0.028066988843373764,
    0.02848368166730954,
    0.028253905379619353,
    0.02778937595968063
  ],
  "tikhonov_loss": [
    0.0,
    0.0,
    0.0,
    0.0,
    0.0,
    0.0,
    0.0,
    0.0,
    0.0,
    0.0,
    0.0,
    0.0,
    0.0,
    0.0,
    0.0
  ],
  "nonnegativity_loss": [
    0.0,
    0.0,
    0.0,
    0.0,
    0.0,
    0.0,
    0.0,
    0.0,
    0.0,
    0.0,
    0.0,
    0.0,
    0.0,
    0.0,
    0.0
  ],
  "tikhonov_lambda": [
    0.0,
    0.0,
    0.0,
    0.0,
    0.0,
    0.0,
    0.0,
    0.0,
    0.0,
    0.0,
    0.0,
    0.0,
    0.0,
    0.0,
    0.0
  ],
  "nonnegativity_lambda": [
    0.0,
    0.0,
    0.0,
    0.0,
    0.0,
    0.0,
    0.0,
    0.0,
    0.0,
    0.0,
    0.0,
    0.0,
    0.0,
    0.0,
    0.0
  ],
  "shap_scale_factor": [
    0.41790485156304213,
    0.6497731244629714,
    0.46160464823574343,
    0.37931487011591797,
    0.20000000000000004,
    0.20000000000000004,
    0.20000000000000004,
    0.20000000000000004,
    0.20000000000000004,
    0.20000000000000004,
    0.20000000000000004,
    0.20000000000000004,
    0.20000000000000004,
    0.20000000000000004,
    0.20000000000000004
  ],
  "shap_contribution": [
    0.0,
    0.0,
    0.0,
    0.0,
    0.0,
    0.0,
    2.96929711578578e-06,
    1.700085873287604e-06,
    9.882743556889369e-06,
    9.59237765458126e-06,
    1.3460084667316643e-05,
    1.5267985266594526e-05,
    1.6299246896941884e-05,
    1.2504816939513265e-05,
    1.7143896212264037e-05
  ],
  "tikhonov_contribution": [
    0.0,
    0.0,
    0.0,
    0.0,
    0.0,
    0.0,
    0.0,
    0.0,
    0.0,
    0.0,
    0.0,
    0.0,
    0.0,
    0.0,
    0.0
  ],
  "nonnegativity_contribution": [
    0.0,
    0.0,
    0.0,
    0.0,
    0.0,
    0.0,
    0.0,
    0.0,
    0.0,
    0.0,
    0.0,
    0.0,
    0.0,
    0.0,
    0.0
  ],
  "regularization_share": [
    0.08857893159131273,
    0.07988017102596172,
    0.0675615643780306,
    0.060709972154106055,
    0.04830203550057177,
    0.040146933009886504,
    0.045372715387602736,
    0.018420001754660735,
    0.020297286076446673,
    0.011533401030994662,
    0.017333089053602837,
    0.021218345781657908,
    0.018093090238286657,
    0.013723441732173467,
    0.020702922355061174
  ],
  "accuracy_guard_loss": [
    2.0395864722056265,
    0.0871280034383138,
    0.04654062138153957,
    0.022692111822275016,
    0.019645115503898032,
    0.013631356068146534,
    0.01787847815415798,
    0.004063391532653417,
    0.002905378739039103,
    0.0014956211432432516,
    0.0031268077018933417,
    0.005309892770571587,
    0.0020632858459766093,
    0.0036469453420394505,
    0.0025811722645392786
  ],
  "accuracy_guard_contribution": [
    0.24067848376356638,
    0.04240436345720903,
    0.0328757745715288,
    0.02785000601449074,
    0.022093998936888497,
    0.01848109897512656,
    0.020653545474394772,
    0.008040604062187366,
    0.008613002319366504,
    0.004977462144616323,
    0.008206438750792772,
    0.009805345573486427,
    0.007793167844796792,
    0.00585167979200681,
    0.008640388743235515
  ],
  "distill_loss": [
    0.0,
    0.0,
    0.0,
    0.0,
    0.0,
    0.0,
    0.0,
    0.0,
    0.0,
    0.0,
    0.0,
    0.0,
    0.0,
    0.0,
    0.0
  ],
  "distill_contribution": [
    0.0,
    0.0,
    0.0,
    0.0,
    0.0,
    0.0,
    0.0,
    0.0,
    0.0,
    0.0,
    0.0,
    0.0,
    0.0,
    0.0,
    0.0
  ],
  "gate_entropy": [
    0.1890680919855069,
    0.18904832081917006,
    0.18904618307566032,
    0.18904569171942198,
    0.1890449290856337,
    0.1890457108234748,
    0.1890470584233602,
    0.1890468234435106,
    0.18904655407636595,
    0.18904665609200796,
    0.1890469342470169,
    0.18904695564355606,
    0.18904682726432115,
    0.1890470496354959,
    0.18904712681586927
  ],
  "gate_min": [
    0.9899927668082409,
    0.9899990940705324,
    0.9899988923317347,
    0.9899990482208056,
    0.9899974052722638,
    0.989998134282919,
    0.9899977537301871,
    0.9899978928076916,
    0.9899978866943946,
    0.9899978347313709,
    0.9899978041648865,
    0.9899978041648865,
    0.9899978133348318,
    0.9899978041648865,
    0.9899977613718082
  ],
  "gate_max": [
    0.9900091978219839,
    0.9900014813129718,
    0.9900011114585094,
    0.9900009295879266,
    0.990001978018345,
    0.9900015592575073,
    0.9900015378609682,
    0.9900014400482178,
    0.9900014400482178,
    0.9900014400482178,
    0.9900014400482178,
    0.9900015348043197,
    0.9900016020505856,
    0.9900015225777259,
    0.9900015195210775
  ],
  "gate_anchor_loss": [
    0.00010002152871143502,
    0.00010000147318724208,
    9.999930812344432e-05,
    9.99988245521075e-05,
    9.999795367594999e-05,
    9.999877287415214e-05,
    0.00010000023217006132,
    0.00010000000829444244,
    9.999972285302833e-05,
    9.999982397018287e-05,
    0.00010000011165035315,
    0.0001000001465376371,
    0.00010000002023447544,
    0.00010000025474418623,
    0.0001000003135115362
  ],
  "gate_anchor_contribution": [
    1.0002152707900864e-06,
    1.0000147038879684e-06,
    9.999930567480474e-07,
    9.999882206848736e-07,
    9.999795076090288e-07,
    9.999876988914389e-07,
    1.0000022974474211e-06,
    1.0000000645213265e-06,
    9.99997210690195e-07,
    9.999982309566874e-07,
    1.0000010789577245e-06,
    1.0000014345934735e-06,
    1.0000001898683527e-06,
    1.0000025073308138e-06,
    1.0000030990853795e-06
  ],
  "q_err_entropy": [
    0.9449741565264188,
    0.9337575221673037,
    0.9307750111971146,
    0.9130412890360906,
    0.949812019482637,
    0.9562455828373249,
    0.8641432248629056,
    0.9533319305150937,
    0.8858015392071161,
    0.9165679598465944,
    0.9150345967366145,
    0.936615757453136,
    0.9479858355644422,
    0.9658083946276934,
    0.9498910873364179
  ],
  "q_err_gini": [
    0.8859095252477206,
    0.8856459107154455,
    0.8867400487263998,
    0.8874592398985838,
    0.8833033182682135,
    0.8833012366906191,
    0.892088206914755,
    0.8842379129849948,
    0.8893216344026419,
    0.8867757824751047,
    0.8871529499689738,
    0.8850221802026798,
    0.884193594639118,
    0.8820967551989433,
    0.8841220430838757
  ],