{
  "total_loss": [
    2.6586701075236,
    0.5086796176739228,
    0.4579190046359331,
    0.4320957416143173,
    0.42643548051516217,
    0.41922463591282183,
    0.42183478826131576,
    0.3914071103701225,
    0.38984379248741347,
    0.3822825799385707,
    0.3868196595173616,
    0.3900643590933237,
    0.3855243692031273,
    0.3849854755860109,
    0.3869025787481895
  ],
  "main_loss": [
    2.417990581347392,
    0.46627424160639447,
    0.42504222003313213,
    0.4042447224641458,
    0.4043404689201942,
    0.4007425239452949,
    0.4011791241474641,
    0.38336329314953244,
    0.3812250922887753,
    0.37729891676169175,
    0.3786044544898547,
    0.3802498762424176,
    0.37772212081994766,
    0.37912467886240053,
    0.3782509657052847
  ],
  "shap_loss": [
    0.4142080285610297,
    0.4212678403426439,
    0.41768065782693714,
    0.4147555090678044,
    0.4162336568801831,
    0.4145956673683264,
    0.41480793899450547,
    0.4147506982852251,
    0.4179263114929199,
    0.4187369018028944,
    0.4180377232722747,
    0.4127743824934348,
    0.41495548074062055,
    0.414596832715548,
    0.4098455669024052
  ],
  "shap_loss_normalized": [
    0.17373953129236513,
    0.274192889722494,
    0.19082226222142196,
    0.15536758189017957,
    0.0832467325604879,
    0.08291913549869488,
    0.08296158967109826,
    0.08295014166297057,
    0.08358526392242847,
    0.08374738206083958,
    0.08360754602994674,
    0.08255487795059498,
    0.08299109769555238,
    0.0829193682815784,
    0.08196911454582825
  ],
  "tikhonov_loss": [
    0.0,
    0.0,
    0.0,
    0.0,
    0.0,
    0.0,
    0.0,
    0.0,
    0.0,
    0.0,
    0.0,
    0.0,
    0.0,
    0.0,
    0.0
  ],
  "nonnegativity_loss": [
    0.0,
    0.0,
    0.0,
    0.0,
    0.0,
    0.0,
    0.0,
    0.0,
    0.0,
    0.0,
    0.0,
    0.0,
    0.0,
    0.0,
    0.0
  ],
  "tikhonov_lambda": [
    0.0,
    0.0,
    0.0,
    0.0,
    0.0,
    0.0,
    0.0,
    0.0,
    0.0,
    0.0,
    0.0,
    0.0,
    0.0,
    0.0,
    0.0
  ],
  "nonnegativity_lambda": [
    0.0,
    0.0,
    0.0,
    0.0,
    0.0,
    0.0,
    0.0,
    0.0,
    0.0,
    0.0,
    0.0,
    0.0,
    0.0,
    0.0,
    0.0
  ],
  "shap_scale_factor": [
    0.41790485156304213,
    0.6497731244629714,
    0.46160464823574343,
    0.37931487011591797,
    0.20000000000000004,
    0.20000000000000004,
    0.20000000000000004,
    0.20000000000000004,
    0.20000000000000004,
    0.20000000000000004,
    0.20000000000000004,
    0.20000000000000004,
    0.20000000000000004,
    0.20000000000000004,
    0.20000000000000004
  ],
  "shap_contribution": [
    0.0,
    0.0,
    0.0,
    0.0,
    0.0,
    0.0,
    1.2015435861310555e-06,
    2.0276702577039264e-06,
    4.713114152857601e-06,
    5.117234545300912e-06,
    7.874378437778572e-06,
    8.336695361485443e-06,
    8.299109583439975e-06,
    8.291936526989164e-06,
    1.0254226288872394e-05
  ],
  "tikhonov_contribution": [
    0.0,
    0.0,
    0.0,
    0.0,
    0.0,
    0.0,
    0.0,
    0.0,
    0.0,
    0.0,
    0.0,
    0.0,
    0.0,
    0.0,
    0.0
  ],
  "nonnegativity_contribution": [
    0.0,
    0.0,
    0.0,
    0.0,
    0.0,
    0.0,
    0.0,
    0.0,
    0.0,
    0.0,
    0.0,
    0.0,
    0.0,
    0.0,
    0.0
  ],
  "regularization_share": [
    0.08857893159131273,
    0.07988017102596172,
    0.0675615643780306,
    0.060709972154106055,
    0.04830203550057177,
    0.040146933009886504,
    0.04536834456034392,
    0.018421248014388263,
    0.020284233664965637,
    0.011521767046374297,
    0.017317185453034525,
    0.021200623809118045,
    0.018071402563534414,
    0.013710156475073022,
    0.020683640861525743
  ],
  "accuracy_guard_loss": [
    2.0395864722056265,
    0.0871280034383138,
    0.04654062138153957,
    0.022692111822275016,
    0.019645115503898032,
    0.013631356068146534,
    0.017878379577245467,
    0.004063430504921155,
    0.002905302322827853,
    0.0014956471247550768,
    0.0031267633804908167,
    0.005309785787875836,
    0.0020632163072243715,
    0.0036469254738245257,
    0.002581048470277053
  ],
  "accuracy_guard_contribution": [
    0.24067848376356638,
    0.04240436345720903,
    0.0328757745715288,
    0.02785000601449074,
    0.022093998936888497,
    0.01848109897512656,
    0.020653449572049655,
    0.008040776380743736,
    0.008612972230483323,
    0.00497753588626018,
    0.008206318204219524,
    0.009805132754338093,
    0.007792936208156439,
    0.005851490661883965,
    0.00864034633223827
  ],
  "distill_loss": [
    0.0,
    0.0,
    0.0,
    0.0,
    0.0,
    0.0,
    0.0,
    0.0,
    0.0,
    0.0,
    0.0,
    0.0,
    0.0,
    0.0,
    0.0
  ],
  "distill_contribution": [
    0.0,
    0.0,
    0.0,
    0.0,
    0.0,
    0.0,
    0.0,
    0.0,
    0.0,
    0.0,
    0.0,
    0.0,
    0.0,
    0.0,
    0.0
  ],
  "gate_entropy": [
    0.1890680919855069,
    0.18904832081917006,
    0.18904618307566032,
    0.18904569171942198,
    0.1890449290856337,
    0.1890457108234748,
    0.1890470584233602,
    0.1890468234435106,
    0.18904655407636595,
    0.18904665609200796,
    0.1890469342470169,
    0.18904695564355606,
    0.18904682726432115,
    0.1890470496354959,
    0.18904712681586927
  ],
  "gate_min": [
    0.9899927668082409,
    0.9899990940705324,
    0.9899988923317347,
    0.9899990482208056,
    0.9899974052722638,
    0.989998134282919,
    0.9899977537301871,
    0.9899978928076916,
    0.9899978866943946,
    0.9899978347313709,
    0.9899978041648865,
    0.9899978041648865,
    0.9899978133348318,
    0.9899978041648865,
    0.9899977613718082
  ],
  "gate_max": [
    0.9900091978219839,
    0.9900014813129718,
    0.9900011114585094,
    0.9900009295879266,
    0.990001978018345,
    0.9900015592575073,
    0.9900015378609682,
    0.9900014400482178,
    0.9900014400482178,
    0.9900014400482178,
    0.9900014400482178,
    0.9900015348043197,
    0.9900016020505856,
    0.9900015225777259,
    0.9900015195210775
  ],
  "gate_anchor_loss": [
    0.00010002152871143502,
    0.00010000147318724208,
    9.999930812344432e-05,
    9.99988245521075e-05,
    9.999795367594999e-05,
    9.999877287415214e-05,
    0.00010000023217006132,
    0.00010000000829444244,
    9.999972285302833e-05,
    9.999982397018287e-05,
    0.00010000011165035315,
    0.0001000001465376371,
    0.00010000002023447544,
    0.00010000025474418623,
    0.0001000003135115362
  ],
  "gate_anchor_contribution": [
    1.0002152707900864e-06,
    1.0000147038879684e-06,
    9.999930567480474e-07,
    9.999882206848736e-07,
    9.999795076090288e-07,
    9.999876988914389e-07,
    1.0000022974474211e-06,
    1.0000000645213265e-06,
    9.99997210690195e-07,
    9.999982309566874e-07,
    1.0000010789577245e-06,
    1.0000014345934735e-06,
    1.0000001898683527e-06,
    1.0000025073308138e-06,
    1.0000030990853795e-06
  ],
  "q_err_entropy": [
    0.9449741565264188,
    0.9337575221673037,
    0.9307750111971146,
    0.9130412890360906,
    0.949812019482637,
    0.9562455828373249,
    0.8641432065230149,
    0.9533319351000663,
    0.8858015476128994,
    0.916567956789946,
    0.9150345890949934,
    0.9366157543964875,
    0.9479858370927664,
    0.965808399212666,
    0.9498910934497149
  ],
  "q_err_gini": [
    0.8859095252477206,
    0.8856459107154455,
    0.8867400487263998,
    0.8874592398985838,
    0.8833033182682135,
    0.8833012366906191,
    0.8920881992731339,
    0.8842379099283463,
    0.8893216237043723,
    0.8867757870600774,
    0.8871529331574073,
    0.885022181731004,
    0.884193594639118,
    0.882096739915701,
    0.8841220537821451
  ],