{
  "total_loss": [
    2.918654209528214,
    0.5636936571353521,
    0.4774117653186505,
    0.4344392663393265,
    0.4141046202335602,
    0.3982819181222182,
    0.3862093457808861,
    0.38417930060472244,
    0.38119137096099365,
    0.38194442712343657,
    0.37452568725133556,
    0.3791228590103296,
    0.37485776650599945,
    0.3725000952298825,
    0.38333757107074445
  ],
  "main_loss": [
    2.6541868157875843,
    0.5132215672578567,
    0.44062822140180147,
    0.4033438716179285,
    0.3895462101850754,
    0.38133425131822246,
    0.37615457559243226,
    0.37456029653549194,
    0.37322259216736525,
    0.3730769524207482,
    0.37067945492573273,
    0.37125180547054,
    0.36985609088188565,
    0.36816614407759446,
    0.373933739004991
  ],
  "shap_loss": [
    0.3379612152393048,
    0.3013033782824492,
    0.30002902295344913,
    0.32218341032663983,
    0.3107246431784752,
    0.30714345016540623,
    0.30081842839717865,
    0.32217694169435745,
    0.31443246549520737,
    0.29855994421702164,
    0.30343848619705593,
    0.2995544045399397,
    0.3045812631264711,
    0.31977125964103603,
    0.3060282361813081
  ],
  "shap_loss_normalized": [
    0.14640066849115568,
    0.12493943088711837,
    0.1436610386157647,
    0.13877664286738786,
    0.14770296779580605,
    0.10798822219173114,
    0.1275908285035537,
    0.06543455549921745,
    0.06288649399693196,
    0.059711989492942125,
    0.06068769880594351,
    0.05991088188229463,
    0.06091625358049686,
    0.06395425274968147,
    0.06120564845892099
  ],
  "tikhonov_loss": [
    0.0,
    0.0,
    0.0,
    0.0,
    0.0,
    0.0,
    0.0,
    0.0,
    0.0,
    0.0,
    0.0,
    0.0,
    0.0,
    0.0,
    0.0
  ],
  "nonnegativity_loss": [
    0.0,
    0.0,
    0.0,
    0.0,
    0.0,
    0.0,
    0.0,
    0.0,
    0.0,
    0.0,
    0.0,
    0.0,
    0.0,
    0.0,
    0.0
  ],
  "tikhonov_lambda": [
    0.0,
    0.0,
    0.0,
    0.0,
    0.0,
    0.0,
    0.0,
    0.0,
    0.0,
    0.0,
    0.0,
    0.0,
    0.0,
    0.0,
    0.0
  ],
  "nonnegativity_lambda": [
    0.0,
    0.0,
    0.0,
    0.0,
    0.0,
    0.0,
    0.0,
    0.0,
    0.0,
    0.0,
    0.0,
    0.0,
    0.0,
    0.0,
    0.0
  ],
  "shap_scale_factor": [
    0.41790485156304213,
    0.41790485156304213,
    0.4756602291116007,
    0.43393049258868327,
    0.48368513503453897,
    0.34847989312709476,
    0.41481398786668844,
    0.2031955209438683,
    0.20000000000000004,
    0.20000000000000004,
    0.20000000000000004,
    0.20000000000000004,
    0.20000000000000004,
    0.20000000000000004,
    0.20000000000000004
  ],
  "shap_contribution": [
    0.0,
    0.0,
    0.0,
    0.0,
    0.0,
    0.0,
    2.8325823896361376e-06,
    3.566646507981484e-06,
    5.784711844078116e-06,
    3.5258507616676165e-06,
    8.218050757372672e-06,
    2.24581704060256e-05,
    1.5505889223277336e-05,
    1.3748869244012987e-05,
    9.564054462083359e-06
  ],
  "tikhonov_contribution": [
    0.0,
    0.0,
    0.0,
    0.0,
    0.0,
    0.0,
    0.0,
    0.0,
    0.0,
    0.0,
    0.0,
    0.0,
    0.0,
    0.0,
    0.0
  ],
  "nonnegativity_contribution": [
    0.0,
    0.0,
    0.0,
    0.0,
    0.0,
    0.0,
    0.0,
    0.0,
    0.0,
    0.0,
    0.0,
    0.0,
    0.0,
    0.0,
    0.0
  ],
  "regularization_share": [
    0.08857873678222003,
    0.08857984146869577,
    0.07459414730229263,
    0.06747454810076133,
    0.05601486353525196,
    0.04209591235505529,
    0.023444987378213104,
    0.021164269863959022,
    0.01800328978854172,
    0.021032824587940563,
    0.009647901077764153,
    0.016841598881099113,
    0.012646874497867411,
    0.012173897933382664,
    0.02320657026622382
  ],
  "accuracy_guard_loss": [
    2.2856611960973496,
    0.1438845503024566,
    0.07140852281680474,
    0.0333041556370564,
    0.016687641923244182,
    0.008905773361523947,
    0.0026074617336957883,
    0.003014291708285992,
    0.0026029814512301716,
    0.0030747174452512693,
    0.0010570241854741024,
    0.0023018656632839106,
    0.0015034996546231783,
    0.0011702370949280567,
    0.005358499594223805
  ],
  "accuracy_guard_contribution": [
    0.2644664558271567,
    0.05047108013278399,
    0.03678253159309045,
    0.031094384546845388,
    0.024557397581445865,
    0.016946654862318285,
    0.010050923014298463,
    0.009614425400892893,
    0.007961978610509481,
    0.008862936343902197,
    0.003837001151763476,
    0.007847584401949858,
    0.004985154200440798,
    0.004319191361084962,
    0.009393255202434002
  ],
  "distill_loss": [
    0.0,
    0.0,
    0.0,
    0.0,
    0.0,
    0.0,
    0.0,
    0.0,
    0.0,
    0.0,
    0.0,
    0.0,
    0.0,
    0.0,
    0.0
  ],
  "distill_contribution": [
    0.0,
    0.0,
    0.0,
    0.0,
    0.0,
    0.0,
    0.0,
    0.0,
    0.0,
    0.0,
    0.0,
    0.0,
    0.0,
    0.0,
    0.0
  ],
  "gate_entropy": [
    0.1890930896386122,
    0.18904823828966189,
    0.1890452179389122,
    0.18904590835938087,
    0.18904468417167664,
    0.189044951628416,
    0.18904558168007776,
    0.1890457387153919,
    0.18904532606785113,
    0.18904501428970924,
    0.18904505096949065,
    0.18904468264335242,
    0.1890447009832431,
    0.1890448966087439,
    0.1890448033809662
  ],
  "gate_min": [
    0.9899894151932154,
    0.989998167906052,
    0.9899994027920258,
    0.9899993783388382,
    0.9899994822648855,
    0.9899995800776359,
    0.9899998765725356,
    0.989999885742481,
    0.9899997573632461,
    0.9899995586810968,
    0.9899995923042297,
    0.9899994730949402,
    0.9899994730949402,
    0.9899994730949402,
    0.9899994730949402
  ],
  "gate_max": [
    0.9900047244169773,
    0.9900018435258132,
    0.9900014583881085,
    0.9900008424734458,
    0.9900006499045935,
    0.9900004405241746,
    0.9900002433703496,
    0.9900001638974899,
    0.9900003167299124,
    0.9900004542790927,
    0.990000435939202,
    0.9900004863739014,
    0.9900004863739014,
    0.9900004863739014,
    0.9900004863739014
  ],
  "gate_anchor_loss": [
    0.00010004720556585547,
    0.00010000133401123234,
    9.999824975145598e-05,
    9.99990269729796e-05,
    9.999781412681422e-05,
    9.999806244218818e-05,
    9.999870944272679e-05,
    9.999885253655988e-05,
    9.999842754600999e-05,
    9.999809098632958e-05,
    9.999813091081496e-05,
    9.999774491193537e-05,
    9.999776394136298e-05,
    9.99979691606803e-05,
    9.999786897634085e-05
  ],
  "gate_anchor_contribution": [
    1.0004720339706041e-06,
    1.0000133163255389e-06,
    9.999824838721393e-07,
    9.99990252472717e-07,
    9.999781229616462e-07,
    9.99980600751699e-07,
    9.99987077986402e-07,
    9.999885151046328e-07,
    9.999842533057417e-07,
    9.999808805962227e-07,
    9.999813091081496e-07,
    9.99977394199866e-07,
    9.99977586592976e-07,
    9.999796912569973e-07,
    9.99978670990505e-07
  ],
  "q_err_entropy": [
    0.9774713592651563,
    0.9877814192038316,
    0.9484967046823257,
    1.0121794663942778,
    0.9823022927993383,
    0.9302447117291964,
    0.9707504847110846,
    0.9577888876963885,
    0.9457737642985123,
    0.9711160659790039,
    0.9920340852859693,
    1.0263177905327234,
    0.9873838226000468,
    1.0285921157934728,
    0.9573674813295022
  ],
  "q_err_gini": [
    0.8840974324788803,
    0.882801000888531,
    0.8858597737092239,
    0.8790057821151538,
    0.881646732489268,
    0.889713541055337,
    0.8843710437799112,
    0.885913841235332,
    0.8878835240999857,
    0.8838856571759933,
    0.8804744252791772,
    0.8776258673423376,
    0.8829951668396975,
    0.8774289549925388,
    0.8864125273166559
  ],