{
  "timestamp": "20260503_114358_sml_eaar_v2_fast3_eaar_gate_s44",
  "created_at": "2026-05-03T11:43:58",
  "tag": "sml_eaar_v2_fast3_eaar_gate_s44",
  "model_mode": "final_policy",
  "fallback_used": false,
  "config_path": "/tmp/tmpaoy4la8p.yaml",
  "config_sha256": "bb486d4060d90d78686df40830b0c9ce5c364612212d783fb703ec0c52a6f889",
  "effective_config_sha256": "c156530271d9179ee36675dc2ea7dc672b985b083e809bb7a9ac0dc08bc5f58e",
  "git_commit": "3175c3ada3f8cd23dc10a676640fc45a1a3c4d9a",
  "seed": 44,
  "dataset": "sml2010",
  "split_hash": "3ebece8e8d9e10cb1a749061e6e4bce4eebef10a44b6e50c155647ddf9f29205",
  "run_meta": {
    "fast_mode": true,
    "inprocess_mode": true,
    "tag_prefix": "sml_eaar_v2_fast3_eaar_gate"
  },
  "model_state": "anfis_model_state_20260503_114358_sml_eaar_v2_fast3_eaar_gate_s44.pt",
  "model_state_path": "/home/lebedeffson/Code/bonner-shap-reconstruction/results/sml2010_eaar_v2/anfis_model_state_20260503_114358_sml_eaar_v2_fast3_eaar_gate_s44.pt",
  "train_size": 3309,
  "shap_train_size": 2481,
  "test_size": 828,
  "vanilla_train_count": 3309,
  "shap_train_count": 2481,
  "real_test_count": 828,
  "normalize_sum": false,
  "metrics": {
    "mse": 0.4679733074918211,
    "rmse": 0.6840857457160039,
    "mae": 0.5406579468860718,
    "r2": 0.9545165429699328,
    "r2_weighted": 0.9545165429699328,
    "r2_mean": 0.9545209302237356
  },
  "vanilla_metrics": {
    "mse": 0.471609036875669,
    "rmse": 0.6867379681331658,
    "mae": 0.5423441755755513,
    "r2": 0.9541631776421334,
    "r2_weighted": 0.9541631776421334,
    "r2_mean": 0.9541677456831466
  },
  "shap_metrics": {
    "mse": 0.4679733074918211,
    "rmse": 0.6840857457160039,
    "mae": 0.5406579468860718,
    "r2": 0.9545165429699328,
    "r2_weighted": 0.9545165429699328,
    "r2_mean": 0.9545209302237356
  },
  "band_metrics": {
    "all_outputs": {
      "mse": 0.4679733074918211,
      "rmse": 0.6840857457160039,
      "mae": 0.5406579468860718,
      "r2": 0.9545209302237356
    }
  },
  "metrics_source": "shap",
  "shap_config_enabled": true,
  "shap_applied": true,
  "shap_rejected": false,
  "effective_ea_config": {
    "autonomous_error_shap": true,
    "error_importance_mode": "permute",
    "error_importance_ema_beta": 0.9,
    "grad_importance_ema_beta": 0.9,
    "error_target_rho": 0.5,
    "ea_alignment_loss": "cosine_mse",
    "ea_alignment_alpha": 0.5,
    "ea_warmup_fraction": 0.4,
    "ea_bypass_legacy_normalization": true,
    "ea_use_grad_balance": true,
    "ea_target_grad_ratio": 0.01,
    "ea_scale_min": 0.1,
    "ea_scale_max": 10000.0,
    "debug_grad_norms": true,
    "grad_norm_interval": 20,
    "fast_mode": true,
    "inprocess_mode": true
  },
  "training_time_total": 22.55458378791809,
  "training_time_shap": 16.445780515670776,
  "timing": {
    "data_loading_sec": 0.037401218000013614,
    "pso_sec": 22.55458378791809,
    "vanilla_train_sec": 22.55458378791809,
    "ea_train_sec": 16.445780515670776,
    "deletion_eval_sec": null,
    "total_sec": 22.620786394999413
  },
  "saved_files": {
    "predictions": "predictions_20260503_114358_sml_eaar_v2_fast3_eaar_gate_s44.npy",
    "targets_test": "targets_test_20260503_114358_sml_eaar_v2_fast3_eaar_gate_s44.npy",
    "metrics_csv": "metrics_20260503_114358_sml_eaar_v2_fast3_eaar_gate_s44.csv",
    "feature_importance": "feature_importance_20260503_114358_sml_eaar_v2_fast3_eaar_gate_s44.csv",
    "shap": {
      "feature_importance_shap": "feature_importance_shap_20260503_114358_sml_eaar_v2_fast3_eaar_gate_s44.csv",
      "history": "shap_history_20260503_114358_sml_eaar_v2_fast3_eaar_gate_s44.json"
    }
  },
  "diagnostics": {
    "prediction_stats": {
      "mean": 20.243360666837095,
      "std": 3.171623041755,
      "min": 10.754816055297852,
      "max": 28.187217712402344,
      "zero_fraction": 0.0,
      "negative_fraction": 0.0,
      "negative_count": 0
    },
    "target_stats": {
      "mean": 20.280628804347828,
      "std": 3.2124848781140014,
      "min": 11.0787,
      "max": 28.924
    },
    "coeff_stats": {
      "mean": 0.5580359046589743,
      "std": 2.8346234372377204,
      "min": -11.083723068237305,
      "max": 17.89856719970703,
      "abs_mean": 1.3902808656382073,
      "finite_fraction": 1.0,
      "nonzero": 480,
      "total": 480
    },
    "nonfinite_parameters": {},
    "regularization": {
      "active_components": [
        "sparsity"
      ],
      "shap_contribution": {
        "mean": 4.748757294917471e-06,
        "last": 1.3441134738875404e-05,
        "max": 1.3441134738875404e-05
      },
      "tikhonov_contribution": {
        "mean": 0.0,
        "last": 0.0,
        "max": 0.0
      },
      "nonnegativity_contribution": {
        "mean": 0.0,
        "last": 0.0,
        "max": 0.0
      },
      "regularization_share": {
        "mean": 0.03811999765471992,
        "last": 0.020692611510668858,
        "max": 0.08857893159131273
      },
      "shap_scale_factor": {
        "mean": 0.27390649962517843,
        "last": 0.20000000000000004,
        "max": 0.6497731244629714
      },
      "shap_loss_normalized": {
        "mean": 0.08324086227987566,
        "last": 0.06067574473145681,
        "max": 0.19948409793850702
      },
      "nonnegativity_loss": {
        "mean": 0.0,
        "last": 0.0,
        "max": 0.0
      },
      "component_terms": {
        "consistency": {
          "mean": 0.16722302853296966,
          "last": 0.16792922677137914,
          "max": 0.1695484133102955
        },
        "sparsity": {
          "mean": 0.9378946807649399,
          "last": 0.9378947034860269,
          "max": 0.9378948761866643
        },
        "faithfulness": {
          "mean": 0.1700748649290484,
          "last": 0.16601375051033804,
          "max": 0.1773754461453511
        },
        "stability": {
          "mean": 0.0,
          "last": 0.0,
          "max": 0.0
        }
      },
      "component_weights": {
        "consistency": {
          "mean": 1.0,
          "last": 1.0,
          "max": 1.0
        },
        "sparsity": {
          "mean": 0.0,
          "last": 0.0,
          "max": 0.0
        },
        "faithfulness": {
          "mean": 0.0,
          "last": 0.0,
          "max": 0.0
        },
        "stability": {
          "mean": 0.0,
          "last": 0.0,
          "max": 0.0
        }
      },
      "weighted_component_signal": {
        "consistency": {
          "mean": 0.16722302853296966,
          "last": 0.16792922677137914,
          "max": 0.1695484133102955
        },
        "sparsity": {
          "mean": 0.0,
          "last": 0.0,
          "max": 0.0
        },
        "faithfulness": {
          "mean": 0.0,
          "last": 0.0,
          "max": 0.0
        },
        "stability": {
          "mean": 0.0,
          "last": 0.0,
          "max": 0.0
        }
      },
      "dominant_shap_component": "consistency",
      "dominant_regularizer": "shap"
    }
  },
  "dataset_settings": {
    "train_limit": null,
    "train_fraction": null,
    "mix_with_real": false,
    "mix_ratio": 0.0,
    "synthetic_test_size": 0.2,
    "test_size": 0.2,
    "real_data_split": {
      "train": 0.6,
      "validation": 0.2,
      "test": 0.2
    },
    "random_state": 44,
    "shap_uses_real_data_only": true,
    "test_uses_real_data_only": true
  },
  "band_metrics_denorm": {},
  "shap_files": {
    "feature_importance_shap": "feature_importance_shap_20260503_114358_sml_eaar_v2_fast3_eaar_gate_s44.csv",
    "history": "shap_history_20260503_114358_sml_eaar_v2_fast3_eaar_gate_s44.json"
  }
}