{
  "timestamp": "20260503_114518_sml_eaar_v2_fast3_eaar_mixed_s44",
  "created_at": "2026-05-03T11:45:18",
  "tag": "sml_eaar_v2_fast3_eaar_mixed_s44",
  "model_mode": "final_policy",
  "fallback_used": false,
  "config_path": "/tmp/tmpenvim76r.yaml",
  "config_sha256": "6ffa3da1c03cf6ccfd3a0576eea0fee1109ad3038606873334446f9ba49797d4",
  "effective_config_sha256": "8bce49848a5b3736b88c4ca089045ac2fc1ff8ff401db3a2133fc8d19432bdee",
  "git_commit": "3175c3ada3f8cd23dc10a676640fc45a1a3c4d9a",
  "seed": 44,
  "dataset": "sml2010",
  "split_hash": "3ebece8e8d9e10cb1a749061e6e4bce4eebef10a44b6e50c155647ddf9f29205",
  "run_meta": {
    "fast_mode": true,
    "inprocess_mode": true,
    "tag_prefix": "sml_eaar_v2_fast3_eaar_mixed"
  },
  "model_state": "anfis_model_state_20260503_114518_sml_eaar_v2_fast3_eaar_mixed_s44.pt",
  "model_state_path": "/home/lebedeffson/Code/bonner-shap-reconstruction/results/sml2010_eaar_v2/anfis_model_state_20260503_114518_sml_eaar_v2_fast3_eaar_mixed_s44.pt",
  "train_size": 3309,
  "shap_train_size": 2481,
  "test_size": 828,
  "vanilla_train_count": 3309,
  "shap_train_count": 2481,
  "real_test_count": 828,
  "normalize_sum": false,
  "metrics": {
    "mse": 0.4679733280261015,
    "rmse": 0.6840857607245611,
    "mae": 0.5406579474619622,
    "r2": 0.9545165409741565,
    "r2_weighted": 0.9545165409741565,
    "r2_mean": 0.9545209282244186
  },
  "vanilla_metrics": {
    "mse": 0.471609036875669,
    "rmse": 0.6867379681331658,
    "mae": 0.5423441755755513,
    "r2": 0.9541631776421334,
    "r2_weighted": 0.9541631776421334,
    "r2_mean": 0.9541677456831466
  },
  "shap_metrics": {
    "mse": 0.4679733280261015,
    "rmse": 0.6840857607245611,
    "mae": 0.5406579474619622,
    "r2": 0.9545165409741565,
    "r2_weighted": 0.9545165409741565,
    "r2_mean": 0.9545209282244186
  },
  "band_metrics": {
    "all_outputs": {
      "mse": 0.4679733280261015,
      "rmse": 0.6840857607245611,
      "mae": 0.5406579474619622,
      "r2": 0.9545209282244186
    }
  },
  "metrics_source": "shap",
  "shap_config_enabled": true,
  "shap_applied": true,
  "shap_rejected": false,
  "effective_ea_config": {
    "autonomous_error_shap": true,
    "error_importance_mode": "permute",
    "error_importance_ema_beta": 0.9,
    "grad_importance_ema_beta": 0.9,
    "error_target_rho": 0.5,
    "ea_alignment_loss": "cosine_mse",
    "ea_alignment_alpha": 0.5,
    "ea_warmup_fraction": 0.4,
    "ea_bypass_legacy_normalization": true,
    "ea_use_grad_balance": true,
    "ea_target_grad_ratio": 0.01,
    "ea_scale_min": 0.1,
    "ea_scale_max": 10000.0,
    "debug_grad_norms": true,
    "grad_norm_interval": 20,
    "fast_mode": true,
    "inprocess_mode": true
  },
  "training_time_total": 24.213340759277344,
  "training_time_shap": 18.353763580322266,
  "timing": {
    "data_loading_sec": 0.04303334999985964,
    "pso_sec": 24.213340759277344,
    "vanilla_train_sec": 24.213340759277344,
    "ea_train_sec": 18.353763580322266,
    "deletion_eval_sec": null,
    "total_sec": 24.287456810999174
  },
  "saved_files": {
    "predictions": "predictions_20260503_114518_sml_eaar_v2_fast3_eaar_mixed_s44.npy",
    "targets_test": "targets_test_20260503_114518_sml_eaar_v2_fast3_eaar_mixed_s44.npy",
    "metrics_csv": "metrics_20260503_114518_sml_eaar_v2_fast3_eaar_mixed_s44.csv",
    "feature_importance": "feature_importance_20260503_114518_sml_eaar_v2_fast3_eaar_mixed_s44.csv",
    "shap": {
      "feature_importance_shap": "feature_importance_shap_20260503_114518_sml_eaar_v2_fast3_eaar_mixed_s44.csv",
      "history": "shap_history_20260503_114518_sml_eaar_v2_fast3_eaar_mixed_s44.json"
    }
  },
  "diagnostics": {
    "prediction_stats": {
      "mean": 20.243360826358703,
      "std": 3.1716229521152957,
      "min": 10.754816055297852,
      "max": 28.187217712402344,
      "zero_fraction": 0.0,
      "negative_fraction": 0.0,
      "negative_count": 0
    },
    "target_stats": {
      "mean": 20.280628804347828,
      "std": 3.2124848781140014,
      "min": 11.0787,
      "max": 28.924
    },
    "coeff_stats": {
      "mean": 0.5580359047100274,
      "std": 2.8346234372218366,
      "min": -11.083723068237305,
      "max": 17.89856719970703,
      "abs_mean": 1.390280865597462,
      "finite_fraction": 1.0,
      "nonzero": 480,
      "total": 480
    },
    "nonfinite_parameters": {},
    "regularization": {
      "active_components": [
        "sparsity"
      ],
      "shap_contribution": {
        "mean": 3.660413587594953e-06,
        "last": 1.009225867421311e-05,
        "max": 1.009225867421311e-05
      },
      "tikhonov_contribution": {
        "mean": 0.0,
        "last": 0.0,
        "max": 0.0
      },
      "nonnegativity_contribution": {
        "mean": 0.0,
        "last": 0.0,
        "max": 0.0
      },
      "regularization_share": {
        "mean": 0.03811721476359325,
        "last": 0.020684099606741165,
        "max": 0.08857893159131273
      },
      "shap_scale_factor": {
        "mean": 0.27390649962517843,
        "last": 0.20000000000000004,
        "max": 0.6497731244629714
      },
      "shap_loss_normalized": {
        "mean": 0.06369175847587931,
        "last": 0.04584930330896989,
        "max": 0.15266153073081604
      },
      "nonnegativity_loss": {
        "mean": 0.0,
        "last": 0.0,
        "max": 0.0
      },
      "component_terms": {
        "consistency": {
          "mean": 0.0957805646535678,
          "last": 0.09379704306140924,
          "max": 0.09974417166832165
        },
        "sparsity": {
          "mean": 0.9378946809687164,
          "last": 0.9378947034860269,
          "max": 0.9378948761866643
        },
        "faithfulness": {
          "mean": 0.17007486569321054,
          "last": 0.16601375242074332,
          "max": 0.1773754461453511
        },
        "stability": {
          "mean": 0.0,
          "last": 0.0,
          "max": 0.0
        }
      },
      "component_weights": {
        "consistency": {
          "mean": 1.0,
          "last": 1.0,
          "max": 1.0
        },
        "sparsity": {
          "mean": 0.0,
          "last": 0.0,
          "max": 0.0
        },
        "faithfulness": {
          "mean": 0.0,
          "last": 0.0,
          "max": 0.0
        },
        "stability": {
          "mean": 0.0,
          "last": 0.0,
          "max": 0.0
        }
      },
      "weighted_component_signal": {
        "consistency": {
          "mean": 0.0957805646535678,
          "last": 0.09379704306140924,
          "max": 0.09974417166832165
        },
        "sparsity": {
          "mean": 0.0,
          "last": 0.0,
          "max": 0.0
        },
        "faithfulness": {
          "mean": 0.0,
          "last": 0.0,
          "max": 0.0
        },
        "stability": {
          "mean": 0.0,
          "last": 0.0,
          "max": 0.0
        }
      },
      "dominant_shap_component": "consistency",
      "dominant_regularizer": "shap"
    }
  },
  "dataset_settings": {
    "train_limit": null,
    "train_fraction": null,
    "mix_with_real": false,
    "mix_ratio": 0.0,
    "synthetic_test_size": 0.2,
    "test_size": 0.2,
    "real_data_split": {
      "train": 0.6,
      "validation": 0.2,
      "test": 0.2
    },
    "random_state": 44,
    "shap_uses_real_data_only": true,
    "test_uses_real_data_only": true
  },
  "band_metrics_denorm": {},
  "shap_files": {
    "feature_importance_shap": "feature_importance_shap_20260503_114518_sml_eaar_v2_fast3_eaar_mixed_s44.csv",
    "history": "shap_history_20260503_114518_sml_eaar_v2_fast3_eaar_mixed_s44.json"
  }
}