{
  "timestamp": "20260503_113820_sml_eaar_v2_fast3_full_s43",
  "created_at": "2026-05-03T11:38:20",
  "tag": "sml_eaar_v2_fast3_full_s43",
  "model_mode": "final_policy",
  "fallback_used": true,
  "config_path": "/tmp/tmplaeod6zw.yaml",
  "config_sha256": "ad751b2619f931e727b2a2b1eac10b689149d85115defc2b35b962f9e8f38aec",
  "effective_config_sha256": "9e9ff87c3eb272b6dd4e42386378a2e387f3d3e6f4212dbfe1a63fa462190001",
  "git_commit": "3175c3ada3f8cd23dc10a676640fc45a1a3c4d9a",
  "seed": 43,
  "dataset": "sml2010",
  "split_hash": "e1dd4f5d7d9624cc456ea97cd92466d260418b8470a31a79188aaf73b21b9c8b",
  "run_meta": {
    "fast_mode": true,
    "inprocess_mode": true,
    "tag_prefix": "sml_eaar_v2_fast3_full"
  },
  "model_state": "anfis_model_state_20260503_113820_sml_eaar_v2_fast3_full_s43.pt",
  "model_state_path": "/home/lebedeffson/Code/bonner-shap-reconstruction/results/sml2010_eaar_v2/anfis_model_state_20260503_113820_sml_eaar_v2_fast3_full_s43.pt",
  "train_size": 3309,
  "shap_train_size": 2481,
  "test_size": 828,
  "vanilla_train_count": 3309,
  "shap_train_count": 2481,
  "real_test_count": 828,
  "normalize_sum": false,
  "metrics": {
    "mse": 0.5423860346340087,
    "rmse": 0.736468624337798,
    "mae": 0.5379489360929108,
    "r2": 0.9504482777730557,
    "r2_weighted": 0.9504482777730557,
    "r2_mean": 0.9504472287960382
  },
  "vanilla_metrics": {
    "mse": 0.5423860346340087,
    "rmse": 0.736468624337798,
    "mae": 0.5379489360929108,
    "r2": 0.9504482777730557,
    "r2_weighted": 0.9504482777730557,
    "r2_mean": 0.9504472287960382
  },
  "shap_metrics": {
    "mse": 0.5441373142382231,
    "rmse": 0.737656637086811,
    "mae": 0.5371486511451607,
    "r2": 0.9502882830184927,
    "r2_weighted": 0.9502882830184927,
    "r2_mean": 0.9502871794152303
  },
  "band_metrics": {
    "all_outputs": {
      "mse": 0.5423860346340087,
      "rmse": 0.736468624337798,
      "mae": 0.5379489360929108,
      "r2": 0.9504472287960382
    }
  },
  "metrics_source": "vanilla_fallback",
  "shap_config_enabled": true,
  "shap_applied": false,
  "shap_rejected": true,
  "effective_ea_config": {
    "autonomous_error_shap": true,
    "error_importance_mode": "permute",
    "error_importance_ema_beta": 0.9,
    "grad_importance_ema_beta": 0.9,
    "error_target_rho": 0.5,
    "ea_alignment_loss": "cosine_mse",
    "ea_alignment_alpha": 0.5,
    "ea_warmup_fraction": 0.4,
    "ea_bypass_legacy_normalization": true,
    "ea_use_grad_balance": true,
    "ea_target_grad_ratio": 0.01,
    "ea_scale_min": 0.1,
    "ea_scale_max": 10000.0,
    "debug_grad_norms": true,
    "grad_norm_interval": 20,
    "fast_mode": true,
    "inprocess_mode": true
  },
  "training_time_total": 24.251287698745728,
  "training_time_shap": 18.287492752075195,
  "timing": {
    "data_loading_sec": 0.04447519699988334,
    "pso_sec": 24.251287698745728,
    "vanilla_train_sec": 24.251287698745728,
    "ea_train_sec": 18.287492752075195,
    "deletion_eval_sec": null,
    "total_sec": 24.32649000499987
  },
  "saved_files": {
    "predictions": "predictions_20260503_113820_sml_eaar_v2_fast3_full_s43.npy",
    "targets_test": "targets_test_20260503_113820_sml_eaar_v2_fast3_full_s43.npy",
    "metrics_csv": "metrics_20260503_113820_sml_eaar_v2_fast3_full_s43.csv",
    "feature_importance": "feature_importance_20260503_113820_sml_eaar_v2_fast3_full_s43.csv",
    "shap": {
      "feature_importance_shap": "feature_importance_shap_20260503_113820_sml_eaar_v2_fast3_full_s43.csv",
      "history": "shap_history_20260503_113820_sml_eaar_v2_fast3_full_s43.json"
    }
  },
  "diagnostics": {
    "prediction_stats": {
      "mean": 20.348639344823532,
      "std": 3.242463215016411,
      "min": 11.615819931030273,
      "max": 28.23975372314453,
      "zero_fraction": 0.0,
      "negative_fraction": 0.0,
      "negative_count": 0
    },
    "target_stats": {
      "mean": 20.320581884057972,
      "std": 3.3130177326452044,
      "min": 11.1513,
      "max": 28.884
    },
    "coeff_stats": {
      "mean": 0.5517947760627976,
      "std": 2.9773691078504037,
      "min": -9.0829496383667,
      "max": 25.02347755432129,
      "abs_mean": 1.3138648746516082,
      "finite_fraction": 1.0,
      "nonzero": 480,
      "total": 480
    },
    "nonfinite_parameters": {},
    "regularization": {
      "active_components": [
        "sparsity"
      ],
      "shap_contribution": {
        "mean": 3.924447461249034e-06,
        "last": 6.569447986037584e-06,
        "max": 1.521139654123078e-05
      },
      "tikhonov_contribution": {
        "mean": 0.0,
        "last": 0.0,
        "max": 0.0
      },
      "nonnegativity_contribution": {
        "mean": 0.0,
        "last": 0.0,
        "max": 0.0
      },
      "regularization_share": {
        "mean": 0.03836188528411115,
        "last": 0.023198725756286134,
        "max": 0.08857984146869577
      },
      "shap_scale_factor": {
        "mean": 0.306371664119904,
        "last": 0.20000000000000004,
        "max": 0.48368513503453897
      },
      "shap_loss_normalized": {
        "mean": 0.06718970983265302,
        "last": 0.04259800490660545,
        "max": 0.10883165437441605
      },
      "nonnegativity_loss": {
        "mean": 0.0,
        "last": 0.0,
        "max": 0.0
      },
      "component_terms": {
        "consistency": {
          "mean": 0.09932830271303142,
          "last": 0.09827700066260803,
          "max": 0.10744281886861874
        },
        "sparsity": {
          "mean": 0.9378946893235558,
          "last": 0.937894860903422,
          "max": 0.9378948822999612
        },
        "faithfulness": {
          "mean": 0.18474716162070248,
          "last": 0.18527312920643732,
          "max": 0.20153271617033544
        },
        "stability": {
          "mean": 0.0,
          "last": 0.0,
          "max": 0.0
        }
      },
      "component_weights": {
        "consistency": {
          "mean": 1.0,
          "last": 1.0,
          "max": 1.0
        },
        "sparsity": {
          "mean": 0.0,
          "last": 0.0,
          "max": 0.0
        },
        "faithfulness": {
          "mean": 0.0,
          "last": 0.0,
          "max": 0.0
        },
        "stability": {
          "mean": 0.0,
          "last": 0.0,
          "max": 0.0
        }
      },
      "weighted_component_signal": {
        "consistency": {
          "mean": 0.09932830271303142,
          "last": 0.09827700066260803,
          "max": 0.10744281886861874
        },
        "sparsity": {
          "mean": 0.0,
          "last": 0.0,
          "max": 0.0
        },
        "faithfulness": {
          "mean": 0.0,
          "last": 0.0,
          "max": 0.0
        },
        "stability": {
          "mean": 0.0,
          "last": 0.0,
          "max": 0.0
        }
      },
      "dominant_shap_component": "consistency",
      "dominant_regularizer": "shap"
    }
  },
  "dataset_settings": {
    "train_limit": null,
    "train_fraction": null,
    "mix_with_real": false,
    "mix_ratio": 0.0,
    "synthetic_test_size": 0.2,
    "test_size": 0.2,
    "real_data_split": {
      "train": 0.6,
      "validation": 0.2,
      "test": 0.2
    },
    "random_state": 43,
    "shap_uses_real_data_only": true,
    "test_uses_real_data_only": true
  },
  "band_metrics_denorm": {},
  "shap_files": {
    "feature_importance_shap": "feature_importance_shap_20260503_113820_sml_eaar_v2_fast3_full_s43.csv",
    "history": "shap_history_20260503_113820_sml_eaar_v2_fast3_full_s43.json"
  }
}