mse,rmse,mae,r2,r2_weighted,r2_mean
1.8912043579772526e-05,0.004348797946533332,0.00209730070727012,0.8615692733828055,0.8615692733828055,0.7634043429546148
