mse,rmse,mae,r2,r2_weighted,r2_mean
1.3285155719422737e-05,0.0036448807551719355,0.0024359644598974843,0.9028676802090168,0.9028676802090168,0.8448191261599288
