mse,rmse,mae,r2,r2_weighted,r2_mean
1.0783056070631751e-05,0.0032837563963594727,0.0021793168883569415,0.921913643498405,0.921913643498405,0.8731892523123257
