mse,rmse,mae,r2,r2_weighted,r2_mean
2.1940007359680248e-05,0.004684016157068659,0.0031053934409921028,0.8357596639593962,0.8357596639593962,0.8230981866682694
