mse,rmse,mae,r2,r2_weighted,r2_mean
6.709140050052399e-06,0.0025902007740814994,0.0018494664530999817,0.9503602035679906,0.9503602035679906,0.9032610053947686
