mse,rmse,mae,r2,r2_weighted,r2_mean
9.279052353612141e-06,0.0030461536982910337,0.0020134780938324695,0.9320800021313738,0.9320800021313738,0.9135941269066884
