mse,rmse,mae,r2,r2_weighted,r2_mean
2.4617920903859956e-05,0.004961644979627216,0.0029885665134850264,0.8163217150907304,0.8163217150907304,0.68331952023161
