mse,rmse,mae,r2,r2_weighted,r2_mean
5.121348077099917e-06,0.0022630395659598876,0.0015845662255041496,0.9623369260779524,0.9623369260779524,0.9601354644540274
