mse,rmse,mae,r2,r2_weighted,r2_mean
1.1877421156415662e-05,0.003446363468413577,0.0022995180154775628,0.9126518673827981,0.9126518673827981,0.8431287699929793
