mse,rmse,mae,r2,r2_weighted,r2_mean
2.64826255344986e-05,0.005146127236524433,0.00307797291211918,0.8043950835233147,0.8043950835233147,0.6679325365003682
