mse,rmse,mae,r2,r2_weighted,r2_mean
3.4970446405619906e-05,0.005913581521009067,0.0038842271393095505,0.7420248577832129,0.7420248577832129,0.6504944833514339
