mse,rmse,mae,r2,r2_weighted,r2_mean
1.4351549088603137e-05,0.003788343845086285,0.0027833255605813475,0.8961852124027926,0.8961852124027926,0.8486933168535802
