{
  "total_loss": [
    0.3338675273633466,
    0.03222058289806081,
    0.010622332686466507,
    0.0018996988172180604,
    0.0006416906341785632,
    0.00012278229185572594,
    0.0001214007972651286,
    0.00021348473219567104,
    0.000126689090149869,
    0.00011344592327792011,
    0.00012306667913110556,
    0.00019451871329627984
  ],
  "main_loss": [
    0.3035159568342059,
    0.029291442839763704,
    0.00965667886855824,
    0.001727008633297698,
    0.0005833598838275325,
    0.00011162739010777451,
    0.00011036353745501921,
    0.00019407583128635712,
    0.0001151708914091744,
    0.00010313169002529321,
    0.000111877671088223,
    0.00017683364128678086
  ],
  "shap_loss": [
    0.033721952665863295,
    0.03273564063212169,
    0.030453171847122058,
    0.031078215572051704,
    0.032113107736222446,
    0.031350355179581256,
    0.027938816363790205,
    0.03147313891843494,
    0.03048411143078868,
    0.0299063662532717,
    0.031014450543027903,
    0.030279936535017832
  ],
  "shap_loss_normalized": [
    0.002315877526622704,
    0.0002549252215300969,
    4.9232433631069785e-05,
    1.3559111364104734e-05,
    2.9047636534837044e-06,
    1.0517051859234731e-06,
    6.213638086600375e-07,
    1.1180277793089642e-06,
    7.529933816791916e-07,
    6.382482278561546e-07,
    7.725935035856375e-07,
    1.2087523063745006e-06
  ],
  "tikhonov_loss": [
    0.0,
    0.0,
    0.0,
    0.0,
    0.0,
    0.0,
    0.0,
    0.0,
    0.0,
    0.0,
    0.0,
    0.0
  ],
  "nonnegativity_loss": [
    0.0,
    0.0,
    0.0,
    0.0,
    0.0,
    0.0,
    0.0,
    0.0,
    0.0,
    0.0,
    0.0,
    0.0
  ],
  "tikhonov_lambda": [
    0.0,
    0.0,
    0.0,
    0.0,
    0.0,
    0.0,
    0.0,
    0.0,
    0.0,
    0.0,
    0.0,
    0.0
  ],
  "nonnegativity_lambda": [
    0.0,
    0.0,
    0.0,
    0.0,
    0.0,
    0.0,
    0.0,
    0.0,
    0.0,
    0.0,
    0.0,
    0.0
  ],
  "shap_scale_factor": [
    0.06091873807086585,
    0.008299687960809817,
    0.0017344431778089466,
    0.00045456033032142414,
    9.706577337340962e-05,
    3.524169283918723e-05,
    2.3199749226610544e-05,
    3.6863565774019705e-05,
    2.542520064400003e-05,
    2.235369961928139e-05,
    2.560927083478431e-05,
    4.026457231394785e-05
  ],
  "shap_contribution": [
    0.0,
    0.0,
    0.0,
    1.937015935546008e-09,
    9.774759984561486e-10,
    6.109906392830013e-10,
    4.083247772639671e-10,
    8.1988705631245e-10,
    6.095660652825709e-10,
    5.653055868157627e-10,
    7.431613692487904e-10,
    1.2087523638265596e-09
  ],
  "tikhonov_contribution": [
    0.0,
    0.0,
    0.0,
    0.0,
    0.0,
    0.0,
    0.0,
    0.0,
    0.0,
    0.0,
    0.0,
    0.0
  ],
  "nonnegativity_contribution": [
    0.0,
    0.0,
    0.0,
    0.0,
    0.0,
    0.0,
    0.0,
    0.0,
    0.0,
    0.0,
    0.0,
    0.0
  ],
  "regularization_share": [
    0.09009755902588436,
    0.09009829179780819,
    0.0900975148578317,
    0.09010493147362895,
    0.09010080321681364,
    0.09010184606444772,
    0.09090795280659071,
    0.09091113818740844,
    0.09090948499865317,
    0.09090926253111278,
    0.0909113323275419,
    0.09091365133727737
  ],
  "accuracy_guard_loss": [
    0.30350485973758623,
    0.02928033697077938,
    0.009645587873300039,
    0.001715920825777825,
    0.0005722653971003767,
    0.00010053266034252115,
    9.927187908585568e-05,
    0.0001829753753262204,
    0.00010407301842617147,
    9.203999113083228e-05,
    0.00010078690655745959,
    0.00016573930248244193
  ],
  "accuracy_guard_contribution": [
    0.030351571055299637,
    0.0029291399926348405,
    0.0009656533916800722,
    0.00017268773467955207,
    5.83292756256729e-05,
    1.115379258972585e-05,
    1.1036353935115325e-05,
    1.9407583589473427e-05,
    1.1517089375904074e-05,
    1.0313169177322834e-05,
    1.1187767274886287e-05,
    1.7683364452482563e-05
  ],
  "distill_loss": [
    0.0,
    0.0,
    0.0,
    0.0,
    0.0,
    0.0,
    0.0,
    0.0,
    0.0,
    0.0,
    0.0,
    0.0
  ],
  "distill_contribution": [
    0.0,
    0.0,
    0.0,
    0.0,
    0.0,
    0.0,
    0.0,
    0.0,
    0.0,
    0.0,
    0.0,
    0.0
  ],
  "gate_entropy": [
    0.0012003412869359767,
    0.001200139056891203,
    0.001200139056891203,
    0.001200139056891203,
    0.001200139056891203,
    0.001200139056891203,
    0.001200139056891203,
    0.001200139056891203,
    0.001200139056891203,
    0.001200139056891203,
    0.001200139056891203,
    0.001200139056891203
  ],
  "gate_min": [
    0.9998998663255146,
    0.9998999834060669,
    0.9998999834060669,
    0.9998999834060669,
    0.9998999834060669,
    0.9998999834060669,
    0.9998999834060669,
    0.9998999834060669,
    0.9998999834060669,
    0.9998999834060669,
    0.9998999834060669,
    0.9998999834060669
  ],
  "gate_max": [
    0.9999000760061401,
    0.9998999834060669,
    0.9998999834060669,
    0.9998999834060669,
    0.9998999834060669,
    0.9998999834060669,
    0.9998999834060669,
    0.9998999834060669,
    0.9998999834060669,
    0.9998999834060669,
    0.9998999834060669,
    0.9998999834060669
  ],
  "gate_anchor_loss": [
    1.0006659009346005e-08,
    1.000331906197971e-08,
    1.000331906197971e-08,
    1.000331906197971e-08,
    1.000331906197971e-08,
    1.000331906197971e-08,
    1.000331906197971e-08,
    1.000331906197971e-08,
    1.000331906197971e-08,
    1.000331906197971e-08,
    1.000331906197971e-08,
    1.000331906197971e-08
  ],
  "gate_anchor_contribution": [
    5.003329615695305e-10,
    5.001659642012157e-10,
    5.001659642012157e-10,
    5.001659642012157e-10,
    5.001659642012157e-10,
    5.001659642012157e-10,
    5.001659642012157e-10,
    5.001659642012157e-10,
    5.001659642012157e-10,
    5.001659642012157e-10,
    5.001659642012157e-10,
    5.001659642012157e-10
  ],
  "q_err_entropy": [
    1.8693963864019938,
    1.8631704630596297,
    1.880328037909099,
    1.889819612460477,
    1.8731129744223185,
    1.8871774119990212,
    1.9132477236645562,
    1.8800517895392008,
    1.881210326084069,
    1.8893520768199648,
    1.8915204661233085,
    1.8934328545417105
  ],
  "q_err_gini": [
    0.5732667015067169,
    0.5799572294844049,
    0.5717508939227888,
    0.5673398745379278,
    0.5755492028381143,
    0.5720383125756469,
    0.5614401402750185,
    0.5759470861937318,
    0.5736419191317899,
    0.5704310850373336,
    0.5704238428069013,
    0.5699834967298167
  ],
  "q_err_corr": [
    0.6698689280279182,
    0.6582326451981706,
    0.6692880153922098,
    0.7164716381313545,
    0.7548585670800614,
    0.6671416938063756,
    0.7008208634464869,
    0.6899328412088964,
    0.6970058708518211,
    0.6844273570791951,
    0.7138661474954071,
    0.7165804327066455
  ],
  "p_q_corr": [
    0.7737058087119034,
    0.7906140025172915,
    0.8085299980427537,
    0.8034835585526058,
    0.7953767207052026,
    0.8014589154294559,
    0.8262428008019924,
    0.8015593040202346,
    0.807540205440351,
    0.8114722834101745,
    0.8033166123288018,
    0.8095076376838344
  ],
  "ea_ratio": [
    0.0,
    0.0,
    0.0,
    8.558614602424289e-06,
    4.87706983014797e-06,
    1.0589568505890514e-05,
    5.447196247335537e-06,
    8.41979508996766e-06,
    8.364930871656335e-06,
    7.444612070425397e-06,
    1.0273113222833022e-05,
    1.2534017437409212e-05
  ],
  "main_grad_norm": [
    12399.514378070831,
    3596.796886006991,
    2516.0137537320456,
    1478.8618777592976,
    376.9420783519745,
    292.87076926231384,
    389.9364293416341,
    392.10789998372394,
    332.29300689697266,
    396.7556915283203,
    332.8264872233073,
    315.18004480997723
  ],