{
  "total_loss": [
    0.5686036556131009,
    0.05733131015914442,
    0.028496722681073346,
    0.004245303531482543,
    0.0009050305824302995,
    0.0003700467163006189,
    5.1950686351379515e-05,
    8.838794021163007e-05,
    5.97105606061632e-05,
    3.201524358636172e-05,
    3.8795924004781614e-05,
    5.760849761112955e-05,
    5.226014146078991e-05
  ],
  "main_loss": [
    0.5169117176827334,
    0.05211925464932473,
    0.025906072517695326,
    0.0038593704299176223,
    0.0008227660837617025,
    0.00033641459312353357,
    4.7237038082974845e-05,
    8.036121438083552e-05,
    5.429257709010926e-05,
    2.912390858357737e-05,
    3.527251742038321e-05,
    5.237992467397946e-05,
    4.754462416453212e-05
  ],
  "shap_loss": [
    0.12469456777242678,
    0.12708779923351748,
    0.1293874787432807,
    0.12924719162817513,
    0.12920750384884222,
    0.12868721004841582,
    0.1293866241217724,
    0.1288361883988338,
    0.12917630627219165,
    0.12918611975120647,
    0.12879252606736763,
    0.1290103886941714,
    0.12935055892116257
  ],
  "shap_loss_normalized": [
    0.0038885968908622154,
    0.0005129504086523541,
    0.00014115991708812153,
    2.4386383431971937e-05,
    4.542139407703871e-06,
    2.156346054351031e-06,
    3.401739273759371e-07,
    4.3121041087041636e-07,
    3.981139802584315e-07,
    1.7967254598413467e-07,
    2.3637567154415657e-07,
    3.6347491251729836e-07,
    3.374406521824572e-07
  ],
  "tikhonov_loss": [
    0.0,
    0.0,
    0.0,
    0.0,
    0.0,
    0.0,
    0.0,
    0.0,
    0.0,
    0.0,
    0.0,
    0.0,
    0.0
  ],
  "nonnegativity_loss": [
    0.0,
    0.0,
    0.0,
    0.0,
    0.0,
    0.0,
    0.0,
    0.0,
    0.0,
    0.0,
    0.0,
    0.0,
    0.0
  ],
  "tikhonov_lambda": [
    0.0,
    0.0,
    0.0,
    0.0,
    0.0,
    0.0,
    0.0,
    0.0,
    0.0,
    0.0,
    0.0,
    0.0,
    0.0
  ],
  "nonnegativity_lambda": [
    0.0,
    0.0,
    0.0,
    0.0,
    0.0,
    0.0,
    0.0,
    0.0,
    0.0,
    0.0,
    0.0,
    0.0,
    0.0
  ],
  "shap_scale_factor": [
    0.030529813458141538,
    0.004237265216176936,
    0.001095434217988709,
    0.00019024056637940022,
    3.5442931773881214e-05,
    1.6811254239942876e-05,
    2.6478498331165057e-06,
    3.3817036173702195e-06,
    3.0979804144098637e-06,
    1.400980406515055e-06,
    1.8469612507238626e-06,
    2.8246189061077314e-06,
    2.633255354359711e-06
  ],
  "shap_contribution": [
    7.777193608445292e-07,
    1.3565946348809937e-07,
    4.974206441981417e-08,
    1.0451307091588876e-08,
    2.2926988075901355e-09,
    1.2527343874548157e-09,
    2.2354286056165089e-10,
    3.1622097487649896e-10,
    3.222827421600627e-10,
    1.5913854485175412e-10,
    2.2737088458293127e-10,
    3.6347493021346034e-10,
    3.374406687852478e-10
  ],
  "tikhonov_contribution": [
    0.0,
    0.0,
    0.0,
    0.0,
    0.0,
    0.0,
    0.0,
    0.0,
    0.0,
    0.0,
    0.0,
    0.0,
    0.0
  ],
  "nonnegativity_contribution": [
    0.0,
    0.0,
    0.0,
    0.0,
    0.0,
    0.0,
    0.0,
    0.0,
    0.0,
    0.0,
    0.0,
    0.0,
    0.0
  ],
  "regularization_share": [
    0.09010021772481812,
    0.09076218278427496,
    0.09022861913676736,
    0.09012066118935033,
    0.09010360915462241,
    0.09010323382903881,
    0.09009042833964506,
    0.09009349650639396,
    0.09009684458663289,
    0.0900848964518847,
    0.09044877280725615,
    0.09009374511388797,
    0.08847062710172285
  ],
  "accuracy_guard_loss": [
    0.5169003740593325,
    0.052107893341079556,
    0.02589468397543117,
    0.0038479435808410145,
    0.0008112878924586246,
    0.00032486886976812457,
    3.568798273282222e-05,
    6.881716262796544e-05,
    4.2743253987152586e-05,
    1.7577403606797555e-05,
    2.37195669805195e-05,
    4.0842646951335026e-05,
    3.600994698769812e-05
  ],
  "accuracy_guard_contribution": [
    0.05169116458481377,
    0.00521191960316563,
    0.0025905999848094196,
    0.0003859221803159991,
    8.226172098448257e-05,
    3.363036805735321e-05,
    4.712925055676871e-06,
    8.025910545939041e-06,
    5.417162235740339e-06,
    2.890676098234378e-06,
    3.522679207890178e-06,
    5.227709852562157e-06,
    4.714679942959979e-06
  ],
  "distill_loss": [
    0.0,
    0.0,
    0.0,
    0.0,
    0.0,
    0.0,
    0.0,
    0.0,
    0.0,
    0.0,
    0.0,
    0.0,
    0.0
  ],
  "distill_contribution": [
    0.0,
    0.0,
    0.0,
    0.0,
    0.0,
    0.0,
    0.0,
    0.0,
    0.0,
    0.0,
    0.0,
    0.0,
    0.0
  ],
  "gate_entropy": [
    0.0012002976478210517,
    0.001200139056891203,
    0.001200139056891203,
    0.001200139056891203,
    0.001200139056891203,
    0.001200139056891203,
    0.001200139056891203,
    0.001200139056891203,
    0.001200139056891203,
    0.001200139056891203,
    0.001200139056891203,
    0.001200139056891203,
    0.001200139056891203
  ],
  "gate_min": [
    0.9998998407806668,
    0.9998999834060669,
    0.9998999834060669,
    0.9998999834060669,
    0.9998999834060669,
    0.9998999834060669,
    0.9998999834060669,
    0.9998999834060669,
    0.9998999834060669,
    0.9998999834060669,
    0.9998999834060669,
    0.9998999834060669,
    0.9998999834060669
  ],
  "gate_max": [
    0.9998999834060669,
    0.9998999834060669,
    0.9998999834060669,
    0.9998999834060669,
    0.9998999834060669,
    0.9998999834060669,
    0.9998999834060669,
    0.9998999834060669,
    0.9998999834060669,
    0.9998999834060669,
    0.9998999834060669,
    0.9998999834060669,
    0.9998999834060669
  ],
  "gate_anchor_loss": [
    1.0005911892691749e-08,
    1.000331906197971e-08,
    1.000331906197971e-08,
    1.000331906197971e-08,
    1.000331906197971e-08,
    1.000331906197971e-08,
    1.000331906197971e-08,
    1.000331906197971e-08,
    1.000331906197971e-08,
    1.000331906197971e-08,
    1.000331906197971e-08,
    1.000331906197971e-08,
    1.000331906197971e-08
  ],
  "gate_anchor_contribution": [
    5.002955976083991e-10,
    5.001659642012157e-10,
    5.001659642012157e-10,
    5.001659642012157e-10,
    5.001659642012157e-10,
    5.001659642012157e-10,
    5.001659642012157e-10,
    5.001659642012157e-10,
    5.001659642012157e-10,
    5.001659642012157e-10,
    5.001659642012157e-10,
    5.001659642012157e-10,
    5.001659642012157e-10
  ],
  "epoch_accepted": [
    0.0,
    0.0,
    0.0,
    0.0,
    0.0,
    0.0,
    1.0,
    1.0,
    1.0,
    1.0,
    1.0,
    1.0,
    1.0
  ],
  "lr": [
    4e-05,
    2e-05,
    1e-05,
    5e-06,
    2.5e-06,
    1.25e-06,
    1.25e-06,
    1.25e-06,
    1.25e-06,
    1.25e-06,
    1.25e-06,
    1.25e-06,
    1.25e-06
  ],
  "adaptive_gamma": [
    0.00020000000000000006,
    0.00027619047619047626,
    0.00035238095238095243,
    0.0004285714285714286,
    0.0005047619047619047,
    0.0005809523809523809,
    0.0006571428571428572,
    0.0007333333333333334,
    0.0008095238095238098,
    0.000885714285714286,
    0.0009619047619047622,
    0.0010000000000000005,
    0.0010000000000000005
  ],
  "convergence_slowdown": [
    0.2759140253893904,
    0.2759140253893904,
    0.2,
    0.2,
    0.2,
    0.2,
    0.2,
    0.2,
    0.2,
    0.2,
    0.2,
    0.2,
    0.2
  ],
  "shap_consistency": [
    0.12469456777242678,
    0.12708779923351748,
    0.1293874787432807,
    0.12924719162817513,
    0.12920750384884222,
    0.12868721004841582,
    0.1293866241217724,
    0.1288361883988338,
    0.12917630627219165,
    0.12918611975120647,
    0.12879252606736763,
    0.1290103886941714,
    0.12935055892116257
  ],
  "shap_sparsity": [
    0.9165749613727842,
    0.9165749730808395,
    0.9165749709521022,
    0.9165749666946275,
    0.9165749688233648,
    0.9165749720164708,
    0.9165749762739454,
    0.9165749666946275,
    0.9165749645658902,
    0.9165749720164708,
    0.9165749677589962,
    0.9165749624371529,
    0.916574974145208
  ],