{
  "total_loss": [
    0.6765121813741806,
    0.035586523786556815,
    0.008912466678696416,
    0.005248823784800801,
    0.000666314033407746,
    0.0005322561073626275,
    0.0003220302289719257,
    0.00021807458558344348,
    0.0002397852669641257,
    0.00021630987607425465,
    0.0002847071307477173,
    0.00016147229832443242
  ],
  "main_loss": [
    0.6150110906617751,
    0.032351408667994165,
    0.00810227740573412,
    0.00477124587687935,
    0.0006052730731361018,
    0.0004834338247487072,
    0.0002920663495647854,
    0.00019768679356145315,
    0.00021716626474699297,
    0.00019605693333752633,
    0.0002578556778709234,
    0.00014613702205679147
  ],
  "shap_loss": [
    0.033425895630248954,
    0.03345025811410908,
    0.03397212237385767,
    0.03353557306607919,
    0.03344767869982336,
    0.03342353692278266,
    0.032832022955907245,
    0.03332587576005608,
    0.03273901034013501,
    0.03369185850689454,
    0.03344366295329694,
    0.0339240437440042
  ],
  "shap_loss_normalized": [
    0.009313560120062903,
    0.006690051722606378,
    0.006794424569566867,
    0.006707114716326552,
    0.006689535853053842,
    0.006684707477688789,
    0.0065664046768298635,
    0.006665175223523485,
    0.00654780216115926,
    0.006738371793679627,
    0.006688732703748558,
    0.006784808855237705
  ],
  "tikhonov_loss": [
    0.0,
    0.0,
    0.0,
    0.0,
    0.0,
    0.0,
    0.0,
    0.0,
    0.0,
    0.0,
    0.0,
    0.0
  ],
  "nonnegativity_loss": [
    0.0,
    0.0,
    0.0,
    0.0,
    0.0,
    0.0,
    0.0,
    0.0,
    0.0,
    0.0,
    0.0,
    0.0
  ],
  "tikhonov_lambda": [
    0.0,
    0.0,
    0.0,
    0.0,
    0.0,
    0.0,
    0.0,
    0.0,
    0.0,
    0.0,
    0.0,
    0.0
  ],
  "nonnegativity_lambda": [
    0.0,
    0.0,
    0.0,
    0.0,
    0.0,
    0.0,
    0.0,
    0.0,
    0.0,
    0.0,
    0.0,
    0.0
  ],
  "shap_scale_factor": [
    0.2759140253893904,
    0.2,
    0.2,
    0.2,
    0.2,
    0.2,
    0.2,
    0.2,
    0.2,
    0.2,
    0.2,
    0.2
  ],
  "shap_contribution": [
    0.0,
    0.0,
    0.0,
    5.032383905780234e-07,
    5.373666311925263e-07,
    4.784012185764044e-07,
    7.567457878110417e-07,
    6.186138313982578e-07,
    9.06867172340802e-07,
    6.467486992940101e-07,
    1.065383311222539e-06,
    7.210758867464457e-07
  ],
  "tikhonov_contribution": [
    0.0,
    0.0,
    0.0,
    0.0,
    0.0,
    0.0,
    0.0,
    0.0,
    0.0,
    0.0,
    0.0,
    0.0
  ],
  "nonnegativity_contribution": [
    0.0,
    0.0,
    0.0,
    0.0,
    0.0,
    0.0,
    0.0,
    0.0,
    0.0,
    0.0,
    0.0,
    0.0
  ],
  "regularization_share": [
    0.0900976505828185,
    0.09009752418189325,
    0.0900973556036637,
    0.09067689390959585,
    0.09189150906060095,
    0.09279067432971104,
    0.0954662369654169,
    0.09559022825421618,
    0.09812080518103915,
    0.09702824292453635,
    0.09822425160312542,
    0.09682065400681365
  ],
  "accuracy_guard_loss": [
    0.614976894488791,
    0.03231722004758402,
    0.008068064279931215,
    0.004737064529081181,
    0.0005710625341959842,
    0.00044919541621116617,
    0.0002578595650025558,
    0.00016347800783478306,
    0.0001829385939475157,
    0.0001618108828194766,
    0.00022360603187670286,
    0.00011189948361334245
  ],
  "accuracy_guard_contribution": [
    0.061501094897591556,
    0.0032351150931780076,
    0.0008101888132452066,
    0.00047707415845366086,
    6.050309260428678e-05,
    4.834338321708336e-05,
    2.920663541569216e-05,
    1.9768679584737064e-05,
    2.1711637738722595e-05,
    1.9605693676031217e-05,
    2.57855683035554e-05,
    1.4613702491926364e-05
  ],
  "distill_loss": [
    0.0,
    0.0,
    0.0,
    0.0,
    0.0,
    0.0,
    0.0,
    0.0,
    0.0,
    0.0,
    0.0,
    0.0
  ],
  "distill_contribution": [
    0.0,
    0.0,
    0.0,
    0.0,
    0.0,
    0.0,
    0.0,
    0.0,
    0.0,
    0.0,
    0.0,
    0.0
  ],
  "gate_entropy": [
    0.001200202919010605,
    0.001200139056891203,
    0.001200139056891203,
    0.001200139056891203,
    0.001200139056891203,
    0.001200139056891203,
    0.001200139056891203,
    0.001200139056891203,
    0.001200139056891203,
    0.001200139056891203,
    0.001200139056891203,
    0.001200139056891203
  ],
  "gate_min": [
    0.9998998982565743,
    0.9998999834060669,
    0.9998999834060669,
    0.9998999834060669,
    0.9998999834060669,
    0.9998999834060669,
    0.9998999834060669,
    0.9998999834060669,
    0.9998999834060669,
    0.9998999834060669,
    0.9998999834060669,
    0.9998999834060669
  ],
  "gate_max": [
    0.9999000153371266,
    0.9998999834060669,
    0.9998999834060669,
    0.9998999834060669,
    0.9998999834060669,
    0.9998999834060669,
    0.9998999834060669,
    0.9998999834060669,
    0.9998999834060669,
    0.9998999834060669,
    0.9998999834060669,
    0.9998999834060669
  ],
  "gate_anchor_loss": [
    1.0004385684960125e-08,
    1.000331906197971e-08,
    1.000331906197971e-08,
    1.000331906197971e-08,
    1.000331906197971e-08,
    1.000331906197971e-08,
    1.000331906197971e-08,
    1.000331906197971e-08,
    1.000331906197971e-08,
    1.000331906197971e-08,
    1.000331906197971e-08,
    1.000331906197971e-08
  ],
  "gate_anchor_contribution": [
    5.00219292574679e-10,
    5.001659642012157e-10,
    5.001659642012157e-10,
    5.001659642012157e-10,
    5.001659642012157e-10,
    5.001659642012157e-10,
    5.001659642012157e-10,
    5.001659642012157e-10,
    5.001659642012157e-10,
    5.001659642012157e-10,
    5.001659642012157e-10,
    5.001659642012157e-10
  ],
  "q_err_entropy": [
    1.7575690182191985,
    1.7723244960818971,
    1.770216086081096,
    1.770370602607727,
    1.7819137903196471,
    1.7780087813735008,
    1.7763455584645271,
    1.7751641965338163,
    1.7825409578425544,
    1.7686655968427658,
    1.7734788986189025,
    1.7676440828612872
  ],
  "q_err_gini": [
    0.6277646124362946,
    0.6240529338163989,
    0.624515389757497,
    0.6238681509026459,
    0.61924545360463,
    0.6221899454082761,
    0.6227631499724728,
    0.6216668300330639,
    0.6198528041797025,
    0.625024929110493,
    0.6240835221750396,
    0.6256525814533234
  ],
  "q_err_corr": [
    0.8904035950566197,
    0.912178889981338,
    0.9230371729603836,
    0.9142237875078406,
    0.9147876671382359,
    0.9126442394086293,
    0.917190069598811,
    0.9157503348376069,
    0.926082187465259,
    0.9079501793852874,
    0.9026199259928295,
    0.9151910660522324
  ],
  "p_q_corr": [
    0.8275034959827151,
    0.8294338977762631,
    0.8263899753136295,
    0.8287619676973138,
    0.829330558755568,
    0.8296966270676681,
    0.8329392852527755,
    0.8298300674983433,
    0.8328859779451575,
    0.8278358046497617,
    0.829454818474395,
    0.8264534989637988
  ],
  "ea_ratio": [
    0.0,
    0.0,
    0.0,
    0.0007004594390492359,
    0.002172778623454568,
    0.002289667152191604,
    0.005586549245500854,
    0.005716146540570273,
    0.008947385525711329,
    0.007499222631720061,
    0.008988650789563377,
    0.007224051525034676
  ],
  "main_grad_norm": [
    8956.875504334768,
    3585.9469389915466,
    1327.0339803695679,
    914.1797364552816,
    482.8038992881775,
    209.4778149922689,
    330.01217524210614,
    263.3800226847331,
    288.36993916829425,
    177.78066126505533,
    350.6735534667969,
    188.02029673258463
  ],
  "ea_grad_norm": [
    29.504430135091145,
    18.85157871246338,
    20.85897747675578,
    19.612437566121418,
    21.610830307006836,
    21.774526913960774,
    21.61269696553548,
    22.232176144917805,
    20.296329498291016,
    20.69188944498698,
    21.170565287272137,
    23.244760513305664
  ],