{
  "total_loss": [
    0.4492615694936798,
    0.03071704783893178,
    0.020333268111122443,
    0.0030215685910336887,
    0.0009031879310928811,
    0.000131007791229162,
    0.000133546260453191,
    0.00011119639957866769,
    0.0001282324405532823,
    0.0002352788448791086,
    0.00012166658062337124,
    4.919776849224685e-05,
    5.727228533812324e-05
  ],
  "main_loss": [
    0.40841961892406936,
    0.02792459757186602,
    0.018484797328864846,
    0.0027462133374293834,
    0.0008194921160631046,
    0.00011534411698578748,
    0.00011822254738750157,
    9.762597798206636e-05,
    0.00011272599225061899,
    0.0002096123631807651,
    0.00010599795153406635,
    3.9887815473451026e-05,
    4.7311998197788595e-05
  ],
  "shap_loss": [
    0.025877185930897082,
    0.025704002157518908,
    0.026143951890324906,
    0.0263795329457415,
    0.026246918930805156,
    0.025823096179270318,
    0.026637741580738554,
    0.025959030675169612,
    0.026147152995690703,
    0.026559044889706587,
    0.02634530479554087,
    0.026603357483898953,
    0.02622971331168498
  ],
  "shap_loss_normalized": [
    0.007335675932284046,
    0.006994024977237652,
    0.007195050216978416,
    0.005275906674796715,
    0.005249383896755587,
    0.007121411763364449,
    0.005327548390986132,
    0.005191806217356186,
    0.0052294306723134855,
    0.0053118090768943405,
    0.005269061050577355,
    0.005320671592406663,
    0.005245942751311564
  ],
  "tikhonov_loss": [
    0.0,
    0.0,
    0.0,
    0.0,
    0.0,
    0.0,
    0.0,
    0.0,
    0.0,
    0.0,
    0.0,
    0.0,
    0.0
  ],
  "nonnegativity_loss": [
    0.0,
    0.0,
    0.0,
    0.0,
    0.0,
    0.0,
    0.0,
    0.0,
    0.0,
    0.0,
    0.0,
    0.0,
    0.0
  ],
  "tikhonov_lambda": [
    0.0,
    0.0,
    0.0,
    0.0,
    0.0,
    0.0,
    0.0,
    0.0,
    0.0,
    0.0,
    0.0,
    0.0,
    0.0
  ],
  "nonnegativity_lambda": [
    0.0,
    0.0,
    0.0,
    0.0,
    0.0,
    0.0,
    0.0,
    0.0,
    0.0,
    0.0,
    0.0,
    0.0,
    0.0
  ],
  "shap_scale_factor": [
    0.2759140253893904,
    0.2759140253893904,
    0.2759140253893904,
    0.2,
    0.2,
    0.2759140253893904,
    0.2,
    0.2,
    0.2,
    0.2,
    0.2,
    0.2,
    0.2
  ],
  "shap_contribution": [
    0.0,
    0.0,
    0.0,
    7.537009655119878e-07,
    1.766459291729916e-06,
    4.13720114116651e-06,
    3.500960269369508e-06,
    3.8073246396866774e-06,
    4.2333485907875e-06,
    4.704745305973899e-06,
    5.068334920516853e-06,
    5.320671846220648e-06,
    5.245942994796289e-06
  ],
  "tikhonov_contribution": [
    0.0,
    0.0,
    0.0,
    0.0,
    0.0,
    0.0,
    0.0,
    0.0,
    0.0,
    0.0,
    0.0,
    0.0,
    0.0
  ],
  "nonnegativity_contribution": [
    0.0,
    0.0,
    0.0,
    0.0,
    0.0,
    0.0,
    0.0,
    0.0,
    0.0,
    0.0,
    0.0,
    0.0,
    0.0
  ],
  "regularization_share": [
    0.09009773362138304,
    0.09009776812953281,
    0.09009773350009212,
    0.0908845967118231,
    0.0979812026286052,
    0.1357434084750212,
    0.1304865467687568,
    0.14278862947648344,
    0.14714462659561525,
    0.13419702534606484,
    0.14525714532697645,
    0.205129148322056,
    0.20523401142738237
  ],
  "accuracy_guard_loss": [
    0.40840067306375466,
    0.027905658868673657,
    0.018465852184817777,
    0.0027272630646361256,
    0.0008005439417664613,
    9.638772107629328e-05,
    9.926852705380693e-05,
    7.867026336530866e-05,
    9.37646167033433e-05,
    0.00019065466411965254,
    8.703457756707524e-05,
    2.094027265034778e-05,
    2.836140427169604e-05
  ],
  "accuracy_guard_contribution": [
    0.04084195098559056,
    0.0027924498016156057,
    0.0018484705077282473,
    0.00027460105932927296,
    8.192886317967154e-05,
    1.1525972813127997e-05,
    1.1822254933235854e-05,
    9.762597974218221e-06,
    1.1272599427871097e-05,
    2.096123665142256e-05,
    1.0599795355606797e-05,
    3.988781606218643e-06,
    4.713844635010186e-06
  ],
  "distill_loss": [
    0.0,
    0.0,
    0.0,
    0.0,
    0.0,
    0.0,
    0.0,
    0.0,
    0.0,
    0.0,
    0.0,
    0.0,
    0.0
  ],
  "distill_contribution": [
    0.0,
    0.0,
    0.0,
    0.0,
    0.0,
    0.0,
    0.0,
    0.0,
    0.0,
    0.0,
    0.0,
    0.0,
    0.0
  ],
  "gate_entropy": [
    0.0012002848753971712,
    0.001200139056891203,
    0.001200139056891203,
    0.001200139056891203,
    0.001200139056891203,
    0.001200139056891203,
    0.001200139056891203,
    0.001200139056891203,
    0.001200139056891203,
    0.001200139056891203,
    0.001200139056891203,
    0.001200139056891203,
    0.001200139056891203
  ],
  "gate_min": [
    0.9998998780335698,
    0.9998999834060669,
    0.9998999834060669,
    0.9998999834060669,
    0.9998999834060669,
    0.9998999834060669,
    0.9998999834060669,
    0.9998999834060669,
    0.9998999834060669,
    0.9998999834060669,
    0.9998999834060669,
    0.9998999834060669,
    0.9998999834060669
  ],
  "gate_max": [
    0.9999000760061401,
    0.9998999834060669,
    0.9998999834060669,
    0.9998999834060669,
    0.9998999834060669,
    0.9998999834060669,
    0.9998999834060669,
    0.9998999834060669,
    0.9998999834060669,
    0.9998999834060669,
    0.9998999834060669,
    0.9998999834060669,
    0.9998999834060669
  ],
  "gate_anchor_loss": [
    1.000570063311049e-08,
    1.000331906197971e-08,
    1.000331906197971e-08,
    1.000331906197971e-08,
    1.000331906197971e-08,
    1.000331906197971e-08,
    1.000331906197971e-08,
    1.000331906197971e-08,
    1.000331906197971e-08,
    1.000331906197971e-08,
    1.000331906197971e-08,
    1.000331906197971e-08,
    1.000331906197971e-08
  ],
  "gate_anchor_contribution": [
    5.002850499940298e-10,
    5.001659642012157e-10,
    5.001659642012157e-10,
    5.001659642012157e-10,
    5.001659642012157e-10,
    5.001659642012157e-10,
    5.001659642012157e-10,
    5.001659642012157e-10,
    5.001659642012157e-10,
    5.001659642012157e-10,
    5.001659642012157e-10,
    5.001659642012157e-10,
    5.001659642012157e-10
  ],
  "q_err_entropy": [
    1.9896740423781532,
    2.0271468652146205,
    2.0238499896866933,
    2.0315112652523175,
    2.030736074915954,
    2.0372491212827817,
    2.0210938613329614,
    2.03093095017331,
    2.0278440351997102,
    2.029964690761907,
    2.0288694202899933,
    2.025382055767945,
    2.030496976205281
  ],
  "q_err_gini": [
    0.518886356481484,
    0.5045018927859408,
    0.506437782730375,
    0.5017043607575553,
    0.5014902986586094,
    0.4992296661117247,
    0.5077576693147421,
    0.5030361770519188,
    0.5047536468399423,
    0.5029671418347529,
    0.5034995025822094,
    0.5065058884876115,
    0.502480635419488
  ],
  "q_err_corr": [
    0.8981407305544561,
    0.9466530515679291,
    0.9466490697647844,
    0.960166377148458,
    0.951449735888413,
    0.9469257220625877,
    0.9563439940767628,
    0.949176164077861,
    0.9519201873668602,
    0.9540510470313686,
    0.9450719021260738,
    0.9491496751351016,
    0.9536787548235485
  ],
  "p_q_corr": [
    0.8909448677940028,
    0.8931644095906189,
    0.890891431165593,
    0.8903786513422217,
    0.890472528657743,
    0.8930467324597495,
    0.8882204240986279,
    0.8918591673885073,
    0.8909564837813377,
    0.8893705207322326,
    0.8899300274040017,
    0.8888622687331268,
    0.890850906925542
  ],
  "ea_ratio": [
    0.0,
    0.0,
    0.0,
    0.0009024866043806209,
    0.009616925093203983,
    0.06664645355028499,
    0.05166515675955452,
    0.06849256538719471,
    0.07423530801315792,
    0.057125203887283406,
    0.07194660048532699,
    0.1618873519556863,
    0.16486470058693417
  ],