{
  "total_loss": [
    0.6765121813741806,
    0.035586523786556815,
    0.008912466678696416,
    0.00522488452923296,
    0.001325044918758067,
    0.0001995471474336747,
    0.0001454348640988558,
    0.00015365812558749376,
    6.988881242315463e-05,
    0.0001249903129649153,
    9.244432356224155e-05,
    9.162801550896152e-05,
    9.018296623253264e-05
  ],
  "main_loss": [
    0.6150110906617751,
    0.032351408667994165,
    0.00810227740573412,
    0.0047499367088091405,
    0.0012046058967436174,
    0.00018146867189118763,
    0.00013221258208367153,
    0.00013968822713650297,
    6.358980666781073e-05,
    0.00011365433017220181,
    8.403932773554905e-05,
    8.329721726698023e-05,
    8.201123112680111e-05
  ],
  "shap_loss": [
    0.033425895630248954,
    0.03345025811410908,
    0.03397212237385767,
    0.03352972441020289,
    0.03345794671414686,
    0.0334053748187476,
    0.03281826697223421,
    0.03331763367168605,
    0.03272963391749987,
    0.033692123202074854,
    0.03344390182090657,
    0.03392474860551634,
    0.03403586806130728
  ],
  "shap_loss_normalized": [
    0.004757301302350113,
    0.00015403761868323533,
    3.94309546923718e-05,
    2.896900443667099e-05,
    6.445159369507435e-06,
    1.3457760315662069e-06,
    7.994419825812267e-07,
    7.833196499059827e-07,
    4.521356376281054e-07,
    6.941008080677388e-07,
    5.863186898531174e-07,
    5.7777622686217e-07,
    5.919332899395613e-07
  ],
  "tikhonov_loss": [
    0.0,
    0.0,
    0.0,
    0.0,
    0.0,
    0.0,
    0.0,
    0.0,
    0.0,
    0.0,
    0.0,
    0.0,
    0.0
  ],
  "nonnegativity_loss": [
    0.0,
    0.0,
    0.0,
    0.0,
    0.0,
    0.0,
    0.0,
    0.0,
    0.0,
    0.0,
    0.0,
    0.0,
    0.0
  ],
  "tikhonov_lambda": [
    0.0,
    0.0,
    0.0,
    0.0,
    0.0,
    0.0,
    0.0,
    0.0,
    0.0,
    0.0,
    0.0,
    0.0,
    0.0
  ],
  "nonnegativity_lambda": [
    0.0,
    0.0,
    0.0,
    0.0,
    0.0,
    0.0,
    0.0,
    0.0,
    0.0,
    0.0,
    0.0,
    0.0,
    0.0
  ],
  "shap_scale_factor": [
    0.14041262245741903,
    0.004682954731237583,
    0.0011878985199121448,
    0.0008955420307838809,
    0.00019658600737601788,
    4.205277814343276e-05,
    2.4856760716479792e-05,
    2.4294604523396326e-05,
    1.4073514641930777e-05,
    2.091825578410357e-05,
    1.786462322534919e-05,
    1.721044907260485e-05,
    1.771810058115074e-05
  ],
  "shap_contribution": [
    0.0,
    0.0,
    0.0,
    4.138429282794589e-09,
    2.1688472228482372e-09,
    7.818317947415134e-10,
    5.253475739747898e-10,
    5.744344246304069e-10,
    3.6601456042593764e-10,
    6.147750193343951e-10,
    5.639827399737753e-10,
    5.777762554107621e-10,
    5.919333180856975e-10
  ],
  "tikhonov_contribution": [
    0.0,
    0.0,
    0.0,
    0.0,
    0.0,
    0.0,
    0.0,
    0.0,
    0.0,
    0.0,
    0.0,
    0.0,
    0.0
  ],
  "nonnegativity_contribution": [
    0.0,
    0.0,
    0.0,
    0.0,
    0.0,
    0.0,
    0.0,
    0.0,
    0.0,
    0.0,
    0.0,
    0.0,
    0.0
  ],
  "regularization_share": [
    0.0900976505828185,
    0.09009752418189325,
    0.0900973556036637,
    0.09010171961876964,
    0.09010080542155897,
    0.08928802589218268,
    0.09090904976481799,
    0.09090893336579027,
    0.0891474625538087,
    0.09045598723104932,
    0.09090929597467332,
    0.09090952636971027,
    0.09009835727394418
  ],
  "accuracy_guard_loss": [
    0.614976894488791,
    0.03231722004758402,
    0.008068064279931215,
    0.004715755352728073,
    0.0011703953589078861,
    0.00014723349076055975,
    9.800579638457358e-05,
    0.00010547944119870018,
    2.9387263566604815e-05,
    7.940828014138137e-05,
    4.9789683203016466e-05,
    4.905967867736243e-05,
    4.7801143279814695e-05
  ],
  "accuracy_guard_contribution": [
    0.061501094897591556,
    0.0032351150931780076,
    0.0008101888132452066,
    0.00047494324255532253,
    0.00012043637620503691,
    1.8077194754693793e-05,
    1.3221258370776923e-05,
    1.3968823018168613e-05,
    6.298139747887685e-06,
    1.1334870519265547e-05,
    8.403932917693574e-06,
    8.329721852971619e-06,
    8.17064412014393e-06
  ],
  "distill_loss": [
    0.0,
    0.0,
    0.0,
    0.0,
    0.0,
    0.0,
    0.0,
    0.0,
    0.0,
    0.0,
    0.0,
    0.0,
    0.0
  ],
  "distill_contribution": [
    0.0,
    0.0,
    0.0,
    0.0,
    0.0,
    0.0,
    0.0,
    0.0,
    0.0,
    0.0,
    0.0,
    0.0,
    0.0
  ],
  "gate_entropy": [
    0.001200202919010605,
    0.001200139056891203,
    0.001200139056891203,
    0.001200139056891203,
    0.001200139056891203,
    0.001200139056891203,
    0.001200139056891203,
    0.001200139056891203,
    0.001200139056891203,
    0.001200139056891203,
    0.001200139056891203,
    0.001200139056891203,
    0.001200139056891203
  ],
  "gate_min": [
    0.9998998982565743,
    0.9998999834060669,
    0.9998999834060669,
    0.9998999834060669,
    0.9998999834060669,
    0.9998999834060669,
    0.9998999834060669,
    0.9998999834060669,
    0.9998999834060669,
    0.9998999834060669,
    0.9998999834060669,
    0.9998999834060669,
    0.9998999834060669
  ],
  "gate_max": [
    0.9999000153371266,
    0.9998999834060669,
    0.9998999834060669,
    0.9998999834060669,
    0.9998999834060669,
    0.9998999834060669,
    0.9998999834060669,
    0.9998999834060669,
    0.9998999834060669,
    0.9998999834060669,
    0.9998999834060669,
    0.9998999834060669,
    0.9998999834060669
  ],
  "gate_anchor_loss": [
    1.0004385684960125e-08,
    1.000331906197971e-08,
    1.000331906197971e-08,
    1.000331906197971e-08,
    1.000331906197971e-08,
    1.000331906197971e-08,
    1.000331906197971e-08,
    1.000331906197971e-08,
    1.000331906197971e-08,
    1.000331906197971e-08,
    1.000331906197971e-08,
    1.000331906197971e-08,
    1.000331906197971e-08
  ],
  "gate_anchor_contribution": [
    5.00219292574679e-10,
    5.001659642012157e-10,
    5.001659642012157e-10,
    5.001659642012157e-10,
    5.001659642012157e-10,
    5.001659642012157e-10,
    5.001659642012157e-10,
    5.001659642012157e-10,
    5.001659642012157e-10,
    5.001659642012157e-10,
    5.001659642012157e-10,
    5.001659642012157e-10,
    5.001659642012157e-10
  ],
  "q_err_entropy": [
    1.7575690182191985,
    1.7723244960818971,
    1.770216086081096,
    1.7704678188477243,
    1.781950691980975,
    1.778286015348775,
    1.7766097847904478,
    1.7752694945250238,
    1.7826268853885787,
    1.7686903444784028,
    1.7735224312969617,
    1.767621202128274,
    1.7697485908865929
  ],
  "q_err_gini": [
    0.6277646124362946,
    0.6240529338163989,
    0.624515389757497,
    0.6238710832382951,
    0.6191970594227314,
    0.6220769844949245,
    0.6226694174110889,
    0.6216057890227863,
    0.6198155475514275,
    0.6250233809862819,
    0.6240606723087174,
    0.6256684724773679,
    0.6248574954058442
  ],
  "q_err_corr": [
    0.8904035950566197,
    0.912178889981338,
    0.9230371729603836,
    0.9142179084675652,
    0.9145673337791648,
    0.9124774283596447,
    0.917073412665299,
    0.9157410295946258,
    0.9259807164115565,
    0.9080504993242877,
    0.9025529202605996,
    0.9151596858033112,
    0.9203109900866236
  ],
  "p_q_corr": [
    0.8275034959827151,
    0.8294338977762631,
    0.8263899753136295,
    0.82877634412476,
    0.8292866934623037,
    0.8297909253409931,
    0.8330119550228119,
    0.829860479171787,
    0.8329338133335114,
    0.8278207848114627,
    0.8294536998229367,
    0.8264541088470391,
    0.8263393895966666
  ],
  "ea_ratio": [
    0.0,
    0.0,
    0.0,
    5.460969348217556e-06,
    4.5728832388038295e-06,
    6.758629772158591e-06,
    5.639934542500669e-06,
    5.6314508114496675e-06,
    6.511990408496006e-06,
    6.877313693515978e-06,
    8.266862987430354e-06,
    8.736063770291886e-06,
    8.9551906674907e-06
  ],