{
  "total_loss": [
    0.5207859034610139,
    0.05708630846506172,
    0.005946998407872732,
    0.002934469560110691,
    0.0009127453281832589,
    0.00016415761795737386,
    0.000118624304588723,
    0.0002657035036171302,
    0.00012822689112519065,
    0.00023030264597829437,
    8.169312446528108e-05,
    9.382397031134002e-05,
    0.00010254732926893797
  ],
  "main_loss": [
    0.4734417501024869,
    0.051896657498819616,
    0.005406370842836493,
    0.002667709584833184,
    0.0008297832986597443,
    0.00014924648501489304,
    0.0001078394617154897,
    0.00024154725308887594,
    0.00011656891397901095,
    0.00020939615158762796,
    7.433712016791105e-05,
    8.531315217753997e-05,
    9.325112522771763e-05
  ],
  "shap_loss": [
    0.03748426651249507,
    0.03514790468450103,
    0.0340284018145342,
    0.03295743006414601,
    0.03394450036077095,
    0.033537906544682174,
    0.033075500396080315,
    0.03386202775540629,
    0.03295288730545768,
    0.03387169069277921,
    0.033415945645953925,
    0.03430532896891236,
    0.03409718188257622
  ],
  "shap_loss_normalized": [
    0.004401919262387517,
    0.0004558554699412655,
    0.00013041441333630895,
    1.3044759382653734e-05,
    5.351939454913333e-06,
    1.0226012534531037e-06,
    6.041358679352373e-07,
    1.3957459637582912e-06,
    7.244810242517425e-07,
    1.2632877448887875e-06,
    5.946476352594995e-07,
    6.208037314690631e-07,
    6.393764578100607e-07
  ],
  "tikhonov_loss": [
    0.0,
    0.0,
    0.0,
    0.0,
    0.0,
    0.0,
    0.0,
    0.0,
    0.0,
    0.0,
    0.0,
    0.0,
    0.0
  ],
  "nonnegativity_loss": [
    0.0,
    0.0,
    0.0,
    0.0,
    0.0,
    0.0,
    0.0,
    0.0,
    0.0,
    0.0,
    0.0,
    0.0,
    0.0
  ],
  "tikhonov_lambda": [
    0.0,
    0.0,
    0.0,
    0.0,
    0.0,
    0.0,
    0.0,
    0.0,
    0.0,
    0.0,
    0.0,
    0.0,
    0.0
  ],
  "nonnegativity_lambda": [
    0.0,
    0.0,
    0.0,
    0.0,
    0.0,
    0.0,
    0.0,
    0.0,
    0.0,
    0.0,
    0.0,
    0.0,
    0.0
  ],
  "shap_scale_factor": [
    0.10604256225285773,
    0.013704158093662405,
    0.0037702711765061517,
    0.0004150893797939794,
    0.00016606811760968814,
    3.13638856900029e-05,
    1.8941532099869988e-05,
    4.242424307078608e-05,
    2.3110474992510135e-05,
    3.918629506120295e-05,
    1.872125895638403e-05,
    1.8978864533229663e-05,
    1.9570357241393108e-05
  ],
  "shap_contribution": [
    0.0,
    0.0,
    0.0,
    1.8635370806009887e-09,
    1.800970051662227e-09,
    5.940826370029858e-10,
    3.970035575086493e-10,
    1.023547064565073e-09,
    5.864846339231106e-10,
    1.11891203346299e-09,
    5.719943938141205e-10,
    6.208037605806968e-10,
    6.393764865271687e-10
  ],
  "tikhonov_contribution": [
    0.0,
    0.0,
    0.0,
    0.0,
    0.0,
    0.0,
    0.0,
    0.0,
    0.0,
    0.0,
    0.0,
    0.0,
    0.0
  ],
  "nonnegativity_contribution": [
    0.0,
    0.0,
    0.0,
    0.0,
    0.0,
    0.0,
    0.0,
    0.0,
    0.0,
    0.0,
    0.0,
    0.0,
    0.0
  ],
  "regularization_share": [
    0.09009762033596143,
    0.09009764856953166,
    0.0900975741810095,
    0.09010025461283086,
    0.09010292245310311,
    0.0900992555258648,
    0.09090732415758818,
    0.09091124208246416,
    0.09090968173296278,
    0.0901012559470826,
    0.08968929650542055,
    0.09009879919028337,
    0.0900985665158526
  ],
  "accuracy_guard_loss": [
    0.47341375103236977,
    0.05186864514014035,
    0.005378318688469465,
    0.002639594333361726,
    0.0008016551287417835,
    0.000121063931219721,
    7.963407330992465e-05,
    0.00021336584981262213,
    8.839697503455162e-05,
    0.0001812136883277812,
    4.6152628807963735e-05,
    5.7127476290068966e-05,
    6.511789951803491e-05
  ],
  "accuracy_guard_contribution": [
    0.047344157766669275,
    0.0051896509049324125,
    0.0005406270170007181,
    0.0002667576151143943,
    8.295973320165169e-05,
    1.4910041859447379e-05,
    1.078394630939426e-05,
    2.415472572079937e-05,
    1.1656891538385545e-05,
    2.0904874685153834e-05,
    7.354932547189362e-06,
    8.509698394578078e-06,
    9.295066530309473e-06
  ],
  "distill_loss": [
    0.0,
    0.0,
    0.0,
    0.0,
    0.0,
    0.0,
    0.0,
    0.0,
    0.0,
    0.0,
    0.0,
    0.0,
    0.0
  ],
  "distill_contribution": [
    0.0,
    0.0,
    0.0,
    0.0,
    0.0,
    0.0,
    0.0,
    0.0,
    0.0,
    0.0,
    0.0,
    0.0,
    0.0
  ],
  "gate_entropy": [
    0.0012002305925956794,
    0.001200139056891203,
    0.001200139056891203,
    0.001200139056891203,
    0.001200139056891203,
    0.001200139056891203,
    0.001200139056891203,
    0.001200139056891203,
    0.001200139056891203,
    0.001200139056891203,
    0.001200139056891203,
    0.001200139056891203,
    0.001200139056891203
  ],
  "gate_min": [
    0.9998999152864728,
    0.9998999834060669,
    0.9998999834060669,
    0.9998999834060669,
    0.9998999834060669,
    0.9998999834060669,
    0.9998999834060669,
    0.9998999834060669,
    0.9998999834060669,
    0.9998999834060669,
    0.9998999834060669,
    0.9998999834060669,
    0.9998999834060669
  ],
  "gate_max": [
    0.9998999834060669,
    0.9998999834060669,
    0.9998999834060669,
    0.9998999834060669,
    0.9998999834060669,
    0.9998999834060669,
    0.9998999834060669,
    0.9998999834060669,
    0.9998999834060669,
    0.9998999834060669,
    0.9998999834060669,
    0.9998999834060669,
    0.9998999834060669
  ],
  "gate_anchor_loss": [
    1.0004810519730661e-08,
    1.000331906197971e-08,
    1.000331906197971e-08,
    1.000331906197971e-08,
    1.000331906197971e-08,
    1.000331906197971e-08,
    1.000331906197971e-08,
    1.000331906197971e-08,
    1.000331906197971e-08,
    1.000331906197971e-08,
    1.000331906197971e-08,
    1.000331906197971e-08,
    1.000331906197971e-08
  ],
  "gate_anchor_contribution": [
    5.002405295551071e-10,
    5.001659642012157e-10,
    5.001659642012157e-10,
    5.001659642012157e-10,
    5.001659642012157e-10,
    5.001659642012157e-10,
    5.001659642012157e-10,
    5.001659642012157e-10,
    5.001659642012157e-10,
    5.001659642012157e-10,
    5.001659642012157e-10,
    5.001659642012157e-10,
    5.001659642012157e-10
  ],
  "q_err_entropy": [
    1.7315323523112707,
    1.7366492354444094,
    1.7690914603216308,
    1.7818791419267654,
    1.767135897917407,
    1.7709163704088755,
    1.785113473023687,
    1.7585350711430823,
    1.7845118716359138,
    1.7684812088097845,
    1.7677079779761178,
    1.759087581719671,
    1.7547222971916199
  ],
  "q_err_gini": [
    0.628301274563585,
    0.6260664739779064,
    0.6134871249752385,
    0.6094251173947539,
    0.6132937286581311,
    0.6124754792877606,
    0.6083749963768891,
    0.6172598866479737,
    0.6081797209169183,
    0.6142431183585099,
    0.6143592686525413,
    0.6168025114706585,
    0.6177799861345973
  ],
  "q_err_corr": [
    0.958420155284641,
    0.96226328132408,
    0.9680445843509266,
    0.9685717799833843,
    0.9655786103435925,
    0.9653582429247243,
    0.9646122365125588,
    0.9637263890888009,
    0.9725395904055664,
    0.9645063350243228,
    0.9695405177772045,
    0.960477316485984,
    0.9572848773428372
  ],
  "p_q_corr": [
    0.6135791138346706,
    0.6549891526145595,
    0.6596646620226758,
    0.6637184188834259,
    0.6560105620218175,
    0.6610916342054095,
    0.6607148181647062,
    0.6612325981259346,
    0.6626736516399043,
    0.6594022131924119,
    0.6639870910772255,
    0.6572795672608274,
    0.6623013360159737
  ],
  "ea_ratio": [
    0.0,
    0.0,
    0.0,
    3.4044188783610707e-06,
    8.021731835482018e-06,
    6.7644714870799106e-06,
    5.535885593742153e-06,
    7.011146469234778e-06,
    6.623970164249775e-06,
    8.936625391697817e-06,
    1.013295695681141e-05,
    9.82345174398753e-06,
    9.954805999460145e-06
  ],