{
  "total_loss": [
    0.5609454136612483,
    0.040361176240480745,
    0.006140104190405639,
    0.0012358109805258469,
    0.000961953574850278,
    0.0006170293810165666,
    0.0002083244773172867,
    0.00028663626559526686,
    7.007546816696828e-05,
    0.0001224093205272376,
    9.524921907606248e-05,
    9.304517147614076e-05,
    7.075143698135175e-05
  ],
  "main_loss": [
    0.5099503926169291,
    0.03669199250563387,
    0.00558193762344672,
    0.0011229774597398187,
    0.0008740052089868706,
    0.0005592494970707256,
    0.00018887000999256998,
    0.0002590182592549744,
    6.234259471479422e-05,
    0.00011016288840437483,
    8.527794219454725e-05,
    8.386274121871143e-05,
    6.248963359212212e-05
  ],
  "shap_loss": [
    0.032011730945669115,
    0.03152896651798593,
    0.03125499451666006,
    0.03139770395188991,
    0.03093231299759022,
    0.031266596467633335,
    0.031211466145967797,
    0.03131372538129134,
    0.03120862346674715,
    0.031773703206064444,
    0.031925533415882716,
    0.031013186056432978,
    0.031333662469738295
  ],
  "shap_loss_normalized": [
    0.008869789141629423,
    0.006305793412528666,
    0.006250998998958883,
    0.006279540851080258,
    0.008408999968586224,
    0.006253319372522778,
    0.006242293336461964,
    0.006262745188515899,
    0.008741968914234479,
    0.006354740737671298,
    0.00638510677215111,
    0.006202637317723462,
    0.006266732612857595
  ],
  "tikhonov_loss": [
    0.0,
    0.0,
    0.0,
    0.0,
    0.0,
    0.0,
    0.0,
    0.0,
    0.0,
    0.0,
    0.0,
    0.0,
    0.0
  ],
  "nonnegativity_loss": [
    0.0,
    0.0,
    0.0,
    0.0,
    0.0,
    0.0,
    0.0,
    0.0,
    0.0,
    0.0,
    0.0,
    0.0,
    0.0
  ],
  "tikhonov_lambda": [
    0.0,
    0.0,
    0.0,
    0.0,
    0.0,
    0.0,
    0.0,
    0.0,
    0.0,
    0.0,
    0.0,
    0.0,
    0.0
  ],
  "nonnegativity_lambda": [
    0.0,
    0.0,
    0.0,
    0.0,
    0.0,
    0.0,
    0.0,
    0.0,
    0.0,
    0.0,
    0.0,
    0.0,
    0.0
  ],
  "shap_scale_factor": [
    0.2759140253893904,
    0.2,
    0.2,
    0.2,
    0.2759140253893904,
    0.2,
    0.2,
    0.2,
    0.2759140253893903,
    0.2,
    0.2,
    0.2,
    0.2
  ],
  "shap_contribution": [
    0.0,
    0.0,
    0.0,
    5.527484093294431e-07,
    5.606558923787475e-07,
    1.8544347469681303e-06,
    5.669650067525416e-07,
    1.7156785170970222e-06,
    1.5128594955829807e-06,
    1.2296457053854023e-06,
    1.442983437881042e-06,
    7.956571404272543e-07,
    2.0123407250391016e-06
  ],
  "tikhonov_contribution": [
    0.0,
    0.0,
    0.0,
    0.0,
    0.0,
    0.0,
    0.0,
    0.0,
    0.0,
    0.0,
    0.0,
    0.0,
    0.0
  ],
  "nonnegativity_contribution": [
    0.0,
    0.0,
    0.0,
    0.0,
    0.0,
    0.0,
    0.0,
    0.0,
    0.0,
    0.0,
    0.0,
    0.0,
    0.0
  ],
  "regularization_share": [
    0.09009769340770839,
    0.09009763302134959,
    0.0900973894651071,
    0.09113210467622114,
    0.09182496974005303,
    0.09639794920512021,
    0.09511228386644126,
    0.10026570050613105,
    0.11738675760454642,
    0.10492677484416205,
    0.1119231644152994,
    0.1046322207138708,
    0.12728436516190583
  ],
  "accuracy_guard_loss": [
    0.509932003283341,
    0.03667359669426722,
    0.005563519563500969,
    0.0011045744035982352,
    0.0008555923031963175,
    0.0005408346112452429,
    0.00017044864314844484,
    0.00024059555115789926,
    4.3926226705285186e-05,
    9.174504746819625e-05,
    6.68624824048233e-05,
    6.544360079325478e-05,
    4.407460548756197e-05
  ],
  "accuracy_guard_contribution": [
    0.05099502681540408,
    0.0036691835071646244,
    0.0005581660286355015,
    0.00011228027968205165,
    8.73872192041095e-05,
    5.5924950666102245e-05,
    1.8887001376453683e-05,
    2.5901826270618195e-05,
    6.219514020244787e-06,
    1.1016288987824347e-05,
    8.527794417797655e-06,
    8.386274247738714e-06,
    6.248963459703256e-06
  ],
  "distill_loss": [
    0.0,
    0.0,
    0.0,
    0.0,
    0.0,
    0.0,
    0.0,
    0.0,
    0.0,
    0.0,
    0.0,
    0.0,
    0.0
  ],
  "distill_contribution": [
    0.0,
    0.0,
    0.0,
    0.0,
    0.0,
    0.0,
    0.0,
    0.0,
    0.0,
    0.0,
    0.0,
    0.0,
    0.0
  ],
  "gate_entropy": [
    0.0012003402225673199,
    0.001200139056891203,
    0.001200139056891203,
    0.001200139056891203,
    0.001200139056891203,
    0.001200139056891203,
    0.001200139056891203,
    0.001200139056891203,
    0.001200139056891203,
    0.001200139056891203,
    0.001200139056891203,
    0.001200139056891203,
    0.001200139056891203
  ],
  "gate_min": [
    0.9998998716473579,
    0.9998999834060669,
    0.9998999834060669,
    0.9998999834060669,
    0.9998999834060669,
    0.9998999834060669,
    0.9998999834060669,
    0.9998999834060669,
    0.9998999834060669,
    0.9998999834060669,
    0.9998999834060669,
    0.9998999834060669,
    0.9998999834060669
  ],
  "gate_max": [
    0.9999000717486654,
    0.9998999834060669,
    0.9998999834060669,
    0.9998999834060669,
    0.9998999834060669,
    0.9998999834060669,
    0.9998999834060669,
    0.9998999834060669,
    0.9998999834060669,
    0.9998999834060669,
    0.9998999834060669,
    0.9998999834060669,
    0.9998999834060669
  ],
  "gate_anchor_loss": [
    1.0006641277498268e-08,
    1.000331906197971e-08,
    1.000331906197971e-08,
    1.000331906197971e-08,
    1.000331906197971e-08,
    1.000331906197971e-08,
    1.000331906197971e-08,
    1.000331906197971e-08,
    1.000331906197971e-08,
    1.000331906197971e-08,
    1.000331906197971e-08,
    1.000331906197971e-08,
    1.000331906197971e-08
  ],
  "gate_anchor_contribution": [
    5.003320748780166e-10,
    5.001659642012157e-10,
    5.001659642012157e-10,
    5.001659642012157e-10,
    5.001659642012157e-10,
    5.001659642012157e-10,
    5.001659642012157e-10,
    5.001659642012157e-10,
    5.001659642012157e-10,
    5.001659642012157e-10,
    5.001659642012157e-10,
    5.001659642012157e-10,
    5.001659642012157e-10
  ],
  "q_err_entropy": [
    1.975613249199731,
    2.0403404789311543,
    2.0412466121571406,
    2.0422978198954036,
    2.0436758420297076,
    2.040477340774877,
    2.0453644884484157,
    2.03999268582889,
    2.0378116880144392,
    2.035029808325427,
    2.0334553526980534,
    2.048151709139347,
    2.0442605497581616
  ],
  "q_err_gini": [
    0.5287139277373042,
    0.5032104248447078,
    0.5027395744941064,
    0.5022199052785125,
    0.5011627559683153,
    0.5033188153590474,
    0.5000393071344921,
    0.5036069399544171,
    0.5047468199793782,
    0.5063800380698272,
    0.50716972324465,
    0.49866569680827005,
    0.5005575453064272
  ],
  "q_err_corr": [
    0.9077027823339712,
    0.9306629640715463,
    0.9336030802556446,
    0.943454018660954,
    0.9319433522011552,
    0.9381737464240619,
    0.9255990130560738,
    0.9424600771495274,
    0.9421409357871328,
    0.9423113028917994,
    0.9407029944871154,
    0.939091393990176,
    0.9447265453636646
  ],
  "p_q_corr": [
    0.7792413436940738,
    0.8107815214565822,
    0.8130911945232323,
    0.8119834789208004,
    0.8156975475805146,
    0.8134646580687591,
    0.8146073972540242,
    0.8127523016716752,
    0.8132485805877617,
    0.8086433612874576,
    0.8076590879687241,
    0.8165133121822562,
    0.81196386047772
  ],
  "ea_ratio": [
    0.0,
    0.0,
    0.0,
    0.0012521649971404258,
    0.0020243829435457883,
    0.006747213043646687,
    0.005129139199457963,
    0.011585181450625117,
    0.03531034952902701,
    0.01748661406080438,
    0.027011134254280478,
    0.017084595266039417,
    0.047397798201667944
  ],