{
  "total_loss": [
    0.5570573758184229,
    0.10214653540242986,
    0.007793641174544064,
    0.002232423350197418,
    0.0008636870489259049,
    0.0002802467093699436,
    0.00012927652714519615,
    0.0002741923107773151,
    0.0003425183536559676,
    0.0003181863818164337,
    0.00022694814548783273,
    0.00010670209220669287
  ],
  "main_loss": [
    0.5064158057233742,
    0.09286049208479799,
    0.007085134491262579,
    0.002029344090991409,
    0.0007850079938244951,
    0.0002544274438735426,
    0.00011727465589826482,
    0.00024890538825924783,
    0.00031107182063091647,
    0.0002887485979954363,
    0.00020588472891956502,
    9.643942185480878e-05
  ],
  "shap_loss": [
    0.018423624004104307,
    0.0181594493457981,
    0.01842628571154949,
    0.018146571067128598,
    0.018444026279861907,
    0.018044496711809188,
    0.01795134277199395,
    0.018630401755217463,
    0.017767267879597575,
    0.018364102675280134,
    0.01812566104594485,
    0.017965624898871674
  ],
  "shap_loss_normalized": [
    0.005401016636044785,
    0.004872766639372068,
    0.0036852571938652545,
    0.0036293142714254956,
    0.0036888053197929238,
    0.0036088994072218028,
    0.0035902686057462624,
    0.003726080414448266,
    0.003553453642650441,
    0.0036728205907690737,
    0.003625132259912789,
    0.0035931250427633393
  ],
  "tikhonov_loss": [
    0.0,
    0.0,
    0.0,
    0.0,
    0.0,
    0.0,
    0.0,
    0.0,
    0.0,
    0.0,
    0.0,
    0.0
  ],
  "nonnegativity_loss": [
    0.0,
    0.0,
    0.0,
    0.0,
    0.0,
    0.0,
    0.0,
    0.0,
    0.0,
    0.0,
    0.0,
    0.0
  ],
  "tikhonov_lambda": [
    0.0,
    0.0,
    0.0,
    0.0,
    0.0,
    0.0,
    0.0,
    0.0,
    0.0,
    0.0,
    0.0,
    0.0
  ],
  "nonnegativity_lambda": [
    0.0,
    0.0,
    0.0,
    0.0,
    0.0,
    0.0,
    0.0,
    0.0,
    0.0,
    0.0,
    0.0,
    0.0
  ],
  "shap_scale_factor": [
    0.2759140253893904,
    0.2759140253893904,
    0.2,
    0.2,
    0.2,
    0.2,
    0.2,
    0.2,
    0.2,
    0.2,
    0.2,
    0.2
  ],
  "shap_contribution": [
    0.0,
    0.0,
    0.0,
    1.5922269233240423e-07,
    1.926434265759574e-07,
    3.871141933358453e-07,
    2.7390639242444846e-07,
    3.9588382350075335e-07,
    3.3884855632493327e-07,
    5.624207981241065e-07,
    4.74442798698809e-07,
    6.182300289481191e-07
  ],
  "tikhonov_contribution": [
    0.0,
    0.0,
    0.0,
    0.0,
    0.0,
    0.0,
    0.0,
    0.0,
    0.0,
    0.0,
    0.0,
    0.0
  ],
  "nonnegativity_contribution": [
    0.0,
    0.0,
    0.0,
    0.0,
    0.0,
    0.0,
    0.0,
    0.0,
    0.0,
    0.0,
    0.0,
    0.0
  ],
  "regularization_share": [
    0.0900978676113079,
    0.0900980541067843,
    0.09009771303898798,
    0.09027128023874569,
    0.09066839582229301,
    0.09365518794663842,
    0.09524330162832693,
    0.09406001219538727,
    0.09278308713578509,
    0.09409294785155521,
    0.09570552258590792,
    0.09959259779824665
  ],
  "accuracy_guard_loss": [
    0.5064044621124465,
    0.09284913131497367,
    0.007073745916386542,
    0.002017917236116773,
    0.0007735298032847433,
    0.00024288172210162884,
    0.00010572506103504306,
    0.00023736033411328857,
    0.00029952249777157443,
    0.0002771995427955127,
    0.00019433177828886983,
    8.48929687679499e-05
  ],
  "accuracy_guard_contribution": [
    0.05064157303942401,
    0.009286043426332722,
    0.0007085061300488503,
    0.00020291954168426076,
    7.848591256934665e-05,
    2.5431652991260633e-05,
    1.1727465798726047e-05,
    2.489053919215881e-05,
    3.1107182476627516e-05,
    2.887486038665494e-05,
    2.0588473273416446e-05,
    9.643942337537023e-06
  ],
  "distill_loss": [
    0.0,
    0.0,
    0.0,
    0.0,
    0.0,
    0.0,
    0.0,
    0.0,
    0.0,
    0.0,
    0.0,
    0.0
  ],
  "distill_contribution": [
    0.0,
    0.0,
    0.0,
    0.0,
    0.0,
    0.0,
    0.0,
    0.0,
    0.0,
    0.0,
    0.0,
    0.0
  ],
  "gate_entropy": [
    0.0012002976478210517,
    0.0012001646017389639,
    0.001200139056891203,
    0.001200139056891203,
    0.001200139056891203,
    0.001200139056891203,
    0.001200139056891203,
    0.001200139056891203,
    0.001200139056891203,
    0.001200139056891203,
    0.001200139056891203,
    0.001200139056891203
  ],
  "gate_min": [
    0.9998998407806668,
    0.9998999578612191,
    0.9998999834060669,
    0.9998999834060669,
    0.9998999834060669,
    0.9998999834060669,
    0.9998999834060669,
    0.9998999834060669,
    0.9998999834060669,
    0.9998999834060669,
    0.9998999834060669,
    0.9998999834060669
  ],
  "gate_max": [
    0.9998999834060669,
    0.9998999834060669,
    0.9998999834060669,
    0.9998999834060669,
    0.9998999834060669,
    0.9998999834060669,
    0.9998999834060669,
    0.9998999834060669,
    0.9998999834060669,
    0.9998999834060669,
    0.9998999834060669,
    0.9998999834060669
  ],
  "gate_anchor_loss": [
    1.0005911892691749e-08,
    1.0003727441658988e-08,
    1.000331906197971e-08,
    1.000331906197971e-08,
    1.000331906197971e-08,
    1.000331906197971e-08,
    1.000331906197971e-08,
    1.000331906197971e-08,
    1.000331906197971e-08,
    1.000331906197971e-08,
    1.000331906197971e-08,
    1.000331906197971e-08
  ],
  "gate_anchor_contribution": [
    5.002955976083991e-10,
    5.001863809052574e-10,
    5.001659642012157e-10,
    5.001659642012157e-10,
    5.001659642012157e-10,
    5.001659642012157e-10,
    5.001659642012157e-10,
    5.001659642012157e-10,
    5.001659642012157e-10,
    5.001659642012157e-10,
    5.001659642012157e-10,
    5.001659642012157e-10
  ],
  "q_err_entropy": [
    1.9973162103976523,
    1.9873948278171676,
    1.977711093212877,
    1.982146612235478,
    1.9908931414995874,
    1.9905349665454455,
    1.9879715176565307,
    1.981104196182319,
    1.9866732529231481,
    1.984645249588149,
    1.9856892174908094,
    1.9831825590559415
  ],
  "q_err_gini": [
    0.521296664806349,
    0.5310315276895251,
    0.5373059396765062,
    0.5352264727864947,
    0.5303588650588479,
    0.5302004822130714,
    0.5324534731251853,
    0.5350863920258624,
    0.5331300475767681,
    0.5340980858142886,
    0.5338861740061215,
    0.5344066058418581
  ],
  "q_err_corr": [
    0.8792563954720626,
    0.9051007378314223,
    0.886844373175076,
    0.9004212868000779,
    0.9146020816905158,
    0.9050408809312752,
    0.9159275916005883,
    0.909633102693728,
    0.9071077725716999,
    0.8922158229563918,
    0.9199571423232555,
    0.8784362668437617
  ],
  "p_q_corr": [
    0.853568259626627,
    0.8617345637508801,
    0.8607266774134976,
    0.8628323152661324,
    0.8609874216573579,
    0.8630375335259097,
    0.8643453174403736,
    0.8594794257410935,
    0.865178933101041,
    0.8611114371035781,
    0.8629101211471217,
    0.8638620983277049
  ],
  "ea_ratio": [
    0.0,
    0.0,
    0.0,
    0.00020399801246842993,
    0.0006598341746309545,
    0.004328652111585792,
    0.005304012567778825,
    0.0038564854278644945,
    0.002286449752448659,
    0.0038943924773775507,
    0.005887088133801756,
    0.010756652727910218
  ],
  "main_grad_norm": [
    23911.836493492126,
    12417.466535250345,
    1925.6367966334026,
    1440.815084139506,
    635.9007173379263,
    683.5006392796835,
    444.4564565022786,
    521.9631500244141,
    649.7793019612631,
    671.5792032877604,
    518.2274869283041,
    587.6067657470703
  ],
  "ea_grad_norm": [
    74.02299531300862,
    84.70973904927571,
    51.74976889292399,
    52.660399754842125,
    53.51009623209635,
    50.881273905436196,
    53.12519518534342,
    48.234388987223305,
    53.90341250101725,
    46.631497383117676,
    52.3473326365153,
    46.966294606526695
  ],