{
  "total_loss": [
    0.5609454136612483,
    0.040361176240480745,
    0.006140104190405639,
    0.0008188837267815481,
    0.0008839708245805664,
    0.00031842243431258666,
    0.00020881449626943192,
    0.0005561602464630207,
    0.0005821521814855909,
    7.025713391937773e-05,
    7.08322092058162e-05,
    6.942035439091601e-05,
    5.610788850520164e-05
  ],
  "main_loss": [
    0.5099503926169291,
    0.03669199250563387,
    0.00558193762344672,
    0.000744454429488022,
    0.0008036196944333694,
    0.000289493538145637,
    0.00018983015846580592,
    0.0005055979380098766,
    0.0005292263834105272,
    6.386909577063957e-05,
    6.439209848200076e-05,
    6.310852307121553e-05,
    5.1035058537049084e-05
  ],
  "shap_loss": [
    0.032011730945669115,
    0.03152896651798593,
    0.03125499451666006,
    0.031413768933686824,
    0.030962931707368364,
    0.03127718415843057,
    0.031207692393633937,
    0.03130816345635269,
    0.03119893159185137,
    0.031771673139051666,
    0.03191926880806152,
    0.031011839230944003,
    0.03132740226906857
  ],
  "shap_loss_normalized": [
    0.0040834526254097826,
    0.00017471006653327744,
    3.088957987529284e-05,
    5.77405220017876e-06,
    5.867976473236272e-06,
    1.5690323427820983e-06,
    1.2517459343338748e-06,
    2.7514355142191756e-06,
    3.2868478590281872e-06,
    7.104232481022368e-07,
    4.182274604096798e-07,
    4.800857191154608e-07,
    3.794405243340293e-07
  ],
  "tikhonov_loss": [
    0.0,
    0.0,
    0.0,
    0.0,
    0.0,
    0.0,
    0.0,
    0.0,
    0.0,
    0.0,
    0.0,
    0.0,
    0.0
  ],
  "nonnegativity_loss": [
    0.0,
    0.0,
    0.0,
    0.0,
    0.0,
    0.0,
    0.0,
    0.0,
    0.0,
    0.0,
    0.0,
    0.0,
    0.0
  ],
  "tikhonov_lambda": [
    0.0,
    0.0,
    0.0,
    0.0,
    0.0,
    0.0,
    0.0,
    0.0,
    0.0,
    0.0,
    0.0,
    0.0,
    0.0
  ],
  "nonnegativity_lambda": [
    0.0,
    0.0,
    0.0,
    0.0,
    0.0,
    0.0,
    0.0,
    0.0,
    0.0,
    0.0,
    0.0,
    0.0,
    0.0
  ],
  "shap_scale_factor": [
    0.12642796140607254,
    0.005639225594012024,
    0.0010181080013767542,
    0.0001864299080314961,
    0.00019719850626630833,
    5.074445699780192e-05,
    4.113608772245992e-05,
    8.939407747206936e-05,
    0.00010793092144112889,
    2.2778796646886074e-05,
    1.336345681289799e-05,
    1.5745297978456426e-05,
    1.2322937371628617e-05
  ],
  "shap_contribution": [
    0.0,
    0.0,
    0.0,
    8.248646138650903e-10,
    1.974620594020442e-09,
    9.115330885933748e-10,
    8.225758772045788e-10,
    2.0177194139202922e-09,
    2.660781573246166e-09,
    6.292320378780057e-10,
    4.022949860143272e-10,
    4.800857417461676e-10,
    3.794405424782456e-10
  ],
  "tikhonov_contribution": [
    0.0,
    0.0,
    0.0,
    0.0,
    0.0,
    0.0,
    0.0,
    0.0,
    0.0,
    0.0,
    0.0,
    0.0,
    0.0
  ],
  "nonnegativity_contribution": [
    0.0,
    0.0,
    0.0,
    0.0,
    0.0,
    0.0,
    0.0,
    0.0,
    0.0,
    0.0,
    0.0,
    0.0,
    0.0
  ],
  "regularization_share": [
    0.09009769340770839,
    0.09009763302134959,
    0.0900973894651071,
    0.09009993924066884,
    0.09010284264210293,
    0.09009867943513185,
    0.09091095656371591,
    0.09091369904021297,
    0.09091773555333231,
    0.09091079574984813,
    0.09090596842575523,
    0.09090794111621163,
    0.09036975362513189
  ],
  "accuracy_guard_loss": [
    0.509932003283341,
    0.03667359669426722,
    0.005563519563500969,
    0.0007260513675646507,
    0.0007852067859792962,
    0.0002710797506811754,
    0.00017140879175972908,
    0.00048717523195916456,
    0.0005108100130135946,
    4.5451254290388275e-05,
    4.597663837557775e-05,
    4.4689382848771076e-05,
    3.262003027007917e-05
  ],
  "accuracy_guard_contribution": [
    0.05099502681540408,
    0.0036691835071646244,
    0.0005581660286355015,
    7.442797585456771e-05,
    8.03486673898338e-05,
    2.892749080680395e-05,
    1.8983016096691635e-05,
    5.0559794676782334e-05,
    5.292263905687378e-05,
    6.386909688111635e-06,
    6.4392099342772525e-06,
    6.310852423244537e-06,
    5.071950647155583e-06
  ],
  "distill_loss": [
    0.0,
    0.0,
    0.0,
    0.0,
    0.0,
    0.0,
    0.0,
    0.0,
    0.0,
    0.0,
    0.0,
    0.0,
    0.0
  ],
  "distill_contribution": [
    0.0,
    0.0,
    0.0,
    0.0,
    0.0,
    0.0,
    0.0,
    0.0,
    0.0,
    0.0,
    0.0,
    0.0,
    0.0
  ],
  "gate_entropy": [
    0.0012003402225673199,
    0.001200139056891203,
    0.001200139056891203,
    0.001200139056891203,
    0.001200139056891203,
    0.001200139056891203,
    0.001200139056891203,
    0.001200139056891203,
    0.001200139056891203,
    0.001200139056891203,
    0.001200139056891203,
    0.001200139056891203,
    0.001200139056891203
  ],
  "gate_min": [
    0.9998998716473579,
    0.9998999834060669,
    0.9998999834060669,
    0.9998999834060669,
    0.9998999834060669,
    0.9998999834060669,
    0.9998999834060669,
    0.9998999834060669,
    0.9998999834060669,
    0.9998999834060669,
    0.9998999834060669,
    0.9998999834060669,
    0.9998999834060669
  ],
  "gate_max": [
    0.9999000717486654,
    0.9998999834060669,
    0.9998999834060669,
    0.9998999834060669,
    0.9998999834060669,
    0.9998999834060669,
    0.9998999834060669,
    0.9998999834060669,
    0.9998999834060669,
    0.9998999834060669,
    0.9998999834060669,
    0.9998999834060669,
    0.9998999834060669
  ],
  "gate_anchor_loss": [
    1.0006641277498268e-08,
    1.000331906197971e-08,
    1.000331906197971e-08,
    1.000331906197971e-08,
    1.000331906197971e-08,
    1.000331906197971e-08,
    1.000331906197971e-08,
    1.000331906197971e-08,
    1.000331906197971e-08,
    1.000331906197971e-08,
    1.000331906197971e-08,
    1.000331906197971e-08,
    1.000331906197971e-08
  ],
  "gate_anchor_contribution": [
    5.003320748780166e-10,
    5.001659642012157e-10,
    5.001659642012157e-10,
    5.001659642012157e-10,
    5.001659642012157e-10,
    5.001659642012157e-10,
    5.001659642012157e-10,
    5.001659642012157e-10,
    5.001659642012157e-10,
    5.001659642012157e-10,
    5.001659642012157e-10,
    5.001659642012157e-10,
    5.001659642012157e-10
  ],
  "q_err_entropy": [
    1.975613249199731,
    2.0403404789311543,
    2.0412466121571406,
    2.0421663565295085,
    2.043403877743653,
    2.0401765619005476,
    2.045196924890791,
    2.0401146933436394,
    2.037718883582524,
    2.0348906548959866,
    2.0335638842412402,
    2.0482286725725447,
    2.0442290604114532
  ],
  "q_err_gini": [
    0.5287139277373042,
    0.5032104248447078,
    0.5027395744941064,
    0.502402358555368,
    0.5013059755521161,
    0.5034698535289083,
    0.5000610311648676,
    0.5035979859530926,
    0.5048388442290681,
    0.5064443203487566,
    0.5071440735565764,
    0.4986334288758891,
    0.500583785453013
  ],
  "q_err_corr": [
    0.9077027823339712,
    0.9306629640715463,
    0.9336030802556446,
    0.9433458862560136,
    0.9319543386144298,
    0.9378544342304979,
    0.9255196542612144,
    0.9424771278032235,
    0.9421456397644111,
    0.942331117710897,
    0.9406925929444176,
    0.9390646533242294,
    0.9447378500231675
  ],
  "p_q_corr": [
    0.7792413436940738,
    0.8107815214565822,
    0.8130911945232323,
    0.8118290060332843,
    0.815528830247266,
    0.8133313969842025,
    0.8146317670387881,
    0.812800793243306,
    0.813306198056255,
    0.808635243347713,
    0.8077398522623948,
    0.8165457413664886,
    0.8119742386043072
  ],
  "ea_ratio": [
    0.0,
    0.0,
    0.0,
    3.3466659424671467e-06,
    6.9201952209242886e-06,
    5.5756754327213846e-06,
    6.722305314050507e-06,
    8.462005313601497e-06,
    1.299558109987434e-05,
    1.2475120556132424e-05,
    8.889069808861092e-06,
    1.0179315773533354e-05,
    9.030430192069616e-06
  ],