{
  "total_loss": [
    0.4505494441600604,
    0.04757651470956554,
    0.018866239927872033,
    0.0034063336014144496,
    0.0014361179129959315,
    0.00011281953693956634,
    0.00029755822996386475,
    4.502862993506694e-05,
    8.281515264180988e-05,
    6.118999764177196e-05,
    7.462433058792937e-05,
    6.0681500469529836e-05,
    3.917554594019228e-05
  ],
  "main_loss": [
    0.4095898326553912,
    0.04325129174979533,
    0.017151099389617945,
    0.003096676164204837,
    0.0013055765279789608,
    0.00010256971295673014,
    0.0002705061621749597,
    4.0934454148100485e-05,
    7.528571133467008e-05,
    5.562652106456361e-05,
    6.785292639018994e-05,
    5.517496843562445e-05,
    3.563630182108162e-05
  ],
  "shap_loss": [
    0.13206689232694252,
    0.14105234641049588,
    0.14346291617091214,
    0.14342190684484585,
    0.14416220225393772,
    0.14397572473223721,
    0.14384888751166208,
    0.1433917699115617,
    0.14383821987680026,
    0.144055387138256,
    0.1441173999171172,
    0.14410668132560595,
    0.14327982773206063
  ],
  "shap_loss_normalized": [
    0.0032185878357266417,
    0.00037480974957101613,
    0.00011198341004663754,
    2.2319019462559352e-05,
    7.0817522198142664e-06,
    1.3646692436403946e-06,
    1.447514149940535e-06,
    3.1475174644413073e-07,
    4.5911964033759236e-07,
    3.6682126276182156e-07,
    4.346531481402849e-07,
    3.914152135107786e-07,
    2.5559661409602086e-07
  ],
  "tikhonov_loss": [
    0.0,
    0.0,
    0.0,
    0.0,
    0.0,
    0.0,
    0.0,
    0.0,
    0.0,
    0.0,
    0.0,
    0.0,
    0.0
  ],
  "nonnegativity_loss": [
    0.0,
    0.0,
    0.0,
    0.0,
    0.0,
    0.0,
    0.0,
    0.0,
    0.0,
    0.0,
    0.0,
    0.0,
    0.0
  ],
  "tikhonov_lambda": [
    0.0,
    0.0,
    0.0,
    0.0,
    0.0,
    0.0,
    0.0,
    0.0,
    0.0,
    0.0,
    0.0,
    0.0,
    0.0
  ],
  "nonnegativity_lambda": [
    0.0,
    0.0,
    0.0,
    0.0,
    0.0,
    0.0,
    0.0,
    0.0,
    0.0,
    0.0,
    0.0,
    0.0,
    0.0
  ],
  "shap_scale_factor": [
    0.026144939110913923,
    0.0027113680064195264,
    0.0007840869860508517,
    0.00015639482366320757,
    4.927390130706798e-05,
    9.478962551406251e-06,
    1.0069214164017671e-05,
    2.2070252309898173e-06,
    3.2003680644981906e-06,
    2.5556111163184474e-06,
    3.0188639471736293e-06,
    2.707551454723805e-06,
    1.7839752069839817e-06
  ],
  "shap_contribution": [
    6.437175531699491e-07,
    1.0351888882606122e-07,
    3.9460819611925047e-08,
    9.565293983469582e-09,
    3.5745985378048725e-09,
    7.92807851734372e-10,
    9.512235599890007e-10,
    2.3081795279663745e-10,
    3.716682767603206e-10,
    3.2489884245280795e-10,
    4.180949313197949e-10,
    3.91415231080058e-10,
    2.5559662657710843e-10
  ],
  "tikhonov_contribution": [
    0.0,
    0.0,
    0.0,
    0.0,
    0.0,
    0.0,
    0.0,
    0.0,
    0.0,
    0.0,
    0.0,
    0.0,
    0.0
  ],
  "nonnegativity_contribution": [
    0.0,
    0.0,
    0.0,
    0.0,
    0.0,
    0.0,
    0.0,
    0.0,
    0.0,
    0.0,
    0.0,
    0.0,
    0.0
  ],
  "regularization_share": [
    0.0901000352690803,
    0.09065855899601945,
    0.09030655348979064,
    0.09011851183095579,
    0.09010316007148055,
    0.09010523720376981,
    0.09091112906512766,
    0.0909023305695502,
    0.09090600828686014,
    0.09090499133172769,
    0.09009551937123768,
    0.09009395850806094,
    0.09009049116670131
  ],
  "accuracy_guard_loss": [
    0.4095708872274762,
    0.04323235295669292,
    0.017132154282600304,
    0.003077725882836343,
    0.0012866283545593302,
    8.36133171365613e-05,
    0.0002515521413296743,
    2.1978739653150114e-05,
    5.632433616905733e-05,
    3.666882280737939e-05,
    4.88896056854823e-05,
    3.62285844590003e-05,
    1.668852041802893e-05
  ],
  "accuracy_guard_contribution": [
    0.04095897218602269,
    0.004325119233726582,
    0.0017151007190087902,
    0.00030964734323138794,
    0.00013053730534449772,
    1.0248532380582479e-05,
    2.705061679059944e-05,
    4.093445456630564e-06,
    7.528571266846029e-06,
    5.562652233948029e-06,
    6.770486187690494e-06,
    5.505641227492626e-06,
    3.5384886913902847e-06
  ],
  "distill_loss": [
    0.0,
    0.0,
    0.0,
    0.0,
    0.0,
    0.0,
    0.0,
    0.0,
    0.0,
    0.0,
    0.0,
    0.0,
    0.0
  ],
  "distill_contribution": [
    0.0,
    0.0,
    0.0,
    0.0,
    0.0,
    0.0,
    0.0,
    0.0,
    0.0,
    0.0,
    0.0,
    0.0,
    0.0
  ],
  "gate_entropy": [
    0.0012002891328717982,
    0.001200139056891203,
    0.001200139056891203,
    0.001200139056891203,
    0.001200139056891203,
    0.001200139056891203,
    0.001200139056891203,
    0.001200139056891203,
    0.001200139056891203,
    0.001200139056891203,
    0.001200139056891203,
    0.001200139056891203,
    0.001200139056891203
  ],
  "gate_min": [
    0.9998998780335698,
    0.9998999834060669,
    0.9998999834060669,
    0.9998999834060669,
    0.9998999834060669,
    0.9998999834060669,
    0.9998999834060669,
    0.9998999834060669,
    0.9998999834060669,
    0.9998999834060669,
    0.9998999834060669,
    0.9998999834060669,
    0.9998999834060669
  ],
  "gate_max": [
    0.9999000717486654,
    0.9998999834060669,
    0.9998999834060669,
    0.9998999834060669,
    0.9998999834060669,
    0.9998999834060669,
    0.9998999834060669,
    0.9998999834060669,
    0.9998999834060669,
    0.9998999834060669,
    0.9998999834060669,
    0.9998999834060669,
    0.9998999834060669
  ],
  "gate_anchor_loss": [
    1.0005771560501436e-08,
    1.000331906197971e-08,
    1.000331906197971e-08,
    1.000331906197971e-08,
    1.000331906197971e-08,
    1.000331906197971e-08,
    1.000331906197971e-08,
    1.000331906197971e-08,
    1.000331906197971e-08,
    1.000331906197971e-08,
    1.000331906197971e-08,
    1.000331906197971e-08,
    1.000331906197971e-08
  ],
  "gate_anchor_contribution": [
    5.002885967600853e-10,
    5.001659642012157e-10,
    5.001659642012157e-10,
    5.001659642012157e-10,
    5.001659642012157e-10,
    5.001659642012157e-10,
    5.001659642012157e-10,
    5.001659642012157e-10,
    5.001659642012157e-10,
    5.001659642012157e-10,
    5.001659642012157e-10,
    5.001659642012157e-10,
    5.001659642012157e-10
  ],
  "epoch_accepted": [
    0.0,
    0.0,
    0.0,
    0.0,
    0.0,
    1.0,
    0.0,
    1.0,
    1.0,
    1.0,
    1.0,
    1.0,
    1.0
  ],
  "lr": [
    4e-05,
    2e-05,
    1e-05,
    5e-06,
    2.5e-06,
    2.5e-06,
    1.25e-06,
    1.25e-06,
    1.25e-06,
    1.25e-06,
    1.25e-06,
    1.25e-06,
    1.25e-06
  ],
  "adaptive_gamma": [
    0.00020000000000000006,
    0.00027619047619047626,
    0.00035238095238095243,
    0.0004285714285714286,
    0.0005047619047619047,
    0.0005809523809523809,
    0.0006571428571428572,
    0.0007333333333333334,
    0.0008095238095238098,
    0.000885714285714286,
    0.0009619047619047622,
    0.0010000000000000005,
    0.0010000000000000005
  ],
  "convergence_slowdown": [
    0.2759140253893904,
    0.2759140253893904,
    0.2759140253893904,
    0.2,
    0.2,
    0.2759140253893904,
    0.2,
    0.2,
    0.2,
    0.2,
    0.2,
    0.2,
    0.2
  ],
  "shap_consistency": [
    0.13206689232694252,
    0.14105234641049588,
    0.14346291617091214,
    0.14342190684484585,
    0.14416220225393772,
    0.14397572473223721,
    0.14384888751166208,
    0.1433917699115617,
    0.14383821987680026,
    0.144055387138256,
    0.1441173999171172,
    0.14410668132560595,
    0.14327982773206063
  ],
  "shap_sparsity": [
    0.9165749624371529,
    0.9165749688233648,
    0.9165749709521022,
    0.916574974145208,
    0.9165749720164708,
    0.9165749698877335,
    0.9165749709521022,
    0.9165749688233648,
    0.9165749688233648,
    0.9165749645658902,
    0.9165749666946275,
    0.9165749688233648,
    0.9165749666946275
  ],