{
  "total_loss": [
    0.4492615694936798,
    0.03071704783893178,
    0.020333268111122443,
    0.0039031995796189483,
    0.000742336759864364,
    0.00022895822211564467,
    0.00016676858824991671,
    0.00013255039435275,
    0.00017553748292747123,
    0.00011838266946792178,
    0.0001357346790687838,
    8.191386288964557e-05,
    8.155799774353259e-05
  ],
  "main_loss": [
    0.40841961892406936,
    0.02792459757186602,
    0.018484797328864846,
    0.0035479099532104946,
    0.0006746009746296165,
    0.0002076476208523153,
    0.00015114563419566757,
    0.00011998147993251353,
    0.0001588866035392909,
    0.00010718421102800286,
    0.0001228883661659503,
    7.398304343756276e-05,
    7.33901875459456e-05
  ],
  "shap_loss": [
    0.025877185930897082,
    0.025704002157518908,
    0.026143951890324906,
    0.026398452680691013,
    0.026262015752893473,
    0.025810467528312335,
    0.026628104520828595,
    0.025950756555955325,
    0.026139602114978646,
    0.026546912084865783,
    0.026337090946201767,
    0.02660077396181545,
    0.02623174831803356
  ],
  "shap_loss_normalized": [
    0.007335675932284046,
    0.006994024977237652,
    0.007195050216978416,
    0.005279690621786618,
    0.0052524032403848,
    0.007118490981935922,
    0.005325621010602585,
    0.005190151410975626,
    0.005227920524443367,
    0.00530938249098004,
    0.005267418289024915,
    0.005320154883000734,
    0.005246349743434361
  ],
  "tikhonov_loss": [
    0.0,
    0.0,
    0.0,
    0.0,
    0.0,
    0.0,
    0.0,
    0.0,
    0.0,
    0.0,
    0.0,
    0.0,
    0.0
  ],
  "nonnegativity_loss": [
    0.0,
    0.0,
    0.0,
    0.0,
    0.0,
    0.0,
    0.0,
    0.0,
    0.0,
    0.0,
    0.0,
    0.0,
    0.0
  ],
  "tikhonov_lambda": [
    0.0,
    0.0,
    0.0,
    0.0,
    0.0,
    0.0,
    0.0,
    0.0,
    0.0,
    0.0,
    0.0,
    0.0,
    0.0
  ],
  "nonnegativity_lambda": [
    0.0,
    0.0,
    0.0,
    0.0,
    0.0,
    0.0,
    0.0,
    0.0,
    0.0,
    0.0,
    0.0,
    0.0,
    0.0
  ],
  "shap_scale_factor": [
    0.2759140253893904,
    0.2759140253893904,
    0.2759140253893904,
    0.2,
    0.2,
    0.2759140253893904,
    0.2,
    0.2,
    0.2,
    0.2,
    0.2,
    0.2,
    0.2
  ],
  "shap_contribution": [
    0.0,
    0.0,
    0.0,
    5.18350835207063e-07,
    2.9555004589708135e-07,
    5.537794824610793e-07,
    5.078921001861707e-07,
    5.702695628733474e-07,
    7.61721827962398e-07,
    4.795367947809024e-07,
    5.569779017682614e-07,
    5.320154762448023e-07,
    8.282921896299708e-07
  ],
  "tikhonov_contribution": [
    0.0,
    0.0,
    0.0,
    0.0,
    0.0,
    0.0,
    0.0,
    0.0,
    0.0,
    0.0,
    0.0,
    0.0,
    0.0
  ],
  "nonnegativity_contribution": [
    0.0,
    0.0,
    0.0,
    0.0,
    0.0,
    0.0,
    0.0,
    0.0,
    0.0,
    0.0,
    0.0,
    0.0,
    0.0
  ],
  "regularization_share": [
    0.09009773362138304,
    0.09009776812953281,
    0.09009773350009212,
    0.09037796444770621,
    0.09112642266542136,
    0.09503051298534212,
    0.0962316714487309,
    0.09638320096266025,
    0.09805486655383806,
    0.09758084845146975,
    0.09693314847664458,
    0.10006724315902758,
    0.10274335104777434
  ],
  "accuracy_guard_loss": [
    0.40840067306375466,
    0.027905658868673657,
    0.018465852184817777,
    0.0035289596783383914,
    0.0006556527964351387,
    0.00018869122420385662,
    0.0001321916141380695,
    0.00010102576559997292,
    0.0001399252291207631,
    8.822651219426396e-05,
    0.00010392499238573041,
    5.503550052513414e-05,
    5.443959379038331e-05
  ],
  "accuracy_guard_contribution": [
    0.04084195098559056,
    0.0027924498016156057,
    0.0018484705077282473,
    0.0003547707235449187,
    6.743974937048083e-05,
    2.075632324403744e-05,
    1.5114563747634488e-05,
    1.1998148169465952e-05,
    1.5888660529737664e-05,
    1.0718421295661886e-05,
    1.228883678651625e-05,
    7.398304507181105e-06,
    7.339018872747667e-06
  ],
  "distill_loss": [
    0.0,
    0.0,
    0.0,
    0.0,
    0.0,
    0.0,
    0.0,
    0.0,
    0.0,
    0.0,
    0.0,
    0.0,
    0.0
  ],
  "distill_contribution": [
    0.0,
    0.0,
    0.0,
    0.0,
    0.0,
    0.0,
    0.0,
    0.0,
    0.0,
    0.0,
    0.0,
    0.0,
    0.0
  ],
  "gate_entropy": [
    0.0012002848753971712,
    0.001200139056891203,
    0.001200139056891203,
    0.001200139056891203,
    0.001200139056891203,
    0.001200139056891203,
    0.001200139056891203,
    0.001200139056891203,
    0.001200139056891203,
    0.001200139056891203,
    0.001200139056891203,
    0.001200139056891203,
    0.001200139056891203
  ],
  "gate_min": [
    0.9998998780335698,
    0.9998999834060669,
    0.9998999834060669,
    0.9998999834060669,
    0.9998999834060669,
    0.9998999834060669,
    0.9998999834060669,
    0.9998999834060669,
    0.9998999834060669,
    0.9998999834060669,
    0.9998999834060669,
    0.9998999834060669,
    0.9998999834060669
  ],
  "gate_max": [
    0.9999000760061401,
    0.9998999834060669,
    0.9998999834060669,
    0.9998999834060669,
    0.9998999834060669,
    0.9998999834060669,
    0.9998999834060669,
    0.9998999834060669,
    0.9998999834060669,
    0.9998999834060669,
    0.9998999834060669,
    0.9998999834060669,
    0.9998999834060669
  ],
  "gate_anchor_loss": [
    1.000570063311049e-08,
    1.000331906197971e-08,
    1.000331906197971e-08,
    1.000331906197971e-08,
    1.000331906197971e-08,
    1.000331906197971e-08,
    1.000331906197971e-08,
    1.000331906197971e-08,
    1.000331906197971e-08,
    1.000331906197971e-08,
    1.000331906197971e-08,
    1.000331906197971e-08,
    1.000331906197971e-08
  ],
  "gate_anchor_contribution": [
    5.002850499940298e-10,
    5.001659642012157e-10,
    5.001659642012157e-10,
    5.001659642012157e-10,
    5.001659642012157e-10,
    5.001659642012157e-10,
    5.001659642012157e-10,
    5.001659642012157e-10,
    5.001659642012157e-10,
    5.001659642012157e-10,
    5.001659642012157e-10,
    5.001659642012157e-10,
    5.001659642012157e-10
  ],
  "q_err_entropy": [
    1.9896740423781532,
    2.0271468652146205,
    2.0238499896866933,
    2.030983623649393,
    2.0307199135422707,
    2.0373304103102003,
    2.021245574312551,
    2.0309387828622545,
    2.028187151466097,
    2.030147581228188,
    2.029015393129417,
    2.025393955409527,
    2.030404303755079
  ],
  "q_err_gini": [
    0.518886356481484,
    0.5045018927859408,
    0.506437782730375,
    0.5022014674863645,
    0.5015301608613559,
    0.49920905541096416,
    0.5076908266970089,
    0.5030236443770784,
    0.5045795834490231,
    0.5028836144400495,
    0.5034608822315931,
    0.5065187231770584,
    0.5025343785860709
  ],
  "q_err_corr": [
    0.8981407305544561,
    0.9466530515679291,
    0.9466490697647844,
    0.9604004988712924,
    0.9515474114034858,
    0.9468812154872077,
    0.9564142706138747,
    0.9492355361580849,
    0.9520207654152598,
    0.9540227007653032,
    0.9450296110340527,
    0.94921500608325,
    0.9536325266318662
  ],
  "p_q_corr": [
    0.8909448677940028,
    0.8931644095906189,
    0.890891431165593,
    0.8902622636939798,
    0.8904154811586652,
    0.8931128973407405,
    0.888248862432582,
    0.8919109191213336,
    0.8910194699253354,
    0.8894418227885451,
    0.8899869519684996,
    0.8888770086424691,
    0.8908388460321086
  ],
  "ea_ratio": [
    0.0,
    0.0,
    0.0,
    0.0003336556970582803,
    0.0012337994020137038,
    0.005955288645054679,
    0.006518827640060668,
    0.0066935469876625575,
    0.008773044957446732,
    0.008159613184553953,
    0.007374373255255965,
    0.011261973610089626,
    0.014619574580657562
  ],