{
  "total_loss": [
    0.33380600138031824,
    0.034914253946311646,
    0.008642142721977766,
    0.0020512858866043515,
    0.0006069510583139552,
    0.0001669563664157587,
    5.411854034166806e-05,
    7.802952162754602e-05,
    4.748385827367331e-05,
    4.242769633070306e-05,
    3.8922239598702746e-05,
    4.9050466117250835e-05,
    6.848033840307315e-05
  ],
  "main_loss": [
    0.30345963298939943,
    0.0317401631463708,
    0.007856495062014801,
    0.0018648119798285734,
    0.0005517777917540505,
    0.00015178571763791688,
    4.921198051631238e-05,
    7.093721901745604e-05,
    4.3166489084407135e-05,
    3.8582274669352046e-05,
    3.538318260000649e-05,
    4.459059572273613e-05,
    6.225399875704949e-05
  ],
  "shap_loss": [
    0.1582073929852673,
    0.16705034420426404,
    0.1651774509144681,
    0.16712384072265454,
    0.16800562292337418,
    0.16817260866186448,
    0.16705324301230057,
    0.1681543587307845,
    0.16764170357159205,
    0.16737752594053745,
    0.1671236591147525,
    0.16873196738639049,
    0.16715386044234037
  ],
  "shap_loss_normalized": [
    0.0021395910258417772,
    0.0002911985892361762,
    3.450944523462697e-05,
    1.24944916462612e-05,
    3.3937114604246484e-06,
    9.002835355939201e-07,
    3.8195044968095513e-07,
    4.091921994892849e-07,
    2.725558345367014e-07,
    2.4321382964741035e-07,
    2.485148330931354e-07,
    3.112533125206239e-07,
    4.3976020767745793e-07
  ],
  "tikhonov_loss": [
    0.0,
    0.0,
    0.0,
    0.0,
    0.0,
    0.0,
    0.0,
    0.0,
    0.0,
    0.0,
    0.0,
    0.0,
    0.0
  ],
  "nonnegativity_loss": [
    0.0,
    0.0,
    0.0,
    0.0,
    0.0,
    0.0,
    0.0,
    0.0,
    0.0,
    0.0,
    0.0,
    0.0,
    0.0
  ],
  "tikhonov_lambda": [
    0.0,
    0.0,
    0.0,
    0.0,
    0.0,
    0.0,
    0.0,
    0.0,
    0.0,
    0.0,
    0.0,
    0.0,
    0.0
  ],
  "nonnegativity_lambda": [
    0.0,
    0.0,
    0.0,
    0.0,
    0.0,
    0.0,
    0.0,
    0.0,
    0.0,
    0.0,
    0.0,
    0.0,
    0.0
  ],
  "shap_scale_factor": [
    0.013615708039216832,
    0.001799846421496119,
    0.00020986668904907007,
    7.528708360364588e-05,
    2.028375841746001e-05,
    5.381160756652723e-06,
    2.299263632914886e-06,
    2.4463203815569753e-06,
    1.6263462933974608e-06,
    1.458872315846916e-06,
    1.4899432360796067e-06,
    1.840185199054417e-06,
    2.644517532275782e-06
  ],
  "shap_contribution": [
    4.279181969647821e-07,
    7.873297807365581e-08,
    1.2160470844576769e-08,
    5.354782052293037e-09,
    1.7130161547684081e-09,
    5.230218681266465e-10,
    2.509960022561193e-10,
    3.000742865993944e-10,
    2.2064043455626214e-10,
    2.1541797016823494e-10,
    2.3904760140604417e-10,
    3.1125332755125937e-10,
    4.39760228356353e-10
  ],
  "tikhonov_contribution": [
    0.0,
    0.0,
    0.0,
    0.0,
    0.0,
    0.0,
    0.0,
    0.0,
    0.0,
    0.0,
    0.0,
    0.0,
    0.0
  ],
  "nonnegativity_contribution": [
    0.0,
    0.0,
    0.0,
    0.0,
    0.0,
    0.0,
    0.0,
    0.0,
    0.0,
    0.0,
    0.0,
    0.0,
    0.0
  ],
  "regularization_share": [
    0.09009921245432907,
    0.0907615020552129,
    0.0901069209487417,
    0.09011327162548392,
    0.09010702322753371,
    0.09009790740501042,
    0.09009131509993987,
    0.09062876961019962,
    0.09090021059954347,
    0.09008891497278847,
    0.0908999778544378,
    0.09090179821053301,
    0.09090674779485716
  ],
  "accuracy_guard_loss": [
    0.3034485358428875,
    0.031729057301812906,
    0.007845404096639998,
    0.0018537241901088106,
    0.0005406833043447737,
    0.00014069098800665155,
    3.8121091880124626e-05,
    5.9836762647234665e-05,
    3.206861643028398e-05,
    2.7507440088519225e-05,
    2.4292417967736973e-05,
    3.3496255501371964e-05,
    5.1140620452575346e-05
  ],
  "accuracy_guard_contribution": [
    0.030345938728195115,
    0.0031740120143695094,
    0.0007856350021516586,
    0.00018646806832326286,
    5.517106611258831e-05,
    1.5169625452163668e-05,
    4.9058088633963896e-06,
    7.091504437641204e-06,
    4.3166489963450005e-06,
    3.844706587382721e-06,
    3.538318327096184e-06,
    4.459059632263721e-06,
    6.225399992842995e-06
  ],
  "distill_loss": [
    0.0,
    0.0,
    0.0,
    0.0,
    0.0,
    0.0,
    0.0,
    0.0,
    0.0,
    0.0,
    0.0,
    0.0,
    0.0
  ],
  "distill_contribution": [
    0.0,
    0.0,
    0.0,
    0.0,
    0.0,
    0.0,
    0.0,
    0.0,
    0.0,
    0.0,
    0.0,
    0.0,
    0.0
  ],
  "gate_entropy": [
    0.0012003423513046332,
    0.001200139056891203,
    0.001200139056891203,
    0.001200139056891203,
    0.001200139056891203,
    0.001200139056891203,
    0.001200139056891203,
    0.001200139056891203,
    0.001200139056891203,
    0.001200139056891203,
    0.001200139056891203,
    0.001200139056891203,
    0.001200139056891203
  ],
  "gate_min": [
    0.9998998673898833,
    0.9998999834060669,
    0.9998999834060669,
    0.9998999834060669,
    0.9998999834060669,
    0.9998999834060669,
    0.9998999834060669,
    0.9998999834060669,
    0.9998999834060669,
    0.9998999834060669,
    0.9998999834060669,
    0.9998999834060669,
    0.9998999834060669
  ],
  "gate_max": [
    0.9999000760061401,
    0.9998999834060669,
    0.9998999834060669,
    0.9998999834060669,
    0.9998999834060669,
    0.9998999834060669,
    0.9998999834060669,
    0.9998999834060669,
    0.9998999834060669,
    0.9998999834060669,
    0.9998999834060669,
    0.9998999834060669,
    0.9998999834060669
  ],
  "gate_anchor_loss": [
    1.0006676693612754e-08,
    1.000331906197971e-08,
    1.000331906197971e-08,
    1.000331906197971e-08,
    1.000331906197971e-08,
    1.000331906197971e-08,
    1.000331906197971e-08,
    1.000331906197971e-08,
    1.000331906197971e-08,
    1.000331906197971e-08,
    1.000331906197971e-08,
    1.000331906197971e-08,
    1.000331906197971e-08
  ],
  "gate_anchor_contribution": [
    5.00333845782868e-10,
    5.001659642012157e-10,
    5.001659642012157e-10,
    5.001659642012157e-10,
    5.001659642012157e-10,
    5.001659642012157e-10,
    5.001659642012157e-10,
    5.001659642012157e-10,
    5.001659642012157e-10,
    5.001659642012157e-10,
    5.001659642012157e-10,
    5.001659642012157e-10,
    5.001659642012157e-10
  ],
  "epoch_accepted": [
    0.0,
    0.0,
    0.0,
    0.0,
    0.0,
    0.0,
    1.0,
    1.0,
    1.0,
    1.0,
    1.0,
    1.0,
    1.0
  ],
  "lr": [
    4e-05,
    2e-05,
    1e-05,
    5e-06,
    2.5e-06,
    1.25e-06,
    1.25e-06,
    1.25e-06,
    1.25e-06,
    1.25e-06,
    1.25e-06,
    1.25e-06,
    1.25e-06
  ],
  "adaptive_gamma": [
    0.00020000000000000006,
    0.00027619047619047626,
    0.00035238095238095243,
    0.0004285714285714286,
    0.0005047619047619047,
    0.0005809523809523809,
    0.0006571428571428572,
    0.0007333333333333334,
    0.0008095238095238098,
    0.000885714285714286,
    0.0009619047619047622,
    0.0010000000000000005,
    0.0010000000000000005
  ],
  "convergence_slowdown": [
    0.2759140253893904,
    0.2759140253893904,
    0.2,
    0.2,
    0.2,
    0.2,
    0.2,
    0.2,
    0.2,
    0.2,
    0.2,
    0.2,
    0.2
  ],
  "shap_consistency": [
    0.1582073929852673,
    0.16705034420426404,
    0.1651774509144681,
    0.16712384072265454,
    0.16800562292337418,
    0.16817260866186448,
    0.16705324301230057,
    0.1681543587307845,
    0.16764170357159205,
    0.16737752594053745,
    0.1671236591147525,
    0.16873196738639049,
    0.16715386044234037
  ],
  "shap_sparsity": [
    0.9165749603084156,
    0.9165749709521022,
    0.9165749677589962,
    0.9165749709521022,
    0.9165749720164708,
    0.9165749720164708,
    0.9165749709521022,
    0.9165749720164708,
    0.9165749709521022,
    0.9165749698877335,
    0.9165749635015216,
    0.9165749677589962,
    0.9165749635015216
  ],