{
  "total_loss": [
    0.4492615694936798,
    0.03071704783893178,
    0.020333268111122443,
    0.0035213774829279437,
    0.000554022931981178,
    0.00018355525877008664,
    9.045532012156141e-05,
    0.00015519544297148968,
    9.168532241281875e-05,
    0.00015978722745200815,
    0.00019761130943152239,
    0.00015888100280595348
  ],
  "main_loss": [
    0.40841961892406936,
    0.02792459757186602,
    0.018484797328864846,
    0.003201268031391789,
    0.0005036741085535011,
    0.00016687476358713736,
    8.223135939390756e-05,
    0.00014108577569719012,
    8.336597589472408e-05,
    0.0001452599281687331,
    0.00017964514334575403,
    0.0001444359271707591
  ],
  "shap_loss": [
    0.025877185930897082,
    0.025704002157518908,
    0.026143951890324906,
    0.026398568829920675,
    0.026239057520537505,
    0.025810242430972203,
    0.026641071840588535,
    0.025955067415322577,
    0.02613380133906113,
    0.026545277696901133,
    0.026335282400915667,
    0.02659853151999414
  ],
  "shap_loss_normalized": [
    0.0035125655198499878,
    0.00024387714250094308,
    0.0001525871377907606,
    1.6908217316670614e-05,
    3.7503627916229173e-06,
    1.6492987039587855e-06,
    4.947315428438515e-07,
    8.054764966759973e-07,
    5.279783947185836e-07,
    9.120060648269503e-07,
    1.1993742146744677e-06,
    9.84497457271313e-07
  ],
  "tikhonov_loss": [
    0.0,
    0.0,
    0.0,
    0.0,
    0.0,
    0.0,
    0.0,
    0.0,
    0.0,
    0.0,
    0.0,
    0.0
  ],
  "nonnegativity_loss": [
    0.0,
    0.0,
    0.0,
    0.0,
    0.0,
    0.0,
    0.0,
    0.0,
    0.0,
    0.0,
    0.0,
    0.0
  ],
  "tikhonov_lambda": [
    0.0,
    0.0,
    0.0,
    0.0,
    0.0,
    0.0,
    0.0,
    0.0,
    0.0,
    0.0,
    0.0,
    0.0
  ],
  "nonnegativity_lambda": [
    0.0,
    0.0,
    0.0,
    0.0,
    0.0,
    0.0,
    0.0,
    0.0,
    0.0,
    0.0,
    0.0,
    0.0
  ],
  "shap_scale_factor": [
    0.130053204783066,
    0.010022999856858245,
    0.005894236473356976,
    0.000645115195481557,
    0.0001436371475048413,
    6.46818429745638e-05,
    1.8580345864612827e-05,
    3.132203297270103e-05,
    2.0569887682455163e-05,
    3.505460172056539e-05,
    4.6402378884529064e-05,
    3.728971293921951e-05
  ],
  "shap_contribution": [
    0.0,
    0.0,
    0.0,
    2.4154596527302198e-09,
    1.2620268000283564e-09,
    9.581640199764802e-10,
    3.25109289811752e-10,
    5.906827763768211e-10,
    4.274110755300312e-10,
    8.077768250918422e-10,
    1.1536837697965048e-09,
    9.844975043526993e-10
  ],
  "tikhonov_contribution": [
    0.0,
    0.0,
    0.0,
    0.0,
    0.0,
    0.0,
    0.0,
    0.0,
    0.0,
    0.0,
    0.0,
    0.0
  ],
  "nonnegativity_contribution": [
    0.0,
    0.0,
    0.0,
    0.0,
    0.0,
    0.0,
    0.0,
    0.0,
    0.0,
    0.0,
    0.0,
    0.0
  ],
  "regularization_share": [
    0.09009773362138304,
    0.09009776812953281,
    0.09009773350009212,
    0.09010038522085928,
    0.0901018193001925,
    0.09010544873771452,
    0.09090653985457202,
    0.0909088378541034,
    0.09009635066678275,
    0.09091100746904782,
    0.09091351145606393,
    0.0909128828131373
  ],
  "accuracy_guard_loss": [
    0.40840067306375466,
    0.027905658868673657,
    0.018465852184817777,
    0.0031823177553503357,
    0.00048472593157709653,
    0.00014791836857089687,
    6.327733883283924e-05,
    0.0001221300613321676,
    6.440891572115756e-05,
    0.00012630222917258443,
    0.00016068176842054527,
    0.00012548838483488517
  ],
  "accuracy_guard_contribution": [
    0.04084195098559056,
    0.0027924498016156057,
    0.0018484705077282473,
    0.0003201065311324263,
    5.034706207750007e-05,
    1.667903758573175e-05,
    8.223136105251732e-06,
    1.4108577773746284e-05,
    8.31842017540956e-06,
    1.4525993061097e-05,
    1.7964514547941235e-05,
    1.4443592921306195e-05
  ],
  "distill_loss": [
    0.0,
    0.0,
    0.0,
    0.0,
    0.0,
    0.0,
    0.0,
    0.0,
    0.0,
    0.0,
    0.0,
    0.0
  ],
  "distill_contribution": [
    0.0,
    0.0,
    0.0,
    0.0,
    0.0,
    0.0,
    0.0,
    0.0,
    0.0,
    0.0,
    0.0,
    0.0
  ],
  "gate_entropy": [
    0.0012002848753971712,
    0.001200139056891203,
    0.001200139056891203,
    0.001200139056891203,
    0.001200139056891203,
    0.001200139056891203,
    0.001200139056891203,
    0.001200139056891203,
    0.001200139056891203,
    0.001200139056891203,
    0.001200139056891203,
    0.001200139056891203
  ],
  "gate_min": [
    0.9998998780335698,
    0.9998999834060669,
    0.9998999834060669,
    0.9998999834060669,
    0.9998999834060669,
    0.9998999834060669,
    0.9998999834060669,
    0.9998999834060669,
    0.9998999834060669,
    0.9998999834060669,
    0.9998999834060669,
    0.9998999834060669
  ],
  "gate_max": [
    0.9999000760061401,
    0.9998999834060669,
    0.9998999834060669,
    0.9998999834060669,
    0.9998999834060669,
    0.9998999834060669,
    0.9998999834060669,
    0.9998999834060669,
    0.9998999834060669,
    0.9998999834060669,
    0.9998999834060669,
    0.9998999834060669
  ],
  "gate_anchor_loss": [
    1.000570063311049e-08,
    1.000331906197971e-08,
    1.000331906197971e-08,
    1.000331906197971e-08,
    1.000331906197971e-08,
    1.000331906197971e-08,
    1.000331906197971e-08,
    1.000331906197971e-08,
    1.000331906197971e-08,
    1.000331906197971e-08,
    1.000331906197971e-08,
    1.000331906197971e-08
  ],
  "gate_anchor_contribution": [
    5.002850499940298e-10,
    5.001659642012157e-10,
    5.001659642012157e-10,
    5.001659642012157e-10,
    5.001659642012157e-10,
    5.001659642012157e-10,
    5.001659642012157e-10,
    5.001659642012157e-10,
    5.001659642012157e-10,
    5.001659642012157e-10,
    5.001659642012157e-10,
    5.001659642012157e-10
  ],
  "q_err_entropy": [
    1.9896740423781532,
    2.0271468652146205,
    2.0238499896866933,
    2.0312068036624362,
    2.0309977776237895,
    2.03738122433424,
    2.021071500011853,
    2.031117279614721,
    2.02808934875897,
    2.0302226756300246,
    2.0290291692529405,
    2.025483458169869
  ],
  "q_err_gini": [
    0.518886356481484,
    0.5045018927859408,
    0.506437782730375,
    0.5020037516951561,
    0.5014334062912634,
    0.4991498738527298,
    0.507793254884226,
    0.5029469145728009,
    0.5046292311911073,
    0.5028180346957275,
    0.5034970989716905,
    0.5064161435833999
  ],
  "q_err_corr": [
    0.8981407305544561,
    0.9466530515679291,
    0.9466490697647844,
    0.9603998788765499,
    0.9514923202139991,
    0.9468593938010079,
    0.9563728491110461,
    0.9492018941257682,
    0.9519364785935197,
    0.954021290476833,
    0.9450650263045516,
    0.9492436232311385
  ],
  "p_q_corr": [
    0.8909448677940028,
    0.8931644095906189,
    0.890891431165593,
    0.8902737897421632,
    0.8905846402049065,
    0.8931143039039203,
    0.8881740091102464,
    0.8918929360806942,
    0.8910449604902949,
    0.889445918479136,
    0.8899998164602688,
    0.8888943791389465
  ],
  "ea_ratio": [
    0.0,
    0.0,
    0.0,
    3.3529509722336163e-06,
    6.828921796296429e-06,
    1.3437555387391903e-05,
    4.985843486135114e-06,
    7.576659614626026e-06,
    7.295218978242701e-06,
    8.42336496528365e-06,
    1.2385842201264755e-05,
    1.0395242268503222e-05
  ],
  "main_grad_norm": [
    8033.631266117096,
    3597.766699632009,
    2205.205281893412,
    964.1489032109579,
    282.112585067749,
    175.04242579142252,
    221.55238342285156,
    164.7389430999756,
    214.49260584513345,
    379.9806391398112,
    301.7941640218099,
    195.09858862559
  ],