{
  "total_loss": [
    0.4890938184908334,
    0.06990811913078687,
    0.011048134804038259,
    0.0025089584281171745,
    0.0004488501638288004,
    9.613685854706741e-05,
    0.00010917083904717271,
    0.00014629847227557287,
    6.903548239733936e-05,
    9.162325815330925e-05,
    0.0001159409755960691,
    0.0001717471379509204
  ],
  "main_loss": [
    0.44463076117425054,
    0.06355284822106048,
    0.0100437705656548,
    0.0022808785846645412,
    0.0004080537061099676,
    8.740489780783329e-05,
    9.924543702969199e-05,
    0.00013299764040246892,
    6.275878346124435e-05,
    8.329300188896533e-05,
    0.00010539983651369766,
    0.0001561323156238359
  ],
  "shap_loss": [
    0.028304033314010928,
    0.025056646721038436,
    0.025970355175169452,
    0.02648226504347154,
    0.024540083316553916,
    0.02367252647776955,
    0.02606187476443925,
    0.027704926141138588,
    0.026115019323437343,
    0.024762325970056866,
    0.024753367378642515,
    0.025688047421031764
  ],
  "shap_loss_normalized": [
    0.003934408089818169,
    0.0006369367875517387,
    0.00014520799743422685,
    2.4483559270395616e-05,
    3.7403294287839472e-06,
    9.636074465341998e-07,
    5.464361884881847e-07,
    7.761629211090946e-07,
    3.967279145200564e-07,
    5.161306683630431e-07,
    6.831320101343051e-07,
    1.090494979903513e-06
  ],
  "tikhonov_loss": [
    0.0,
    0.0,
    0.0,
    0.0,
    0.0,
    0.0,
    0.0,
    0.0,
    0.0,
    0.0,
    0.0,
    0.0
  ],
  "nonnegativity_loss": [
    0.0,
    0.0,
    0.0,
    0.0,
    0.0,
    0.0,
    0.0,
    0.0,
    0.0,
    0.0,
    0.0,
    0.0
  ],
  "tikhonov_lambda": [
    0.0,
    0.0,
    0.0,
    0.0,
    0.0,
    0.0,
    0.0,
    0.0,
    0.0,
    0.0,
    0.0,
    0.0
  ],
  "nonnegativity_lambda": [
    0.0,
    0.0,
    0.0,
    0.0,
    0.0,
    0.0,
    0.0,
    0.0,
    0.0,
    0.0,
    0.0,
    0.0
  ],
  "shap_scale_factor": [
    0.11871558475112716,
    0.02880731875803329,
    0.006364092543604621,
    0.0009466496413690631,
    0.0001715822874203933,
    4.161103079053868e-05,
    2.198347093058458e-05,
    2.7742793555225803e-05,
    1.572765937773873e-05,
    2.1239810144419484e-05,
    2.8429992962723196e-05,
    4.439297288932811e-05
  ],
  "shap_contribution": [
    0.0,
    0.0,
    0.0,
    3.4976514160154982e-09,
    1.2586505002925336e-09,
    5.598100457895486e-10,
    3.590866297265809e-10,
    5.691861538144525e-10,
    3.211606890647843e-10,
    4.571443189271829e-10,
    6.571079345334724e-10,
    1.090495032567735e-09
  ],
  "tikhonov_contribution": [
    0.0,
    0.0,
    0.0,
    0.0,
    0.0,
    0.0,
    0.0,
    0.0,
    0.0,
    0.0,
    0.0,
    0.0
  ],
  "nonnegativity_contribution": [
    0.0,
    0.0,
    0.0,
    0.0,
    0.0,
    0.0,
    0.0,
    0.0,
    0.0,
    0.0,
    0.0,
    0.0
  ],
  "regularization_share": [
    0.09009765011939061,
    0.09009765768939415,
    0.09009757634380426,
    0.09011800685872344,
    0.09010725213660588,
    0.09010048970147552,
    0.09090646072258725,
    0.09090877034080215,
    0.09090620924739279,
    0.09090762258376693,
    0.09091015629783873,
    0.09091285196702696
  ],
  "accuracy_guard_loss": [
    0.44461636645220487,
    0.06353846023817564,
    0.010029381693779474,
    0.002266478822353487,
    0.00039365689788642806,
    7.301692660835865e-05,
    8.485199196327033e-05,
    0.00011860829334052272,
    4.8363106933330915e-05,
    6.889107685635411e-05,
    9.10045827302903e-05,
    0.00014174630083679013
  ],
  "accuracy_guard_contribution": [
    0.04446306071674501,
    0.00635527080479343,
    0.001004363828980916,
    0.0002280758433731275,
    4.079470045529173e-05,
    8.73090196762405e-06,
    9.924543872687406e-06,
    1.3299764231890418e-05,
    6.2758784581871756e-06,
    8.329300412819001e-06,
    1.053998383529883e-05,
    1.5613231857360332e-05
  ],
  "distill_loss": [
    0.0,
    0.0,
    0.0,
    0.0,
    0.0,
    0.0,
    0.0,
    0.0,
    0.0,
    0.0,
    0.0,
    0.0
  ],
  "distill_contribution": [
    0.0,
    0.0,
    0.0,
    0.0,
    0.0,
    0.0,
    0.0,
    0.0,
    0.0,
    0.0,
    0.0,
    0.0
  ],
  "gate_entropy": [
    0.00120034341567329,
    0.001200139056891203,
    0.001200139056891203,
    0.001200139056891203,
    0.001200139056891203,
    0.001200139056891203,
    0.001200139056891203,
    0.001200139056891203,
    0.001200139056891203,
    0.001200139056891203,
    0.001200139056891203,
    0.001200139056891203
  ],
  "gate_min": [
    0.9998998854841504,
    0.9998999834060669,
    0.9998999834060669,
    0.9998999834060669,
    0.9998999834060669,
    0.9998999834060669,
    0.9998999834060669,
    0.9998999834060669,
    0.9998999834060669,
    0.9998999834060669,
    0.9998999834060669,
    0.9998999834060669
  ],
  "gate_max": [
    0.9998999983072281,
    0.9998999834060669,
    0.9998999834060669,
    0.9998999834060669,
    0.9998999834060669,
    0.9998999834060669,
    0.9998999834060669,
    0.9998999834060669,
    0.9998999834060669,
    0.9998999834060669,
    0.9998999834060669,
    0.9998999834060669
  ],
  "gate_anchor_loss": [
    1.0006728445866031e-08,
    1.000331906197971e-08,
    1.000331906197971e-08,
    1.000331906197971e-08,
    1.000331906197971e-08,
    1.000331906197971e-08,
    1.000331906197971e-08,
    1.000331906197971e-08,
    1.000331906197971e-08,
    1.000331906197971e-08,
    1.000331906197971e-08,
    1.000331906197971e-08
  ],
  "gate_anchor_contribution": [
    5.00336423086318e-10,
    5.001659642012157e-10,
    5.001659642012157e-10,
    5.001659642012157e-10,
    5.001659642012157e-10,
    5.001659642012157e-10,
    5.001659642012157e-10,
    5.001659642012157e-10,
    5.001659642012157e-10,
    5.001659642012157e-10,
    5.001659642012157e-10,
    5.001659642012157e-10
  ],
  "q_err_entropy": [
    1.8565805863056863,
    1.8727806678840093,
    1.8531936747687203,
    1.8470188230276108,
    1.88525367634637,
    1.879150700356279,
    1.872351466545037,
    1.8143571955817086,
    1.8590391278266907,
    1.8807861155697279,
    1.8659993186593056,
    1.8668651378580503
  ],
  "q_err_gini": [
    0.581841376210962,
    0.5767125120120389,
    0.5847604692514453,
    0.5860500929078886,
    0.5725596302321979,
    0.5771901389317853,
    0.5772705285676888,
    0.5984440701348441,
    0.5847427789121866,
    0.5752125057790961,
    0.5822323222777673,
    0.5817490377064262
  ],
  "q_err_corr": [
    0.7666303705075873,
    0.767381987700771,
    0.7573437779875738,
    0.6796805444007207,
    0.7836115982915673,
    0.7529013408347964,
    0.7860703516219344,
    0.7367206374349605,
    0.7142946537184928,
    0.7861684238804239,
    0.7578401441818902,
    0.7448998981687639
  ],
  "p_q_corr": [
    0.8227070617888655,
    0.8501591645181179,
    0.8435160858290536,
    0.8411336690187454,
    0.8533229279731002,
    0.8587583356669971,
    0.8435373641550541,
    0.8332668180976596,
    0.8431280085018703,
    0.8516025713511876,
    0.8515512123703957,
    0.8456006481179169
  ],
  "ea_ratio": [
    0.0,
    0.0,
    0.0,
    2.1076611830420484e-05,
    1.260015721525422e-05,
    1.019601628269941e-05,
    4.861735761656811e-06,
    6.946429918132578e-06,
    5.95738164577142e-06,
    7.417628944088912e-06,
    8.704970385662949e-06,
    1.1283661950959153e-05
  ],
  "main_grad_norm": [
    11113.62157313029,
    7184.192684809367,
    2652.3168245951333,
    1047.6347885131836,
    685.8645136356354,
    186.72773202260336,
    308.2096201578776,
    374.9530830383301,
    208.08916854858398,
    325.0039291381836,
    304.38121287027997,
    282.1786397298177
  ],