{
  "total_loss": [
    0.4710850482850414,
    0.04637258177220766,
    0.0066224639310641055,
    0.001486351338063027,
    0.00044082358398814643,
    0.00014710032541285858,
    0.00011951614661549164,
    0.00011422189978865,
    0.00010803266921552026,
    0.00018827781981859256,
    0.00014168025968176932,
    8.92790514106829e-05
  ],
  "main_loss": [
    0.4282591712211407,
    0.042156912627222355,
    0.006020435131923867,
    0.0013512480948065786,
    0.0004007563699376858,
    0.00013373609866513498,
    0.00010865017480097907,
    0.00010383722982559058,
    9.821062061681525e-05,
    0.00017116042295128864,
    0.00012879890688769331,
    8.116180380771507e-05
  ],
  "shap_loss": [
    0.028608761777702187,
    0.02809374006964,
    0.02751000626345298,
    0.027099974769433693,
    0.026555672953171388,
    0.02726118273234793,
    0.026754371505895897,
    0.026523990165774843,
    0.02741636990270178,
    0.027013870563158498,
    0.026552430137858858,
    0.026730078779759685
  ],
  "shap_loss_normalized": [
    0.0032045512189701037,
    0.0004226750337303591,
    0.00010332290876898956,
    8.446069894521965e-06,
    4.046108642796753e-06,
    8.078498586274106e-07,
    6.931808389509797e-07,
    6.099334809915393e-07,
    6.023636284372255e-07,
    9.665329676928586e-07,
    1.0003089148113986e-06,
    5.675799188103221e-07
  ],
  "tikhonov_loss": [
    0.0,
    0.0,
    0.0,
    0.0,
    0.0,
    0.0,
    0.0,
    0.0,
    0.0,
    0.0,
    0.0,
    0.0
  ],
  "nonnegativity_loss": [
    0.0,
    0.0,
    0.0,
    0.0,
    0.0,
    0.0,
    0.0,
    0.0,
    0.0,
    0.0,
    0.0,
    0.0
  ],
  "tikhonov_lambda": [
    0.0,
    0.0,
    0.0,
    0.0,
    0.0,
    0.0,
    0.0,
    0.0,
    0.0,
    0.0,
    0.0,
    0.0
  ],
  "nonnegativity_lambda": [
    0.0,
    0.0,
    0.0,
    0.0,
    0.0,
    0.0,
    0.0,
    0.0,
    0.0,
    0.0,
    0.0,
    0.0
  ],
  "shap_scale_factor": [
    0.12972064122707236,
    0.01576770855107773,
    0.004209765772428188,
    0.0003490970770393553,
    0.00016315853580466414,
    3.1869594655321786e-05,
    2.8634960170274978e-05,
    2.52997987288436e-05,
    2.4086368266438956e-05,
    3.8562964343652507e-05,
    4.1751440343697094e-05,
    2.3105506589799786e-05
  ],
  "shap_contribution": [
    0.0,
    0.0,
    0.0,
    1.2065814357067488e-09,
    1.361547636292783e-09,
    4.693223039860448e-10,
    4.55518825040865e-10,
    4.472845642973709e-10,
    4.876276959105339e-10,
    8.560720822701841e-10,
    9.62201912144927e-10,
    5.6757994559247e-10
  ],
  "tikhonov_contribution": [
    0.0,
    0.0,
    0.0,
    0.0,
    0.0,
    0.0,
    0.0,
    0.0,
    0.0,
    0.0,
    0.0,
    0.0
  ],
  "nonnegativity_contribution": [
    0.0,
    0.0,
    0.0,
    0.0,
    0.0,
    0.0,
    0.0,
    0.0,
    0.0,
    0.0,
    0.0,
    0.0
  ],
  "regularization_share": [
    0.09009749853986378,
    0.09009756509768248,
    0.09009753781621709,
    0.0900992036622392,
    0.09010648428604363,
    0.09009714655550624,
    0.09090835198709353,
    0.09090821989441714,
    0.09090820769267062,
    0.09091124768784642,
    0.09091183719736572,
    0.09090967577018291
  ],
  "accuracy_guard_loss": [
    0.42823734496986227,
    0.04213513637660071,
    0.00599866230654048,
    0.0013294670616882545,
    0.0003789813561070332,
    0.0001119523449801818,
    8.686981959726836e-05,
    8.205254199213283e-05,
    7.642086498955385e-05,
    0.0001493753306119418,
    0.00010699944621299957,
    5.937806096361393e-05
  ],
  "accuracy_guard_contribution": [
    0.042825877520954236,
    0.004215669088288061,
    0.0006020282739232893,
    0.0001351015543491485,
    4.006535151899827e-05,
    1.3363258229251837e-05,
    1.0865017659154677e-05,
    1.038372317196945e-05,
    9.821062215158755e-06,
    1.711604270074726e-05,
    1.2879890864577906e-05,
    8.116180538308981e-06
  ],
  "distill_loss": [
    0.0,
    0.0,
    0.0,
    0.0,
    0.0,
    0.0,
    0.0,
    0.0,
    0.0,
    0.0,
    0.0,
    0.0
  ],
  "distill_contribution": [
    0.0,
    0.0,
    0.0,
    0.0,
    0.0,
    0.0,
    0.0,
    0.0,
    0.0,
    0.0,
    0.0,
    0.0
  ],
  "gate_entropy": [
    0.0012002976478210517,
    0.001200139056891203,
    0.001200139056891203,
    0.001200139056891203,
    0.001200139056891203,
    0.001200139056891203,
    0.001200139056891203,
    0.001200139056891203,
    0.001200139056891203,
    0.001200139056891203,
    0.001200139056891203,
    0.001200139056891203
  ],
  "gate_min": [
    0.9998998780335698,
    0.9998999834060669,
    0.9998999834060669,
    0.9998999834060669,
    0.9998999834060669,
    0.9998999834060669,
    0.9998999834060669,
    0.9998999834060669,
    0.9998999834060669,
    0.9998999834060669,
    0.9998999834060669,
    0.9998999834060669
  ],
  "gate_max": [
    0.9999000749417714,
    0.9998999834060669,
    0.9998999834060669,
    0.9998999834060669,
    0.9998999834060669,
    0.9998999834060669,
    0.9998999834060669,
    0.9998999834060669,
    0.9998999834060669,
    0.9998999834060669,
    0.9998999834060669,
    0.9998999834060669
  ],
  "gate_anchor_loss": [
    1.0005930774413331e-08,
    1.000331906197971e-08,
    1.000331906197971e-08,
    1.000331906197971e-08,
    1.000331906197971e-08,
    1.000331906197971e-08,
    1.000331906197971e-08,
    1.000331906197971e-08,
    1.000331906197971e-08,
    1.000331906197971e-08,
    1.000331906197971e-08,
    1.000331906197971e-08
  ],
  "gate_anchor_contribution": [
    5.002965556713931e-10,
    5.001659642012157e-10,
    5.001659642012157e-10,
    5.001659642012157e-10,
    5.001659642012157e-10,
    5.001659642012157e-10,
    5.001659642012157e-10,
    5.001659642012157e-10,
    5.001659642012157e-10,
    5.001659642012157e-10,
    5.001659642012157e-10,
    5.001659642012157e-10
  ],
  "q_err_entropy": [
    1.8255148721592767,
    1.8490171879529953,
    1.8729016429611616,
    1.874787328498704,
    1.888118872685092,
    1.8721197172999382,
    1.8843742374862944,
    1.8881929144263268,
    1.87264220310109,
    1.8774099286113466,
    1.8946300117032868,
    1.8773306363395281
  ],
  "q_err_gini": [
    0.5945829501641648,
    0.5865042212286166,
    0.5793778579682112,
    0.5772228919501815,
    0.5723620312554496,
    0.5789898900049073,
    0.572557230080877,
    0.5718754705573831,
    0.5782100121889796,
    0.5771107660340411,
    0.5696492873664413,
    0.5762762209134442
  ],
  "q_err_corr": [
    0.8516860644559603,
    0.8803685967411313,
    0.8924855526004519,
    0.900345037558249,
    0.88290736079216,
    0.9034713506698608,
    0.8808483555912971,
    0.8905709103814193,
    0.8922337160578796,
    0.9023685817207608,
    0.8919700557099921,
    0.8847922759928873
  ],
  "p_q_corr": [
    0.8245086797646114,
    0.8226488152784961,
    0.8264598112021174,
    0.8286302728312356,
    0.8319828547537327,
    0.8271159998008183,
    0.8310595298452037,
    0.8323967808059284,
    0.8268779095794473,
    0.8287935608199665,
    0.8324135776076999,
    0.8306741395166942
  ],
  "ea_ratio": [
    0.0,
    0.0,
    0.0,
    2.552219095492652e-06,
    1.1193126860169806e-05,
    5.392047362257861e-06,
    5.83630104041991e-06,
    6.167596195284984e-06,
    6.303833494314404e-06,
    7.509547801630236e-06,
    9.843321815797676e-06,
    8.75112943837004e-06
  ],
  "main_grad_norm": [
    12860.907608826956,
    5632.000789960225,
    1604.4986406962078,
    732.9128898779551,
    491.7852471669515,
    317.07918485005695,
    278.2426160176595,
    363.7971598307292,
    335.86842346191406,
    433.61173248291016,
    329.8825283050537,
    191.38787015279135
  ],